O60674	R-HSA-1059683	https://reactome.org/PathwayBrowser/#/R-HSA-1059683	Interleukin-6 signaling	TAS	Homo sapiens
O60674	R-HSA-1059683	https://reactome.org/PathwayBrowser/#/R-HSA-1059683	Interleukin-6 signaling	IEA	Homo sapiens
O60674	R-HSA-110056	https://reactome.org/PathwayBrowser/#/R-HSA-110056	MAPK3 (ERK1) activation	TAS	Homo sapiens
O60674	R-HSA-112411	https://reactome.org/PathwayBrowser/#/R-HSA-112411	MAPK1 (ERK2) activation	TAS	Homo sapiens
O60674	R-HSA-1170546	https://reactome.org/PathwayBrowser/#/R-HSA-1170546	Prolactin receptor signaling	TAS	Homo sapiens
O60674	R-HSA-1170546	https://reactome.org/PathwayBrowser/#/R-HSA-1170546	Prolactin receptor signaling	IEA	Homo sapiens
O60674	R-HSA-1433557	https://reactome.org/PathwayBrowser/#/R-HSA-1433557	Signaling by SCF-KIT	TAS	Homo sapiens
O60674	R-HSA-2586552	https://reactome.org/PathwayBrowser/#/R-HSA-2586552	Signaling by Leptin	IEA	Homo sapiens
O60674	R-HSA-3214858	https://reactome.org/PathwayBrowser/#/R-HSA-3214858	RMTs methylate histone arginines	TAS	Homo sapiens
O60674	R-HSA-512988	https://reactome.org/PathwayBrowser/#/R-HSA-512988	Interleukin-3, Interleukin-5 and GM-CSF signaling	TAS	Homo sapiens
O60674	R-HSA-512988	https://reactome.org/PathwayBrowser/#/R-HSA-512988	Interleukin-3, Interleukin-5 and GM-CSF signaling	IEA	Homo sapiens
O60674	R-HSA-5673000	https://reactome.org/PathwayBrowser/#/R-HSA-5673000	RAF activation	TAS	Homo sapiens
O60674	R-HSA-5673001	https://reactome.org/PathwayBrowser/#/R-HSA-5673001	RAF/MAP kinase cascade	TAS	Homo sapiens
O60674	R-HSA-6785807	https://reactome.org/PathwayBrowser/#/R-HSA-6785807	Interleukin-4 and Interleukin-13 signaling	TAS	Homo sapiens
O60674	R-HSA-6788467	https://reactome.org/PathwayBrowser/#/R-HSA-6788467	IL-6-type cytokine receptor ligand interactions	TAS	Homo sapiens
O60674	R-HSA-6802946	https://reactome.org/PathwayBrowser/#/R-HSA-6802946	Signaling by moderate kinase activity BRAF mutants	TAS	Homo sapiens
O60674	R-HSA-6802952	https://reactome.org/PathwayBrowser/#/R-HSA-6802952	Signaling by BRAF and RAF1 fusions	TAS	Homo sapiens
O60674	R-HSA-6802955	https://reactome.org/PathwayBrowser/#/R-HSA-6802955	Paradoxical activation of RAF signaling by kinase inactive BRAF	TAS	Homo sapiens
O60674	R-HSA-69231	https://reactome.org/PathwayBrowser/#/R-HSA-69231	Cyclin D associated events in G1	TAS	Homo sapiens
O60674	R-HSA-877300	https://reactome.org/PathwayBrowser/#/R-HSA-877300	Interferon gamma signaling	TAS	Homo sapiens
O60674	R-HSA-877312	https://reactome.org/PathwayBrowser/#/R-HSA-877312	Regulation of IFNG signaling	IEA	Homo sapiens
O60674	R-HSA-877312	https://reactome.org/PathwayBrowser/#/R-HSA-877312	Regulation of IFNG signaling	TAS	Homo sapiens
O60674	R-HSA-8854691	https://reactome.org/PathwayBrowser/#/R-HSA-8854691	Interleukin-20 family signaling	TAS	Homo sapiens
O60674	R-HSA-8984722	https://reactome.org/PathwayBrowser/#/R-HSA-8984722	Interleukin-35 Signalling	TAS	Homo sapiens
O60674	R-HSA-9006335	https://reactome.org/PathwayBrowser/#/R-HSA-9006335	Signaling by Erythropoietin	IEA	Homo sapiens
O60674	R-HSA-9006335	https://reactome.org/PathwayBrowser/#/R-HSA-9006335	Signaling by Erythropoietin	TAS	Homo sapiens
O60674	R-HSA-9020591	https://reactome.org/PathwayBrowser/#/R-HSA-9020591	Interleukin-12 signaling	TAS	Homo sapiens
O60674	R-HSA-9020591	https://reactome.org/PathwayBrowser/#/R-HSA-9020591	Interleukin-12 signaling	IEA	Homo sapiens
O60674	R-HSA-9020933	https://reactome.org/PathwayBrowser/#/R-HSA-9020933	Interleukin-23 signaling	IEA	Homo sapiens
O60674	R-HSA-9020933	https://reactome.org/PathwayBrowser/#/R-HSA-9020933	Interleukin-23 signaling	TAS	Homo sapiens
O60674	R-HSA-9020956	https://reactome.org/PathwayBrowser/#/R-HSA-9020956	Interleukin-27 signaling	TAS	Homo sapiens
O60674	R-HSA-9020956	https://reactome.org/PathwayBrowser/#/R-HSA-9020956	Interleukin-27 signaling	IEA	Homo sapiens
O60674	R-HSA-9027276	https://reactome.org/PathwayBrowser/#/R-HSA-9027276	Erythropoietin activates Phosphoinositide-3-kinase (PI3K)	TAS	Homo sapiens
O60674	R-HSA-9027276	https://reactome.org/PathwayBrowser/#/R-HSA-9027276	Erythropoietin activates Phosphoinositide-3-kinase (PI3K)	IEA	Homo sapiens
O60674	R-HSA-9027277	https://reactome.org/PathwayBrowser/#/R-HSA-9027277	Erythropoietin activates Phospholipase C gamma (PLCG)	IEA	Homo sapiens
O60674	R-HSA-9027283	https://reactome.org/PathwayBrowser/#/R-HSA-9027283	Erythropoietin activates STAT5	IEA	Homo sapiens
O60674	R-HSA-9027284	https://reactome.org/PathwayBrowser/#/R-HSA-9027284	Erythropoietin activates RAS	IEA	Homo sapiens
O60674	R-HSA-9027284	https://reactome.org/PathwayBrowser/#/R-HSA-9027284	Erythropoietin activates RAS	TAS	Homo sapiens
O60674	R-HSA-912526	https://reactome.org/PathwayBrowser/#/R-HSA-912526	Interleukin receptor SHC signaling	TAS	Homo sapiens
O60674	R-HSA-9649948	https://reactome.org/PathwayBrowser/#/R-HSA-9649948	Signaling downstream of RAS mutants	TAS	Homo sapiens
O60674	R-HSA-9656223	https://reactome.org/PathwayBrowser/#/R-HSA-9656223	Signaling by RAF1 mutants	TAS	Homo sapiens
O60674	R-HSA-9670439	https://reactome.org/PathwayBrowser/#/R-HSA-9670439	Signaling by phosphorylated juxtamembrane, extracellular and kinase domain KIT mutants	TAS	Homo sapiens
O60674	R-HSA-9674555	https://reactome.org/PathwayBrowser/#/R-HSA-9674555	Signaling by CSF3 (G-CSF)	IEA	Homo sapiens
O60674	R-HSA-9674555	https://reactome.org/PathwayBrowser/#/R-HSA-9674555	Signaling by CSF3 (G-CSF)	TAS	Homo sapiens
O60674	R-HSA-9679191	https://reactome.org/PathwayBrowser/#/R-HSA-9679191	Potential therapeutics for SARS	TAS	Homo sapiens
O60674	R-HSA-9705462	https://reactome.org/PathwayBrowser/#/R-HSA-9705462	Inactivation of CSF3 (G-CSF) signaling	IEA	Homo sapiens
O60674	R-HSA-9705462	https://reactome.org/PathwayBrowser/#/R-HSA-9705462	Inactivation of CSF3 (G-CSF) signaling	TAS	Homo sapiens
O60674	R-HSA-9732724	https://reactome.org/PathwayBrowser/#/R-HSA-9732724	IFNG signaling activates MAPKs	TAS	Homo sapiens
O60674	R-HSA-982772	https://reactome.org/PathwayBrowser/#/R-HSA-982772	Growth hormone receptor signaling	TAS	Homo sapiens
O60674	R-HSA-982772	https://reactome.org/PathwayBrowser/#/R-HSA-982772	Growth hormone receptor signaling	IEA	Homo sapiens
O60674	R-HSA-983231	https://reactome.org/PathwayBrowser/#/R-HSA-983231	Factors involved in megakaryocyte development and platelet production	TAS	Homo sapiens
O60674	R-HSA-9958825	https://reactome.org/PathwayBrowser/#/R-HSA-9958825	Activation of STAT3 by cadherin engagement	TAS	Homo sapiens
O60674	R-HSA-9958825	https://reactome.org/PathwayBrowser/#/R-HSA-9958825	Activation of STAT3 by cadherin engagement	IEA	Homo sapiens
O75874	R-HSA-2978092	https://reactome.org/PathwayBrowser/#/R-HSA-2978092	Abnormal conversion of 2-oxoglutarate to 2-hydroxyglutarate	TAS	Homo sapiens
O75874	R-HSA-389542	https://reactome.org/PathwayBrowser/#/R-HSA-389542	NADPH regeneration	TAS	Homo sapiens
O75874	R-HSA-6798695	https://reactome.org/PathwayBrowser/#/R-HSA-6798695	Neutrophil degranulation	TAS	Homo sapiens
O75874	R-HSA-9033241	https://reactome.org/PathwayBrowser/#/R-HSA-9033241	Peroxisomal protein import	TAS	Homo sapiens
O75874	R-HSA-9033241	https://reactome.org/PathwayBrowser/#/R-HSA-9033241	Peroxisomal protein import	IEA	Homo sapiens
O75874	R-HSA-9818025	https://reactome.org/PathwayBrowser/#/R-HSA-9818025	NFE2L2 regulating TCA cycle genes	TAS	Homo sapiens
O95714	R-HSA-3108214	https://reactome.org/PathwayBrowser/#/R-HSA-3108214	SUMOylation of DNA damage response and repair proteins	TAS	Homo sapiens
O95714	R-HSA-5693565	https://reactome.org/PathwayBrowser/#/R-HSA-5693565	Recruitment and ATM-mediated phosphorylation of repair and signaling proteins at DNA double strand breaks	TAS	Homo sapiens
O95714	R-HSA-5693571	https://reactome.org/PathwayBrowser/#/R-HSA-5693571	Nonhomologous End-Joining (NHEJ)	TAS	Homo sapiens
O95714	R-HSA-5693607	https://reactome.org/PathwayBrowser/#/R-HSA-5693607	Processing of DNA double-strand break ends	TAS	Homo sapiens
O95714	R-HSA-69473	https://reactome.org/PathwayBrowser/#/R-HSA-69473	G2/M DNA damage checkpoint	TAS	Homo sapiens
O95714	R-HSA-983168	https://reactome.org/PathwayBrowser/#/R-HSA-983168	Antigen processing: Ubiquitination & Proteasome degradation	TAS	Homo sapiens
O96017	R-HSA-5693565	https://reactome.org/PathwayBrowser/#/R-HSA-5693565	Recruitment and ATM-mediated phosphorylation of repair and signaling proteins at DNA double strand breaks	TAS	Homo sapiens
O96017	R-HSA-6804756	https://reactome.org/PathwayBrowser/#/R-HSA-6804756	Regulation of TP53 Activity through Phosphorylation	TAS	Homo sapiens
O96017	R-HSA-6804757	https://reactome.org/PathwayBrowser/#/R-HSA-6804757	Regulation of TP53 Degradation	TAS	Homo sapiens
O96017	R-HSA-6804760	https://reactome.org/PathwayBrowser/#/R-HSA-6804760	Regulation of TP53 Activity through Methylation	TAS	Homo sapiens
O96017	R-HSA-69473	https://reactome.org/PathwayBrowser/#/R-HSA-69473	G2/M DNA damage checkpoint	TAS	Homo sapiens
O96017	R-HSA-69541	https://reactome.org/PathwayBrowser/#/R-HSA-69541	Stabilization of p53	TAS	Homo sapiens
O96017	R-HSA-69601	https://reactome.org/PathwayBrowser/#/R-HSA-69601	Ubiquitin-Mediated Degradation of Phosphorylated Cdc25A	TAS	Homo sapiens
O96017	R-HSA-75035	https://reactome.org/PathwayBrowser/#/R-HSA-75035	Chk1/Chk2(Cds1) mediated inactivation of Cyclin B:Cdk1 complex	TAS	Homo sapiens
P00325	R-HSA-71384	https://reactome.org/PathwayBrowser/#/R-HSA-71384	Ethanol oxidation	TAS	Homo sapiens
P00441	R-HSA-114608	https://reactome.org/PathwayBrowser/#/R-HSA-114608	Platelet degranulation 	TAS	Homo sapiens
P00441	R-HSA-3299685	https://reactome.org/PathwayBrowser/#/R-HSA-3299685	Detoxification of Reactive Oxygen Species	TAS	Homo sapiens
P00441	R-HSA-3299685	https://reactome.org/PathwayBrowser/#/R-HSA-3299685	Detoxification of Reactive Oxygen Species	IEA	Homo sapiens
P00441	R-HSA-8950505	https://reactome.org/PathwayBrowser/#/R-HSA-8950505	Gene and protein expression by JAK-STAT signaling after Interleukin-12 stimulation	TAS	Homo sapiens
P00519	R-HSA-2029482	https://reactome.org/PathwayBrowser/#/R-HSA-2029482	Regulation of actin dynamics for phagocytic cup formation	TAS	Homo sapiens
P00519	R-HSA-428890	https://reactome.org/PathwayBrowser/#/R-HSA-428890	Role of ABL in ROBO-SLIT signaling	IEA	Homo sapiens
P00519	R-HSA-428890	https://reactome.org/PathwayBrowser/#/R-HSA-428890	Role of ABL in ROBO-SLIT signaling	TAS	Homo sapiens
P00519	R-HSA-525793	https://reactome.org/PathwayBrowser/#/R-HSA-525793	Myogenesis	TAS	Homo sapiens
P00519	R-HSA-525793	https://reactome.org/PathwayBrowser/#/R-HSA-525793	Myogenesis	IEA	Homo sapiens
P00519	R-HSA-5663213	https://reactome.org/PathwayBrowser/#/R-HSA-5663213	RHO GTPases Activate WASPs and WAVEs	TAS	Homo sapiens
P00519	R-HSA-5685938	https://reactome.org/PathwayBrowser/#/R-HSA-5685938	HDR through Single Strand Annealing (SSA)	TAS	Homo sapiens
P00519	R-HSA-5693565	https://reactome.org/PathwayBrowser/#/R-HSA-5693565	Recruitment and ATM-mediated phosphorylation of repair and signaling proteins at DNA double strand breaks	TAS	Homo sapiens
P00519	R-HSA-69231	https://reactome.org/PathwayBrowser/#/R-HSA-69231	Cyclin D associated events in G1	TAS	Homo sapiens
P00519	R-HSA-8939236	https://reactome.org/PathwayBrowser/#/R-HSA-8939236	RUNX1 regulates transcription of genes involved in differentiation of HSCs	TAS	Homo sapiens
P00519	R-HSA-8940973	https://reactome.org/PathwayBrowser/#/R-HSA-8940973	RUNX2 regulates osteoblast differentiation	IEA	Homo sapiens
P00519	R-HSA-9664422	https://reactome.org/PathwayBrowser/#/R-HSA-9664422	FCGR3A-mediated phagocytosis	TAS	Homo sapiens
P00519	R-HSA-983231	https://reactome.org/PathwayBrowser/#/R-HSA-983231	Factors involved in megakaryocyte development and platelet production	IEA	Homo sapiens
P00519	R-HSA-9841922	https://reactome.org/PathwayBrowser/#/R-HSA-9841922	MLL4 and MLL3 complexes regulate expression of PPARG target genes in adipogenesis and hepatic steatosis	TAS	Homo sapiens
P00519	R-HSA-9860927	https://reactome.org/PathwayBrowser/#/R-HSA-9860927	Turbulent (oscillatory, disturbed) flow shear stress activates signaling by PIEZO1 and integrins in endothelial cells	TAS	Homo sapiens
P00533	R-HSA-1227986	https://reactome.org/PathwayBrowser/#/R-HSA-1227986	Signaling by ERBB2	TAS	Homo sapiens
P00533	R-HSA-1236382	https://reactome.org/PathwayBrowser/#/R-HSA-1236382	Constitutive Signaling by Ligand-Responsive EGFR Cancer Variants	TAS	Homo sapiens
P00533	R-HSA-1236394	https://reactome.org/PathwayBrowser/#/R-HSA-1236394	Signaling by ERBB4	TAS	Homo sapiens
P00533	R-HSA-1250196	https://reactome.org/PathwayBrowser/#/R-HSA-1250196	SHC1 events in ERBB2 signaling	IEA	Homo sapiens
P00533	R-HSA-1250196	https://reactome.org/PathwayBrowser/#/R-HSA-1250196	SHC1 events in ERBB2 signaling	TAS	Homo sapiens
P00533	R-HSA-1251932	https://reactome.org/PathwayBrowser/#/R-HSA-1251932	PLCG1 events in ERBB2 signaling	IEA	Homo sapiens
P00533	R-HSA-1257604	https://reactome.org/PathwayBrowser/#/R-HSA-1257604	PIP3 activates AKT signaling	TAS	Homo sapiens
P00533	R-HSA-177929	https://reactome.org/PathwayBrowser/#/R-HSA-177929	Signaling by EGFR	TAS	Homo sapiens
P00533	R-HSA-179812	https://reactome.org/PathwayBrowser/#/R-HSA-179812	GRB2 events in EGFR signaling	TAS	Homo sapiens
P00533	R-HSA-180292	https://reactome.org/PathwayBrowser/#/R-HSA-180292	GAB1 signalosome	TAS	Homo sapiens
P00533	R-HSA-180336	https://reactome.org/PathwayBrowser/#/R-HSA-180336	SHC1 events in EGFR signaling	TAS	Homo sapiens
P00533	R-HSA-182971	https://reactome.org/PathwayBrowser/#/R-HSA-182971	EGFR downregulation	TAS	Homo sapiens
P00533	R-HSA-1963640	https://reactome.org/PathwayBrowser/#/R-HSA-1963640	GRB2 events in ERBB2 signaling	IEA	Homo sapiens
P00533	R-HSA-1963642	https://reactome.org/PathwayBrowser/#/R-HSA-1963642	PI3K events in ERBB2 signaling	TAS	Homo sapiens
P00533	R-HSA-212718	https://reactome.org/PathwayBrowser/#/R-HSA-212718	EGFR interacts with phospholipase C-gamma	TAS	Homo sapiens
P00533	R-HSA-2179392	https://reactome.org/PathwayBrowser/#/R-HSA-2179392	EGFR Transactivation by Gastrin	TAS	Homo sapiens
P00533	R-HSA-2219530	https://reactome.org/PathwayBrowser/#/R-HSA-2219530	Constitutive Signaling by Aberrant PI3K in Cancer	TAS	Homo sapiens
P00533	R-HSA-445144	https://reactome.org/PathwayBrowser/#/R-HSA-445144	Signal transduction by L1	TAS	Homo sapiens
P00533	R-HSA-5637810	https://reactome.org/PathwayBrowser/#/R-HSA-5637810	Constitutive Signaling by EGFRvIII	TAS	Homo sapiens
P00533	R-HSA-5638303	https://reactome.org/PathwayBrowser/#/R-HSA-5638303	Inhibition of Signaling by Overexpressed EGFR	TAS	Homo sapiens
P00533	R-HSA-5673001	https://reactome.org/PathwayBrowser/#/R-HSA-5673001	RAF/MAP kinase cascade	TAS	Homo sapiens
P00533	R-HSA-6785631	https://reactome.org/PathwayBrowser/#/R-HSA-6785631	ERBB2 Regulates Cell Motility	TAS	Homo sapiens
P00533	R-HSA-6811558	https://reactome.org/PathwayBrowser/#/R-HSA-6811558	PI5P, PP2A and IER3 Regulate PI3K/AKT Signaling	TAS	Homo sapiens
P00533	R-HSA-8847993	https://reactome.org/PathwayBrowser/#/R-HSA-8847993	ERBB2 Activates PTK6 Signaling	TAS	Homo sapiens
P00533	R-HSA-8856825	https://reactome.org/PathwayBrowser/#/R-HSA-8856825	Cargo recognition for clathrin-mediated endocytosis	TAS	Homo sapiens
P00533	R-HSA-8856828	https://reactome.org/PathwayBrowser/#/R-HSA-8856828	Clathrin-mediated endocytosis	TAS	Homo sapiens
P00533	R-HSA-8857538	https://reactome.org/PathwayBrowser/#/R-HSA-8857538	PTK6 promotes HIF1A stabilization	TAS	Homo sapiens
P00533	R-HSA-8863795	https://reactome.org/PathwayBrowser/#/R-HSA-8863795	Downregulation of ERBB2 signaling	TAS	Homo sapiens
P00533	R-HSA-8866910	https://reactome.org/PathwayBrowser/#/R-HSA-8866910	TFAP2 (AP-2) family regulates transcription of growth factors and their receptors	TAS	Homo sapiens
P00533	R-HSA-9009391	https://reactome.org/PathwayBrowser/#/R-HSA-9009391	Extra-nuclear estrogen signaling	TAS	Homo sapiens
P00533	R-HSA-9013507	https://reactome.org/PathwayBrowser/#/R-HSA-9013507	NOTCH3 Activation and Transmission of Signal to the Nucleus	TAS	Homo sapiens
P00533	R-HSA-9609690	https://reactome.org/PathwayBrowser/#/R-HSA-9609690	HCMV Early Events	TAS	Homo sapiens
P00533	R-HSA-9634638	https://reactome.org/PathwayBrowser/#/R-HSA-9634638	Estrogen-dependent nuclear events downstream of ESR-membrane signaling	TAS	Homo sapiens
P00533	R-HSA-9664565	https://reactome.org/PathwayBrowser/#/R-HSA-9664565	Signaling by ERBB2 KD Mutants	TAS	Homo sapiens
P00533	R-HSA-9665348	https://reactome.org/PathwayBrowser/#/R-HSA-9665348	Signaling by ERBB2 ECD mutants	TAS	Homo sapiens
P00533	R-HSA-9665686	https://reactome.org/PathwayBrowser/#/R-HSA-9665686	Signaling by ERBB2 TMD/JMD mutants	TAS	Homo sapiens
P00533	R-HSA-9820960	https://reactome.org/PathwayBrowser/#/R-HSA-9820960	Respiratory syncytial virus (RSV) attachment and entry	TAS	Homo sapiens
P00533	R-HSA-9927432	https://reactome.org/PathwayBrowser/#/R-HSA-9927432	Developmental Lineage of Mammary Gland Myoepithelial Cells	TAS	Homo sapiens
P01106	R-HSA-1362277	https://reactome.org/PathwayBrowser/#/R-HSA-1362277	Transcription of E2F targets under negative control by DREAM complex	TAS	Homo sapiens
P01106	R-HSA-201556	https://reactome.org/PathwayBrowser/#/R-HSA-201556	Signaling by ALK	TAS	Homo sapiens
P01106	R-HSA-2122947	https://reactome.org/PathwayBrowser/#/R-HSA-2122947	NOTCH1 Intracellular Domain Regulates Transcription	TAS	Homo sapiens
P01106	R-HSA-2173796	https://reactome.org/PathwayBrowser/#/R-HSA-2173796	SMAD2/SMAD3:SMAD4 heterotrimer regulates transcription	TAS	Homo sapiens
P01106	R-HSA-2644606	https://reactome.org/PathwayBrowser/#/R-HSA-2644606	Constitutive Signaling by NOTCH1 PEST Domain Mutants	TAS	Homo sapiens
P01106	R-HSA-2894862	https://reactome.org/PathwayBrowser/#/R-HSA-2894862	Constitutive Signaling by NOTCH1 HD+PEST Domain Mutants	TAS	Homo sapiens
P01106	R-HSA-4411364	https://reactome.org/PathwayBrowser/#/R-HSA-4411364	Binding of TCF/LEF:CTNNB1 to target gene promoters	TAS	Homo sapiens
P01106	R-HSA-5687128	https://reactome.org/PathwayBrowser/#/R-HSA-5687128	MAPK6/MAPK4 signaling	TAS	Homo sapiens
P01106	R-HSA-5689880	https://reactome.org/PathwayBrowser/#/R-HSA-5689880	Ub-specific processing proteases	TAS	Homo sapiens
P01106	R-HSA-6785807	https://reactome.org/PathwayBrowser/#/R-HSA-6785807	Interleukin-4 and Interleukin-13 signaling	TAS	Homo sapiens
P01106	R-HSA-69202	https://reactome.org/PathwayBrowser/#/R-HSA-69202	Cyclin E associated events during G1/S transition 	TAS	Homo sapiens
P01106	R-HSA-69656	https://reactome.org/PathwayBrowser/#/R-HSA-69656	Cyclin A:Cdk2-associated events at S phase entry	TAS	Homo sapiens
P01106	R-HSA-8866911	https://reactome.org/PathwayBrowser/#/R-HSA-8866911	TFAP2 (AP-2) family regulates transcription of cell cycle factors	TAS	Homo sapiens
P01106	R-HSA-8951430	https://reactome.org/PathwayBrowser/#/R-HSA-8951430	RUNX3 regulates WNT signaling	TAS	Homo sapiens
P01106	R-HSA-9018519	https://reactome.org/PathwayBrowser/#/R-HSA-9018519	Estrogen-dependent gene expression	TAS	Homo sapiens
P01106	R-HSA-9616222	https://reactome.org/PathwayBrowser/#/R-HSA-9616222	Transcriptional regulation of granulopoiesis	IEA	Homo sapiens
P01106	R-HSA-9764562	https://reactome.org/PathwayBrowser/#/R-HSA-9764562	Regulation of CDH1 mRNA translation by microRNAs	TAS	Homo sapiens
P01106	R-HSA-9818749	https://reactome.org/PathwayBrowser/#/R-HSA-9818749	Regulation of NFE2L2 gene expression	TAS	Homo sapiens
P01106	R-HSA-9909649	https://reactome.org/PathwayBrowser/#/R-HSA-9909649	Regulation of PD-L1(CD274) transcription	TAS	Homo sapiens
P01111	R-HSA-112412	https://reactome.org/PathwayBrowser/#/R-HSA-112412	SOS-mediated signalling	IEA	Homo sapiens
P01111	R-HSA-1169092	https://reactome.org/PathwayBrowser/#/R-HSA-1169092	Activation of RAS in B cells	TAS	Homo sapiens
P01111	R-HSA-1236382	https://reactome.org/PathwayBrowser/#/R-HSA-1236382	Constitutive Signaling by Ligand-Responsive EGFR Cancer Variants	TAS	Homo sapiens
P01111	R-HSA-1250196	https://reactome.org/PathwayBrowser/#/R-HSA-1250196	SHC1 events in ERBB2 signaling	IEA	Homo sapiens
P01111	R-HSA-1250347	https://reactome.org/PathwayBrowser/#/R-HSA-1250347	SHC1 events in ERBB4 signaling	TAS	Homo sapiens
P01111	R-HSA-1433557	https://reactome.org/PathwayBrowser/#/R-HSA-1433557	Signaling by SCF-KIT	TAS	Homo sapiens
P01111	R-HSA-167044	https://reactome.org/PathwayBrowser/#/R-HSA-167044	Signalling to RAS	IEA	Homo sapiens
P01111	R-HSA-171007	https://reactome.org/PathwayBrowser/#/R-HSA-171007	p38MAPK events	TAS	Homo sapiens
P01111	R-HSA-171007	https://reactome.org/PathwayBrowser/#/R-HSA-171007	p38MAPK events	IEA	Homo sapiens
P01111	R-HSA-179812	https://reactome.org/PathwayBrowser/#/R-HSA-179812	GRB2 events in EGFR signaling	TAS	Homo sapiens
P01111	R-HSA-180336	https://reactome.org/PathwayBrowser/#/R-HSA-180336	SHC1 events in EGFR signaling	TAS	Homo sapiens
P01111	R-HSA-186763	https://reactome.org/PathwayBrowser/#/R-HSA-186763	Downstream signal transduction	TAS	Homo sapiens
P01111	R-HSA-1963640	https://reactome.org/PathwayBrowser/#/R-HSA-1963640	GRB2 events in ERBB2 signaling	TAS	Homo sapiens
P01111	R-HSA-1963640	https://reactome.org/PathwayBrowser/#/R-HSA-1963640	GRB2 events in ERBB2 signaling	IEA	Homo sapiens
P01111	R-HSA-210993	https://reactome.org/PathwayBrowser/#/R-HSA-210993	Tie2 Signaling	TAS	Homo sapiens
P01111	R-HSA-2179392	https://reactome.org/PathwayBrowser/#/R-HSA-2179392	EGFR Transactivation by Gastrin	TAS	Homo sapiens
P01111	R-HSA-2424491	https://reactome.org/PathwayBrowser/#/R-HSA-2424491	DAP12 signaling	TAS	Homo sapiens
P01111	R-HSA-2428933	https://reactome.org/PathwayBrowser/#/R-HSA-2428933	SHC-related events triggered by IGF1R	IEA	Homo sapiens
P01111	R-HSA-2871796	https://reactome.org/PathwayBrowser/#/R-HSA-2871796	FCERI mediated MAPK activation	TAS	Homo sapiens
P01111	R-HSA-375165	https://reactome.org/PathwayBrowser/#/R-HSA-375165	NCAM signaling for neurite out-growth	TAS	Homo sapiens
P01111	R-HSA-442982	https://reactome.org/PathwayBrowser/#/R-HSA-442982	Ras activation upon Ca2+ influx through NMDA receptor	IEA	Homo sapiens
P01111	R-HSA-5218921	https://reactome.org/PathwayBrowser/#/R-HSA-5218921	VEGFR2 mediated cell proliferation	TAS	Homo sapiens
P01111	R-HSA-5621575	https://reactome.org/PathwayBrowser/#/R-HSA-5621575	CD209 (DC-SIGN) signaling	TAS	Homo sapiens
P01111	R-HSA-5637810	https://reactome.org/PathwayBrowser/#/R-HSA-5637810	Constitutive Signaling by EGFRvIII	TAS	Homo sapiens
P01111	R-HSA-5654688	https://reactome.org/PathwayBrowser/#/R-HSA-5654688	SHC-mediated cascade:FGFR1	TAS	Homo sapiens
P01111	R-HSA-5654693	https://reactome.org/PathwayBrowser/#/R-HSA-5654693	FRS-mediated FGFR1 signaling	TAS	Homo sapiens
P01111	R-HSA-5654699	https://reactome.org/PathwayBrowser/#/R-HSA-5654699	SHC-mediated cascade:FGFR2	TAS	Homo sapiens
P01111	R-HSA-5654700	https://reactome.org/PathwayBrowser/#/R-HSA-5654700	FRS-mediated FGFR2 signaling	TAS	Homo sapiens
P01111	R-HSA-5654704	https://reactome.org/PathwayBrowser/#/R-HSA-5654704	SHC-mediated cascade:FGFR3	TAS	Homo sapiens
P01111	R-HSA-5654706	https://reactome.org/PathwayBrowser/#/R-HSA-5654706	FRS-mediated FGFR3 signaling	TAS	Homo sapiens
P01111	R-HSA-5654712	https://reactome.org/PathwayBrowser/#/R-HSA-5654712	FRS-mediated FGFR4 signaling	TAS	Homo sapiens
P01111	R-HSA-5654719	https://reactome.org/PathwayBrowser/#/R-HSA-5654719	SHC-mediated cascade:FGFR4	TAS	Homo sapiens
P01111	R-HSA-5655253	https://reactome.org/PathwayBrowser/#/R-HSA-5655253	Signaling by FGFR2 in disease	TAS	Homo sapiens
P01111	R-HSA-5655291	https://reactome.org/PathwayBrowser/#/R-HSA-5655291	Signaling by FGFR4 in disease	TAS	Homo sapiens
P01111	R-HSA-5655302	https://reactome.org/PathwayBrowser/#/R-HSA-5655302	Signaling by FGFR1 in disease	TAS	Homo sapiens
P01111	R-HSA-5655332	https://reactome.org/PathwayBrowser/#/R-HSA-5655332	Signaling by FGFR3 in disease	TAS	Homo sapiens
P01111	R-HSA-5658442	https://reactome.org/PathwayBrowser/#/R-HSA-5658442	Regulation of RAS by GAPs	TAS	Homo sapiens
P01111	R-HSA-5673000	https://reactome.org/PathwayBrowser/#/R-HSA-5673000	RAF activation	TAS	Homo sapiens
P01111	R-HSA-5673001	https://reactome.org/PathwayBrowser/#/R-HSA-5673001	RAF/MAP kinase cascade	TAS	Homo sapiens
P01111	R-HSA-5674135	https://reactome.org/PathwayBrowser/#/R-HSA-5674135	MAP2K and MAPK activation	TAS	Homo sapiens
P01111	R-HSA-5675221	https://reactome.org/PathwayBrowser/#/R-HSA-5675221	Negative regulation of MAPK pathway	TAS	Homo sapiens
P01111	R-HSA-6798695	https://reactome.org/PathwayBrowser/#/R-HSA-6798695	Neutrophil degranulation	TAS	Homo sapiens
P01111	R-HSA-6802946	https://reactome.org/PathwayBrowser/#/R-HSA-6802946	Signaling by moderate kinase activity BRAF mutants	TAS	Homo sapiens
P01111	R-HSA-6802948	https://reactome.org/PathwayBrowser/#/R-HSA-6802948	Signaling by high-kinase activity BRAF mutants	TAS	Homo sapiens
P01111	R-HSA-6802952	https://reactome.org/PathwayBrowser/#/R-HSA-6802952	Signaling by BRAF and RAF1 fusions	TAS	Homo sapiens
P01111	R-HSA-6802953	https://reactome.org/PathwayBrowser/#/R-HSA-6802953	RAS signaling downstream of NF1 loss-of-function variants	TAS	Homo sapiens
P01111	R-HSA-6802955	https://reactome.org/PathwayBrowser/#/R-HSA-6802955	Paradoxical activation of RAF signaling by kinase inactive BRAF	TAS	Homo sapiens
P01111	R-HSA-74751	https://reactome.org/PathwayBrowser/#/R-HSA-74751	Insulin receptor signalling cascade	IEA	Homo sapiens
P01111	R-HSA-8849471	https://reactome.org/PathwayBrowser/#/R-HSA-8849471	PTK6 Regulates RHO GTPases, RAS GTPase and MAP kinases	TAS	Homo sapiens
P01111	R-HSA-8851805	https://reactome.org/PathwayBrowser/#/R-HSA-8851805	MET activates RAS signaling	TAS	Homo sapiens
P01111	R-HSA-9026519	https://reactome.org/PathwayBrowser/#/R-HSA-9026519	Activated NTRK2 signals through RAS	IEA	Homo sapiens
P01111	R-HSA-9027284	https://reactome.org/PathwayBrowser/#/R-HSA-9027284	Erythropoietin activates RAS	IEA	Homo sapiens
P01111	R-HSA-9028731	https://reactome.org/PathwayBrowser/#/R-HSA-9028731	Activated NTRK2 signals through FRS2 and FRS3	IEA	Homo sapiens
P01111	R-HSA-9034864	https://reactome.org/PathwayBrowser/#/R-HSA-9034864	Activated NTRK3 signals through RAS	IEA	Homo sapiens
P01111	R-HSA-9607240	https://reactome.org/PathwayBrowser/#/R-HSA-9607240	FLT3 Signaling	TAS	Homo sapiens
P01111	R-HSA-9634285	https://reactome.org/PathwayBrowser/#/R-HSA-9634285	Constitutive Signaling by Overexpressed ERBB2	TAS	Homo sapiens
P01111	R-HSA-9634635	https://reactome.org/PathwayBrowser/#/R-HSA-9634635	Estrogen-stimulated signaling through PRKCZ	TAS	Homo sapiens
P01111	R-HSA-9648002	https://reactome.org/PathwayBrowser/#/R-HSA-9648002	RAS processing	TAS	Homo sapiens
P01111	R-HSA-9649948	https://reactome.org/PathwayBrowser/#/R-HSA-9649948	Signaling downstream of RAS mutants	TAS	Homo sapiens
P01111	R-HSA-9656223	https://reactome.org/PathwayBrowser/#/R-HSA-9656223	Signaling by RAF1 mutants	TAS	Homo sapiens
P01111	R-HSA-9664565	https://reactome.org/PathwayBrowser/#/R-HSA-9664565	Signaling by ERBB2 KD Mutants	TAS	Homo sapiens
P01111	R-HSA-9665348	https://reactome.org/PathwayBrowser/#/R-HSA-9665348	Signaling by ERBB2 ECD mutants	TAS	Homo sapiens
P01111	R-HSA-9665686	https://reactome.org/PathwayBrowser/#/R-HSA-9665686	Signaling by ERBB2 TMD/JMD mutants	TAS	Homo sapiens
P01111	R-HSA-9670439	https://reactome.org/PathwayBrowser/#/R-HSA-9670439	Signaling by phosphorylated juxtamembrane, extracellular and kinase domain KIT mutants	TAS	Homo sapiens
P01111	R-HSA-9673767	https://reactome.org/PathwayBrowser/#/R-HSA-9673767	Signaling by PDGFRA transmembrane, juxtamembrane and kinase domain mutants	TAS	Homo sapiens
P01111	R-HSA-9673770	https://reactome.org/PathwayBrowser/#/R-HSA-9673770	Signaling by PDGFRA extracellular domain mutants	TAS	Homo sapiens
P01111	R-HSA-9703465	https://reactome.org/PathwayBrowser/#/R-HSA-9703465	Signaling by FLT3 fusion proteins	TAS	Homo sapiens
P01111	R-HSA-9703648	https://reactome.org/PathwayBrowser/#/R-HSA-9703648	Signaling by FLT3 ITD and TKD mutants	TAS	Homo sapiens
P01111	R-HSA-9753510	https://reactome.org/PathwayBrowser/#/R-HSA-9753510	Signaling by RAS GAP mutants	TAS	Homo sapiens
P01111	R-HSA-9753512	https://reactome.org/PathwayBrowser/#/R-HSA-9753512	Signaling by RAS GTPase mutants	TAS	Homo sapiens
P01116-1	R-HSA-112412	https://reactome.org/PathwayBrowser/#/R-HSA-112412	SOS-mediated signalling	IEA	Homo sapiens
P01116-1	R-HSA-1169092	https://reactome.org/PathwayBrowser/#/R-HSA-1169092	Activation of RAS in B cells	TAS	Homo sapiens
P01116-1	R-HSA-1236382	https://reactome.org/PathwayBrowser/#/R-HSA-1236382	Constitutive Signaling by Ligand-Responsive EGFR Cancer Variants	TAS	Homo sapiens
P01116-1	R-HSA-1250196	https://reactome.org/PathwayBrowser/#/R-HSA-1250196	SHC1 events in ERBB2 signaling	IEA	Homo sapiens
P01116-1	R-HSA-1250347	https://reactome.org/PathwayBrowser/#/R-HSA-1250347	SHC1 events in ERBB4 signaling	TAS	Homo sapiens
P01116-1	R-HSA-1433557	https://reactome.org/PathwayBrowser/#/R-HSA-1433557	Signaling by SCF-KIT	TAS	Homo sapiens
P01116-1	R-HSA-167044	https://reactome.org/PathwayBrowser/#/R-HSA-167044	Signalling to RAS	IEA	Homo sapiens
P01116-1	R-HSA-171007	https://reactome.org/PathwayBrowser/#/R-HSA-171007	p38MAPK events	TAS	Homo sapiens
P01116-1	R-HSA-171007	https://reactome.org/PathwayBrowser/#/R-HSA-171007	p38MAPK events	IEA	Homo sapiens
P01116-1	R-HSA-179812	https://reactome.org/PathwayBrowser/#/R-HSA-179812	GRB2 events in EGFR signaling	TAS	Homo sapiens
P01116-1	R-HSA-180336	https://reactome.org/PathwayBrowser/#/R-HSA-180336	SHC1 events in EGFR signaling	TAS	Homo sapiens
P01116-1	R-HSA-186763	https://reactome.org/PathwayBrowser/#/R-HSA-186763	Downstream signal transduction	TAS	Homo sapiens
P01116-1	R-HSA-1963640	https://reactome.org/PathwayBrowser/#/R-HSA-1963640	GRB2 events in ERBB2 signaling	TAS	Homo sapiens
P01116-1	R-HSA-1963640	https://reactome.org/PathwayBrowser/#/R-HSA-1963640	GRB2 events in ERBB2 signaling	IEA	Homo sapiens
P01116-1	R-HSA-210993	https://reactome.org/PathwayBrowser/#/R-HSA-210993	Tie2 Signaling	TAS	Homo sapiens
P01116-1	R-HSA-2179392	https://reactome.org/PathwayBrowser/#/R-HSA-2179392	EGFR Transactivation by Gastrin	TAS	Homo sapiens
P01116-1	R-HSA-2424491	https://reactome.org/PathwayBrowser/#/R-HSA-2424491	DAP12 signaling	TAS	Homo sapiens
P01116-1	R-HSA-2428933	https://reactome.org/PathwayBrowser/#/R-HSA-2428933	SHC-related events triggered by IGF1R	IEA	Homo sapiens
P01116-1	R-HSA-2871796	https://reactome.org/PathwayBrowser/#/R-HSA-2871796	FCERI mediated MAPK activation	TAS	Homo sapiens
P01116-1	R-HSA-375165	https://reactome.org/PathwayBrowser/#/R-HSA-375165	NCAM signaling for neurite out-growth	TAS	Homo sapiens
P01116-1	R-HSA-442982	https://reactome.org/PathwayBrowser/#/R-HSA-442982	Ras activation upon Ca2+ influx through NMDA receptor	IEA	Homo sapiens
P01116-1	R-HSA-5218921	https://reactome.org/PathwayBrowser/#/R-HSA-5218921	VEGFR2 mediated cell proliferation	TAS	Homo sapiens
P01116-1	R-HSA-5621575	https://reactome.org/PathwayBrowser/#/R-HSA-5621575	CD209 (DC-SIGN) signaling	TAS	Homo sapiens
P01116-1	R-HSA-5637810	https://reactome.org/PathwayBrowser/#/R-HSA-5637810	Constitutive Signaling by EGFRvIII	TAS	Homo sapiens
P01116-1	R-HSA-5654688	https://reactome.org/PathwayBrowser/#/R-HSA-5654688	SHC-mediated cascade:FGFR1	TAS	Homo sapiens
P01116-1	R-HSA-5654693	https://reactome.org/PathwayBrowser/#/R-HSA-5654693	FRS-mediated FGFR1 signaling	TAS	Homo sapiens
P01116-1	R-HSA-5654699	https://reactome.org/PathwayBrowser/#/R-HSA-5654699	SHC-mediated cascade:FGFR2	TAS	Homo sapiens
P01116-1	R-HSA-5654700	https://reactome.org/PathwayBrowser/#/R-HSA-5654700	FRS-mediated FGFR2 signaling	TAS	Homo sapiens
P01116-1	R-HSA-5654704	https://reactome.org/PathwayBrowser/#/R-HSA-5654704	SHC-mediated cascade:FGFR3	TAS	Homo sapiens
P01116-1	R-HSA-5654706	https://reactome.org/PathwayBrowser/#/R-HSA-5654706	FRS-mediated FGFR3 signaling	TAS	Homo sapiens
P01116-1	R-HSA-5654712	https://reactome.org/PathwayBrowser/#/R-HSA-5654712	FRS-mediated FGFR4 signaling	TAS	Homo sapiens
P01116-1	R-HSA-5654719	https://reactome.org/PathwayBrowser/#/R-HSA-5654719	SHC-mediated cascade:FGFR4	TAS	Homo sapiens
P01116-1	R-HSA-5655253	https://reactome.org/PathwayBrowser/#/R-HSA-5655253	Signaling by FGFR2 in disease	TAS	Homo sapiens
P01116-1	R-HSA-5655291	https://reactome.org/PathwayBrowser/#/R-HSA-5655291	Signaling by FGFR4 in disease	TAS	Homo sapiens
P01116-1	R-HSA-5655302	https://reactome.org/PathwayBrowser/#/R-HSA-5655302	Signaling by FGFR1 in disease	TAS	Homo sapiens
P01116-1	R-HSA-5655332	https://reactome.org/PathwayBrowser/#/R-HSA-5655332	Signaling by FGFR3 in disease	TAS	Homo sapiens
P01116-1	R-HSA-5658442	https://reactome.org/PathwayBrowser/#/R-HSA-5658442	Regulation of RAS by GAPs	TAS	Homo sapiens
P01116-1	R-HSA-5673000	https://reactome.org/PathwayBrowser/#/R-HSA-5673000	RAF activation	TAS	Homo sapiens
P01116-1	R-HSA-5673001	https://reactome.org/PathwayBrowser/#/R-HSA-5673001	RAF/MAP kinase cascade	TAS	Homo sapiens
P01116-1	R-HSA-5674135	https://reactome.org/PathwayBrowser/#/R-HSA-5674135	MAP2K and MAPK activation	TAS	Homo sapiens
P01116-1	R-HSA-5675221	https://reactome.org/PathwayBrowser/#/R-HSA-5675221	Negative regulation of MAPK pathway	TAS	Homo sapiens
P01116-1	R-HSA-6802946	https://reactome.org/PathwayBrowser/#/R-HSA-6802946	Signaling by moderate kinase activity BRAF mutants	TAS	Homo sapiens
P01116-1	R-HSA-6802948	https://reactome.org/PathwayBrowser/#/R-HSA-6802948	Signaling by high-kinase activity BRAF mutants	TAS	Homo sapiens
P01116-1	R-HSA-6802952	https://reactome.org/PathwayBrowser/#/R-HSA-6802952	Signaling by BRAF and RAF1 fusions	TAS	Homo sapiens
P01116-1	R-HSA-6802953	https://reactome.org/PathwayBrowser/#/R-HSA-6802953	RAS signaling downstream of NF1 loss-of-function variants	TAS	Homo sapiens
P01116-1	R-HSA-6802955	https://reactome.org/PathwayBrowser/#/R-HSA-6802955	Paradoxical activation of RAF signaling by kinase inactive BRAF	TAS	Homo sapiens
P01116-1	R-HSA-74751	https://reactome.org/PathwayBrowser/#/R-HSA-74751	Insulin receptor signalling cascade	IEA	Homo sapiens
P01116-1	R-HSA-8849471	https://reactome.org/PathwayBrowser/#/R-HSA-8849471	PTK6 Regulates RHO GTPases, RAS GTPase and MAP kinases	TAS	Homo sapiens
P01116-1	R-HSA-8851805	https://reactome.org/PathwayBrowser/#/R-HSA-8851805	MET activates RAS signaling	TAS	Homo sapiens
P01116-1	R-HSA-9026519	https://reactome.org/PathwayBrowser/#/R-HSA-9026519	Activated NTRK2 signals through RAS	IEA	Homo sapiens
P01116-1	R-HSA-9027284	https://reactome.org/PathwayBrowser/#/R-HSA-9027284	Erythropoietin activates RAS	IEA	Homo sapiens
P01116-1	R-HSA-9028731	https://reactome.org/PathwayBrowser/#/R-HSA-9028731	Activated NTRK2 signals through FRS2 and FRS3	IEA	Homo sapiens
P01116-1	R-HSA-9034864	https://reactome.org/PathwayBrowser/#/R-HSA-9034864	Activated NTRK3 signals through RAS	IEA	Homo sapiens
P01116-1	R-HSA-9607240	https://reactome.org/PathwayBrowser/#/R-HSA-9607240	FLT3 Signaling	TAS	Homo sapiens
P01116-1	R-HSA-9634285	https://reactome.org/PathwayBrowser/#/R-HSA-9634285	Constitutive Signaling by Overexpressed ERBB2	TAS	Homo sapiens
P01116-1	R-HSA-9634635	https://reactome.org/PathwayBrowser/#/R-HSA-9634635	Estrogen-stimulated signaling through PRKCZ	TAS	Homo sapiens
P01116-1	R-HSA-9648002	https://reactome.org/PathwayBrowser/#/R-HSA-9648002	RAS processing	TAS	Homo sapiens
P01116-1	R-HSA-9649948	https://reactome.org/PathwayBrowser/#/R-HSA-9649948	Signaling downstream of RAS mutants	TAS	Homo sapiens
P01116-1	R-HSA-9656223	https://reactome.org/PathwayBrowser/#/R-HSA-9656223	Signaling by RAF1 mutants	TAS	Homo sapiens
P01116-1	R-HSA-9664565	https://reactome.org/PathwayBrowser/#/R-HSA-9664565	Signaling by ERBB2 KD Mutants	TAS	Homo sapiens
P01116-1	R-HSA-9665348	https://reactome.org/PathwayBrowser/#/R-HSA-9665348	Signaling by ERBB2 ECD mutants	TAS	Homo sapiens
P01116-1	R-HSA-9665686	https://reactome.org/PathwayBrowser/#/R-HSA-9665686	Signaling by ERBB2 TMD/JMD mutants	TAS	Homo sapiens
P01116-1	R-HSA-9670439	https://reactome.org/PathwayBrowser/#/R-HSA-9670439	Signaling by phosphorylated juxtamembrane, extracellular and kinase domain KIT mutants	TAS	Homo sapiens
P01116-1	R-HSA-9673767	https://reactome.org/PathwayBrowser/#/R-HSA-9673767	Signaling by PDGFRA transmembrane, juxtamembrane and kinase domain mutants	TAS	Homo sapiens
P01116-1	R-HSA-9673770	https://reactome.org/PathwayBrowser/#/R-HSA-9673770	Signaling by PDGFRA extracellular domain mutants	TAS	Homo sapiens
P01116-1	R-HSA-9703465	https://reactome.org/PathwayBrowser/#/R-HSA-9703465	Signaling by FLT3 fusion proteins	TAS	Homo sapiens
P01116-1	R-HSA-9703648	https://reactome.org/PathwayBrowser/#/R-HSA-9703648	Signaling by FLT3 ITD and TKD mutants	TAS	Homo sapiens
P01116-2	R-HSA-112412	https://reactome.org/PathwayBrowser/#/R-HSA-112412	SOS-mediated signalling	IEA	Homo sapiens
P01116-2	R-HSA-1169092	https://reactome.org/PathwayBrowser/#/R-HSA-1169092	Activation of RAS in B cells	TAS	Homo sapiens
P01116-2	R-HSA-1236382	https://reactome.org/PathwayBrowser/#/R-HSA-1236382	Constitutive Signaling by Ligand-Responsive EGFR Cancer Variants	TAS	Homo sapiens
P01116-2	R-HSA-1250196	https://reactome.org/PathwayBrowser/#/R-HSA-1250196	SHC1 events in ERBB2 signaling	IEA	Homo sapiens
P01116-2	R-HSA-1250347	https://reactome.org/PathwayBrowser/#/R-HSA-1250347	SHC1 events in ERBB4 signaling	TAS	Homo sapiens
P01116-2	R-HSA-1433557	https://reactome.org/PathwayBrowser/#/R-HSA-1433557	Signaling by SCF-KIT	TAS	Homo sapiens
P01116-2	R-HSA-167044	https://reactome.org/PathwayBrowser/#/R-HSA-167044	Signalling to RAS	IEA	Homo sapiens
P01116-2	R-HSA-171007	https://reactome.org/PathwayBrowser/#/R-HSA-171007	p38MAPK events	TAS	Homo sapiens
P01116-2	R-HSA-171007	https://reactome.org/PathwayBrowser/#/R-HSA-171007	p38MAPK events	IEA	Homo sapiens
P01116-2	R-HSA-179812	https://reactome.org/PathwayBrowser/#/R-HSA-179812	GRB2 events in EGFR signaling	TAS	Homo sapiens
P01116-2	R-HSA-180336	https://reactome.org/PathwayBrowser/#/R-HSA-180336	SHC1 events in EGFR signaling	TAS	Homo sapiens
P01116-2	R-HSA-186763	https://reactome.org/PathwayBrowser/#/R-HSA-186763	Downstream signal transduction	TAS	Homo sapiens
P01116-2	R-HSA-1963640	https://reactome.org/PathwayBrowser/#/R-HSA-1963640	GRB2 events in ERBB2 signaling	TAS	Homo sapiens
P01116-2	R-HSA-1963640	https://reactome.org/PathwayBrowser/#/R-HSA-1963640	GRB2 events in ERBB2 signaling	IEA	Homo sapiens
P01116-2	R-HSA-210993	https://reactome.org/PathwayBrowser/#/R-HSA-210993	Tie2 Signaling	TAS	Homo sapiens
P01116-2	R-HSA-2179392	https://reactome.org/PathwayBrowser/#/R-HSA-2179392	EGFR Transactivation by Gastrin	TAS	Homo sapiens
P01116-2	R-HSA-2424491	https://reactome.org/PathwayBrowser/#/R-HSA-2424491	DAP12 signaling	TAS	Homo sapiens
P01116-2	R-HSA-2428933	https://reactome.org/PathwayBrowser/#/R-HSA-2428933	SHC-related events triggered by IGF1R	IEA	Homo sapiens
P01116-2	R-HSA-2871796	https://reactome.org/PathwayBrowser/#/R-HSA-2871796	FCERI mediated MAPK activation	TAS	Homo sapiens
P01116-2	R-HSA-375165	https://reactome.org/PathwayBrowser/#/R-HSA-375165	NCAM signaling for neurite out-growth	TAS	Homo sapiens
P01116-2	R-HSA-4086398	https://reactome.org/PathwayBrowser/#/R-HSA-4086398	Ca2+ pathway	TAS	Homo sapiens
P01116-2	R-HSA-442982	https://reactome.org/PathwayBrowser/#/R-HSA-442982	Ras activation upon Ca2+ influx through NMDA receptor	IEA	Homo sapiens
P01116-2	R-HSA-5218921	https://reactome.org/PathwayBrowser/#/R-HSA-5218921	VEGFR2 mediated cell proliferation	TAS	Homo sapiens
P01116-2	R-HSA-5621575	https://reactome.org/PathwayBrowser/#/R-HSA-5621575	CD209 (DC-SIGN) signaling	TAS	Homo sapiens
P01116-2	R-HSA-5637810	https://reactome.org/PathwayBrowser/#/R-HSA-5637810	Constitutive Signaling by EGFRvIII	TAS	Homo sapiens
P01116-2	R-HSA-5654688	https://reactome.org/PathwayBrowser/#/R-HSA-5654688	SHC-mediated cascade:FGFR1	TAS	Homo sapiens
P01116-2	R-HSA-5654693	https://reactome.org/PathwayBrowser/#/R-HSA-5654693	FRS-mediated FGFR1 signaling	TAS	Homo sapiens
P01116-2	R-HSA-5654699	https://reactome.org/PathwayBrowser/#/R-HSA-5654699	SHC-mediated cascade:FGFR2	TAS	Homo sapiens
P01116-2	R-HSA-5654700	https://reactome.org/PathwayBrowser/#/R-HSA-5654700	FRS-mediated FGFR2 signaling	TAS	Homo sapiens
P01116-2	R-HSA-5654704	https://reactome.org/PathwayBrowser/#/R-HSA-5654704	SHC-mediated cascade:FGFR3	TAS	Homo sapiens
P01116-2	R-HSA-5654706	https://reactome.org/PathwayBrowser/#/R-HSA-5654706	FRS-mediated FGFR3 signaling	TAS	Homo sapiens
P01116-2	R-HSA-5654712	https://reactome.org/PathwayBrowser/#/R-HSA-5654712	FRS-mediated FGFR4 signaling	TAS	Homo sapiens
P01116-2	R-HSA-5654719	https://reactome.org/PathwayBrowser/#/R-HSA-5654719	SHC-mediated cascade:FGFR4	TAS	Homo sapiens
P01116-2	R-HSA-5655253	https://reactome.org/PathwayBrowser/#/R-HSA-5655253	Signaling by FGFR2 in disease	TAS	Homo sapiens
P01116-2	R-HSA-5655291	https://reactome.org/PathwayBrowser/#/R-HSA-5655291	Signaling by FGFR4 in disease	TAS	Homo sapiens
P01116-2	R-HSA-5655302	https://reactome.org/PathwayBrowser/#/R-HSA-5655302	Signaling by FGFR1 in disease	TAS	Homo sapiens
P01116-2	R-HSA-5655332	https://reactome.org/PathwayBrowser/#/R-HSA-5655332	Signaling by FGFR3 in disease	TAS	Homo sapiens
P01116-2	R-HSA-5658442	https://reactome.org/PathwayBrowser/#/R-HSA-5658442	Regulation of RAS by GAPs	TAS	Homo sapiens
P01116-2	R-HSA-5673000	https://reactome.org/PathwayBrowser/#/R-HSA-5673000	RAF activation	TAS	Homo sapiens
P01116-2	R-HSA-5673001	https://reactome.org/PathwayBrowser/#/R-HSA-5673001	RAF/MAP kinase cascade	TAS	Homo sapiens
P01116-2	R-HSA-5674135	https://reactome.org/PathwayBrowser/#/R-HSA-5674135	MAP2K and MAPK activation	TAS	Homo sapiens
P01116-2	R-HSA-5675221	https://reactome.org/PathwayBrowser/#/R-HSA-5675221	Negative regulation of MAPK pathway	TAS	Homo sapiens
P01116-2	R-HSA-6802946	https://reactome.org/PathwayBrowser/#/R-HSA-6802946	Signaling by moderate kinase activity BRAF mutants	TAS	Homo sapiens
P01116-2	R-HSA-6802948	https://reactome.org/PathwayBrowser/#/R-HSA-6802948	Signaling by high-kinase activity BRAF mutants	TAS	Homo sapiens
P01116-2	R-HSA-6802952	https://reactome.org/PathwayBrowser/#/R-HSA-6802952	Signaling by BRAF and RAF1 fusions	TAS	Homo sapiens
P01116-2	R-HSA-6802953	https://reactome.org/PathwayBrowser/#/R-HSA-6802953	RAS signaling downstream of NF1 loss-of-function variants	TAS	Homo sapiens
P01116-2	R-HSA-6802955	https://reactome.org/PathwayBrowser/#/R-HSA-6802955	Paradoxical activation of RAF signaling by kinase inactive BRAF	TAS	Homo sapiens
P01116-2	R-HSA-74751	https://reactome.org/PathwayBrowser/#/R-HSA-74751	Insulin receptor signalling cascade	IEA	Homo sapiens
P01116-2	R-HSA-8849471	https://reactome.org/PathwayBrowser/#/R-HSA-8849471	PTK6 Regulates RHO GTPases, RAS GTPase and MAP kinases	TAS	Homo sapiens
P01116-2	R-HSA-8851805	https://reactome.org/PathwayBrowser/#/R-HSA-8851805	MET activates RAS signaling	TAS	Homo sapiens
P01116-2	R-HSA-9026519	https://reactome.org/PathwayBrowser/#/R-HSA-9026519	Activated NTRK2 signals through RAS	IEA	Homo sapiens
P01116-2	R-HSA-9027284	https://reactome.org/PathwayBrowser/#/R-HSA-9027284	Erythropoietin activates RAS	IEA	Homo sapiens
P01116-2	R-HSA-9028731	https://reactome.org/PathwayBrowser/#/R-HSA-9028731	Activated NTRK2 signals through FRS2 and FRS3	IEA	Homo sapiens
P01116-2	R-HSA-9034864	https://reactome.org/PathwayBrowser/#/R-HSA-9034864	Activated NTRK3 signals through RAS	IEA	Homo sapiens
P01116-2	R-HSA-9607240	https://reactome.org/PathwayBrowser/#/R-HSA-9607240	FLT3 Signaling	TAS	Homo sapiens
P01116-2	R-HSA-9634285	https://reactome.org/PathwayBrowser/#/R-HSA-9634285	Constitutive Signaling by Overexpressed ERBB2	TAS	Homo sapiens
P01116-2	R-HSA-9634635	https://reactome.org/PathwayBrowser/#/R-HSA-9634635	Estrogen-stimulated signaling through PRKCZ	TAS	Homo sapiens
P01116-2	R-HSA-9648002	https://reactome.org/PathwayBrowser/#/R-HSA-9648002	RAS processing	TAS	Homo sapiens
P01116-2	R-HSA-9649948	https://reactome.org/PathwayBrowser/#/R-HSA-9649948	Signaling downstream of RAS mutants	TAS	Homo sapiens
P01116-2	R-HSA-9656223	https://reactome.org/PathwayBrowser/#/R-HSA-9656223	Signaling by RAF1 mutants	TAS	Homo sapiens
P01116-2	R-HSA-9664565	https://reactome.org/PathwayBrowser/#/R-HSA-9664565	Signaling by ERBB2 KD Mutants	TAS	Homo sapiens
P01116-2	R-HSA-9665348	https://reactome.org/PathwayBrowser/#/R-HSA-9665348	Signaling by ERBB2 ECD mutants	TAS	Homo sapiens
P01116-2	R-HSA-9665686	https://reactome.org/PathwayBrowser/#/R-HSA-9665686	Signaling by ERBB2 TMD/JMD mutants	TAS	Homo sapiens
P01116-2	R-HSA-9670439	https://reactome.org/PathwayBrowser/#/R-HSA-9670439	Signaling by phosphorylated juxtamembrane, extracellular and kinase domain KIT mutants	TAS	Homo sapiens
P01116-2	R-HSA-9673767	https://reactome.org/PathwayBrowser/#/R-HSA-9673767	Signaling by PDGFRA transmembrane, juxtamembrane and kinase domain mutants	TAS	Homo sapiens
P01116-2	R-HSA-9673770	https://reactome.org/PathwayBrowser/#/R-HSA-9673770	Signaling by PDGFRA extracellular domain mutants	TAS	Homo sapiens
P01116-2	R-HSA-9703465	https://reactome.org/PathwayBrowser/#/R-HSA-9703465	Signaling by FLT3 fusion proteins	TAS	Homo sapiens
P01116-2	R-HSA-9703648	https://reactome.org/PathwayBrowser/#/R-HSA-9703648	Signaling by FLT3 ITD and TKD mutants	TAS	Homo sapiens
P01116	R-HSA-6802946	https://reactome.org/PathwayBrowser/#/R-HSA-6802946	Signaling by moderate kinase activity BRAF mutants	TAS	Homo sapiens
P01116	R-HSA-6802955	https://reactome.org/PathwayBrowser/#/R-HSA-6802955	Paradoxical activation of RAF signaling by kinase inactive BRAF	TAS	Homo sapiens
P01116	R-HSA-8951936	https://reactome.org/PathwayBrowser/#/R-HSA-8951936	RUNX3 regulates p14-ARF	TAS	Homo sapiens
P01116	R-HSA-9648002	https://reactome.org/PathwayBrowser/#/R-HSA-9648002	RAS processing	TAS	Homo sapiens
P01116	R-HSA-9649948	https://reactome.org/PathwayBrowser/#/R-HSA-9649948	Signaling downstream of RAS mutants	TAS	Homo sapiens
P01116	R-HSA-9674555	https://reactome.org/PathwayBrowser/#/R-HSA-9674555	Signaling by CSF3 (G-CSF)	TAS	Homo sapiens
P01116	R-HSA-9680350	https://reactome.org/PathwayBrowser/#/R-HSA-9680350	Signaling by CSF1 (M-CSF) in myeloid cells	IEA	Homo sapiens
P01116	R-HSA-9753510	https://reactome.org/PathwayBrowser/#/R-HSA-9753510	Signaling by RAS GAP mutants	TAS	Homo sapiens
P01116	R-HSA-9753512	https://reactome.org/PathwayBrowser/#/R-HSA-9753512	Signaling by RAS GTPase mutants	TAS	Homo sapiens
P02545-1	R-HSA-2980766	https://reactome.org/PathwayBrowser/#/R-HSA-2980766	Nuclear Envelope Breakdown	TAS	Homo sapiens
P02545-1	R-HSA-2995383	https://reactome.org/PathwayBrowser/#/R-HSA-2995383	Initiation of Nuclear Envelope (NE) Reformation	TAS	Homo sapiens
P02545-1	R-HSA-352238	https://reactome.org/PathwayBrowser/#/R-HSA-352238	Breakdown of the nuclear lamina	TAS	Homo sapiens
P02545-1	R-HSA-4419969	https://reactome.org/PathwayBrowser/#/R-HSA-4419969	Depolymerization of the Nuclear Lamina	TAS	Homo sapiens
P02545-1	R-HSA-8862803	https://reactome.org/PathwayBrowser/#/R-HSA-8862803	Deregulated CDK5 triggers multiple neurodegenerative pathways in Alzheimer's disease models	IEA	Homo sapiens
P02545-2	R-HSA-1221632	https://reactome.org/PathwayBrowser/#/R-HSA-1221632	Meiotic synapsis	IEA	Homo sapiens
P02545-2	R-HSA-2980766	https://reactome.org/PathwayBrowser/#/R-HSA-2980766	Nuclear Envelope Breakdown	TAS	Homo sapiens
P02545-2	R-HSA-2995383	https://reactome.org/PathwayBrowser/#/R-HSA-2995383	Initiation of Nuclear Envelope (NE) Reformation	TAS	Homo sapiens
P02545-2	R-HSA-4419969	https://reactome.org/PathwayBrowser/#/R-HSA-4419969	Depolymerization of the Nuclear Lamina	TAS	Homo sapiens
P02545	R-HSA-381038	https://reactome.org/PathwayBrowser/#/R-HSA-381038	XBP1(S) activates chaperone genes	TAS	Homo sapiens
P02545	R-HSA-6802952	https://reactome.org/PathwayBrowser/#/R-HSA-6802952	Signaling by BRAF and RAF1 fusions	TAS	Homo sapiens
P02649	R-HSA-1251985	https://reactome.org/PathwayBrowser/#/R-HSA-1251985	Nuclear signaling by ERBB4	TAS	Homo sapiens
P02649	R-HSA-3000480	https://reactome.org/PathwayBrowser/#/R-HSA-3000480	Scavenging by Class A Receptors	TAS	Homo sapiens
P02649	R-HSA-3000480	https://reactome.org/PathwayBrowser/#/R-HSA-3000480	Scavenging by Class A Receptors	IEA	Homo sapiens
P02649	R-HSA-381426	https://reactome.org/PathwayBrowser/#/R-HSA-381426	Regulation of Insulin-like Growth Factor (IGF) transport and uptake by Insulin-like Growth Factor Binding Proteins (IGFBPs)	TAS	Homo sapiens
P02649	R-HSA-8864260	https://reactome.org/PathwayBrowser/#/R-HSA-8864260	Transcriptional regulation by the AP-2 (TFAP2) family of transcription factors	TAS	Homo sapiens
P02649	R-HSA-8957275	https://reactome.org/PathwayBrowser/#/R-HSA-8957275	Post-translational protein phosphorylation	TAS	Homo sapiens
P02649	R-HSA-8963888	https://reactome.org/PathwayBrowser/#/R-HSA-8963888	Chylomicron assembly	TAS	Homo sapiens
P02649	R-HSA-8963901	https://reactome.org/PathwayBrowser/#/R-HSA-8963901	Chylomicron remodeling	TAS	Homo sapiens
P02649	R-HSA-8964026	https://reactome.org/PathwayBrowser/#/R-HSA-8964026	Chylomicron clearance	IEA	Homo sapiens
P02649	R-HSA-8964026	https://reactome.org/PathwayBrowser/#/R-HSA-8964026	Chylomicron clearance	TAS	Homo sapiens
P02649	R-HSA-8964058	https://reactome.org/PathwayBrowser/#/R-HSA-8964058	HDL remodeling	TAS	Homo sapiens
P02649	R-HSA-9029569	https://reactome.org/PathwayBrowser/#/R-HSA-9029569	NR1H3 & NR1H2 regulate gene expression linked to cholesterol transport and efflux	TAS	Homo sapiens
P02649	R-HSA-975634	https://reactome.org/PathwayBrowser/#/R-HSA-975634	Retinoid metabolism and transport	TAS	Homo sapiens
P02649	R-HSA-975634	https://reactome.org/PathwayBrowser/#/R-HSA-975634	Retinoid metabolism and transport	IEA	Homo sapiens
P02649	R-HSA-977225	https://reactome.org/PathwayBrowser/#/R-HSA-977225	Amyloid fiber formation	TAS	Homo sapiens
P04062	R-HSA-390471	https://reactome.org/PathwayBrowser/#/R-HSA-390471	Association of TriC/CCT with target proteins during biosynthesis	IEA	Homo sapiens
P04062	R-HSA-9840310	https://reactome.org/PathwayBrowser/#/R-HSA-9840310	Glycosphingolipid catabolism	TAS	Homo sapiens
P04626	R-HSA-1227986	https://reactome.org/PathwayBrowser/#/R-HSA-1227986	Signaling by ERBB2	TAS	Homo sapiens
P04626	R-HSA-1250196	https://reactome.org/PathwayBrowser/#/R-HSA-1250196	SHC1 events in ERBB2 signaling	IEA	Homo sapiens
P04626	R-HSA-1250196	https://reactome.org/PathwayBrowser/#/R-HSA-1250196	SHC1 events in ERBB2 signaling	TAS	Homo sapiens
P04626	R-HSA-1251932	https://reactome.org/PathwayBrowser/#/R-HSA-1251932	PLCG1 events in ERBB2 signaling	IEA	Homo sapiens
P04626	R-HSA-1257604	https://reactome.org/PathwayBrowser/#/R-HSA-1257604	PIP3 activates AKT signaling	TAS	Homo sapiens
P04626	R-HSA-1306955	https://reactome.org/PathwayBrowser/#/R-HSA-1306955	GRB7 events in ERBB2 signaling	TAS	Homo sapiens
P04626	R-HSA-1358803	https://reactome.org/PathwayBrowser/#/R-HSA-1358803	Downregulation of ERBB2:ERBB3 signaling	TAS	Homo sapiens
P04626	R-HSA-1963640	https://reactome.org/PathwayBrowser/#/R-HSA-1963640	GRB2 events in ERBB2 signaling	TAS	Homo sapiens
P04626	R-HSA-1963640	https://reactome.org/PathwayBrowser/#/R-HSA-1963640	GRB2 events in ERBB2 signaling	IEA	Homo sapiens
P04626	R-HSA-1963642	https://reactome.org/PathwayBrowser/#/R-HSA-1963642	PI3K events in ERBB2 signaling	TAS	Homo sapiens
P04626	R-HSA-2219530	https://reactome.org/PathwayBrowser/#/R-HSA-2219530	Constitutive Signaling by Aberrant PI3K in Cancer	TAS	Homo sapiens
P04626	R-HSA-416572	https://reactome.org/PathwayBrowser/#/R-HSA-416572	Sema4D induced cell migration and growth-cone collapse	TAS	Homo sapiens
P04626	R-HSA-5673001	https://reactome.org/PathwayBrowser/#/R-HSA-5673001	RAF/MAP kinase cascade	TAS	Homo sapiens
P04626	R-HSA-6785631	https://reactome.org/PathwayBrowser/#/R-HSA-6785631	ERBB2 Regulates Cell Motility	TAS	Homo sapiens
P04626	R-HSA-6811558	https://reactome.org/PathwayBrowser/#/R-HSA-6811558	PI5P, PP2A and IER3 Regulate PI3K/AKT Signaling	TAS	Homo sapiens
P04626	R-HSA-8847993	https://reactome.org/PathwayBrowser/#/R-HSA-8847993	ERBB2 Activates PTK6 Signaling	TAS	Homo sapiens
P04626	R-HSA-8863795	https://reactome.org/PathwayBrowser/#/R-HSA-8863795	Downregulation of ERBB2 signaling	TAS	Homo sapiens
P04626	R-HSA-8866910	https://reactome.org/PathwayBrowser/#/R-HSA-8866910	TFAP2 (AP-2) family regulates transcription of growth factors and their receptors	TAS	Homo sapiens
P04626	R-HSA-9634285	https://reactome.org/PathwayBrowser/#/R-HSA-9634285	Constitutive Signaling by Overexpressed ERBB2	TAS	Homo sapiens
P04626	R-HSA-9652282	https://reactome.org/PathwayBrowser/#/R-HSA-9652282	Drug-mediated inhibition of ERBB2 signaling	TAS	Homo sapiens
P04626	R-HSA-9664565	https://reactome.org/PathwayBrowser/#/R-HSA-9664565	Signaling by ERBB2 KD Mutants	TAS	Homo sapiens
P04626	R-HSA-9665233	https://reactome.org/PathwayBrowser/#/R-HSA-9665233	Resistance of ERBB2 KD mutants to trastuzumab	TAS	Homo sapiens
P04626	R-HSA-9665244	https://reactome.org/PathwayBrowser/#/R-HSA-9665244	Resistance of ERBB2 KD mutants to sapitinib	TAS	Homo sapiens
P04626	R-HSA-9665245	https://reactome.org/PathwayBrowser/#/R-HSA-9665245	Resistance of ERBB2 KD mutants to tesevatinib	TAS	Homo sapiens
P04626	R-HSA-9665246	https://reactome.org/PathwayBrowser/#/R-HSA-9665246	Resistance of ERBB2 KD mutants to neratinib	TAS	Homo sapiens
P04626	R-HSA-9665247	https://reactome.org/PathwayBrowser/#/R-HSA-9665247	Resistance of ERBB2 KD mutants to osimertinib	TAS	Homo sapiens
P04626	R-HSA-9665249	https://reactome.org/PathwayBrowser/#/R-HSA-9665249	Resistance of ERBB2 KD mutants to afatinib	TAS	Homo sapiens
P04626	R-HSA-9665250	https://reactome.org/PathwayBrowser/#/R-HSA-9665250	Resistance of ERBB2 KD mutants to AEE788	TAS	Homo sapiens
P04626	R-HSA-9665251	https://reactome.org/PathwayBrowser/#/R-HSA-9665251	Resistance of ERBB2 KD mutants to lapatinib	TAS	Homo sapiens
P04626	R-HSA-9665348	https://reactome.org/PathwayBrowser/#/R-HSA-9665348	Signaling by ERBB2 ECD mutants	TAS	Homo sapiens
P04626	R-HSA-9665686	https://reactome.org/PathwayBrowser/#/R-HSA-9665686	Signaling by ERBB2 TMD/JMD mutants	TAS	Homo sapiens
P04626	R-HSA-9665737	https://reactome.org/PathwayBrowser/#/R-HSA-9665737	Drug resistance in ERBB2 TMD/JMD mutants	TAS	Homo sapiens
P04626	R-HSA-9927418	https://reactome.org/PathwayBrowser/#/R-HSA-9927418	Developmental Lineage of Mammary Gland Luminal Epithelial Cells	TAS	Homo sapiens
P04626	R-HSA-9927432	https://reactome.org/PathwayBrowser/#/R-HSA-9927432	Developmental Lineage of Mammary Gland Myoepithelial Cells	TAS	Homo sapiens
P04626	R-HSA-9938206	https://reactome.org/PathwayBrowser/#/R-HSA-9938206	Developmental Lineage of Mammary Stem Cells	TAS	Homo sapiens
P04637	R-HSA-111448	https://reactome.org/PathwayBrowser/#/R-HSA-111448	Activation of NOXA and translocation to mitochondria	TAS	Homo sapiens
P04637	R-HSA-139915	https://reactome.org/PathwayBrowser/#/R-HSA-139915	Activation of PUMA and translocation to mitochondria	TAS	Homo sapiens
P04637	R-HSA-1912408	https://reactome.org/PathwayBrowser/#/R-HSA-1912408	Pre-NOTCH Transcription and Translation	TAS	Homo sapiens
P04637	R-HSA-2559580	https://reactome.org/PathwayBrowser/#/R-HSA-2559580	Oxidative Stress Induced Senescence	TAS	Homo sapiens
P04637	R-HSA-2559584	https://reactome.org/PathwayBrowser/#/R-HSA-2559584	Formation of Senescence-Associated Heterochromatin Foci (SAHF)	TAS	Homo sapiens
P04637	R-HSA-2559585	https://reactome.org/PathwayBrowser/#/R-HSA-2559585	Oncogene Induced Senescence	TAS	Homo sapiens
P04637	R-HSA-2559586	https://reactome.org/PathwayBrowser/#/R-HSA-2559586	DNA Damage/Telomere Stress Induced Senescence	TAS	Homo sapiens
P04637	R-HSA-3232118	https://reactome.org/PathwayBrowser/#/R-HSA-3232118	SUMOylation of transcription factors	TAS	Homo sapiens
P04637	R-HSA-349425	https://reactome.org/PathwayBrowser/#/R-HSA-349425	Autodegradation of the E3 ubiquitin ligase COP1	TAS	Homo sapiens
P04637	R-HSA-390471	https://reactome.org/PathwayBrowser/#/R-HSA-390471	Association of TriC/CCT with target proteins during biosynthesis	IEA	Homo sapiens
P04637	R-HSA-5620971	https://reactome.org/PathwayBrowser/#/R-HSA-5620971	Pyroptosis	TAS	Homo sapiens
P04637	R-HSA-5628897	https://reactome.org/PathwayBrowser/#/R-HSA-5628897	TP53 Regulates Metabolic Genes	TAS	Homo sapiens
P04637	R-HSA-5689880	https://reactome.org/PathwayBrowser/#/R-HSA-5689880	Ub-specific processing proteases	TAS	Homo sapiens
P04637	R-HSA-5689896	https://reactome.org/PathwayBrowser/#/R-HSA-5689896	Ovarian tumor domain proteases	TAS	Homo sapiens
P04637	R-HSA-5693565	https://reactome.org/PathwayBrowser/#/R-HSA-5693565	Recruitment and ATM-mediated phosphorylation of repair and signaling proteins at DNA double strand breaks	TAS	Homo sapiens
P04637	R-HSA-6785807	https://reactome.org/PathwayBrowser/#/R-HSA-6785807	Interleukin-4 and Interleukin-13 signaling	TAS	Homo sapiens
P04637	R-HSA-6796648	https://reactome.org/PathwayBrowser/#/R-HSA-6796648	TP53 Regulates Transcription of DNA Repair Genes	TAS	Homo sapiens
P04637	R-HSA-6803204	https://reactome.org/PathwayBrowser/#/R-HSA-6803204	TP53 Regulates Transcription of Genes Involved in Cytochrome C Release	TAS	Homo sapiens
P04637	R-HSA-6803205	https://reactome.org/PathwayBrowser/#/R-HSA-6803205	TP53 regulates transcription of several additional cell death genes whose specific roles in p53-dependent apoptosis remain uncertain	TAS	Homo sapiens
P04637	R-HSA-6803207	https://reactome.org/PathwayBrowser/#/R-HSA-6803207	TP53 Regulates Transcription of Caspase Activators and Caspases	TAS	Homo sapiens
P04637	R-HSA-6803211	https://reactome.org/PathwayBrowser/#/R-HSA-6803211	TP53 Regulates Transcription of Death Receptors and Ligands	TAS	Homo sapiens
P04637	R-HSA-6804114	https://reactome.org/PathwayBrowser/#/R-HSA-6804114	TP53 Regulates Transcription of Genes Involved in G2 Cell Cycle Arrest	TAS	Homo sapiens
P04637	R-HSA-6804115	https://reactome.org/PathwayBrowser/#/R-HSA-6804115	TP53 regulates transcription of additional cell cycle genes whose exact role in the p53 pathway remain uncertain	TAS	Homo sapiens
P04637	R-HSA-6804116	https://reactome.org/PathwayBrowser/#/R-HSA-6804116	TP53 Regulates Transcription of Genes Involved in G1 Cell Cycle Arrest	TAS	Homo sapiens
P04637	R-HSA-6804754	https://reactome.org/PathwayBrowser/#/R-HSA-6804754	Regulation of TP53 Expression	TAS	Homo sapiens
P04637	R-HSA-6804756	https://reactome.org/PathwayBrowser/#/R-HSA-6804756	Regulation of TP53 Activity through Phosphorylation	TAS	Homo sapiens
P04637	R-HSA-6804757	https://reactome.org/PathwayBrowser/#/R-HSA-6804757	Regulation of TP53 Degradation	TAS	Homo sapiens
P04637	R-HSA-6804758	https://reactome.org/PathwayBrowser/#/R-HSA-6804758	Regulation of TP53 Activity through Acetylation	TAS	Homo sapiens
P04637	R-HSA-6804759	https://reactome.org/PathwayBrowser/#/R-HSA-6804759	Regulation of TP53 Activity through Association with Co-factors	TAS	Homo sapiens
P04637	R-HSA-6804760	https://reactome.org/PathwayBrowser/#/R-HSA-6804760	Regulation of TP53 Activity through Methylation	TAS	Homo sapiens
P04637	R-HSA-6811555	https://reactome.org/PathwayBrowser/#/R-HSA-6811555	PI5P Regulates TP53 Acetylation	TAS	Homo sapiens
P04637	R-HSA-69473	https://reactome.org/PathwayBrowser/#/R-HSA-69473	G2/M DNA damage checkpoint	TAS	Homo sapiens
P04637	R-HSA-69481	https://reactome.org/PathwayBrowser/#/R-HSA-69481	G2/M Checkpoints	TAS	Homo sapiens
P04637	R-HSA-69541	https://reactome.org/PathwayBrowser/#/R-HSA-69541	Stabilization of p53	TAS	Homo sapiens
P04637	R-HSA-69895	https://reactome.org/PathwayBrowser/#/R-HSA-69895	Transcriptional  activation of  cell cycle inhibitor p21 	TAS	Homo sapiens
P04637	R-HSA-8852276	https://reactome.org/PathwayBrowser/#/R-HSA-8852276	The role of GTSE1 in G2/M progression after G2 checkpoint	TAS	Homo sapiens
P04637	R-HSA-8853884	https://reactome.org/PathwayBrowser/#/R-HSA-8853884	Transcriptional Regulation by VENTX	TAS	Homo sapiens
P04637	R-HSA-8941855	https://reactome.org/PathwayBrowser/#/R-HSA-8941855	RUNX3 regulates CDKN1A transcription	TAS	Homo sapiens
P04637	R-HSA-8943724	https://reactome.org/PathwayBrowser/#/R-HSA-8943724	Regulation of PTEN gene transcription	TAS	Homo sapiens
P04637	R-HSA-8943724	https://reactome.org/PathwayBrowser/#/R-HSA-8943724	Regulation of PTEN gene transcription	IEA	Homo sapiens
P04637	R-HSA-9723905	https://reactome.org/PathwayBrowser/#/R-HSA-9723905	Loss of function of TP53 in cancer due to loss of tetramerization ability	TAS	Homo sapiens
P04637	R-HSA-9725370	https://reactome.org/PathwayBrowser/#/R-HSA-9725370	Signaling by ALK fusions and activated point mutants	TAS	Homo sapiens
P04637	R-HSA-9758274	https://reactome.org/PathwayBrowser/#/R-HSA-9758274	Regulation of NF-kappa B signaling	TAS	Homo sapiens
P04637	R-HSA-9819196	https://reactome.org/PathwayBrowser/#/R-HSA-9819196	Zygotic genome activation (ZGA)	IEA	Homo sapiens
P04637	R-HSA-983231	https://reactome.org/PathwayBrowser/#/R-HSA-983231	Factors involved in megakaryocyte development and platelet production	IEA	Homo sapiens
P04637	R-HSA-9833482	https://reactome.org/PathwayBrowser/#/R-HSA-9833482	PKR-mediated signaling	TAS	Homo sapiens
P04637	R-HSA-9988426	https://reactome.org/PathwayBrowser/#/R-HSA-9988426	Negative transcriptional regulation of urea cycle enzymes	TAS	Homo sapiens
P05091	R-HSA-380612	https://reactome.org/PathwayBrowser/#/R-HSA-380612	Metabolism of serotonin	TAS	Homo sapiens
P05091	R-HSA-445355	https://reactome.org/PathwayBrowser/#/R-HSA-445355	Smooth Muscle Contraction	TAS	Homo sapiens
P05091	R-HSA-71384	https://reactome.org/PathwayBrowser/#/R-HSA-71384	Ethanol oxidation	TAS	Homo sapiens
P05091	R-HSA-9837999	https://reactome.org/PathwayBrowser/#/R-HSA-9837999	Mitochondrial protein degradation	TAS	Homo sapiens
P06400	R-HSA-113501	https://reactome.org/PathwayBrowser/#/R-HSA-113501	Inhibition of replication initiation of damaged DNA by RB1/E2F1	TAS	Homo sapiens
P06400	R-HSA-113501	https://reactome.org/PathwayBrowser/#/R-HSA-113501	Inhibition of replication initiation of damaged DNA by RB1/E2F1	IEA	Homo sapiens
P06400	R-HSA-174178	https://reactome.org/PathwayBrowser/#/R-HSA-174178	APC/C:Cdh1 mediated degradation of Cdc20 and other APC/C:Cdh1 targeted proteins in late mitosis/early G1	TAS	Homo sapiens
P06400	R-HSA-2299718	https://reactome.org/PathwayBrowser/#/R-HSA-2299718	Condensation of Prophase Chromosomes	TAS	Homo sapiens
P06400	R-HSA-2559584	https://reactome.org/PathwayBrowser/#/R-HSA-2559584	Formation of Senescence-Associated Heterochromatin Foci (SAHF)	TAS	Homo sapiens
P06400	R-HSA-2559585	https://reactome.org/PathwayBrowser/#/R-HSA-2559585	Oncogene Induced Senescence	TAS	Homo sapiens
P06400	R-HSA-69200	https://reactome.org/PathwayBrowser/#/R-HSA-69200	Phosphorylation of proteins involved in G1/S transition by active Cyclin E:Cdk2 complexes	TAS	Homo sapiens
P06400	R-HSA-69202	https://reactome.org/PathwayBrowser/#/R-HSA-69202	Cyclin E associated events during G1/S transition 	TAS	Homo sapiens
P06400	R-HSA-69231	https://reactome.org/PathwayBrowser/#/R-HSA-69231	Cyclin D associated events in G1	TAS	Homo sapiens
P06400	R-HSA-69656	https://reactome.org/PathwayBrowser/#/R-HSA-69656	Cyclin A:Cdk2-associated events at S phase entry	TAS	Homo sapiens
P06400	R-HSA-8940973	https://reactome.org/PathwayBrowser/#/R-HSA-8940973	RUNX2 regulates osteoblast differentiation	IEA	Homo sapiens
P06400	R-HSA-9661069	https://reactome.org/PathwayBrowser/#/R-HSA-9661069	Defective binding of RB1 mutants to E2F1,(E2F2, E2F3)	TAS	Homo sapiens
P06400	R-HSA-9661070	https://reactome.org/PathwayBrowser/#/R-HSA-9661070	Defective translocation of RB1 mutants to the nucleus	TAS	Homo sapiens
P06400	R-HSA-9682706	https://reactome.org/PathwayBrowser/#/R-HSA-9682706	Replication of the SARS-CoV-1 genome	TAS	Homo sapiens
P06400	R-HSA-9687136	https://reactome.org/PathwayBrowser/#/R-HSA-9687136	Aberrant regulation of mitotic exit in cancer due to RB1 defects	TAS	Homo sapiens
P06400	R-HSA-9694686	https://reactome.org/PathwayBrowser/#/R-HSA-9694686	Replication of the SARS-CoV-2 genome	IEA	Homo sapiens
P06400	R-HSA-9725371	https://reactome.org/PathwayBrowser/#/R-HSA-9725371	Nuclear events stimulated by ALK signaling in cancer	TAS	Homo sapiens
P06400	R-HSA-9764790	https://reactome.org/PathwayBrowser/#/R-HSA-9764790	Positive Regulation of CDH1 Gene Transcription	TAS	Homo sapiens
P06400	R-HSA-9841922	https://reactome.org/PathwayBrowser/#/R-HSA-9841922	MLL4 and MLL3 complexes regulate expression of PPARG target genes in adipogenesis and hepatic steatosis	TAS	Homo sapiens
P06748	R-HSA-180746	https://reactome.org/PathwayBrowser/#/R-HSA-180746	Nuclear import of Rev protein	TAS	Homo sapiens
P06748	R-HSA-180746	https://reactome.org/PathwayBrowser/#/R-HSA-180746	Nuclear import of Rev protein	IEA	Homo sapiens
P06748	R-HSA-3899300	https://reactome.org/PathwayBrowser/#/R-HSA-3899300	SUMOylation of transcription cofactors	TAS	Homo sapiens
P06748	R-HSA-606279	https://reactome.org/PathwayBrowser/#/R-HSA-606279	Deposition of new CENPA-containing nucleosomes at the centromere	TAS	Homo sapiens
P06748	R-HSA-6804115	https://reactome.org/PathwayBrowser/#/R-HSA-6804115	TP53 regulates transcription of additional cell cycle genes whose exact role in the p53 pathway remain uncertain	TAS	Homo sapiens
P06748	R-HSA-8869496	https://reactome.org/PathwayBrowser/#/R-HSA-8869496	TFAP2A acts as a transcriptional repressor during retinoic acid induced cell differentiation	TAS	Homo sapiens
P06748	R-HSA-9692914	https://reactome.org/PathwayBrowser/#/R-HSA-9692914	SARS-CoV-1-host interactions	TAS	Homo sapiens
P06748	R-HSA-9700645	https://reactome.org/PathwayBrowser/#/R-HSA-9700645	ALK mutants bind TKIs	TAS	Homo sapiens
P06748	R-HSA-9725370	https://reactome.org/PathwayBrowser/#/R-HSA-9725370	Signaling by ALK fusions and activated point mutants	TAS	Homo sapiens
P06748	R-HSA-9725371	https://reactome.org/PathwayBrowser/#/R-HSA-9725371	Nuclear events stimulated by ALK signaling in cancer	TAS	Homo sapiens
P06748	R-HSA-9833482	https://reactome.org/PathwayBrowser/#/R-HSA-9833482	PKR-mediated signaling	TAS	Homo sapiens
P09848	R-HSA-189085	https://reactome.org/PathwayBrowser/#/R-HSA-189085	Digestion of dietary carbohydrate	TAS	Homo sapiens
P09848	R-HSA-5659898	https://reactome.org/PathwayBrowser/#/R-HSA-5659898	Intestinal saccharidase deficiencies	TAS	Homo sapiens
P11532	R-HSA-3000171	https://reactome.org/PathwayBrowser/#/R-HSA-3000171	Non-integrin membrane-ECM interactions	IEA	Homo sapiens
P11532	R-HSA-390522	https://reactome.org/PathwayBrowser/#/R-HSA-390522	Striated Muscle Contraction	TAS	Homo sapiens
P11532	R-HSA-9913351	https://reactome.org/PathwayBrowser/#/R-HSA-9913351	Formation of the dystrophin-glycoprotein complex (DGC)	IEA	Homo sapiens
P11532	R-HSA-9913351	https://reactome.org/PathwayBrowser/#/R-HSA-9913351	Formation of the dystrophin-glycoprotein complex (DGC)	TAS	Homo sapiens
P12259	R-HSA-114608	https://reactome.org/PathwayBrowser/#/R-HSA-114608	Platelet degranulation 	TAS	Homo sapiens
P12259	R-HSA-204005	https://reactome.org/PathwayBrowser/#/R-HSA-204005	COPII-mediated vesicle transport	TAS	Homo sapiens
P12259	R-HSA-381426	https://reactome.org/PathwayBrowser/#/R-HSA-381426	Regulation of Insulin-like Growth Factor (IGF) transport and uptake by Insulin-like Growth Factor Binding Proteins (IGFBPs)	TAS	Homo sapiens
P12259	R-HSA-5694530	https://reactome.org/PathwayBrowser/#/R-HSA-5694530	Cargo concentration in the ER	TAS	Homo sapiens
P12259	R-HSA-8957275	https://reactome.org/PathwayBrowser/#/R-HSA-8957275	Post-translational protein phosphorylation	TAS	Homo sapiens
P12259	R-HSA-9769735	https://reactome.org/PathwayBrowser/#/R-HSA-9769735	Initiation of coagulation cascade	TAS	Homo sapiens
P12259	R-HSA-9769739	https://reactome.org/PathwayBrowser/#/R-HSA-9769739	Regulation of clotting cascade	TAS	Homo sapiens
P12259	R-HSA-9769743	https://reactome.org/PathwayBrowser/#/R-HSA-9769743	Amplification and propagation of coagulation cascade	TAS	Homo sapiens
P12259	R-HSA-9930449	https://reactome.org/PathwayBrowser/#/R-HSA-9930449	Defective cleavage of FV variant at a.a.534 	TAS	Homo sapiens
P12259	R-HSA-9930479	https://reactome.org/PathwayBrowser/#/R-HSA-9930479	Defective cleavage of FV variant at R334	TAS	Homo sapiens
P13569	R-HSA-382556	https://reactome.org/PathwayBrowser/#/R-HSA-382556	ABC-family protein mediated transport	TAS	Homo sapiens
P13569	R-HSA-5627083	https://reactome.org/PathwayBrowser/#/R-HSA-5627083	RHO GTPases regulate CFTR trafficking	TAS	Homo sapiens
P13569	R-HSA-5678895	https://reactome.org/PathwayBrowser/#/R-HSA-5678895	Defective CFTR causes cystic fibrosis	TAS	Homo sapiens
P13569	R-HSA-5689880	https://reactome.org/PathwayBrowser/#/R-HSA-5689880	Ub-specific processing proteases	TAS	Homo sapiens
P13569	R-HSA-8856825	https://reactome.org/PathwayBrowser/#/R-HSA-8856825	Cargo recognition for clathrin-mediated endocytosis	TAS	Homo sapiens
P13569	R-HSA-8856828	https://reactome.org/PathwayBrowser/#/R-HSA-8856828	Clathrin-mediated endocytosis	TAS	Homo sapiens
P13569	R-HSA-9013406	https://reactome.org/PathwayBrowser/#/R-HSA-9013406	RHOQ GTPase cycle	TAS	Homo sapiens
P13569	R-HSA-9613829	https://reactome.org/PathwayBrowser/#/R-HSA-9613829	Chaperone Mediated Autophagy	IEA	Homo sapiens
P13569	R-HSA-9615710	https://reactome.org/PathwayBrowser/#/R-HSA-9615710	Late endosomal microautophagy	IEA	Homo sapiens
P13569	R-HSA-9646399	https://reactome.org/PathwayBrowser/#/R-HSA-9646399	Aggrephagy	TAS	Homo sapiens
P13569	R-HSA-9646399	https://reactome.org/PathwayBrowser/#/R-HSA-9646399	Aggrephagy	IEA	Homo sapiens
P13569	R-HSA-9925563	https://reactome.org/PathwayBrowser/#/R-HSA-9925563	Developmental Lineage of Pancreatic Ductal Cells	TAS	Homo sapiens
P15056	R-HSA-1295596	https://reactome.org/PathwayBrowser/#/R-HSA-1295596	Spry regulation of FGF signaling	TAS	Homo sapiens
P15056	R-HSA-170968	https://reactome.org/PathwayBrowser/#/R-HSA-170968	Frs2-mediated activation	TAS	Homo sapiens
P15056	R-HSA-170968	https://reactome.org/PathwayBrowser/#/R-HSA-170968	Frs2-mediated activation	IEA	Homo sapiens
P15056	R-HSA-170984	https://reactome.org/PathwayBrowser/#/R-HSA-170984	ARMS-mediated activation	IEA	Homo sapiens
P15056	R-HSA-187706	https://reactome.org/PathwayBrowser/#/R-HSA-187706	Signalling to p38 via RIT and RIN	IEA	Homo sapiens
P15056	R-HSA-5673000	https://reactome.org/PathwayBrowser/#/R-HSA-5673000	RAF activation	TAS	Homo sapiens
P15056	R-HSA-5674135	https://reactome.org/PathwayBrowser/#/R-HSA-5674135	MAP2K and MAPK activation	TAS	Homo sapiens
P15056	R-HSA-5674499	https://reactome.org/PathwayBrowser/#/R-HSA-5674499	Negative feedback regulation of MAPK pathway	TAS	Homo sapiens
P15056	R-HSA-5675221	https://reactome.org/PathwayBrowser/#/R-HSA-5675221	Negative regulation of MAPK pathway	TAS	Homo sapiens
P15056	R-HSA-6802946	https://reactome.org/PathwayBrowser/#/R-HSA-6802946	Signaling by moderate kinase activity BRAF mutants	TAS	Homo sapiens
P15056	R-HSA-6802948	https://reactome.org/PathwayBrowser/#/R-HSA-6802948	Signaling by high-kinase activity BRAF mutants	TAS	Homo sapiens
P15056	R-HSA-6802952	https://reactome.org/PathwayBrowser/#/R-HSA-6802952	Signaling by BRAF and RAF1 fusions	TAS	Homo sapiens
P15056	R-HSA-6802955	https://reactome.org/PathwayBrowser/#/R-HSA-6802955	Paradoxical activation of RAF signaling by kinase inactive BRAF	TAS	Homo sapiens
P15056	R-HSA-9649948	https://reactome.org/PathwayBrowser/#/R-HSA-9649948	Signaling downstream of RAS mutants	TAS	Homo sapiens
P15056	R-HSA-9656223	https://reactome.org/PathwayBrowser/#/R-HSA-9656223	Signaling by RAF1 mutants	TAS	Homo sapiens
P15056	R-HSA-9726840	https://reactome.org/PathwayBrowser/#/R-HSA-9726840	SHOC2 M1731 mutant abolishes MRAS complex function	TAS	Homo sapiens
P15056	R-HSA-9726842	https://reactome.org/PathwayBrowser/#/R-HSA-9726842	Gain-of-function MRAS complexes activate RAF signaling	TAS	Homo sapiens
P21359	R-HSA-5658442	https://reactome.org/PathwayBrowser/#/R-HSA-5658442	Regulation of RAS by GAPs	TAS	Homo sapiens
P21359	R-HSA-6802953	https://reactome.org/PathwayBrowser/#/R-HSA-6802953	RAS signaling downstream of NF1 loss-of-function variants	TAS	Homo sapiens
P21964	R-HSA-156581	https://reactome.org/PathwayBrowser/#/R-HSA-156581	Methylation	TAS	Homo sapiens
P21964	R-HSA-379397	https://reactome.org/PathwayBrowser/#/R-HSA-379397	Enzymatic degradation of dopamine by COMT	TAS	Homo sapiens
P21964	R-HSA-379398	https://reactome.org/PathwayBrowser/#/R-HSA-379398	Enzymatic degradation of Dopamine by monoamine oxidase	TAS	Homo sapiens
P21964	R-HSA-9679191	https://reactome.org/PathwayBrowser/#/R-HSA-9679191	Potential therapeutics for SARS	TAS	Homo sapiens
P25054	R-HSA-111465	https://reactome.org/PathwayBrowser/#/R-HSA-111465	Apoptotic cleavage of cellular proteins	TAS	Homo sapiens
P25054	R-HSA-195253	https://reactome.org/PathwayBrowser/#/R-HSA-195253	Degradation of beta-catenin by the destruction complex	TAS	Homo sapiens
P25054	R-HSA-196299	https://reactome.org/PathwayBrowser/#/R-HSA-196299	Beta-catenin phosphorylation cascade	TAS	Homo sapiens
P25054	R-HSA-3769402	https://reactome.org/PathwayBrowser/#/R-HSA-3769402	Deactivation of the beta-catenin transactivating complex	TAS	Homo sapiens
P25054	R-HSA-4641262	https://reactome.org/PathwayBrowser/#/R-HSA-4641262	Disassembly of the destruction complex and recruitment of AXIN to the membrane	IEA	Homo sapiens
P25054	R-HSA-4641262	https://reactome.org/PathwayBrowser/#/R-HSA-4641262	Disassembly of the destruction complex and recruitment of AXIN to the membrane	TAS	Homo sapiens
P25054	R-HSA-5339716	https://reactome.org/PathwayBrowser/#/R-HSA-5339716	Signaling by GSK3beta mutants	TAS	Homo sapiens
P25054	R-HSA-5358747	https://reactome.org/PathwayBrowser/#/R-HSA-5358747	CTNNB1 S33 mutants aren't phosphorylated	TAS	Homo sapiens
P25054	R-HSA-5358749	https://reactome.org/PathwayBrowser/#/R-HSA-5358749	CTNNB1 S37 mutants aren't phosphorylated	TAS	Homo sapiens
P25054	R-HSA-5358751	https://reactome.org/PathwayBrowser/#/R-HSA-5358751	CTNNB1 S45 mutants aren't phosphorylated	TAS	Homo sapiens
P25054	R-HSA-5358752	https://reactome.org/PathwayBrowser/#/R-HSA-5358752	CTNNB1 T41 mutants aren't phosphorylated	TAS	Homo sapiens
P25054	R-HSA-5467333	https://reactome.org/PathwayBrowser/#/R-HSA-5467333	APC truncation mutants are not K63 polyubiquitinated	TAS	Homo sapiens
P25054	R-HSA-5467337	https://reactome.org/PathwayBrowser/#/R-HSA-5467337	APC truncation mutants have impaired AXIN binding	TAS	Homo sapiens
P25054	R-HSA-5467340	https://reactome.org/PathwayBrowser/#/R-HSA-5467340	AXIN missense mutants destabilize the destruction complex	TAS	Homo sapiens
P25054	R-HSA-5467348	https://reactome.org/PathwayBrowser/#/R-HSA-5467348	Truncations of AMER1 destabilize the destruction complex	TAS	Homo sapiens
P25054	R-HSA-5689896	https://reactome.org/PathwayBrowser/#/R-HSA-5689896	Ovarian tumor domain proteases	TAS	Homo sapiens
P35240	R-HSA-2029482	https://reactome.org/PathwayBrowser/#/R-HSA-2029482	Regulation of actin dynamics for phagocytic cup formation	TAS	Homo sapiens
P35240	R-HSA-5627123	https://reactome.org/PathwayBrowser/#/R-HSA-5627123	RHO GTPases activate PAKs	TAS	Homo sapiens
P36888	R-HSA-109704	https://reactome.org/PathwayBrowser/#/R-HSA-109704	PI3K Cascade	TAS	Homo sapiens
P36888	R-HSA-1257604	https://reactome.org/PathwayBrowser/#/R-HSA-1257604	PIP3 activates AKT signaling	TAS	Homo sapiens
P36888	R-HSA-2219530	https://reactome.org/PathwayBrowser/#/R-HSA-2219530	Constitutive Signaling by Aberrant PI3K in Cancer	TAS	Homo sapiens
P36888	R-HSA-5673001	https://reactome.org/PathwayBrowser/#/R-HSA-5673001	RAF/MAP kinase cascade	TAS	Homo sapiens
P36888	R-HSA-6811558	https://reactome.org/PathwayBrowser/#/R-HSA-6811558	PI5P, PP2A and IER3 Regulate PI3K/AKT Signaling	TAS	Homo sapiens
P36888	R-HSA-9607240	https://reactome.org/PathwayBrowser/#/R-HSA-9607240	FLT3 Signaling	TAS	Homo sapiens
P36888	R-HSA-9607240	https://reactome.org/PathwayBrowser/#/R-HSA-9607240	FLT3 Signaling	IEA	Homo sapiens
P36888	R-HSA-9645135	https://reactome.org/PathwayBrowser/#/R-HSA-9645135	STAT5 Activation	IEA	Homo sapiens
P36888	R-HSA-9702509	https://reactome.org/PathwayBrowser/#/R-HSA-9702509	FLT3 mutants bind TKIs	TAS	Homo sapiens
P36888	R-HSA-9702518	https://reactome.org/PathwayBrowser/#/R-HSA-9702518	STAT5 activation downstream of FLT3 ITD mutants	TAS	Homo sapiens
P36888	R-HSA-9702569	https://reactome.org/PathwayBrowser/#/R-HSA-9702569	KW2449-resistant FLT3 mutants	TAS	Homo sapiens
P36888	R-HSA-9702577	https://reactome.org/PathwayBrowser/#/R-HSA-9702577	semaxanib-resistant FLT3 mutants	TAS	Homo sapiens
P36888	R-HSA-9702581	https://reactome.org/PathwayBrowser/#/R-HSA-9702581	crenolanib-resistant FLT3 mutants	TAS	Homo sapiens
P36888	R-HSA-9702590	https://reactome.org/PathwayBrowser/#/R-HSA-9702590	gilteritinib-resistant FLT3 mutants	TAS	Homo sapiens
P36888	R-HSA-9702596	https://reactome.org/PathwayBrowser/#/R-HSA-9702596	lestaurtinib-resistant FLT3 mutants	TAS	Homo sapiens
P36888	R-HSA-9702600	https://reactome.org/PathwayBrowser/#/R-HSA-9702600	midostaurin-resistant FLT3 mutants	TAS	Homo sapiens
P36888	R-HSA-9702605	https://reactome.org/PathwayBrowser/#/R-HSA-9702605	pexidartinib-resistant FLT3 mutants	TAS	Homo sapiens
P36888	R-HSA-9702614	https://reactome.org/PathwayBrowser/#/R-HSA-9702614	ponatinib-resistant FLT3 mutants	TAS	Homo sapiens
P36888	R-HSA-9702620	https://reactome.org/PathwayBrowser/#/R-HSA-9702620	quizartinib-resistant FLT3 mutants	TAS	Homo sapiens
P36888	R-HSA-9702624	https://reactome.org/PathwayBrowser/#/R-HSA-9702624	sorafenib-resistant FLT3 mutants	TAS	Homo sapiens
P36888	R-HSA-9702632	https://reactome.org/PathwayBrowser/#/R-HSA-9702632	sunitinib-resistant FLT3 mutants	TAS	Homo sapiens
P36888	R-HSA-9702636	https://reactome.org/PathwayBrowser/#/R-HSA-9702636	tandutinib-resistant FLT3 mutants	TAS	Homo sapiens
P36888	R-HSA-9702998	https://reactome.org/PathwayBrowser/#/R-HSA-9702998	linifanib-resistant FLT3 mutants	TAS	Homo sapiens
P36888	R-HSA-9703009	https://reactome.org/PathwayBrowser/#/R-HSA-9703009	tamatinib-resistant FLT3 mutants	TAS	Homo sapiens
P36888	R-HSA-9703648	https://reactome.org/PathwayBrowser/#/R-HSA-9703648	Signaling by FLT3 ITD and TKD mutants	TAS	Homo sapiens
P36888	R-HSA-9703648	https://reactome.org/PathwayBrowser/#/R-HSA-9703648	Signaling by FLT3 ITD and TKD mutants	IEA	Homo sapiens
P36888	R-HSA-9706369	https://reactome.org/PathwayBrowser/#/R-HSA-9706369	Negative regulation of FLT3	TAS	Homo sapiens
P36888	R-HSA-9706374	https://reactome.org/PathwayBrowser/#/R-HSA-9706374	FLT3 signaling through SRC family kinases	TAS	Homo sapiens
P36888	R-HSA-9706374	https://reactome.org/PathwayBrowser/#/R-HSA-9706374	FLT3 signaling through SRC family kinases	IEA	Homo sapiens
P36888	R-HSA-9706377	https://reactome.org/PathwayBrowser/#/R-HSA-9706377	FLT3 signaling by CBL mutants	TAS	Homo sapiens
P38398	R-HSA-1221632	https://reactome.org/PathwayBrowser/#/R-HSA-1221632	Meiotic synapsis	IEA	Homo sapiens
P38398	R-HSA-3108214	https://reactome.org/PathwayBrowser/#/R-HSA-3108214	SUMOylation of DNA damage response and repair proteins	TAS	Homo sapiens
P38398	R-HSA-5685938	https://reactome.org/PathwayBrowser/#/R-HSA-5685938	HDR through Single Strand Annealing (SSA)	TAS	Homo sapiens
P38398	R-HSA-5685942	https://reactome.org/PathwayBrowser/#/R-HSA-5685942	HDR through Homologous Recombination (HRR)	TAS	Homo sapiens
P38398	R-HSA-5689901	https://reactome.org/PathwayBrowser/#/R-HSA-5689901	Metalloprotease DUBs	TAS	Homo sapiens
P38398	R-HSA-5693554	https://reactome.org/PathwayBrowser/#/R-HSA-5693554	Resolution of D-loop Structures through Synthesis-Dependent Strand Annealing (SDSA)	TAS	Homo sapiens
P38398	R-HSA-5693565	https://reactome.org/PathwayBrowser/#/R-HSA-5693565	Recruitment and ATM-mediated phosphorylation of repair and signaling proteins at DNA double strand breaks	TAS	Homo sapiens
P38398	R-HSA-5693568	https://reactome.org/PathwayBrowser/#/R-HSA-5693568	Resolution of D-loop Structures through Holliday Junction Intermediates	TAS	Homo sapiens
P38398	R-HSA-5693571	https://reactome.org/PathwayBrowser/#/R-HSA-5693571	Nonhomologous End-Joining (NHEJ)	TAS	Homo sapiens
P38398	R-HSA-5693579	https://reactome.org/PathwayBrowser/#/R-HSA-5693579	Homologous DNA Pairing and Strand Exchange	TAS	Homo sapiens
P38398	R-HSA-5693607	https://reactome.org/PathwayBrowser/#/R-HSA-5693607	Processing of DNA double-strand break ends	TAS	Homo sapiens
P38398	R-HSA-5693616	https://reactome.org/PathwayBrowser/#/R-HSA-5693616	Presynaptic phase of homologous DNA pairing and strand exchange	TAS	Homo sapiens
P38398	R-HSA-6796648	https://reactome.org/PathwayBrowser/#/R-HSA-6796648	TP53 Regulates Transcription of DNA Repair Genes	TAS	Homo sapiens
P38398	R-HSA-6804756	https://reactome.org/PathwayBrowser/#/R-HSA-6804756	Regulation of TP53 Activity through Phosphorylation	TAS	Homo sapiens
P38398	R-HSA-69473	https://reactome.org/PathwayBrowser/#/R-HSA-69473	G2/M DNA damage checkpoint	TAS	Homo sapiens
P38398	R-HSA-8951664	https://reactome.org/PathwayBrowser/#/R-HSA-8951664	Neddylation	TAS	Homo sapiens
P38398	R-HSA-8953750	https://reactome.org/PathwayBrowser/#/R-HSA-8953750	Transcriptional Regulation by E2F6	TAS	Homo sapiens
P38398	R-HSA-912446	https://reactome.org/PathwayBrowser/#/R-HSA-912446	Meiotic recombination	IEA	Homo sapiens
P38398	R-HSA-9663199	https://reactome.org/PathwayBrowser/#/R-HSA-9663199	Defective DNA double strand break response due to BRCA1 loss of function	TAS	Homo sapiens
P38398	R-HSA-9699150	https://reactome.org/PathwayBrowser/#/R-HSA-9699150	Defective DNA double strand break response due to BARD1 loss of function	TAS	Homo sapiens
P38398	R-HSA-9701192	https://reactome.org/PathwayBrowser/#/R-HSA-9701192	Defective homologous recombination repair (HRR) due to BRCA1 loss of function	TAS	Homo sapiens
P38398	R-HSA-9704331	https://reactome.org/PathwayBrowser/#/R-HSA-9704331	Defective HDR through Homologous Recombination Repair (HRR) due to PALB2 loss of BRCA1 binding function	TAS	Homo sapiens
P38398	R-HSA-9704646	https://reactome.org/PathwayBrowser/#/R-HSA-9704646	Defective HDR through Homologous Recombination Repair (HRR) due to PALB2 loss of BRCA2/RAD51/RAD51C binding function	TAS	Homo sapiens
P38398	R-HSA-9709570	https://reactome.org/PathwayBrowser/#/R-HSA-9709570	Impaired BRCA2 binding to RAD51	TAS	Homo sapiens
P38398	R-HSA-9709603	https://reactome.org/PathwayBrowser/#/R-HSA-9709603	Impaired BRCA2 binding to PALB2	TAS	Homo sapiens
P38398	R-HSA-9755511	https://reactome.org/PathwayBrowser/#/R-HSA-9755511	KEAP1-NFE2L2 pathway	TAS	Homo sapiens
P38398	R-HSA-9825895	https://reactome.org/PathwayBrowser/#/R-HSA-9825895	Regulation of MITF-M-dependent genes involved in DNA replication, damage repair and senescence	TAS	Homo sapiens
P38398	R-HSA-9974237	https://reactome.org/PathwayBrowser/#/R-HSA-9974237	Negative Regulation of DNA Double Strand Break Response	TAS	Homo sapiens
P40337	R-HSA-1234176	https://reactome.org/PathwayBrowser/#/R-HSA-1234176	Oxygen-dependent proline hydroxylation of Hypoxia-inducible Factor Alpha	TAS	Homo sapiens
P40337	R-HSA-1234176	https://reactome.org/PathwayBrowser/#/R-HSA-1234176	Oxygen-dependent proline hydroxylation of Hypoxia-inducible Factor Alpha	IEA	Homo sapiens
P40337	R-HSA-3232142	https://reactome.org/PathwayBrowser/#/R-HSA-3232142	SUMOylation of ubiquitinylation proteins	TAS	Homo sapiens
P40337	R-HSA-8951664	https://reactome.org/PathwayBrowser/#/R-HSA-8951664	Neddylation	TAS	Homo sapiens
P40337	R-HSA-9682706	https://reactome.org/PathwayBrowser/#/R-HSA-9682706	Replication of the SARS-CoV-1 genome	TAS	Homo sapiens
P40337	R-HSA-9694686	https://reactome.org/PathwayBrowser/#/R-HSA-9694686	Replication of the SARS-CoV-2 genome	IEA	Homo sapiens
P40337	R-HSA-9706019	https://reactome.org/PathwayBrowser/#/R-HSA-9706019	RHOBTB3 ATPase cycle	TAS	Homo sapiens
P40337	R-HSA-983168	https://reactome.org/PathwayBrowser/#/R-HSA-983168	Antigen processing: Ubiquitination & Proteasome degradation	TAS	Homo sapiens
P40692	R-HSA-5358565	https://reactome.org/PathwayBrowser/#/R-HSA-5358565	Mismatch repair (MMR) directed by MSH2:MSH6 (MutSalpha)	TAS	Homo sapiens
P40692	R-HSA-5358606	https://reactome.org/PathwayBrowser/#/R-HSA-5358606	Mismatch repair (MMR) directed by MSH2:MSH3 (MutSbeta)	IEA	Homo sapiens
P40692	R-HSA-5545483	https://reactome.org/PathwayBrowser/#/R-HSA-5545483	Defective Mismatch Repair Associated With MLH1	TAS	Homo sapiens
P40692	R-HSA-5632987	https://reactome.org/PathwayBrowser/#/R-HSA-5632987	Defective Mismatch Repair Associated With PMS2	TAS	Homo sapiens
P40692	R-HSA-6796648	https://reactome.org/PathwayBrowser/#/R-HSA-6796648	TP53 Regulates Transcription of DNA Repair Genes	TAS	Homo sapiens
P40692	R-HSA-912446	https://reactome.org/PathwayBrowser/#/R-HSA-912446	Meiotic recombination	IEA	Homo sapiens
P40692	R-HSA-9968295	https://reactome.org/PathwayBrowser/#/R-HSA-9968295	Somatic hypermutation of immunoglobulin genes by error-prone mismatch repair (MMR)	TAS	Homo sapiens
P42336	R-HSA-109704	https://reactome.org/PathwayBrowser/#/R-HSA-109704	PI3K Cascade	TAS	Homo sapiens
P42336	R-HSA-112399	https://reactome.org/PathwayBrowser/#/R-HSA-112399	IRS-mediated signalling	TAS	Homo sapiens
P42336	R-HSA-114604	https://reactome.org/PathwayBrowser/#/R-HSA-114604	GPVI-mediated activation cascade	TAS	Homo sapiens
P42336	R-HSA-1236382	https://reactome.org/PathwayBrowser/#/R-HSA-1236382	Constitutive Signaling by Ligand-Responsive EGFR Cancer Variants	TAS	Homo sapiens
P42336	R-HSA-1250342	https://reactome.org/PathwayBrowser/#/R-HSA-1250342	PI3K events in ERBB4 signaling	TAS	Homo sapiens
P42336	R-HSA-1257604	https://reactome.org/PathwayBrowser/#/R-HSA-1257604	PIP3 activates AKT signaling	TAS	Homo sapiens
P42336	R-HSA-1433557	https://reactome.org/PathwayBrowser/#/R-HSA-1433557	Signaling by SCF-KIT	TAS	Homo sapiens
P42336	R-HSA-1660499	https://reactome.org/PathwayBrowser/#/R-HSA-1660499	Synthesis of PIPs at the plasma membrane	TAS	Homo sapiens
P42336	R-HSA-180292	https://reactome.org/PathwayBrowser/#/R-HSA-180292	GAB1 signalosome	TAS	Homo sapiens
P42336	R-HSA-1839117	https://reactome.org/PathwayBrowser/#/R-HSA-1839117	Signaling by cytosolic FGFR1 fusion mutants	TAS	Homo sapiens
P42336	R-HSA-186763	https://reactome.org/PathwayBrowser/#/R-HSA-186763	Downstream signal transduction	TAS	Homo sapiens
P42336	R-HSA-1963642	https://reactome.org/PathwayBrowser/#/R-HSA-1963642	PI3K events in ERBB2 signaling	TAS	Homo sapiens
P42336	R-HSA-198203	https://reactome.org/PathwayBrowser/#/R-HSA-198203	PI3K/AKT activation	TAS	Homo sapiens
P42336	R-HSA-201556	https://reactome.org/PathwayBrowser/#/R-HSA-201556	Signaling by ALK	TAS	Homo sapiens
P42336	R-HSA-202424	https://reactome.org/PathwayBrowser/#/R-HSA-202424	Downstream TCR signaling	TAS	Homo sapiens
P42336	R-HSA-2029485	https://reactome.org/PathwayBrowser/#/R-HSA-2029485	Role of phospholipids in phagocytosis	TAS	Homo sapiens
P42336	R-HSA-210993	https://reactome.org/PathwayBrowser/#/R-HSA-210993	Tie2 Signaling	TAS	Homo sapiens
P42336	R-HSA-2219530	https://reactome.org/PathwayBrowser/#/R-HSA-2219530	Constitutive Signaling by Aberrant PI3K in Cancer	TAS	Homo sapiens
P42336	R-HSA-2424491	https://reactome.org/PathwayBrowser/#/R-HSA-2424491	DAP12 signaling	TAS	Homo sapiens
P42336	R-HSA-2730905	https://reactome.org/PathwayBrowser/#/R-HSA-2730905	Role of LAT2/NTAL/LAB on calcium mobilization	TAS	Homo sapiens
P42336	R-HSA-373753	https://reactome.org/PathwayBrowser/#/R-HSA-373753	Nephrin family interactions	IEA	Homo sapiens
P42336	R-HSA-389357	https://reactome.org/PathwayBrowser/#/R-HSA-389357	CD28 dependent PI3K/Akt signaling	TAS	Homo sapiens
P42336	R-HSA-416476	https://reactome.org/PathwayBrowser/#/R-HSA-416476	G alpha (q) signalling events	TAS	Homo sapiens
P42336	R-HSA-4420097	https://reactome.org/PathwayBrowser/#/R-HSA-4420097	VEGFA-VEGFR2 Pathway	IEA	Homo sapiens
P42336	R-HSA-4420097	https://reactome.org/PathwayBrowser/#/R-HSA-4420097	VEGFA-VEGFR2 Pathway	TAS	Homo sapiens
P42336	R-HSA-512988	https://reactome.org/PathwayBrowser/#/R-HSA-512988	Interleukin-3, Interleukin-5 and GM-CSF signaling	TAS	Homo sapiens
P42336	R-HSA-5637810	https://reactome.org/PathwayBrowser/#/R-HSA-5637810	Constitutive Signaling by EGFRvIII	TAS	Homo sapiens
P42336	R-HSA-5654689	https://reactome.org/PathwayBrowser/#/R-HSA-5654689	PI-3K cascade:FGFR1	TAS	Homo sapiens
P42336	R-HSA-5654695	https://reactome.org/PathwayBrowser/#/R-HSA-5654695	PI-3K cascade:FGFR2	TAS	Homo sapiens
P42336	R-HSA-5654710	https://reactome.org/PathwayBrowser/#/R-HSA-5654710	PI-3K cascade:FGFR3	TAS	Homo sapiens
P42336	R-HSA-5654720	https://reactome.org/PathwayBrowser/#/R-HSA-5654720	PI-3K cascade:FGFR4	TAS	Homo sapiens
P42336	R-HSA-5655253	https://reactome.org/PathwayBrowser/#/R-HSA-5655253	Signaling by FGFR2 in disease	TAS	Homo sapiens
P42336	R-HSA-5655291	https://reactome.org/PathwayBrowser/#/R-HSA-5655291	Signaling by FGFR4 in disease	TAS	Homo sapiens
P42336	R-HSA-5655302	https://reactome.org/PathwayBrowser/#/R-HSA-5655302	Signaling by FGFR1 in disease	TAS	Homo sapiens
P42336	R-HSA-5655332	https://reactome.org/PathwayBrowser/#/R-HSA-5655332	Signaling by FGFR3 in disease	TAS	Homo sapiens
P42336	R-HSA-5673001	https://reactome.org/PathwayBrowser/#/R-HSA-5673001	RAF/MAP kinase cascade	TAS	Homo sapiens
P42336	R-HSA-6811558	https://reactome.org/PathwayBrowser/#/R-HSA-6811558	PI5P, PP2A and IER3 Regulate PI3K/AKT Signaling	TAS	Homo sapiens
P42336	R-HSA-8851907	https://reactome.org/PathwayBrowser/#/R-HSA-8851907	MET activates PI3K/AKT signaling	TAS	Homo sapiens
P42336	R-HSA-8853659	https://reactome.org/PathwayBrowser/#/R-HSA-8853659	RET signaling	TAS	Homo sapiens
P42336	R-HSA-9009391	https://reactome.org/PathwayBrowser/#/R-HSA-9009391	Extra-nuclear estrogen signaling	TAS	Homo sapiens
P42336	R-HSA-9013149	https://reactome.org/PathwayBrowser/#/R-HSA-9013149	RAC1 GTPase cycle	TAS	Homo sapiens
P42336	R-HSA-9013404	https://reactome.org/PathwayBrowser/#/R-HSA-9013404	RAC2 GTPase cycle	TAS	Homo sapiens
P42336	R-HSA-9027276	https://reactome.org/PathwayBrowser/#/R-HSA-9027276	Erythropoietin activates Phosphoinositide-3-kinase (PI3K)	TAS	Homo sapiens
P42336	R-HSA-9027276	https://reactome.org/PathwayBrowser/#/R-HSA-9027276	Erythropoietin activates Phosphoinositide-3-kinase (PI3K)	IEA	Homo sapiens
P42336	R-HSA-9028335	https://reactome.org/PathwayBrowser/#/R-HSA-9028335	Activated NTRK2 signals through PI3K	IEA	Homo sapiens
P42336	R-HSA-912526	https://reactome.org/PathwayBrowser/#/R-HSA-912526	Interleukin receptor SHC signaling	TAS	Homo sapiens
P42336	R-HSA-912631	https://reactome.org/PathwayBrowser/#/R-HSA-912631	Regulation of signaling by CBL	TAS	Homo sapiens
P42336	R-HSA-912631	https://reactome.org/PathwayBrowser/#/R-HSA-912631	Regulation of signaling by CBL	IEA	Homo sapiens
P42336	R-HSA-9603381	https://reactome.org/PathwayBrowser/#/R-HSA-9603381	Activated NTRK3 signals through PI3K	IEA	Homo sapiens
P42336	R-HSA-9607240	https://reactome.org/PathwayBrowser/#/R-HSA-9607240	FLT3 Signaling	TAS	Homo sapiens
P42336	R-HSA-9664565	https://reactome.org/PathwayBrowser/#/R-HSA-9664565	Signaling by ERBB2 KD Mutants	TAS	Homo sapiens
P42336	R-HSA-9665348	https://reactome.org/PathwayBrowser/#/R-HSA-9665348	Signaling by ERBB2 ECD mutants	TAS	Homo sapiens
P42336	R-HSA-9670439	https://reactome.org/PathwayBrowser/#/R-HSA-9670439	Signaling by phosphorylated juxtamembrane, extracellular and kinase domain KIT mutants	TAS	Homo sapiens
P42336	R-HSA-9673767	https://reactome.org/PathwayBrowser/#/R-HSA-9673767	Signaling by PDGFRA transmembrane, juxtamembrane and kinase domain mutants	TAS	Homo sapiens
P42336	R-HSA-9673770	https://reactome.org/PathwayBrowser/#/R-HSA-9673770	Signaling by PDGFRA extracellular domain mutants	TAS	Homo sapiens
P42336	R-HSA-9680350	https://reactome.org/PathwayBrowser/#/R-HSA-9680350	Signaling by CSF1 (M-CSF) in myeloid cells	IEA	Homo sapiens
P42336	R-HSA-9703465	https://reactome.org/PathwayBrowser/#/R-HSA-9703465	Signaling by FLT3 fusion proteins	TAS	Homo sapiens
P42336	R-HSA-9703648	https://reactome.org/PathwayBrowser/#/R-HSA-9703648	Signaling by FLT3 ITD and TKD mutants	TAS	Homo sapiens
P42336	R-HSA-9725370	https://reactome.org/PathwayBrowser/#/R-HSA-9725370	Signaling by ALK fusions and activated point mutants	TAS	Homo sapiens
P42336	R-HSA-9842640	https://reactome.org/PathwayBrowser/#/R-HSA-9842640	Signaling by LTK in cancer	TAS	Homo sapiens
P42336	R-HSA-9842663	https://reactome.org/PathwayBrowser/#/R-HSA-9842663	Signaling by LTK	TAS	Homo sapiens
P42336	R-HSA-9856530	https://reactome.org/PathwayBrowser/#/R-HSA-9856530	High laminar flow shear stress activates signaling by PIEZO1 and PECAM1:CDH5:KDR in endothelial cells	IEA	Homo sapiens
P42336	R-HSA-9927354	https://reactome.org/PathwayBrowser/#/R-HSA-9927354	Co-stimulation by ICOS	TAS	Homo sapiens
P42771	R-HSA-2559580	https://reactome.org/PathwayBrowser/#/R-HSA-2559580	Oxidative Stress Induced Senescence	TAS	Homo sapiens
P42771	R-HSA-2559582	https://reactome.org/PathwayBrowser/#/R-HSA-2559582	Senescence-Associated Secretory Phenotype (SASP)	TAS	Homo sapiens
P42771	R-HSA-2559585	https://reactome.org/PathwayBrowser/#/R-HSA-2559585	Oncogene Induced Senescence	TAS	Homo sapiens
P42771	R-HSA-69231	https://reactome.org/PathwayBrowser/#/R-HSA-69231	Cyclin D associated events in G1	TAS	Homo sapiens
P42771	R-HSA-8853884	https://reactome.org/PathwayBrowser/#/R-HSA-8853884	Transcriptional Regulation by VENTX	TAS	Homo sapiens
P42771	R-HSA-9630791	https://reactome.org/PathwayBrowser/#/R-HSA-9630791	Evasion of Oncogene Induced Senescence Due to Defective p16INK4A binding to CDK4	TAS	Homo sapiens
P42771	R-HSA-9630794	https://reactome.org/PathwayBrowser/#/R-HSA-9630794	Evasion of Oncogene Induced Senescence Due to Defective p16INK4A binding to CDK4 and CDK6	TAS	Homo sapiens
P42771	R-HSA-9632697	https://reactome.org/PathwayBrowser/#/R-HSA-9632697	Evasion of Oxidative Stress Induced Senescence Due to Defective p16INK4A binding to CDK4	TAS	Homo sapiens
P42771	R-HSA-9632700	https://reactome.org/PathwayBrowser/#/R-HSA-9632700	Evasion of Oxidative Stress Induced Senescence Due to Defective p16INK4A binding to CDK4 and CDK6	TAS	Homo sapiens
P42771	R-HSA-9825892	https://reactome.org/PathwayBrowser/#/R-HSA-9825892	Regulation of MITF-M-dependent genes involved in cell cycle and proliferation	TAS	Homo sapiens
P42858	R-HSA-9022692	https://reactome.org/PathwayBrowser/#/R-HSA-9022692	Regulation of MECP2 expression and activity	IEA	Homo sapiens
P42898	R-HSA-196757	https://reactome.org/PathwayBrowser/#/R-HSA-196757	Metabolism of folate and pterines	TAS	Homo sapiens
P43246	R-HSA-5358565	https://reactome.org/PathwayBrowser/#/R-HSA-5358565	Mismatch repair (MMR) directed by MSH2:MSH6 (MutSalpha)	TAS	Homo sapiens
P43246	R-HSA-5358606	https://reactome.org/PathwayBrowser/#/R-HSA-5358606	Mismatch repair (MMR) directed by MSH2:MSH3 (MutSbeta)	IEA	Homo sapiens
P43246	R-HSA-5358606	https://reactome.org/PathwayBrowser/#/R-HSA-5358606	Mismatch repair (MMR) directed by MSH2:MSH3 (MutSbeta)	TAS	Homo sapiens
P43246	R-HSA-5632927	https://reactome.org/PathwayBrowser/#/R-HSA-5632927	Defective Mismatch Repair Associated With MSH3	TAS	Homo sapiens
P43246	R-HSA-5632928	https://reactome.org/PathwayBrowser/#/R-HSA-5632928	Defective Mismatch Repair Associated With MSH2	TAS	Homo sapiens
P43246	R-HSA-5632968	https://reactome.org/PathwayBrowser/#/R-HSA-5632968	Defective Mismatch Repair Associated With MSH6	TAS	Homo sapiens
P43246	R-HSA-6796648	https://reactome.org/PathwayBrowser/#/R-HSA-6796648	TP53 Regulates Transcription of DNA Repair Genes	TAS	Homo sapiens
P43246	R-HSA-9968295	https://reactome.org/PathwayBrowser/#/R-HSA-9968295	Somatic hypermutation of immunoglobulin genes by error-prone mismatch repair (MMR)	TAS	Homo sapiens
P48735	R-HSA-2151201	https://reactome.org/PathwayBrowser/#/R-HSA-2151201	Transcriptional activation of mitochondrial biogenesis	TAS	Homo sapiens
P48735	R-HSA-71403	https://reactome.org/PathwayBrowser/#/R-HSA-71403	Citric acid cycle (TCA cycle)	TAS	Homo sapiens
P48735	R-HSA-9837999	https://reactome.org/PathwayBrowser/#/R-HSA-9837999	Mitochondrial protein degradation	TAS	Homo sapiens
P48735	R-HSA-9854311	https://reactome.org/PathwayBrowser/#/R-HSA-9854311	Maturation of TCA enzymes and regulation of TCA cycle	TAS	Homo sapiens
P51587	R-HSA-5685939	https://reactome.org/PathwayBrowser/#/R-HSA-5685939	HDR through MMEJ (alt-NHEJ)	TAS	Homo sapiens
P51587	R-HSA-5685942	https://reactome.org/PathwayBrowser/#/R-HSA-5685942	HDR through Homologous Recombination (HRR)	TAS	Homo sapiens
P51587	R-HSA-5693554	https://reactome.org/PathwayBrowser/#/R-HSA-5693554	Resolution of D-loop Structures through Synthesis-Dependent Strand Annealing (SDSA)	TAS	Homo sapiens
P51587	R-HSA-5693568	https://reactome.org/PathwayBrowser/#/R-HSA-5693568	Resolution of D-loop Structures through Holliday Junction Intermediates	TAS	Homo sapiens
P51587	R-HSA-5693579	https://reactome.org/PathwayBrowser/#/R-HSA-5693579	Homologous DNA Pairing and Strand Exchange	TAS	Homo sapiens
P51587	R-HSA-5693616	https://reactome.org/PathwayBrowser/#/R-HSA-5693616	Presynaptic phase of homologous DNA pairing and strand exchange	TAS	Homo sapiens
P51587	R-HSA-912446	https://reactome.org/PathwayBrowser/#/R-HSA-912446	Meiotic recombination	IEA	Homo sapiens
P51587	R-HSA-9701192	https://reactome.org/PathwayBrowser/#/R-HSA-9701192	Defective homologous recombination repair (HRR) due to BRCA1 loss of function	TAS	Homo sapiens
P51587	R-HSA-9704331	https://reactome.org/PathwayBrowser/#/R-HSA-9704331	Defective HDR through Homologous Recombination Repair (HRR) due to PALB2 loss of BRCA1 binding function	TAS	Homo sapiens
P51587	R-HSA-9704646	https://reactome.org/PathwayBrowser/#/R-HSA-9704646	Defective HDR through Homologous Recombination Repair (HRR) due to PALB2 loss of BRCA2/RAD51/RAD51C binding function	TAS	Homo sapiens
P51587	R-HSA-9709275	https://reactome.org/PathwayBrowser/#/R-HSA-9709275	Impaired BRCA2 translocation to the nucleus	TAS	Homo sapiens
P51587	R-HSA-9709570	https://reactome.org/PathwayBrowser/#/R-HSA-9709570	Impaired BRCA2 binding to RAD51	TAS	Homo sapiens
P51587	R-HSA-9709603	https://reactome.org/PathwayBrowser/#/R-HSA-9709603	Impaired BRCA2 binding to PALB2	TAS	Homo sapiens
P51587	R-HSA-9763198	https://reactome.org/PathwayBrowser/#/R-HSA-9763198	Impaired BRCA2 binding to SEM1 (DSS1)	TAS	Homo sapiens
P51787	R-HSA-1296072	https://reactome.org/PathwayBrowser/#/R-HSA-1296072	Voltage gated Potassium channels	TAS	Homo sapiens
P51787	R-HSA-5576890	https://reactome.org/PathwayBrowser/#/R-HSA-5576890	Phase 3 - rapid repolarisation	TAS	Homo sapiens
P51787	R-HSA-5576893	https://reactome.org/PathwayBrowser/#/R-HSA-5576893	Phase 2 - plateau phase	TAS	Homo sapiens
P60484	R-HSA-1660499	https://reactome.org/PathwayBrowser/#/R-HSA-1660499	Synthesis of PIPs at the plasma membrane	TAS	Homo sapiens
P60484	R-HSA-1855204	https://reactome.org/PathwayBrowser/#/R-HSA-1855204	Synthesis of IP3 and IP4 in the cytosol	TAS	Homo sapiens
P60484	R-HSA-199418	https://reactome.org/PathwayBrowser/#/R-HSA-199418	Negative regulation of the PI3K/AKT network	TAS	Homo sapiens
P60484	R-HSA-202424	https://reactome.org/PathwayBrowser/#/R-HSA-202424	Downstream TCR signaling	TAS	Homo sapiens
P60484	R-HSA-5628897	https://reactome.org/PathwayBrowser/#/R-HSA-5628897	TP53 Regulates Metabolic Genes	TAS	Homo sapiens
P60484	R-HSA-5674404	https://reactome.org/PathwayBrowser/#/R-HSA-5674404	PTEN Loss of Function in Cancer	TAS	Homo sapiens
P60484	R-HSA-5689880	https://reactome.org/PathwayBrowser/#/R-HSA-5689880	Ub-specific processing proteases	TAS	Homo sapiens
P60484	R-HSA-5689896	https://reactome.org/PathwayBrowser/#/R-HSA-5689896	Ovarian tumor domain proteases	TAS	Homo sapiens
P60484	R-HSA-8943723	https://reactome.org/PathwayBrowser/#/R-HSA-8943723	Regulation of PTEN mRNA translation	TAS	Homo sapiens
P60484	R-HSA-8948747	https://reactome.org/PathwayBrowser/#/R-HSA-8948747	Regulation of PTEN localization	TAS	Homo sapiens
P60484	R-HSA-8948751	https://reactome.org/PathwayBrowser/#/R-HSA-8948751	Regulation of PTEN stability and activity	TAS	Homo sapiens
P60484	R-HSA-8986944	https://reactome.org/PathwayBrowser/#/R-HSA-8986944	Transcriptional Regulation by MECP2	TAS	Homo sapiens
P68871	R-HSA-1237044	https://reactome.org/PathwayBrowser/#/R-HSA-1237044	Erythrocytes take up carbon dioxide and release oxygen	TAS	Homo sapiens
P68871	R-HSA-1247673	https://reactome.org/PathwayBrowser/#/R-HSA-1247673	Erythrocytes take up oxygen and release carbon dioxide	TAS	Homo sapiens
P68871	R-HSA-2168880	https://reactome.org/PathwayBrowser/#/R-HSA-2168880	Scavenging of heme from plasma	TAS	Homo sapiens
P68871	R-HSA-6798695	https://reactome.org/PathwayBrowser/#/R-HSA-6798695	Neutrophil degranulation	TAS	Homo sapiens
P68871	R-HSA-9613829	https://reactome.org/PathwayBrowser/#/R-HSA-9613829	Chaperone Mediated Autophagy	IEA	Homo sapiens
P68871	R-HSA-9615710	https://reactome.org/PathwayBrowser/#/R-HSA-9615710	Late endosomal microautophagy	IEA	Homo sapiens
P68871	R-HSA-9707564	https://reactome.org/PathwayBrowser/#/R-HSA-9707564	Cytoprotection by HMOX1	TAS	Homo sapiens
P68871	R-HSA-9707616	https://reactome.org/PathwayBrowser/#/R-HSA-9707616	Heme signaling	TAS	Homo sapiens
P68871	R-HSA-983231	https://reactome.org/PathwayBrowser/#/R-HSA-983231	Factors involved in megakaryocyte development and platelet production	TAS	Homo sapiens
P68871	R-HSA-9927020	https://reactome.org/PathwayBrowser/#/R-HSA-9927020	Heme assimilation	TAS	Homo sapiens
Q01196	R-HSA-1912408	https://reactome.org/PathwayBrowser/#/R-HSA-1912408	Pre-NOTCH Transcription and Translation	TAS	Homo sapiens
Q01196	R-HSA-549127	https://reactome.org/PathwayBrowser/#/R-HSA-549127	SLC-mediated transport of organic cations	TAS	Homo sapiens
Q01196	R-HSA-8877330	https://reactome.org/PathwayBrowser/#/R-HSA-8877330	RUNX1 and FOXP3 control the development of regulatory T lymphocytes (Tregs)	TAS	Homo sapiens
Q01196	R-HSA-8931987	https://reactome.org/PathwayBrowser/#/R-HSA-8931987	RUNX1 regulates estrogen receptor mediated transcription	TAS	Homo sapiens
Q01196	R-HSA-8934593	https://reactome.org/PathwayBrowser/#/R-HSA-8934593	Regulation of RUNX1 Expression and Activity	IEA	Homo sapiens
Q01196	R-HSA-8934593	https://reactome.org/PathwayBrowser/#/R-HSA-8934593	Regulation of RUNX1 Expression and Activity	TAS	Homo sapiens
Q01196	R-HSA-8935964	https://reactome.org/PathwayBrowser/#/R-HSA-8935964	RUNX1 regulates expression of components of tight junctions	TAS	Homo sapiens
Q01196	R-HSA-8936459	https://reactome.org/PathwayBrowser/#/R-HSA-8936459	RUNX1 regulates genes involved in megakaryocyte differentiation and platelet function	TAS	Homo sapiens
Q01196	R-HSA-8939236	https://reactome.org/PathwayBrowser/#/R-HSA-8939236	RUNX1 regulates transcription of genes involved in differentiation of HSCs	TAS	Homo sapiens
Q01196	R-HSA-8939236	https://reactome.org/PathwayBrowser/#/R-HSA-8939236	RUNX1 regulates transcription of genes involved in differentiation of HSCs	IEA	Homo sapiens
Q01196	R-HSA-8939242	https://reactome.org/PathwayBrowser/#/R-HSA-8939242	RUNX1 regulates transcription of genes involved in differentiation of keratinocytes	IEA	Homo sapiens
Q01196	R-HSA-8939242	https://reactome.org/PathwayBrowser/#/R-HSA-8939242	RUNX1 regulates transcription of genes involved in differentiation of keratinocytes	TAS	Homo sapiens
Q01196	R-HSA-8939243	https://reactome.org/PathwayBrowser/#/R-HSA-8939243	RUNX1 interacts with co-factors whose precise effect on RUNX1 targets is not known	TAS	Homo sapiens
Q01196	R-HSA-8939245	https://reactome.org/PathwayBrowser/#/R-HSA-8939245	RUNX1 regulates transcription of genes involved in BCR signaling	TAS	Homo sapiens
Q01196	R-HSA-8939246	https://reactome.org/PathwayBrowser/#/R-HSA-8939246	RUNX1 regulates transcription of genes involved in differentiation of myeloid cells	TAS	Homo sapiens
Q01196	R-HSA-8939247	https://reactome.org/PathwayBrowser/#/R-HSA-8939247	RUNX1 regulates transcription of genes involved in interleukin signaling	TAS	Homo sapiens
Q01196	R-HSA-8939256	https://reactome.org/PathwayBrowser/#/R-HSA-8939256	RUNX1 regulates transcription of genes involved in WNT signaling	TAS	Homo sapiens
Q01196	R-HSA-8941333	https://reactome.org/PathwayBrowser/#/R-HSA-8941333	RUNX2 regulates genes involved in differentiation of myeloid cells	TAS	Homo sapiens
Q01196	R-HSA-8951936	https://reactome.org/PathwayBrowser/#/R-HSA-8951936	RUNX3 regulates p14-ARF	TAS	Homo sapiens
Q01196	R-HSA-9018519	https://reactome.org/PathwayBrowser/#/R-HSA-9018519	Estrogen-dependent gene expression	TAS	Homo sapiens
Q01196	R-HSA-9616222	https://reactome.org/PathwayBrowser/#/R-HSA-9616222	Transcriptional regulation of granulopoiesis	IEA	Homo sapiens
Q01196	R-HSA-9692916	https://reactome.org/PathwayBrowser/#/R-HSA-9692916	SARS-CoV-1 activates/modulates innate immune responses	TAS	Homo sapiens
Q01196	R-HSA-9942503	https://reactome.org/PathwayBrowser/#/R-HSA-9942503	Differentiation of naive CD4+ T cells to T helper 1 cells (Th1 cells)	IEA	Homo sapiens
Q04671	R-HSA-5662702	https://reactome.org/PathwayBrowser/#/R-HSA-5662702	Melanin biosynthesis	TAS	Homo sapiens
Q08043	R-HSA-373753	https://reactome.org/PathwayBrowser/#/R-HSA-373753	Nephrin family interactions	IEA	Homo sapiens
Q08043	R-HSA-390522	https://reactome.org/PathwayBrowser/#/R-HSA-390522	Striated Muscle Contraction	TAS	Homo sapiens
Q13315	R-HSA-2559586	https://reactome.org/PathwayBrowser/#/R-HSA-2559586	DNA Damage/Telomere Stress Induced Senescence	TAS	Homo sapiens
Q13315	R-HSA-3371453	https://reactome.org/PathwayBrowser/#/R-HSA-3371453	Regulation of HSF1-mediated heat shock response	TAS	Homo sapiens
Q13315	R-HSA-349425	https://reactome.org/PathwayBrowser/#/R-HSA-349425	Autodegradation of the E3 ubiquitin ligase COP1	TAS	Homo sapiens
Q13315	R-HSA-5685938	https://reactome.org/PathwayBrowser/#/R-HSA-5685938	HDR through Single Strand Annealing (SSA)	TAS	Homo sapiens
Q13315	R-HSA-5685942	https://reactome.org/PathwayBrowser/#/R-HSA-5685942	HDR through Homologous Recombination (HRR)	TAS	Homo sapiens
Q13315	R-HSA-5693548	https://reactome.org/PathwayBrowser/#/R-HSA-5693548	Sensing of DNA Double Strand Breaks	TAS	Homo sapiens
Q13315	R-HSA-5693554	https://reactome.org/PathwayBrowser/#/R-HSA-5693554	Resolution of D-loop Structures through Synthesis-Dependent Strand Annealing (SDSA)	TAS	Homo sapiens
Q13315	R-HSA-5693565	https://reactome.org/PathwayBrowser/#/R-HSA-5693565	Recruitment and ATM-mediated phosphorylation of repair and signaling proteins at DNA double strand breaks	TAS	Homo sapiens
Q13315	R-HSA-5693568	https://reactome.org/PathwayBrowser/#/R-HSA-5693568	Resolution of D-loop Structures through Holliday Junction Intermediates	TAS	Homo sapiens
Q13315	R-HSA-5693571	https://reactome.org/PathwayBrowser/#/R-HSA-5693571	Nonhomologous End-Joining (NHEJ)	TAS	Homo sapiens
Q13315	R-HSA-5693579	https://reactome.org/PathwayBrowser/#/R-HSA-5693579	Homologous DNA Pairing and Strand Exchange	TAS	Homo sapiens
Q13315	R-HSA-5693607	https://reactome.org/PathwayBrowser/#/R-HSA-5693607	Processing of DNA double-strand break ends	TAS	Homo sapiens
Q13315	R-HSA-5693616	https://reactome.org/PathwayBrowser/#/R-HSA-5693616	Presynaptic phase of homologous DNA pairing and strand exchange	TAS	Homo sapiens
Q13315	R-HSA-6796648	https://reactome.org/PathwayBrowser/#/R-HSA-6796648	TP53 Regulates Transcription of DNA Repair Genes	TAS	Homo sapiens
Q13315	R-HSA-6803204	https://reactome.org/PathwayBrowser/#/R-HSA-6803204	TP53 Regulates Transcription of Genes Involved in Cytochrome C Release	TAS	Homo sapiens
Q13315	R-HSA-6803207	https://reactome.org/PathwayBrowser/#/R-HSA-6803207	TP53 Regulates Transcription of Caspase Activators and Caspases	TAS	Homo sapiens
Q13315	R-HSA-6804756	https://reactome.org/PathwayBrowser/#/R-HSA-6804756	Regulation of TP53 Activity through Phosphorylation	TAS	Homo sapiens
Q13315	R-HSA-6804757	https://reactome.org/PathwayBrowser/#/R-HSA-6804757	Regulation of TP53 Degradation	TAS	Homo sapiens
Q13315	R-HSA-6804760	https://reactome.org/PathwayBrowser/#/R-HSA-6804760	Regulation of TP53 Activity through Methylation	TAS	Homo sapiens
Q13315	R-HSA-69473	https://reactome.org/PathwayBrowser/#/R-HSA-69473	G2/M DNA damage checkpoint	TAS	Homo sapiens
Q13315	R-HSA-69541	https://reactome.org/PathwayBrowser/#/R-HSA-69541	Stabilization of p53	TAS	Homo sapiens
Q13315	R-HSA-912446	https://reactome.org/PathwayBrowser/#/R-HSA-912446	Meiotic recombination	IEA	Homo sapiens
Q13315	R-HSA-9664873	https://reactome.org/PathwayBrowser/#/R-HSA-9664873	Pexophagy	TAS	Homo sapiens
Q13315	R-HSA-9701192	https://reactome.org/PathwayBrowser/#/R-HSA-9701192	Defective homologous recombination repair (HRR) due to BRCA1 loss of function	TAS	Homo sapiens
Q13315	R-HSA-9704331	https://reactome.org/PathwayBrowser/#/R-HSA-9704331	Defective HDR through Homologous Recombination Repair (HRR) due to PALB2 loss of BRCA1 binding function	TAS	Homo sapiens
Q13315	R-HSA-9704646	https://reactome.org/PathwayBrowser/#/R-HSA-9704646	Defective HDR through Homologous Recombination Repair (HRR) due to PALB2 loss of BRCA2/RAD51/RAD51C binding function	TAS	Homo sapiens
Q13315	R-HSA-9709570	https://reactome.org/PathwayBrowser/#/R-HSA-9709570	Impaired BRCA2 binding to RAD51	TAS	Homo sapiens
Q13315	R-HSA-9709603	https://reactome.org/PathwayBrowser/#/R-HSA-9709603	Impaired BRCA2 binding to PALB2	TAS	Homo sapiens
Q13485	R-HSA-1181150	https://reactome.org/PathwayBrowser/#/R-HSA-1181150	Signaling by NODAL	TAS	Homo sapiens
Q13485	R-HSA-1181150	https://reactome.org/PathwayBrowser/#/R-HSA-1181150	Signaling by NODAL	IEA	Homo sapiens
Q13485	R-HSA-1502540	https://reactome.org/PathwayBrowser/#/R-HSA-1502540	Signaling by Activin	TAS	Homo sapiens
Q13485	R-HSA-1502540	https://reactome.org/PathwayBrowser/#/R-HSA-1502540	Signaling by Activin	IEA	Homo sapiens
Q13485	R-HSA-201451	https://reactome.org/PathwayBrowser/#/R-HSA-201451	Signaling by BMP	TAS	Homo sapiens
Q13485	R-HSA-2173789	https://reactome.org/PathwayBrowser/#/R-HSA-2173789	TGF-beta receptor signaling activates SMADs	TAS	Homo sapiens
Q13485	R-HSA-2173795	https://reactome.org/PathwayBrowser/#/R-HSA-2173795	Downregulation of SMAD2/3:SMAD4 transcriptional activity	TAS	Homo sapiens
Q13485	R-HSA-2173795	https://reactome.org/PathwayBrowser/#/R-HSA-2173795	Downregulation of SMAD2/3:SMAD4 transcriptional activity	IEA	Homo sapiens
Q13485	R-HSA-2173796	https://reactome.org/PathwayBrowser/#/R-HSA-2173796	SMAD2/SMAD3:SMAD4 heterotrimer regulates transcription	TAS	Homo sapiens
Q13485	R-HSA-3311021	https://reactome.org/PathwayBrowser/#/R-HSA-3311021	SMAD4 MH2 Domain Mutants in Cancer	TAS	Homo sapiens
Q13485	R-HSA-3315487	https://reactome.org/PathwayBrowser/#/R-HSA-3315487	SMAD2/3 MH2 Domain Mutants in Cancer	TAS	Homo sapiens
Q13485	R-HSA-452723	https://reactome.org/PathwayBrowser/#/R-HSA-452723	Transcriptional regulation of pluripotent stem cells	TAS	Homo sapiens
Q13485	R-HSA-5689880	https://reactome.org/PathwayBrowser/#/R-HSA-5689880	Ub-specific processing proteases	TAS	Homo sapiens
Q13485	R-HSA-8941326	https://reactome.org/PathwayBrowser/#/R-HSA-8941326	RUNX2 regulates bone development	TAS	Homo sapiens
Q13485	R-HSA-8941855	https://reactome.org/PathwayBrowser/#/R-HSA-8941855	RUNX3 regulates CDKN1A transcription	TAS	Homo sapiens
Q13485	R-HSA-8952158	https://reactome.org/PathwayBrowser/#/R-HSA-8952158	RUNX3 regulates BCL2L11 (BIM) transcription	TAS	Homo sapiens
Q13485	R-HSA-9615017	https://reactome.org/PathwayBrowser/#/R-HSA-9615017	FOXO-mediated transcription of oxidative stress, metabolic and neuronal genes	IEA	Homo sapiens
Q13485	R-HSA-9617828	https://reactome.org/PathwayBrowser/#/R-HSA-9617828	FOXO-mediated transcription of cell cycle genes	TAS	Homo sapiens
Q13485	R-HSA-9617828	https://reactome.org/PathwayBrowser/#/R-HSA-9617828	FOXO-mediated transcription of cell cycle genes	IEA	Homo sapiens
Q13485	R-HSA-9733709	https://reactome.org/PathwayBrowser/#/R-HSA-9733709	Cardiogenesis	IEA	Homo sapiens
Q13485	R-HSA-9735871	https://reactome.org/PathwayBrowser/#/R-HSA-9735871	SARS-CoV-1 targets host intracellular signalling and regulatory pathways	TAS	Homo sapiens
Q13485	R-HSA-9754189	https://reactome.org/PathwayBrowser/#/R-HSA-9754189	Germ layer formation at gastrulation	IEA	Homo sapiens
Q13485	R-HSA-9823730	https://reactome.org/PathwayBrowser/#/R-HSA-9823730	Formation of definitive endoderm	IEA	Homo sapiens
Q13485	R-HSA-9823730	https://reactome.org/PathwayBrowser/#/R-HSA-9823730	Formation of definitive endoderm	TAS	Homo sapiens
Q13485	R-HSA-9839394	https://reactome.org/PathwayBrowser/#/R-HSA-9839394	TGFBR3 expression	TAS	Homo sapiens
Q13485	R-HSA-9844594	https://reactome.org/PathwayBrowser/#/R-HSA-9844594	Transcriptional regulation of brown and beige adipocyte differentiation by EBF2	IEA	Homo sapiens
Q14524	R-HSA-445095	https://reactome.org/PathwayBrowser/#/R-HSA-445095	Interaction between L1 and Ankyrins	IEA	Homo sapiens
Q14524	R-HSA-5576892	https://reactome.org/PathwayBrowser/#/R-HSA-5576892	Phase 0 - rapid depolarisation	TAS	Homo sapiens
Q15831	R-HSA-163680	https://reactome.org/PathwayBrowser/#/R-HSA-163680	AMPK inhibits chREBP transcriptional activation activity	IEA	Homo sapiens
Q15831	R-HSA-380972	https://reactome.org/PathwayBrowser/#/R-HSA-380972	Energy dependent regulation of mTOR by LKB1-AMPK	TAS	Homo sapiens
Q15831	R-HSA-6804756	https://reactome.org/PathwayBrowser/#/R-HSA-6804756	Regulation of TP53 Activity through Phosphorylation	TAS	Homo sapiens
Q15831	R-HSA-9614657	https://reactome.org/PathwayBrowser/#/R-HSA-9614657	FOXO-mediated transcription of cell death genes	TAS	Homo sapiens
Q30201	R-HSA-917977	https://reactome.org/PathwayBrowser/#/R-HSA-917977	Transferrin endocytosis and recycling	TAS	Homo sapiens
Q6N021	R-HSA-5221030	https://reactome.org/PathwayBrowser/#/R-HSA-5221030	TET1,2,3 and TDG demethylate DNA	IEA	Homo sapiens
Q6N021	R-HSA-9827857	https://reactome.org/PathwayBrowser/#/R-HSA-9827857	Specification of primordial germ cells	TAS	Homo sapiens
Q71RS6	R-HSA-425561	https://reactome.org/PathwayBrowser/#/R-HSA-425561	Sodium/Calcium exchangers	TAS	Homo sapiens
Q71RS6	R-HSA-5619036	https://reactome.org/PathwayBrowser/#/R-HSA-5619036	Defective SLC24A5 causes oculocutaneous albinism 6 (OCA6)	TAS	Homo sapiens
Q86YC2	R-HSA-5685942	https://reactome.org/PathwayBrowser/#/R-HSA-5685942	HDR through Homologous Recombination (HRR)	TAS	Homo sapiens
Q86YC2	R-HSA-5693554	https://reactome.org/PathwayBrowser/#/R-HSA-5693554	Resolution of D-loop Structures through Synthesis-Dependent Strand Annealing (SDSA)	TAS	Homo sapiens
Q86YC2	R-HSA-5693568	https://reactome.org/PathwayBrowser/#/R-HSA-5693568	Resolution of D-loop Structures through Holliday Junction Intermediates	TAS	Homo sapiens
Q86YC2	R-HSA-5693579	https://reactome.org/PathwayBrowser/#/R-HSA-5693579	Homologous DNA Pairing and Strand Exchange	TAS	Homo sapiens
Q86YC2	R-HSA-8951664	https://reactome.org/PathwayBrowser/#/R-HSA-8951664	Neddylation	TAS	Homo sapiens
Q86YC2	R-HSA-9701192	https://reactome.org/PathwayBrowser/#/R-HSA-9701192	Defective homologous recombination repair (HRR) due to BRCA1 loss of function	TAS	Homo sapiens
Q86YC2	R-HSA-9704331	https://reactome.org/PathwayBrowser/#/R-HSA-9704331	Defective HDR through Homologous Recombination Repair (HRR) due to PALB2 loss of BRCA1 binding function	TAS	Homo sapiens
Q86YC2	R-HSA-9704646	https://reactome.org/PathwayBrowser/#/R-HSA-9704646	Defective HDR through Homologous Recombination Repair (HRR) due to PALB2 loss of BRCA2/RAD51/RAD51C binding function	TAS	Homo sapiens
Q86YC2	R-HSA-9709603	https://reactome.org/PathwayBrowser/#/R-HSA-9709603	Impaired BRCA2 binding to PALB2	TAS	Homo sapiens
Q86YC2	R-HSA-9755511	https://reactome.org/PathwayBrowser/#/R-HSA-9755511	KEAP1-NFE2L2 pathway	TAS	Homo sapiens
Q8IXJ9	R-HSA-5689603	https://reactome.org/PathwayBrowser/#/R-HSA-5689603	UCH proteinases	TAS	Homo sapiens
Q8N726	R-HSA-111471	https://reactome.org/PathwayBrowser/#/R-HSA-111471	Apoptotic factor-mediated response	TAS	Homo sapiens
Q8N726	R-HSA-2559580	https://reactome.org/PathwayBrowser/#/R-HSA-2559580	Oxidative Stress Induced Senescence	TAS	Homo sapiens
Q8N726	R-HSA-2559585	https://reactome.org/PathwayBrowser/#/R-HSA-2559585	Oncogene Induced Senescence	TAS	Homo sapiens
Q8N726	R-HSA-3108214	https://reactome.org/PathwayBrowser/#/R-HSA-3108214	SUMOylation of DNA damage response and repair proteins	TAS	Homo sapiens
Q8N726	R-HSA-3232118	https://reactome.org/PathwayBrowser/#/R-HSA-3232118	SUMOylation of transcription factors	TAS	Homo sapiens
Q8N726	R-HSA-6804757	https://reactome.org/PathwayBrowser/#/R-HSA-6804757	Regulation of TP53 Degradation	TAS	Homo sapiens
Q8N726	R-HSA-69541	https://reactome.org/PathwayBrowser/#/R-HSA-69541	Stabilization of p53	TAS	Homo sapiens
Q8N726	R-HSA-8941858	https://reactome.org/PathwayBrowser/#/R-HSA-8941858	Regulation of RUNX3 expression and activity	TAS	Homo sapiens
Q8N726	R-HSA-9645722	https://reactome.org/PathwayBrowser/#/R-HSA-9645722	Defective Intrinsic Pathway for Apoptosis Due to p14ARF Loss of Function	TAS	Homo sapiens
Q8N726	R-HSA-9646303	https://reactome.org/PathwayBrowser/#/R-HSA-9646303	Evasion of Oncogene Induced Senescence Due to p14ARF Defects	TAS	Homo sapiens
Q8N726	R-HSA-9646304	https://reactome.org/PathwayBrowser/#/R-HSA-9646304	Evasion of Oxidative Stress Induced Senescence Due to p14ARF Defects	TAS	Homo sapiens
Q8N726	R-HSA-9759194	https://reactome.org/PathwayBrowser/#/R-HSA-9759194	Nuclear events mediated by NFE2L2	TAS	Homo sapiens
Q8WZ42	R-HSA-114608	https://reactome.org/PathwayBrowser/#/R-HSA-114608	Platelet degranulation 	TAS	Homo sapiens
Q8WZ42	R-HSA-390522	https://reactome.org/PathwayBrowser/#/R-HSA-390522	Striated Muscle Contraction	TAS	Homo sapiens
Q96J66	R-HSA-382556	https://reactome.org/PathwayBrowser/#/R-HSA-382556	ABC-family protein mediated transport	TAS	Homo sapiens
Q9UNE0	R-HSA-5669034	https://reactome.org/PathwayBrowser/#/R-HSA-5669034	TNFs bind their physiological receptors	TAS	Homo sapiens
Q9Y6K1	R-HSA-212300	https://reactome.org/PathwayBrowser/#/R-HSA-212300	PRC2 methylates histones and DNA	TAS	Homo sapiens
Q9Y6K1	R-HSA-3214858	https://reactome.org/PathwayBrowser/#/R-HSA-3214858	RMTs methylate histone arginines	TAS	Homo sapiens
Q9Y6K1	R-HSA-4655427	https://reactome.org/PathwayBrowser/#/R-HSA-4655427	SUMOylation of DNA methylation proteins	IEA	Homo sapiens
Q9Y6K1	R-HSA-5334118	https://reactome.org/PathwayBrowser/#/R-HSA-5334118	DNA methylation	IEA	Homo sapiens
Q9Y6K1	R-HSA-9710421	https://reactome.org/PathwayBrowser/#/R-HSA-9710421	Defective pyroptosis	TAS	Homo sapiens
Q9Y6K1	R-HSA-9845323	https://reactome.org/PathwayBrowser/#/R-HSA-9845323	Regulation of endogenous retroelements by Piwi-interacting RNAs (piRNAs)	IEA	Homo sapiens
