clinvar_variation_id	gene	expert_panel	vcep_assertion	met_codes	points	bayesian_class	acmg2015_rules_class
586	PAH	Phenylketonuria VCEP	Pathogenic	PM3, PP4_Moderate, PM2, PS3	10	Pathogenic	Pathogenic
102844	PAH	Phenylketonuria VCEP	Pathogenic	PVS1, PM2, PP4	11	Pathogenic	Pathogenic
102736	PAH	Phenylketonuria VCEP	Pathogenic	PVS1, PP4_Moderate, PM2	12	Pathogenic	Pathogenic
102705	PAH	Phenylketonuria VCEP	Pathogenic	PVS1, PM2, PP4	11	Pathogenic	Pathogenic
102518	PAH	Phenylketonuria VCEP	Pathogenic	PVS1, PM2, PP4	11	Pathogenic	Pathogenic
102498	PAH	Phenylketonuria VCEP	Pathogenic	PVS1, PM2, PP4	11	Pathogenic	Pathogenic
102475	PAH	Phenylketonuria VCEP	Pathogenic	PVS1, PP4_Moderate, PM2	12	Pathogenic	Pathogenic
92752	PAH	Phenylketonuria VCEP	Pathogenic	PVS1, PM2, PP4	11	Pathogenic	Pathogenic
581	PAH	Phenylketonuria VCEP	Pathogenic	PP4_Moderate, PVS1, PM3_Very Strong	18	Pathogenic	Pathogenic
102693	PAH	Phenylketonuria VCEP	Pathogenic	PP4_Moderate, PM2, PP3, PS3, PM3_Strong	13	Pathogenic	Pathogenic
102723	PAH	Phenylketonuria VCEP	Pathogenic	PVS1, PM2, PP4_Moderate, PM3_Strong	16	Pathogenic	Pathogenic
92737	PAH	Phenylketonuria VCEP	Uncertain significance	PM3_Supporting, PM2, PP4_Moderate	5	Uncertain significance	Uncertain significance
102742	PAH	Phenylketonuria VCEP	Likely pathogenic	PP4_Moderate, PM2, PP3, PM3_Strong	9	Likely pathogenic	Likely pathogenic
92746	PAH	Phenylketonuria VCEP	Pathogenic	PP3_Moderate, PS3_Supporting, PP4_Moderate, PM2_Supporting, PM3_Strong	10	Pathogenic	Pathogenic
102577	PAH	Phenylketonuria VCEP	Benign	BS1, BS2	-8	Benign	Benign
92732	PAH	Phenylketonuria VCEP	Benign	BP4, BA1	-1	Benign	Benign
92741	PAH	Phenylketonuria VCEP	Likely pathogenic	PP4_Moderate, PP3, PM3_Strong	7	Likely pathogenic	Likely pathogenic
306914	PAH	Phenylketonuria VCEP	Uncertain significance	PM3, BP4, PP4	2	Uncertain significance	Uncertain significance
590340	PAH	Phenylketonuria VCEP	Likely benign	BS1, BP7	-5	Likely benign	Likely benign
102911	PAH	Phenylketonuria VCEP	Benign	BS1, BP7, BS3_Supporting, BS2	-10	Benign	Benign
102703	PAH	Phenylketonuria VCEP	Uncertain significance	BS1, PP4	-3	Likely benign	Uncertain significance
102687	PAH	Phenylketonuria VCEP	Likely pathogenic	PM3, PP4_Moderate, PM2, PP3	7	Likely pathogenic	Likely pathogenic
102716	PAH	Phenylketonuria VCEP	Likely pathogenic	PM2, PP4_Moderate, PP3, PM3_Strong	9	Likely pathogenic	Likely pathogenic
102601	PAH	Phenylketonuria VCEP	Uncertain significance	PM3, BS1, PP4_Moderate	0	Uncertain significance	Uncertain significance
102729	PAH	Phenylketonuria VCEP	Likely pathogenic	PM3, PP4_Moderate, PM2, PP3	7	Likely pathogenic	Likely pathogenic
102871	PAH	Phenylketonuria VCEP	Likely pathogenic	PP4_Moderate, PM2, PM3_Strong	8	Likely pathogenic	Likely pathogenic
92743	PAH	Phenylketonuria VCEP	Likely pathogenic	PP4_Moderate, PM2, PM3_Strong	8	Likely pathogenic	Likely pathogenic
102706	PAH	Phenylketonuria VCEP	Likely pathogenic	PP4_Moderate, PM3_Strong	6	Likely pathogenic	Likely pathogenic
120273	PAH	Phenylketonuria VCEP	Uncertain significance	PM2	2	Uncertain significance	Uncertain significance
92729	PAH	Phenylketonuria VCEP	Pathogenic	PP4_Moderate, PM2, PVS1, PM3_Strong	16	Pathogenic	Pathogenic
598	PAH	Phenylketonuria VCEP	Likely pathogenic	PM2, PP4_Moderate, PP3, PM3_Strong	9	Likely pathogenic	Likely pathogenic
636	PAH	Phenylketonuria VCEP	Pathogenic	PP4_Moderate, PP3, PM3_Very Strong, PS3	15	Pathogenic	Pathogenic
120287	PAH	Phenylketonuria VCEP	Uncertain significance	PP4_Moderate, PM2, PP3	5	Uncertain significance	Uncertain significance
92740	PAH	Phenylketonuria VCEP	Uncertain significance	PM4, PM2, PP4	5	Uncertain significance	Uncertain significance
120271	PAH	Phenylketonuria VCEP	Uncertain significance	PM4, PM2	4	Uncertain significance	Uncertain significance
225135	PAH	Phenylketonuria VCEP	Uncertain significance	PM2, PP4_Moderate, PP3	5	Uncertain significance	Uncertain significance
102821	PAH	Phenylketonuria VCEP	Pathogenic	PP4_Moderate, PM2, PP3, PM3_Very Strong	13	Pathogenic	Pathogenic
102795	PAH	Phenylketonuria VCEP	Benign	BP4, BA1	-1	Benign	Benign
603	PAH	Phenylketonuria VCEP	Pathogenic	PM3, PP4_Moderate, PM2, PP3, PS3	11	Pathogenic	Pathogenic
92748	PAH	Phenylketonuria VCEP	Benign	BP4, BA1, BS2	-5	Benign	Benign
599	PAH	Phenylketonuria VCEP	Pathogenic	PM3, PVS1, PM2, PP4	13	Pathogenic	Pathogenic
632	PAH	Phenylketonuria VCEP	Pathogenic	PM5, PP4_Moderate, PM3_Very Strong	12	Pathogenic	Pathogenic
102483	PAH	Phenylketonuria VCEP	Likely pathogenic	PM3, PM5, PM2, PP4_Moderate, PP3	9	Likely pathogenic	Likely pathogenic
102557	PAH	Phenylketonuria VCEP	Pathogenic	PM3, PVS1, PM2, PP4_Moderate	14	Pathogenic	Pathogenic
102696	PAH	Phenylketonuria VCEP	Pathogenic	PM3, PVS1, PM2, PP4	13	Pathogenic	Pathogenic
102913	PAH	Phenylketonuria VCEP	Pathogenic	PM4, PP4_Moderate, PM2, PM3_Strong	10	Pathogenic	Pathogenic
281073	PAH	Phenylketonuria VCEP	Uncertain significance	PM2, PP3	3	Uncertain significance	Uncertain significance
439228	PAH	Phenylketonuria VCEP	Likely pathogenic	PM3, PP4_Moderate, PM2, PP3	7	Likely pathogenic	Likely pathogenic
92742	PAH	Phenylketonuria VCEP	Pathogenic	PM2, PP4_Moderate, PP3, PS3, PM3_Strong	13	Pathogenic	Pathogenic
577	PAH	Phenylketonuria VCEP	Pathogenic	PP4_Moderate, PP3, PS3, PM3_Strong	11	Pathogenic	Pathogenic
596	PAH	Phenylketonuria VCEP	Pathogenic	PVS1, PM2, PP4	11	Pathogenic	Pathogenic
102650	PAH	Phenylketonuria VCEP	Pathogenic	PM2, PS3, PM3_Strong	10	Pathogenic	Pathogenic
607	PAH	Phenylketonuria VCEP	Pathogenic	PVS1_Strong, PP4_Moderate, PM3_Very Strong	14	Pathogenic	Pathogenic
617	PAH	Phenylketonuria VCEP	Pathogenic	PM2, PP4_Moderate, PM3_Very Strong	12	Pathogenic	Pathogenic
610	PAH	Phenylketonuria VCEP	Pathogenic	PM3, PVS1, PP4	11	Pathogenic	Pathogenic
576	PAH	Phenylketonuria VCEP	Pathogenic	PM3, PP4_Moderate, PVS1, PS3	16	Pathogenic	Pathogenic
593	PAH	Phenylketonuria VCEP	Pathogenic	PM5, PP4_Moderate, PP3, PM3_Very Strong, PS3	17	Pathogenic	Pathogenic
582	PAH	Phenylketonuria VCEP	Pathogenic	PP4_Moderate, PP3, PM3_Very Strong, PS3	15	Pathogenic	Pathogenic
592	PAH	Phenylketonuria VCEP	Pathogenic	PM3, PP4_Moderate, PM2, PP3, PS3	11	Pathogenic	Pathogenic
102632	PAH	Phenylketonuria VCEP	Pathogenic	PM4, PM3, PM2, PP4, PS3	11	Pathogenic	Pathogenic
612	PAH	Phenylketonuria VCEP	Pathogenic	PP4_Moderate, PP3, PS3, PM3_Strong	11	Pathogenic	Pathogenic
376937	PAH	Phenylketonuria VCEP	Uncertain significance	BP4, PP4	0	Uncertain significance	Uncertain significance
619	PAH	Phenylketonuria VCEP	Pathogenic	PM3, PM2, PP4, PP3, PS3	10	Pathogenic	Pathogenic
102784	PAH	Phenylketonuria VCEP	Likely pathogenic	PP4_Moderate, PM3_Very Strong	10	Pathogenic	Likely pathogenic
628	PAH	Phenylketonuria VCEP	Pathogenic	PP4_Moderate, PP3, PM3_Very Strong, PS3	15	Pathogenic	Pathogenic
594	PAH	Phenylketonuria VCEP	Pathogenic	PVS1, PP4_Moderate, PM2	12	Pathogenic	Pathogenic
102803	PAH	Phenylketonuria VCEP	Pathogenic	PM2, PP4_Moderate, PP3, PS3, PM3_Strong	13	Pathogenic	Pathogenic
102804	PAH	Phenylketonuria VCEP	Pathogenic	PM5, PP4_Moderate, PM2, PP3, PM3_Strong	11	Pathogenic	Pathogenic
92731	PAH	Phenylketonuria VCEP	Pathogenic	PP4_Moderate, PM3_Very Strong, PS3	14	Pathogenic	Pathogenic
601	PAH	Phenylketonuria VCEP	Pathogenic	PM3, PP4_Moderate, PM2, PS3	10	Pathogenic	Pathogenic
625	PAH	Phenylketonuria VCEP	Pathogenic	PP4_Moderate, PM2, PP3, PM3_Very Strong	13	Pathogenic	Pathogenic
92751	PAH	Phenylketonuria VCEP	Pathogenic	PP4_Moderate, PP3, PM3_Very Strong, PS3	15	Pathogenic	Pathogenic
588	PAH	Phenylketonuria VCEP	Pathogenic	PVS1, PS3	12	Pathogenic	Pathogenic
584	PAH	Phenylketonuria VCEP	Pathogenic	PM3, PM2, PP4, PP3, PS3	10	Pathogenic	Pathogenic
102824	PAH	Phenylketonuria VCEP	Pathogenic	PM3, PP4_Moderate, PM2, PP3, PS3	11	Pathogenic	Pathogenic
92747	PAH	Phenylketonuria VCEP	Pathogenic	PP4_Moderate, PM2, PP3, PM3_Very Strong	13	Pathogenic	Pathogenic
92753	PAH	Phenylketonuria VCEP	Pathogenic	PM3, PM2, PP4, PP3, PS3	10	Pathogenic	Pathogenic
618	PAH	Phenylketonuria VCEP	Pathogenic	PM3, PP4_Moderate, PM2, PP3, PS3	11	Pathogenic	Pathogenic
102720	PAH	Phenylketonuria VCEP	Likely pathogenic	PM3, PM2, PP4, PP3	6	Likely pathogenic	Likely pathogenic
92744	PAH	Phenylketonuria VCEP	Pathogenic	PM2, PP4, PP3, PS3, PM3_Strong	12	Pathogenic	Pathogenic
102698	PAH	Phenylketonuria VCEP	Likely pathogenic	PP4_Moderate, PM2, PM3_Strong	8	Likely pathogenic	Likely pathogenic
595	PAH	Phenylketonuria VCEP	Pathogenic	PVS1, PM2, PP4_Moderate	12	Pathogenic	Pathogenic
142269	PTEN	PTEN VCEP	Pathogenic	PS4, PM2, PS2_Very Strong, PP2	15	Pathogenic	Pathogenic
127662	PTEN	PTEN VCEP	Likely benign	BS1_Supporting, BP5	-2	Likely benign	Likely benign
185989	PTEN	PTEN VCEP	Uncertain significance	PS4_Moderate, PM2_Supporting, PP3	4	Uncertain significance	Uncertain significance
41682	PTEN	PTEN VCEP	Benign	BA1, BS3_Supporting, BS2_Supporting, PP2	-1	Benign	Benign
142681	PTEN	PTEN VCEP	Uncertain significance	PM2	2	Uncertain significance	Uncertain significance
127687	PTEN	PTEN VCEP	Uncertain significance	PM2	2	Uncertain significance	Uncertain significance
187673	PTEN	PTEN VCEP	Uncertain significance	PM2, BP5, BS3, PP2	-2	Likely benign	Likely benign
7844	PTEN	PTEN VCEP	Uncertain significance		0	Uncertain significance	Uncertain significance
404147	PTEN	PTEN VCEP	Likely pathogenic	PS3_Moderate, PM6_Strong, PM2_Supporting, PP2	8	Likely pathogenic	Likely pathogenic
184104	PTEN	PTEN VCEP	Uncertain significance	PM2, BP7	1	Uncertain significance	Uncertain significance
187590	PTEN	PTEN VCEP	Likely pathogenic	PVS1_Strong, PS4_Moderate, PM2_Supporting	7	Likely pathogenic	Likely pathogenic
189462	PTEN	PTEN VCEP	Pathogenic	PVS1, PM6_Strong, PM2_Supporting	13	Pathogenic	Pathogenic
189441	PTEN	PTEN VCEP	Pathogenic	PM2, PVS1, PS4_Supporting	11	Pathogenic	Pathogenic
187657	PTEN	PTEN VCEP	Pathogenic	PM2, PVS1, PS4_Supporting	11	Pathogenic	Pathogenic
185213	PTEN	PTEN VCEP	Likely pathogenic	PM2, PVS1	10	Pathogenic	Likely pathogenic
189411	PTEN	PTEN VCEP	Pathogenic	PS4_Moderate, PM6, PM2, PVS1	14	Pathogenic	Pathogenic
141654	PTEN	PTEN VCEP	Pathogenic	PM2, PVS1, PS4_Supporting	11	Pathogenic	Pathogenic
92810	PTEN	PTEN VCEP	Benign	BA1	0	Benign	Benign
92829	PTEN	PTEN VCEP	Likely benign	BP4, BS1	-5	Likely benign	Likely benign
92818	PTEN	PTEN VCEP	Likely benign	BP4, BS1, BP7	-6	Likely benign	Likely benign
189425	PTEN	PTEN VCEP	Likely benign	BP4, BS1	-5	Likely benign	Likely benign
141485	PTEN	PTEN VCEP	Pathogenic	PVS1, PM2, PM6_Strong	14	Pathogenic	Pathogenic
92827	PTEN	PTEN VCEP	Benign	BS3, BS1	-8	Benign	Benign
138835	PTEN	PTEN VCEP	Likely benign	BP4, BP7, BS1	-6	Likely benign	Likely benign
189426	PTEN	PTEN VCEP	Likely benign	BP4, BP7	-2	Likely benign	Likely benign
92813	PTEN	PTEN VCEP	Likely benign	BS2_Supporting, BS1, BP7, BP5	-7	Benign	Likely benign
184505	PTEN	PTEN VCEP	Likely benign	BP7, BS3, PM2_Supporting	-4	Likely benign	Likely benign
233415	PTEN	PTEN VCEP	Likely benign	BP4, BP7	-2	Likely benign	Likely benign
127667	KLLN	PTEN VCEP	Benign	BA1	0	Benign	Benign
189520	KLLN	PTEN VCEP	Benign	BA1	0	Benign	Benign
138836	PTEN	PTEN VCEP	Likely benign	BP5, BS2_Supporting, BS1	-6	Likely benign	Likely benign
220007	PTEN	PTEN VCEP	Likely pathogenic	PS2, PM2_Supporting, PS4_Supporting, PP3, PP2	8	Likely pathogenic	Likely pathogenic
404140	PTEN	PTEN VCEP	Pathogenic	PM2, PVS1, PS4_Supporting	11	Pathogenic	Pathogenic
138837	PTEN	PTEN VCEP	Benign	BA1	0	Benign	Benign
92808	PTEN	PTEN VCEP	Benign	BA1	0	Benign	Benign
92816	PTEN	PTEN VCEP	Pathogenic	PS3, PP1_Moderate, PM2, PM6_Strong, PS4_Supporting	13	Pathogenic	Pathogenic
142423	PTEN	PTEN VCEP	Pathogenic	PS4_Moderate, PVS1, PM2	12	Pathogenic	Pathogenic
183722	PTEN	PTEN VCEP	Pathogenic	PS4_Moderate, PM2, PVS1	12	Pathogenic	Pathogenic
231916	PTEN	PTEN VCEP	Pathogenic	PS3_Supporting, PS2_Very Strong, PM2_Supporting, PS4_Supporting, PP3, PP2	13	Pathogenic	Pathogenic
7829	PTEN	PTEN VCEP	Pathogenic	PS3, PS4, PM2, PM6_Very Strong, PM1, PP2	21	Pathogenic	Pathogenic
189406	PTEN	PTEN VCEP	Pathogenic	PS3, PS2, PM2, PS4_Supporting, PP2	12	Pathogenic	Pathogenic
189500	PTEN	PTEN VCEP	Pathogenic	PS4_Moderate, PS3, PM2, PS2_Very Strong, PP2, PP1	18	Pathogenic	Pathogenic
92822	PTEN	PTEN VCEP	Pathogenic	PS4, PS3, PM2, PM6, PP2	13	Pathogenic	Pathogenic
127674	PTEN	PTEN VCEP	Uncertain significance		0	Uncertain significance	Uncertain significance
189424	PTEN	PTEN VCEP	Uncertain significance		0	Uncertain significance	Uncertain significance
7824	PTEN	PTEN VCEP	Pathogenic	PVS1, PM2, PS4_Supporting	11	Pathogenic	Pathogenic
127661	KLLN	PTEN VCEP	Likely benign	BP2, BS1	-5	Likely benign	Likely benign
7814	PTEN	PTEN VCEP	Pathogenic	PM2, PVS1, PS4_Supporting	11	Pathogenic	Pathogenic
7834	PTEN	PTEN VCEP	Pathogenic	PVS1, PM6, PM2, PS4_Supporting	13	Pathogenic	Pathogenic
7815	PTEN	PTEN VCEP	Pathogenic	PS3, PS4_Moderate, PM2, PP1, PP2	10	Pathogenic	Pathogenic
7816	PTEN	PTEN VCEP	Pathogenic	PS3, PM2, PM6, PM1, PP2	11	Pathogenic	Pathogenic
142220	PTEN	PTEN VCEP	Likely pathogenic	PM5, PS3_Moderate, PM2_Supporting, PP3, PP2	7	Likely pathogenic	Likely pathogenic
48468	USH2A	Hearing Loss VCEP	Benign	BA1	0	Benign	Benign
6613	COCH	Hearing Loss VCEP	Uncertain significance	BS3_Supporting	-1	Likely benign	Uncertain significance
48459	USH2A	Hearing Loss VCEP	Benign	BA1	0	Benign	Benign
585322	GJB2	Hearing Loss VCEP	Uncertain significance	PM2_Supporting	1	Uncertain significance	Uncertain significance
585327	GJB2	Hearing Loss VCEP	Uncertain significance	PP3, PM2_Supporting	2	Uncertain significance	Uncertain significance
17014	GJB2	Hearing Loss VCEP	Pathogenic	PM3_Very Strong, PS3_Moderate, PVS1, BS1	14	Pathogenic	Pathogenic
505302	KCNQ4	Hearing Loss VCEP	Likely pathogenic	PP3, PM2_Supporting, PM5, PM1	6	Likely pathogenic	Likely pathogenic
17004	GJB2	Hearing Loss VCEP	Pathogenic	PM3_Very Strong, PVS1, BA1, PS4	20	Benign	Uncertain significance
44740	GJB2	Hearing Loss VCEP	Likely pathogenic	PP3, PM3_Very Strong, PM5, BS1	7	Likely pathogenic	Pathogenic
177859	USH2A	Hearing Loss VCEP	Likely pathogenic	PP4, PM2_Supporting, PVS1_Strong, PM3	8	Likely pathogenic	Likely pathogenic
43207	MYO7A	Hearing Loss VCEP	Benign	BA1	0	Benign	Benign
164639	MYO6	Hearing Loss VCEP	Benign	BA1	0	Benign	Benign
45163	MYO6	Hearing Loss VCEP	Benign	BA1	0	Benign	Benign
506273	USH2A	Hearing Loss VCEP	Pathogenic	PM2_Supporting, PVS1, PM3_Supporting	10	Pathogenic	Pathogenic
166499	USH2A	Hearing Loss VCEP	Uncertain significance	PP4, PM3_Supporting	2	Uncertain significance	Uncertain significance
198366	USH2A	Hearing Loss VCEP	Uncertain significance	PM2_Supporting	1	Uncertain significance	Uncertain significance
227469	KCNQ4	Hearing Loss VCEP	Likely benign	BP4, BP7	-2	Likely benign	Likely benign
178638	TECTA	Hearing Loss VCEP	Benign	BA1	0	Benign	Benign
43546	SLC26A4	Hearing Loss VCEP	Uncertain significance		0	Uncertain significance	Uncertain significance
179542	USH2A	Hearing Loss VCEP	Uncertain significance	PM2_Supporting	1	Uncertain significance	Uncertain significance
282144	USH2A	Hearing Loss VCEP	Likely benign	BP4, BS1	-5	Likely benign	Likely benign
43201	MYO7A	Hearing Loss VCEP	Benign	BA1	0	Benign	Benign
517357	MYO7A	Hearing Loss VCEP	Uncertain significance	PP3, PM3	3	Uncertain significance	Uncertain significance
178957	MYO6	Hearing Loss VCEP	Pathogenic	PP1, PM2_Supporting, PS4_Supporting, PVS1	11	Pathogenic	Pathogenic
228491	CDH23	Hearing Loss VCEP	Likely pathogenic	PP3, PP4, PM2_Supporting, PM3	5	Uncertain significance	Uncertain significance
45314	TECTA	Hearing Loss VCEP	Benign	BA1	0	Benign	Benign
43507	SLC26A4	Hearing Loss VCEP	Benign	PP3, BA1	1	Benign	Benign
178532	TECTA	Hearing Loss VCEP	Likely benign	BS1	-4	Likely benign	Uncertain significance
43560	SLC26A4	Hearing Loss VCEP	Benign	BA1	0	Benign	Benign
161326	MYH7	Cardiomyopathy VCEP	Likely pathogenic	PS4, PM2, PM5, PP3	9	Likely pathogenic	Likely pathogenic
43085	MYH7	Cardiomyopathy VCEP	Uncertain significance	PM2, PM6, PP3	5	Uncertain significance	Uncertain significance
43029	MYH7	Cardiomyopathy VCEP	Uncertain significance	PM2	2	Uncertain significance	Uncertain significance
43012	MYH7	Cardiomyopathy VCEP	Likely benign	PP3, BS1	-3	Likely benign	Uncertain significance
42965	MYH7	Cardiomyopathy VCEP	Likely pathogenic	PP1_Moderate, PP3, PS4_Moderate, PM2_Supporting	6	Likely pathogenic	Likely pathogenic
42959	MYH7	Cardiomyopathy VCEP	Likely benign	BS1	-4	Likely benign	Uncertain significance
43011	MYH7	Cardiomyopathy VCEP	Uncertain significance	BP4	-1	Likely benign	Uncertain significance
43005	MYH7	Cardiomyopathy VCEP	Uncertain significance	PS4_Supporting, PM2, PP3	4	Uncertain significance	Uncertain significance
43003	MYH7	Cardiomyopathy VCEP	Likely pathogenic	PS4, PM2, PP3	7	Likely pathogenic	Likely pathogenic
42992	MYH7	Cardiomyopathy VCEP	Pathogenic	PS4, PM2, PP3, PP1_Strong	11	Pathogenic	Pathogenic
164294	MYH7	Cardiomyopathy VCEP	Pathogenic	PS4, PM2, PP3, PP1_Strong	11	Pathogenic	Pathogenic
43088	MYH7	Cardiomyopathy VCEP	Likely pathogenic	PS2, PM2, PP3, PS4_Moderate	9	Likely pathogenic	Likely pathogenic
42968	MYH7	Cardiomyopathy VCEP	Uncertain significance	PS4_Supporting, PM4_Supporting, PM2	4	Uncertain significance	Uncertain significance
42953	MYH7	Cardiomyopathy VCEP	Likely benign	PP3, BS1	-3	Likely benign	Uncertain significance
42950	MYH7	Cardiomyopathy VCEP	Likely pathogenic	PS4, PM2, PP3	7	Likely pathogenic	Likely pathogenic
155814	MYH7	Cardiomyopathy VCEP	Pathogenic	PS4, PP1_Strong, PM2, PP3	11	Pathogenic	Pathogenic
177753	MYH7	Cardiomyopathy VCEP	Uncertain significance	PM2, PP3, PS4_Moderate	5	Uncertain significance	Uncertain significance
42945	MYH7	Cardiomyopathy VCEP	Benign	BP7, BA1	-1	Benign	Benign
42934	MYH7	Cardiomyopathy VCEP	Likely pathogenic	PM4_Supporting, PP1_Moderate, PM2, PS4_Moderate	7	Likely pathogenic	Likely pathogenic
14097	MYH7	Cardiomyopathy VCEP	Pathogenic	PS4, PM2, PM1, PP3, PP1_Strong	13	Pathogenic	Pathogenic
14125	MYH7	Cardiomyopathy VCEP	Pathogenic	PS4, PM2, PM1, PP1_Strong	12	Pathogenic	Pathogenic
42922	MYH7	Cardiomyopathy VCEP	Pathogenic	PP1_Moderate, PS4, PP3, PM2, PM1	11	Pathogenic	Pathogenic
43082	MYH7	Cardiomyopathy VCEP	Likely benign	BS1	-4	Likely benign	Uncertain significance
14120	MYH7	Cardiomyopathy VCEP	Pathogenic	PS4, PM1, PM2, PP1_Strong	12	Pathogenic	Pathogenic
177757	MYH7	Cardiomyopathy VCEP	Pathogenic	PS4, PM2, PM1, PP1_Strong	12	Pathogenic	Pathogenic
42913	MYH7	Cardiomyopathy VCEP	Likely pathogenic	PS4, PM4_Supporting, PM2, PP1	8	Likely pathogenic	Likely pathogenic
42910	MYH7	Cardiomyopathy VCEP	Pathogenic	PS2, PS4_Supporting, PP3, PM2, PM1	10	Pathogenic	Pathogenic
42900	MYH7	Cardiomyopathy VCEP	Benign	BP2, PM1, BA1, BS4	-3	Benign	Benign
177665	MYH7	Cardiomyopathy VCEP	Pathogenic	PS4, PP1_Moderate, PM2, PM5, PM1, PP3	13	Pathogenic	Pathogenic
14098	MYH7	Cardiomyopathy VCEP	Pathogenic	PS4, PM2, PM1, PM5, PM6, PP3, PP1	14	Pathogenic	Pathogenic
164342	MYH7	Cardiomyopathy VCEP	Pathogenic	PP1_Moderate, PS4, PM2, PM1	10	Pathogenic	Pathogenic
14095	MYH7	Cardiomyopathy VCEP	Pathogenic	PS4, BP2, PP1_Strong, PP3, PM2, PM5, PM1, PM6	16	Pathogenic	Pathogenic
42885	MYH7	Cardiomyopathy VCEP	Pathogenic	PS4, PP3, PP1_Strong, PM2, PM5, PM1	15	Pathogenic	Pathogenic
43076	MYH7	Cardiomyopathy VCEP	Uncertain significance	PM2, PP3, PS4_Moderate	5	Uncertain significance	Uncertain significance
42884	MYH7	Cardiomyopathy VCEP	Benign	BP4, BA1	-1	Benign	Benign
188628	MYH7	Cardiomyopathy VCEP	Benign	BA1	0	Benign	Benign
164334	MYH7	Cardiomyopathy VCEP	Benign	BA1	0	Benign	Benign
43086	MYH7	Cardiomyopathy VCEP	Benign	BA1	0	Benign	Benign
43031	MYH7	Cardiomyopathy VCEP	Benign	BA1	0	Benign	Benign
42931	MYH7	Cardiomyopathy VCEP	Benign	BA1	0	Benign	Benign
42819	MYH7	Cardiomyopathy VCEP	Benign	BA1	0	Benign	Benign
43116	MYH7	Cardiomyopathy VCEP	Benign	BA1	0	Benign	Benign
43092	MYH7	Cardiomyopathy VCEP	Benign	BA1	0	Benign	Benign
43020	MYH7	Cardiomyopathy VCEP	Benign	BA1	0	Benign	Benign
43069	MYH7	Cardiomyopathy VCEP	Likely pathogenic	PS4_Supporting, PP3, PM2, PM6	6	Likely pathogenic	Likely pathogenic
42988	MYH7	Cardiomyopathy VCEP	Benign	BA1	0	Benign	Benign
42977	MYH7	Cardiomyopathy VCEP	Benign	BA1	0	Benign	Benign
42957	MYH7	Cardiomyopathy VCEP	Benign	BA1	0	Benign	Benign
42956	MYH7	Cardiomyopathy VCEP	Benign	BA1	0	Benign	Benign
42946	MYH7	Cardiomyopathy VCEP	Benign	BA1	0	Benign	Benign
42941	MYH7	Cardiomyopathy VCEP	Benign	BA1	0	Benign	Benign
42821	MYH7	Cardiomyopathy VCEP	Benign	BA1	0	Benign	Benign
42980	MYH7	Cardiomyopathy VCEP	Benign	BA1	0	Benign	Benign
37375	MYH7	Cardiomyopathy VCEP	Benign	BA1	0	Benign	Benign
138391	MYH7	Cardiomyopathy VCEP	Benign	BA1	0	Benign	Benign
177697	MYH7	Cardiomyopathy VCEP	Uncertain significance		0	Uncertain significance	Uncertain significance
43048	MYH7	Cardiomyopathy VCEP	Benign	BA1	0	Benign	Benign
43027	MYH7	Cardiomyopathy VCEP	Benign	BA1	0	Benign	Benign
177865	MYH7	Cardiomyopathy VCEP	Benign	BA1	0	Benign	Benign
43103	MYH7	Cardiomyopathy VCEP	Benign	BA1	0	Benign	Benign
43056	MYH7	Cardiomyopathy VCEP	Benign	BA1	0	Benign	Benign
43038	MYH7	Cardiomyopathy VCEP	Benign	BA1	0	Benign	Benign
43035	MYH7	Cardiomyopathy VCEP	Benign	BA1	0	Benign	Benign
43032	MYH7	Cardiomyopathy VCEP	Benign	BA1	0	Benign	Benign
43019	MYH7	Cardiomyopathy VCEP	Benign	BA1	0	Benign	Benign
42979	MYH7	Cardiomyopathy VCEP	Benign	BA1	0	Benign	Benign
177629	MYH7	Cardiomyopathy VCEP	Uncertain significance	PP3	1	Uncertain significance	Uncertain significance
42974	MYH7	Cardiomyopathy VCEP	Benign	BA1	0	Benign	Benign
42949	MYH7	Cardiomyopathy VCEP	Benign	BA1	0	Benign	Benign
42944	MYH7	Cardiomyopathy VCEP	Benign	BA1	0	Benign	Benign
42942	MYH7	Cardiomyopathy VCEP	Benign	BA1	0	Benign	Benign
42939	MYH7	Cardiomyopathy VCEP	Benign	BA1	0	Benign	Benign
42918	MYH7	Cardiomyopathy VCEP	Benign	BA1	0	Benign	Benign
42915	MYH7	Cardiomyopathy VCEP	Benign	BA1	0	Benign	Benign
42911	MYH7	Cardiomyopathy VCEP	Benign	BA1	0	Benign	Benign
42869	MYH7	Cardiomyopathy VCEP	Benign	BA1	0	Benign	Benign
42864	MYH7	Cardiomyopathy VCEP	Benign	BA1	0	Benign	Benign
43059	MYH7	Cardiomyopathy VCEP	Uncertain significance	PM2, PP3, PS4_Moderate	5	Uncertain significance	Uncertain significance
42853	MYH7	Cardiomyopathy VCEP	Benign	BA1	0	Benign	Benign
42843	MYH7	Cardiomyopathy VCEP	Benign	BA1	0	Benign	Benign
42823	MYH7	Cardiomyopathy VCEP	Benign	BA1	0	Benign	Benign
14107	MYH7	Cardiomyopathy VCEP	Pathogenic	PS4, PP1_Strong, PM2, PM5, PM1, PP3	15	Pathogenic	Pathogenic
14104	MYH7	Cardiomyopathy VCEP	Pathogenic	PS4, PS2, PM2, PM5, PM1, PS3, PP3, PP1_Strong	23	Pathogenic	Pathogenic
42817	MYH7	Cardiomyopathy VCEP	Benign	BA1	0	Benign	Benign
14105	MYH7	Cardiomyopathy VCEP	Pathogenic	PS4, PM2, PM1, PM6, PP3, PP1_Strong	15	Pathogenic	Pathogenic
42875	MYH7	Cardiomyopathy VCEP	Pathogenic	PS4, PM2, PM1, PP1_Strong	12	Pathogenic	Pathogenic
14090	MYH7	Cardiomyopathy VCEP	Pathogenic	PP1_Moderate, PS4, PM2, PM1, PP3	11	Pathogenic	Pathogenic
14108	MYH7	Cardiomyopathy VCEP	Pathogenic	PS4_Supporting, PM2, PM1, PP3, PS3, PP1_Strong	14	Pathogenic	Pathogenic
36642	MYH7	Cardiomyopathy VCEP	Pathogenic	PS4, PP1_Strong, PM2	10	Pathogenic	Pathogenic
177817	MYH7	Cardiomyopathy VCEP	Uncertain significance	PM2	2	Uncertain significance	Uncertain significance
14087	MYH7	Cardiomyopathy VCEP	Pathogenic	PS4, PP1_Strong, PP3, PM2, PM5, PM1, PS3	19	Pathogenic	Pathogenic
14102	MYH7	Cardiomyopathy VCEP	Pathogenic	PS4, PM2, PM5, PM1, PP3, PP1_Strong	15	Pathogenic	Pathogenic
42838	MYH7	Cardiomyopathy VCEP	Pathogenic	PS4, PM2, PM1, PM5, PM6, PP3	13	Pathogenic	Pathogenic
164378	MYH7	Cardiomyopathy VCEP	Likely pathogenic	PS4_Supporting, PM2, PM1, PM6, PP3	8	Likely pathogenic	Likely pathogenic
42822	MYH7	Cardiomyopathy VCEP	Likely pathogenic	PS4, PM2, PM6, PP1	9	Likely pathogenic	Likely pathogenic
43106	MYH7	Cardiomyopathy VCEP	Pathogenic	PS4, PP1_Strong, PP3, PM2, PM1	13	Pathogenic	Pathogenic
42952	MYH7	Cardiomyopathy VCEP	Benign	BP7, BA1	-1	Benign	Benign
43006	MYH7	Cardiomyopathy VCEP	Likely pathogenic	PS4, PM2, PP1	7	Likely pathogenic	Likely pathogenic
43044	MYH7	Cardiomyopathy VCEP	Likely benign	BP4, BS1	-5	Likely benign	Likely benign
436446	PTPN11	RASopathy VCEP	Benign	BA1	0	Benign	Benign
40448	LRRC56	RASopathy VCEP	Benign	BA1	0	Benign	Benign
44788	BRAF	RASopathy VCEP	Benign	BA1	0	Benign	Benign
40627	RAF1	RASopathy VCEP	Benign	BA1	0	Benign	Benign
40708	SOS1	RASopathy VCEP	Benign	BA1	0	Benign	Benign
40442	LRRC56	RASopathy VCEP	Benign	BA1	0	Benign	Benign
259747	LRRC56	RASopathy VCEP	Benign	BA1	0	Benign	Benign
45374	SOS1	RASopathy VCEP	Benign	BA1	0	Benign	Benign
138158	MAP2K2	RASopathy VCEP	Benign	BA1	0	Benign	Benign
40802	MAP2K2	RASopathy VCEP	Benign	BA1	0	Benign	Benign
40698	SOS1	RASopathy VCEP	Likely benign	BS1	-4	Likely benign	Uncertain significance
448952	MAP2K2	RASopathy VCEP	Benign	BA1	0	Benign	Benign
448934	SHOC2	RASopathy VCEP	Benign	BA1	0	Benign	Benign
36709	PTPN11	RASopathy VCEP	Benign	BA1	0	Benign	Benign
40362	BRAF	RASopathy VCEP	Benign	BA1	0	Benign	Benign
448941	SOS1	RASopathy VCEP	Benign	BA1	0	Benign	Benign
448927	RAF1	RASopathy VCEP	Benign	BA1	0	Benign	Benign
389759	MAP2K1	RASopathy VCEP	Benign	BA1	0	Benign	Benign
138843	PTPN11	RASopathy VCEP	Benign	BA1	0	Benign	Benign
40440	LRRC56	RASopathy VCEP	Benign	BA1	0	Benign	Benign
448942	SOS1	RASopathy VCEP	Benign	BA1	0	Benign	Benign
197778	SOS1	RASopathy VCEP	Likely benign	BS1	-4	Likely benign	Uncertain significance
448953	MAP2K2	RASopathy VCEP	Benign	BA1	0	Benign	Benign
44825	BRAF	RASopathy VCEP	Benign	BA1	0	Benign	Benign
448935	SHOC2	RASopathy VCEP	Benign	BA1	0	Benign	Benign
40621	RAF1	RASopathy VCEP	Benign	BA1	0	Benign	Benign
417225	BRAF	RASopathy VCEP	Benign	BA1	0	Benign	Benign
448943	SOS1	RASopathy VCEP	Benign	BA1	0	Benign	Benign
285438	RAF1	RASopathy VCEP	Benign	BA1	0	Benign	Benign
40620	RAF1	RASopathy VCEP	Benign	BA1	0	Benign	Benign
448926	LRRC56	RASopathy VCEP	Benign	BA1	0	Benign	Benign
40641	SOS1	RASopathy VCEP	Likely benign	BP5, BS4, BP4	-6	Likely benign	Likely benign
448932	SHOC2	RASopathy VCEP	Likely benign	BS1	-4	Likely benign	Uncertain significance
40716	SOS1	RASopathy VCEP	Benign	BA1	0	Benign	Benign
40665	SOS1	RASopathy VCEP	Benign	BA1, BP4, BP7, BP5	-3	Benign	Benign
40640	SOS1	RASopathy VCEP	Benign	BA1	0	Benign	Benign
45364	SOS1	RASopathy VCEP	Likely benign	BP5, BS2, PP3	-4	Likely benign	Likely benign
40697	SOS1	RASopathy VCEP	Benign	BA1	0	Benign	Benign
40702	SOS1	RASopathy VCEP	Benign	BA1	0	Benign	Benign
40660	SOS1	RASopathy VCEP	Benign	BA1	0	Benign	Benign
40649	SOS1	RASopathy VCEP	Pathogenic	PM2, PM6, PP2, PS3, PS2, PS4_Moderate	15	Pathogenic	Pathogenic
181528	SHOC2	RASopathy VCEP	Pathogenic	PS2_Very Strong, PP3, PM2_Supporting, PS4	14	Pathogenic	Pathogenic
40635	SHOC2	RASopathy VCEP	Benign	BP5, BA1, BP4	-2	Benign	Benign
448931	SHOC2	RASopathy VCEP	Likely benign	BS1	-4	Likely benign	Uncertain significance
139108	SHOC2	RASopathy VCEP	Benign	BP5, BP7, BP4, BA1	-3	Benign	Benign
181526	SHOC2	RASopathy VCEP	Likely benign	BS1	-4	Likely benign	Uncertain significance
40634	SHOC2	RASopathy VCEP	Uncertain significance		0	Uncertain significance	Uncertain significance
6821	SHOC2	RASopathy VCEP	Pathogenic	PM2, PS2_Very Strong, PP2, PS4, PS3	19	Pathogenic	Pathogenic
178666	RAF1	RASopathy VCEP	Benign	BA1, BP7, BP5	-2	Benign	Benign
40601	RAF1	RASopathy VCEP	Pathogenic	PP1, PP3, PP2, PS3_Supporting, PS4, PM5_Strong, PM2_Supporting, PM6_Strong, PM1	19	Pathogenic	Pathogenic
40607	RAF1	RASopathy VCEP	Pathogenic	PM2, PM1, PP2, PP3, PM6_Strong, PS4	14	Pathogenic	Pathogenic
40600	RAF1	RASopathy VCEP	Likely pathogenic	PM2, PM6, PP2, PS4_Moderate	7	Likely pathogenic	Likely pathogenic
40588	RAF1	RASopathy VCEP	Benign	BA1	0	Benign	Benign
40612	RAF1	RASopathy VCEP	Likely benign	BP4, BP5	-2	Likely benign	Likely benign
448940	SOS1	RASopathy VCEP	Likely benign	BS1	-4	Likely benign	Uncertain significance
40613	RAF1	RASopathy VCEP	Pathogenic	PM2, PP2, PP3, PM6_Strong, PS4_Moderate	10	Pathogenic	Pathogenic
40614	RAF1	RASopathy VCEP	Uncertain significance	PP3, PM2_Supporting	2	Uncertain significance	Uncertain significance
40585	RAF1	RASopathy VCEP	Benign	BA1, BP4, BS2_Supporting, BP5, BS4	-7	Benign	Benign
40583	RAF1	RASopathy VCEP	Likely benign	BP5, BS4	-5	Likely benign	Likely benign
40516	PTPN11	RASopathy VCEP	Benign	BA1	0	Benign	Benign
40520	PTPN11	RASopathy VCEP	Pathogenic	PM2, PM1, PP2, PM6_Strong, PS4_Moderate	11	Pathogenic	Pathogenic
40570	PTPN11	RASopathy VCEP	Benign	BA1, BP4	-1	Benign	Benign
40567	PTPN11	RASopathy VCEP	Pathogenic	PM2, PP2, PP3, PM6_Strong, PM5_Strong	12	Pathogenic	Pathogenic
40536	PTPN11	RASopathy VCEP	Benign	BA1	0	Benign	Benign
40530	PTPN11	RASopathy VCEP	Benign	BA1	0	Benign	Benign
448929	RAF1	RASopathy VCEP	Likely benign	BS1	-4	Likely benign	Uncertain significance
40522	PTPN11	RASopathy VCEP	Pathogenic	PS2_Very Strong, PM1, PP1, PP3, PP2, PS3_Moderate, PS4	19	Pathogenic	Pathogenic
13344	PTPN11	RASopathy VCEP	Pathogenic	PP1_Moderate, PS2_Very Strong, PM2, PP2, PP3, PS4_Supporting	15	Pathogenic	Pathogenic
40504	PTPN11	RASopathy VCEP	Uncertain significance	BP5, PM6, PP2	2	Uncertain significance	Uncertain significance
44599	PTPN11	RASopathy VCEP	Likely benign	BP5, BS3	-5	Likely benign	Likely benign
40484	PTPN11	RASopathy VCEP	Pathogenic	PP3, PP2, PM2_Supporting, PS4, PS2	11	Pathogenic	Pathogenic
40843	MAP2K2	RASopathy VCEP	Benign	BA1	0	Benign	Benign
46223	MAP2K2	RASopathy VCEP	Likely benign	BP7, BP5	-2	Likely benign	Likely benign
46242	MAP2K2	RASopathy VCEP	Uncertain significance	BP4	-1	Likely benign	Uncertain significance
40786	MAP2K2	RASopathy VCEP	Uncertain significance	PP2, PP3	2	Uncertain significance	Uncertain significance
40826	MAP2K2	RASopathy VCEP	Benign	BP5, BA1, BP4	-2	Benign	Benign
448936	SHOC2	RASopathy VCEP	Likely benign	BS1	-4	Likely benign	Uncertain significance
40813	MAP2K2	RASopathy VCEP	Pathogenic	PM2, PM6, PP2, PS4, PS2	13	Pathogenic	Pathogenic
40779	MAP2K1	RASopathy VCEP	Pathogenic	PM6, PM2, PS2, PS4, PP3, PP2, PM1	16	Pathogenic	Pathogenic
94082	MAP2K1	RASopathy VCEP	Benign	BA1, BP5, BP7	-2	Benign	Benign
138060	KRAS	RASopathy VCEP	Likely benign	BP7, BP4	-2	Likely benign	Likely benign
40452	KRAS	RASopathy VCEP	Pathogenic	PS3_Supporting, PM6_Very Strong, PP3, PP2, PM2_Supporting, PS4	16	Pathogenic	Pathogenic
12594	KRAS	RASopathy VCEP	Pathogenic	PS3_Supporting, PS2_Very Strong, PP3, PP2, PM2_Supporting, PS4	16	Pathogenic	Pathogenic
45129	KRAS	RASopathy VCEP	Benign	BP5, BA1	-1	Benign	Benign
41449	KRAS	RASopathy VCEP	Benign	BP7, BA1, BP4	-2	Benign	Benign
45305	HRAS	RASopathy VCEP	Likely benign	BP4, BP5, BP7, BS1	-7	Benign	Likely benign
40435	HRAS	RASopathy VCEP	Likely pathogenic	PP1, PP3, PM2_Supporting, PM1, PS4_Moderate	7	Likely pathogenic	Likely pathogenic
45367	SOS1	RASopathy VCEP	Likely benign	BS1	-4	Likely benign	Uncertain significance
40439	HRAS	RASopathy VCEP	Uncertain significance	BP4	-1	Likely benign	Uncertain significance
40431	LRRC56	RASopathy VCEP	Benign	BA1	0	Benign	Benign
40437	HRAS	RASopathy VCEP	Benign	BA1, BP5	-1	Benign	Benign
177672	BRAF	RASopathy VCEP	Pathogenic	PM2, PM1, PP2, PP3, PS4_Supporting, PM6_Strong	11	Pathogenic	Pathogenic
162804	BRAF	RASopathy VCEP	Likely benign	BP7, BP5	-2	Likely benign	Likely benign
136532	BRAF	RASopathy VCEP	Benign	BA1, BP4, BP5, BP7	-3	Benign	Benign
40380	BRAF	RASopathy VCEP	Likely pathogenic	PM2, PM6, PP2, PP3, PS4_Moderate	8	Likely pathogenic	Likely pathogenic
40360	BRAF	RASopathy VCEP	Benign	BP7, BP5, BA1, BP4	-3	Benign	Benign
44833	BRAF	RASopathy VCEP	Likely benign	BP4, BS2	-5	Likely benign	Likely benign
40824	MAP2K2	RASopathy VCEP	Likely benign	BS1	-4	Likely benign	Uncertain significance
44834	BRAF	RASopathy VCEP	Benign	BA1	0	Benign	Benign
40387	BRAF	RASopathy VCEP	Pathogenic	PM2, PM1, PP2, PP3, PM6_Strong, PS3	14	Pathogenic	Pathogenic
12586	KRAS	RASopathy VCEP	Pathogenic	PM2, PM1, PP2, PP3, PM6_Strong, PS3	14	Pathogenic	Pathogenic
40454	KRAS	RASopathy VCEP	Pathogenic	PS3_Supporting, PS2_Very Strong, PM5, PP3, PP2, PM2_Supporting, PS4_Moderate	16	Pathogenic	Pathogenic
12587	KRAS	RASopathy VCEP	Pathogenic	PS2_Very Strong, PP3, PP2, PM2_Supporting, PS3_Moderate, PS4	17	Pathogenic	Pathogenic
12588	KRAS	RASopathy VCEP	Pathogenic	PM2, PM1, PP2, PP3, PM6_Strong, PS3	14	Pathogenic	Pathogenic
12589	KRAS	RASopathy VCEP	Pathogenic	PS2_Very Strong, PM1, PP3, PP2, PM2_Supporting, PS3_Moderate, PS4	19	Pathogenic	Pathogenic
12610	HRAS	RASopathy VCEP	Pathogenic	PP3, PP2, PM1, PM2_Supporting, PS2, PS1, PS4_Moderate	15	Pathogenic	Pathogenic
12602	LRRC56	RASopathy VCEP	Pathogenic	PM2, PS2_Very Strong, PM1, PP2, PP3, PS3, PS4	22	Pathogenic	Pathogenic
12605	HRAS	RASopathy VCEP	Pathogenic	PP3, PM2_Supporting, PS3_Moderate, PS4_Moderate, PS2_Very Strong	14	Pathogenic	Pathogenic
180905	MAP2K2	RASopathy VCEP	Likely benign	BS1	-4	Likely benign	Uncertain significance
448922	PTPN11	RASopathy VCEP	Likely benign	BS1	-4	Likely benign	Uncertain significance
12606	LRRC56	RASopathy VCEP	Pathogenic	PM2, PS2_Very Strong, PM1, PP2, PP3, PS4_Moderate	16	Pathogenic	Pathogenic
12871	SOS1	RASopathy VCEP	Pathogenic	PS2_Very Strong, PM2, PM1, PP2, PP3, PS3	18	Pathogenic	Pathogenic
40678	SOS1	RASopathy VCEP	Pathogenic	PM2, PS2_Very Strong, PM1, PP2, PP3, PS3	18	Pathogenic	Pathogenic
40662	SOS1	RASopathy VCEP	Pathogenic	PM2, PS2_Very Strong, PM1, PP2, PP3	14	Pathogenic	Pathogenic
40706	SOS1	RASopathy VCEP	Pathogenic	PM2, PM6, PM1, PP2, PP3, PS3	12	Pathogenic	Pathogenic
40651	SOS1	RASopathy VCEP	Pathogenic	PM2, PM6, PM1, PP2, PP3, PS3	12	Pathogenic	Pathogenic
13957	RAF1	RASopathy VCEP	Pathogenic	PM2, PM1, PP2, PM6_Strong, PS3	13	Pathogenic	Pathogenic
13958	RAF1	RASopathy VCEP	Pathogenic	PM2, PM1, PP2, PM6_Strong, PS3	13	Pathogenic	Pathogenic
13960	RAF1	RASopathy VCEP	Pathogenic	PS2_Very Strong, PS4, PM2_Supporting, PS3_Moderate	15	Pathogenic	Pathogenic
21342	RAF1	RASopathy VCEP	Pathogenic	PP3, PS2, PS4, PM2_Supporting, PS3_Moderate, PM1	14	Pathogenic	Pathogenic
40686	SOS1	RASopathy VCEP	Likely benign	BS1	-4	Likely benign	Uncertain significance
40599	RAF1	RASopathy VCEP	Likely pathogenic	PS3_Supporting, PS4_Moderate, PM1, PM2_Supporting	6	Likely pathogenic	Likely pathogenic
13326	PTPN11	RASopathy VCEP	Pathogenic	PP1_Strong, PM2, PS2_Very Strong, PP2, PP3, PS3	20	Pathogenic	Pathogenic
177868	MAP2K2	RASopathy VCEP	Likely pathogenic	PM1, PS3_Supporting, PP3, PM2_Supporting, PS4_Moderate	7	Likely pathogenic	Likely pathogenic
8274	MAP2K2	RASopathy VCEP	Pathogenic	PM1, PS3_Supporting, PP3, PM2_Supporting, PM6_Strong, PS4	13	Pathogenic	Pathogenic
8272	MAP2K2	RASopathy VCEP	Pathogenic	PM5, PM1, PS3_Supporting, PM6, PP3, PM2_Supporting, PS4_Moderate	11	Pathogenic	Likely pathogenic
8275	MAP2K2	RASopathy VCEP	Pathogenic	PM1, PS3_Supporting, PP3, PS4_Supporting, PM2_Supporting, PP1_Strong	10	Pathogenic	Pathogenic
13350	MAP2K1	RASopathy VCEP	Likely pathogenic	PM2_Supporting, PS3_Moderate, PS4_Moderate, PM6_Supporting, PM1, PP3, PP2	10	Pathogenic	Likely pathogenic
40781	MAP2K1	RASopathy VCEP	Pathogenic	PM2, PP2, PP3, PM6_Strong, PS3	12	Pathogenic	Pathogenic
40747	MAP2K1	RASopathy VCEP	Pathogenic	PM2, PM5, PP2, PP3, PM6_Strong, PS4_Supporting	11	Pathogenic	Pathogenic
13351	MAP2K1	RASopathy VCEP	Pathogenic	PS2_Very Strong, PM2, PM1, PP2, PP3, PS3	18	Pathogenic	Pathogenic
448938	SOS1	RASopathy VCEP	Likely benign	BS1	-4	Likely benign	Uncertain significance
13979	BRAF	RASopathy VCEP	Pathogenic	PM2, PM1, PP2, PP3, PM6_Strong, PS3	14	Pathogenic	Pathogenic
13965	BRAF	RASopathy VCEP	Pathogenic	PM6, PM2, PM1, PP2, PP3, PS3, PS2	16	Pathogenic	Pathogenic
13974	BRAF	RASopathy VCEP	Pathogenic	PS2_Very Strong, PS4, PM2_Supporting, PM1, PS3_Supporting, PP3, PP2	18	Pathogenic	Pathogenic
40346	BRAF	RASopathy VCEP	Pathogenic	PM6, PM2, PM1, PP2, PP3, PS2	12	Pathogenic	Pathogenic
40756	MAP2K1	RASopathy VCEP	Benign	BP5, BA1	-1	Benign	Benign
44588	MAP2K1	RASopathy VCEP	Pathogenic	PM6_Very Strong, PM2_Supporting, PS4_Moderate, PP3, PP2	13	Pathogenic	Pathogenic
13973	BRAF	RASopathy VCEP	Pathogenic	PM2, PS2_Very Strong, PM1, PP2, PP3, PS3	18	Pathogenic	Pathogenic
448933	SHOC2	RASopathy VCEP	Likely benign	BS1	-4	Likely benign	Uncertain significance
448948	MAP2K1	RASopathy VCEP	Likely benign	BS1	-4	Likely benign	Uncertain significance
44826	BRAF	RASopathy VCEP	Likely benign	BS1	-4	Likely benign	Uncertain significance
448954	MAP2K2	RASopathy VCEP	Likely benign	BS1	-4	Likely benign	Uncertain significance
138061	KRAS	RASopathy VCEP	Likely benign	BS1	-4	Likely benign	Uncertain significance
40609	RAF1	RASopathy VCEP	Likely benign	BS1	-4	Likely benign	Uncertain significance
448944	SOS1	RASopathy VCEP	Likely benign	BS1	-4	Likely benign	Uncertain significance
448928	RAF1	RASopathy VCEP	Likely benign	BS1	-4	Likely benign	Uncertain significance
44608	PTPN11	RASopathy VCEP	Likely benign	BS1	-4	Likely benign	Uncertain significance
378913	MAP2K2	RASopathy VCEP	Likely benign	BS1	-4	Likely benign	Uncertain significance
40511	PTPN11	RASopathy VCEP	Likely benign	BS1	-4	Likely benign	Uncertain significance
448930	RAF1	RASopathy VCEP	Likely benign	BS1	-4	Likely benign	Uncertain significance
343103	RAF1	RASopathy VCEP	Likely benign	BS1	-4	Likely benign	Uncertain significance
448945	SOS1	RASopathy VCEP	Likely benign	BS1	-4	Likely benign	Uncertain significance
139236	SOS1	RASopathy VCEP	Likely benign	BS1	-4	Likely benign	Uncertain significance
378108	MAP2K2	RASopathy VCEP	Likely benign	BS1	-4	Likely benign	Uncertain significance
50938	MAP2K2	RASopathy VCEP	Likely benign	BS1	-4	Likely benign	Uncertain significance
40391	BRAF	RASopathy VCEP	Benign	BA1	0	Benign	Benign
45119	KRAS	RASopathy VCEP	Likely benign	BS1	-4	Likely benign	Uncertain significance
40816	MAP2K2	RASopathy VCEP	Benign	BA1	0	Benign	Benign
46237	MAP2K2	RASopathy VCEP	Benign	BA1	0	Benign	Benign
40793	MAP2K2	RASopathy VCEP	Benign	BA1	0	Benign	Benign
40643	SOS1	RASopathy VCEP	Benign	BA1	0	Benign	Benign
40760	MAP2K1	RASopathy VCEP	Benign	BA1	0	Benign	Benign
36708	PTPN11	RASopathy VCEP	Benign	BA1	0	Benign	Benign
40770	MAP2K2	RASopathy VCEP	Benign	BA1	0	Benign	Benign
40626	RAF1	RASopathy VCEP	Benign	BA1	0	Benign	Benign
139109	SHOC2	RASopathy VCEP	Benign	BA1	0	Benign	Benign
40754	MAP2K1	RASopathy VCEP	Benign	BA1	0	Benign	Benign
138155	MAP2K1	RASopathy VCEP	Likely benign	BS1	-4	Likely benign	Uncertain significance
139104	SHOC2	RASopathy VCEP	Benign	BA1	0	Benign	Benign
45343	SOS1	RASopathy VCEP	Benign	BA1	0	Benign	Benign
40611	RAF1	RASopathy VCEP	Benign	BA1	0	Benign	Benign
45350	SOS1	RASopathy VCEP	Benign	BA1	0	Benign	Benign
40758	MAP2K1	RASopathy VCEP	Benign	BA1	0	Benign	Benign
44592	MAP2K1	RASopathy VCEP	Benign	BA1	0	Benign	Benign
40692	SOS1	RASopathy VCEP	Benign	BA1	0	Benign	Benign
139110	SHOC2	RASopathy VCEP	Benign	BA1	0	Benign	Benign
40399	BRAF	RASopathy VCEP	Benign	BA1	0	Benign	Benign
44623	RAF1	RASopathy VCEP	Benign	BA1	0	Benign	Benign
222076	LRRC56	RASopathy VCEP	Likely benign	BS1	-4	Likely benign	Uncertain significance
40714	SOS1	RASopathy VCEP	Benign	BA1	0	Benign	Benign
40363	BRAF	RASopathy VCEP	Benign	BA1	0	Benign	Benign
40832	MAP2K2	RASopathy VCEP	Benign	BA1	0	Benign	Benign
40628	RAF1	RASopathy VCEP	Benign	BA1	0	Benign	Benign
40827	MAP2K2	RASopathy VCEP	Benign	BA1	0	Benign	Benign
40713	SOS1	RASopathy VCEP	Benign	BA1	0	Benign	Benign
40655	SOS1	RASopathy VCEP	Benign	BA1	0	Benign	Benign
40808	MAP2K2	RASopathy VCEP	Benign	BA1	0	Benign	Benign
40687	SOS1	RASopathy VCEP	Benign	BA1	0	Benign	Benign
44586	MAP2K1	RASopathy VCEP	Benign	BA1	0	Benign	Benign
448937	SHOC2	RASopathy VCEP	Likely benign	BS1	-4	Likely benign	Uncertain significance
44590	MAP2K1	RASopathy VCEP	Benign	BA1	0	Benign	Benign
46235	MAP2K2	RASopathy VCEP	Benign	BA1	0	Benign	Benign
40541	PTPN11	RASopathy VCEP	Benign	BA1	0	Benign	Benign
46226	MAP2K2	RASopathy VCEP	Benign	BA1	0	Benign	Benign
46239	MAP2K2	RASopathy VCEP	Benign	BA1	0	Benign	Benign
139228	SOS1	RASopathy VCEP	Benign	BA1	0	Benign	Benign
307226	PTPN11	RASopathy VCEP	Benign	BA1	0	Benign	Benign
178109	PTPN11	RASopathy VCEP	Benign	BA1	0	Benign	Benign
40825	MAP2K2	RASopathy VCEP	Benign	BA1	0	Benign	Benign
45362	SOS1	RASopathy VCEP	Benign	BA1	0	Benign	Benign
448949	MAP2K1	RASopathy VCEP	Likely benign	BS1	-4	Likely benign	Uncertain significance
40811	MAP2K2	RASopathy VCEP	Benign	BA1	0	Benign	Benign
40446	LRRC56	RASopathy VCEP	Benign	BA1	0	Benign	Benign
40787	MAP2K2	RASopathy VCEP	Benign	BA1	0	Benign	Benign
40762	MAP2K1	RASopathy VCEP	Benign	BA1	0	Benign	Benign
261928	MAP2K2	RASopathy VCEP	Benign	BA1	0	Benign	Benign
46228	MAP2K2	RASopathy VCEP	Benign	BA1	0	Benign	Benign
181509	RAF1	RASopathy VCEP	Benign	BA1	0	Benign	Benign
40846	MAP2K2	RASopathy VCEP	Benign	BA1	0	Benign	Benign
177969	MAP2K2	RASopathy VCEP	Benign	BA1	0	Benign	Benign
135112	PTPN11	RASopathy VCEP	Benign	BA1	0	Benign	Benign
448950	MAP2K2	RASopathy VCEP	Likely benign	BS1	-4	Likely benign	Uncertain significance
44589	MAP2K1	RASopathy VCEP	Benign	BA1	0	Benign	Benign
41447	BRAF	RASopathy VCEP	Benign	BA1	0	Benign	Benign
138161	MAP2K2	RASopathy VCEP	Benign	BA1	0	Benign	Benign
40441	LRRC56	RASopathy VCEP	Benign	BA1	0	Benign	Benign
448939	SOS1	RASopathy VCEP	Benign	BA1	0	Benign	Benign
44827	BRAF	RASopathy VCEP	Benign	BA1	0	Benign	Benign
40333	BRAF	RASopathy VCEP	Benign	BA1	0	Benign	Benign
448924	BRAF	RASopathy VCEP	Benign	BA1	0	Benign	Benign
448947	SOS1	RASopathy VCEP	Benign	BA1	0	Benign	Benign
181766	PTPN11	RASopathy VCEP	Benign	BA1	0	Benign	Benign
448946	SOS1	RASopathy VCEP	Likely benign	BS1	-4	Likely benign	Uncertain significance
599655	CDH1	CDH1 VCEP	Likely pathogenic	PVS1_Moderate, PP3_Moderate, PS4_Supporting, PM2_Supporting	6	Likely pathogenic	Likely pathogenic
127921	CDH1	CDH1 VCEP	Benign	BA1	0	Benign	Benign
142285	CDH1	CDH1 VCEP	Likely benign	BS2	-4	Likely benign	Uncertain significance
12245	CDH1	CDH1 VCEP	Benign	BA1	0	Benign	Benign
133855	CDH1	CDH1 VCEP	Likely benign	BS2	-4	Likely benign	Uncertain significance
127913	CDH1	CDH1 VCEP	Benign	BS2, BP2_Strong	-8	Benign	Benign
418841	CDH1	CDH1 VCEP	Uncertain significance	PM2_Supporting	1	Uncertain significance	Uncertain significance
127933	CDH1	CDH1 VCEP	Benign	BS2, BA1	-4	Benign	Benign
140871	CDH1	CDH1 VCEP	Uncertain significance	PM2_Supporting	1	Uncertain significance	Uncertain significance
133846	CDH1	CDH1 VCEP	Benign	BA1	0	Benign	Benign
12246	CDH1	CDH1 VCEP	Benign	BS1, BS2	-8	Benign	Benign
496233	CDH1	CDH1 VCEP	Uncertain significance	PP1, PM2_Supporting, PS4_Supporting	3	Uncertain significance	Uncertain significance
599651	CDH1	CDH1 VCEP	Pathogenic	PVS1, PM5_Supporting, PS4_Supporting, PM2_Supporting	11	Pathogenic	Pathogenic
141810	CDH1	CDH1 VCEP	Benign	BS2, BP2_Strong	-8	Benign	Benign
136055	CDH1	CDH1 VCEP	Pathogenic	PP1_Strong, PVS1, PM5_Supporting	13	Pathogenic	Pathogenic
463775	CDH1	CDH1 VCEP	Pathogenic	PVS1, PM5_Supporting, PM2_Supporting, PS4_Moderate	12	Pathogenic	Pathogenic
156496	CDH1	CDH1 VCEP	Pathogenic	PVS1, PM5_Supporting, PM2_Supporting, PS4_Supporting	11	Pathogenic	Pathogenic
599653	CDH1	CDH1 VCEP	Pathogenic	PVS1, PM5_Supporting, PS4_Supporting, PM2_Supporting	11	Pathogenic	Pathogenic
599656	CDH1	CDH1 VCEP	Uncertain significance	PM2_Supporting, PS4_Supporting	2	Uncertain significance	Uncertain significance
239914	CDH1	CDH1 VCEP	Pathogenic	PVS1_Strong, PM5_Supporting, PM2_Supporting, PS4	10	Pathogenic	Pathogenic
599652	CDH1	CDH1 VCEP	Uncertain significance	PP3, PS4_Supporting, PM2_Supporting	3	Uncertain significance	Uncertain significance
127925	CDH1	CDH1 VCEP	Benign	BA1	0	Benign	Benign
41787	CDH1	CDH1 VCEP	Benign	BS1, BS2	-8	Benign	Benign
156497	CDH1	CDH1 VCEP	Pathogenic	PVS1_Strong, PP1, PM2_Supporting, PS4	10	Pathogenic	Pathogenic
156499	CDH1	CDH1 VCEP	Pathogenic	PVS1_Moderate, PM2_Supporting, PS3, PS4	11	Pathogenic	Pathogenic
449341	CDH1	CDH1 VCEP	Pathogenic	PVS1_Strong, PP1_Moderate, PM5_Supporting, PM2_Supporting, PS4_Moderate	10	Pathogenic	Pathogenic
599654	CDH1	CDH1 VCEP	Uncertain significance	PM2_Supporting, PS4_Supporting	2	Uncertain significance	Uncertain significance
486824	CDH1	CDH1 VCEP	Pathogenic	PVS1, PM5_Supporting, PM2_Supporting, PS4_Supporting	11	Pathogenic	Pathogenic
239913	CDH1	CDH1 VCEP	Uncertain significance	PM2_Supporting	1	Uncertain significance	Uncertain significance
41783	CDH1	CDH1 VCEP	Benign	BA1	0	Benign	Benign
479504	CDH1	CDH1 VCEP	Pathogenic	PVS1_Strong, PM2_Supporting, PS2	9	Likely pathogenic	Pathogenic
479488	CDH1	CDH1 VCEP	Uncertain significance	PM2_Supporting, PS4_Supporting	2	Uncertain significance	Uncertain significance
12233	CDH1	CDH1 VCEP	Likely benign	BS2	-4	Likely benign	Uncertain significance
127910	CDH1	CDH1 VCEP	Likely benign	BS2	-4	Likely benign	Uncertain significance
127919	CDH1	CDH1 VCEP	Benign	BS1, BS2	-8	Benign	Benign
133853	CDH1	CDH1 VCEP	Benign	BA1	0	Benign	Benign
234554	CDH1	CDH1 VCEP	Pathogenic	PP1_Strong, PP3, PM2_Supporting, PS3, PS4	14	Pathogenic	Pathogenic
127932	CDH1	CDH1 VCEP	Likely benign	BS2	-4	Likely benign	Uncertain significance
239906	CDH1	CDH1 VCEP	Pathogenic	PVS1, PP1_Moderate, PM2_Supporting, PS4	15	Pathogenic	Pathogenic
184346	CDH1	CDH1 VCEP	Likely benign	BS1, BP4	-5	Likely benign	Likely benign
483264	CDH1	CDH1 VCEP	Pathogenic	PVS1, PM5_Supporting, PM2_Supporting, PS4_Supporting	11	Pathogenic	Pathogenic
12241	CDH1	CDH1 VCEP	Pathogenic	PP1_Strong, PVS1, PM5_Supporting, PM2_Supporting, PS2, PS4	22	Pathogenic	Pathogenic
12232	CDH1	CDH1 VCEP	Benign	BA1	0	Benign	Benign
231647	CDH1	CDH1 VCEP	Pathogenic	PVS1_Moderate, PP3, PM2_Supporting, PS3, PS4	12	Pathogenic	Pathogenic
187464	CDH1	CDH1 VCEP	Pathogenic	PVS1_Strong, PM2_Supporting, PS4	9	Likely pathogenic	Pathogenic
220611	CDH1	CDH1 VCEP	Benign	BS1, BS2	-8	Benign	Benign
18453	CDH1	CDH1 VCEP	Likely pathogenic	PVS1_Moderate, PM2_Supporting, PS3, PS4_Moderate	9	Likely pathogenic	Likely pathogenic
127906	CDH1	CDH1 VCEP	Benign	BS2, BP2_Strong	-8	Benign	Benign
127928	CDH1	CDH1 VCEP	Likely benign	BS2	-4	Likely benign	Uncertain significance
406663	CDH1	CDH1 VCEP	Pathogenic	PM2_Supporting, PS3, PS4	9	Likely pathogenic	Pathogenic
177763	MYH7	Cardiomyopathy VCEP	Uncertain significance	PS4_Supporting, PP1_Moderate, PM2	5	Uncertain significance	Uncertain significance
7826	PTEN	PTEN VCEP	Likely pathogenic	PS4_Supporting, PM2_Supporting, PS3_Moderate, PP3, PP2	6	Likely pathogenic	Likely pathogenic
185713	PTEN	PTEN VCEP	Likely pathogenic	PS3_Moderate, PM2_Supporting, PP3, PP2	5	Uncertain significance	Uncertain significance
7830	PTEN	PTEN VCEP	Likely pathogenic	PVS1, PM2_Supporting	9	Likely pathogenic	Uncertain significance
7831	PTEN	PTEN VCEP	Likely pathogenic	PVS1, PM2_Supporting	9	Likely pathogenic	Uncertain significance
7828	PTEN	PTEN VCEP	Pathogenic	PM6, PVS1, PM2, PS4_Supporting	13	Pathogenic	Pathogenic
7823	PTEN	PTEN VCEP	Pathogenic	PVS1, PM2, PS4_Supporting	11	Pathogenic	Pathogenic
39668	PTEN	PTEN VCEP	Likely pathogenic	PM6, PM1, PM2_Supporting, PP3, PP2	7	Likely pathogenic	Likely pathogenic
140807	PTEN	PTEN VCEP	Uncertain significance	BP7, PM2_Supporting	0	Uncertain significance	Uncertain significance
92820	PTEN	PTEN VCEP	Pathogenic	PS4_Moderate, PM2, PS3_Moderate, PM6_Strong, PP3, PP2	12	Pathogenic	Pathogenic
39669	PTEN	PTEN VCEP	Pathogenic	PS3, PS4_Moderate, PM2, PM6_Strong, PP2	13	Pathogenic	Pathogenic
428271	PTEN	PTEN VCEP	Likely pathogenic	PVS1, PM2_Supporting	9	Likely pathogenic	Uncertain significance
428274	PTEN	PTEN VCEP	Likely pathogenic	PVS1, PM2_Supporting	9	Likely pathogenic	Uncertain significance
127660	KLLN	PTEN VCEP	Likely benign	BP2, BS2_Supporting, BS1	-6	Likely benign	Likely benign
143020	PTEN	PTEN VCEP	Likely benign	BP4, BS3_Supporting, BS1, PP2	-5	Likely benign	Likely benign
7841	PTEN	PTEN VCEP	Likely pathogenic	PM2, PM6, PS3_Moderate, PP3, PP2	8	Likely pathogenic	Likely pathogenic
255814	PTEN	PTEN VCEP	Likely benign	BP4, BP7, PM2_Supporting	-1	Likely benign	Likely benign
7849	PTEN	PTEN VCEP	Pathogenic	PS4_Supporting, PS3_Moderate, PM2_Supporting, PM6_Strong, PP3, PP2	10	Pathogenic	Pathogenic
7839	PTEN	PTEN VCEP	Likely pathogenic	PVS1, PM2_Supporting	9	Likely pathogenic	Uncertain significance
7850	PTEN	PTEN VCEP	Likely pathogenic	PS3_Moderate, PS4_Supporting, PM2_Supporting, PP3, PP2	6	Likely pathogenic	Likely pathogenic
7848	PTEN	PTEN VCEP	Pathogenic	PS2, PS3_Supporting, PM2, PM1, PS4_Supporting, PP2	11	Pathogenic	Pathogenic
127692	PTEN	PTEN VCEP	Likely benign	BS3	-4	Likely benign	Uncertain significance
127681	PTEN	PTEN VCEP	Likely benign	BP2, BP5	-2	Likely benign	Likely benign
552907	PAH	Phenylketonuria VCEP	Likely pathogenic	PM3, PM5, PM2, PP4	7	Likely pathogenic	Likely pathogenic
619167	PAH	Phenylketonuria VCEP	Likely pathogenic	PM5, PM2, PP4_Moderate, PP3	7	Likely pathogenic	Likely pathogenic
102567	PAH	Phenylketonuria VCEP	Likely pathogenic	PM2, PP4_Moderate, PP3, PM3_Strong	9	Likely pathogenic	Likely pathogenic
551555	PAH	Phenylketonuria VCEP	Likely pathogenic	PM3, PP4_Moderate, PM2	6	Likely pathogenic	Likely pathogenic
102526	PAH	Phenylketonuria VCEP	Uncertain significance	PM3, PP3, PP4, PM2_Supporting	5	Uncertain significance	Uncertain significance
619161	PAH	Phenylketonuria VCEP	Uncertain significance	PM2, PP4, PP3	4	Uncertain significance	Uncertain significance
102525	PAH	Phenylketonuria VCEP	Uncertain significance	PP4_Moderate, PM2, PP3	5	Uncertain significance	Uncertain significance
619153	PAH	Phenylketonuria VCEP	Uncertain significance	PP4_Moderate, PM2	4	Uncertain significance	Uncertain significance
102726	PAH	Phenylketonuria VCEP	Pathogenic	PM5, PM2, PP4_Moderate, PP3, PM3_Strong	11	Pathogenic	Pathogenic
627	PAH	Phenylketonuria VCEP	Likely pathogenic	PM3_Supporting, PP4_Moderate, PM2, PP3	6	Likely pathogenic	Likely pathogenic
208180	PAH	Phenylketonuria VCEP	Likely pathogenic	PM3, PM2, PP4_Moderate, PP3	7	Likely pathogenic	Likely pathogenic
225133	PAH	Phenylketonuria VCEP	Likely pathogenic	PM3, PM2, PP4, PP3	6	Likely pathogenic	Likely pathogenic
633	PAH	Phenylketonuria VCEP	Likely pathogenic	PM3, PM2, PP1, PP4, PP3	7	Likely pathogenic	Likely pathogenic
102905	PAH	Phenylketonuria VCEP	Pathogenic	PM5, PM3, PP4_Moderate, PM2, PS3	12	Pathogenic	Pathogenic
619151	PAH	Phenylketonuria VCEP	Uncertain significance	PM2, PP4, PP3	4	Uncertain significance	Uncertain significance
619162	PAH	Phenylketonuria VCEP	Uncertain significance	PM5, PM2, PP3	5	Uncertain significance	Uncertain significance
619155	PAH	Phenylketonuria VCEP	Uncertain significance	PP4_Moderate, PM2, PP3	5	Uncertain significance	Uncertain significance
619157	PAH	Phenylketonuria VCEP	Likely pathogenic	PM3, PM2, PP4_Moderate	6	Likely pathogenic	Likely pathogenic
102882	PAH	Phenylketonuria VCEP	Pathogenic	PM3, PP4_Moderate, PM2, PP3, PS1	11	Pathogenic	Pathogenic
102881	PAH	Phenylketonuria VCEP	Uncertain significance	PM2, PP4, PP3	4	Uncertain significance	Uncertain significance
619164	PAH	Phenylketonuria VCEP	Likely pathogenic	PP4_Moderate, PM2, PM3_Strong	8	Likely pathogenic	Likely pathogenic
102880	PAH	Phenylketonuria VCEP	Pathogenic	PM3, PP4_Moderate, PM2, PP3, PS3	11	Pathogenic	Pathogenic
102877	PAH	Phenylketonuria VCEP	Pathogenic	PM5, PP4_Moderate, PM2, PP3, PM3_Strong	11	Pathogenic	Pathogenic
619158	PAH	Phenylketonuria VCEP	Likely pathogenic	PM5, PM2, PP4_Moderate	6	Likely pathogenic	Likely pathogenic
619149	PAH	Phenylketonuria VCEP	Uncertain significance	PM2, PP4_Moderate	4	Uncertain significance	Uncertain significance
619154	PAH	Phenylketonuria VCEP	Uncertain significance	PM3, PM2, PP4	5	Uncertain significance	Uncertain significance
120279	PAH	Phenylketonuria VCEP	Uncertain significance	PM5, PM2, PP3	5	Uncertain significance	Uncertain significance
102694	PAH	Phenylketonuria VCEP	Uncertain significance	PM5, PM2, PP3	5	Uncertain significance	Uncertain significance
102667	PAH	Phenylketonuria VCEP	Likely pathogenic	PM2, PP4_Moderate, PP3, PM3_Strong	9	Likely pathogenic	Likely pathogenic
102658	PAH	Phenylketonuria VCEP	Uncertain significance	PM2, PP3	3	Uncertain significance	Uncertain significance
102620	PAH	Phenylketonuria VCEP	Uncertain significance	PP4_Moderate, PM2, PP3	5	Uncertain significance	Uncertain significance
102619	PAH	Phenylketonuria VCEP	Uncertain significance	PP4_Moderate, PM2	4	Uncertain significance	Uncertain significance
102616	PAH	Phenylketonuria VCEP	Uncertain significance	PM2	2	Uncertain significance	Uncertain significance
120266	PAH	Phenylketonuria VCEP	Likely pathogenic	PM3, PM2, PP4, PP3	6	Likely pathogenic	Likely pathogenic
619156	PAH	Phenylketonuria VCEP	Likely pathogenic	PM5, PM2, PP4, PP3	6	Likely pathogenic	Likely pathogenic
102851	PAH	Phenylketonuria VCEP	Likely benign	BS1, BS3_Supporting	-5	Likely benign	Likely benign
619148	PAH	Phenylketonuria VCEP	Uncertain significance	PM2, PP4_Moderate, PP3	5	Uncertain significance	Uncertain significance
619152	PAH	Phenylketonuria VCEP	Likely pathogenic	PM3, PP4_Moderate, PM2, PP3	7	Likely pathogenic	Likely pathogenic
102850	PAH	Phenylketonuria VCEP	Likely pathogenic	PM3, PP4_Moderate, PM2, PP3	7	Likely pathogenic	Likely pathogenic
102849	PAH	Phenylketonuria VCEP	Uncertain significance	PM2, PP4, PP3	4	Uncertain significance	Uncertain significance
102623	PAH	Phenylketonuria VCEP	Likely pathogenic	PM3, PP4_Moderate, PM2, PP3	7	Likely pathogenic	Likely pathogenic
102817	PAH	Phenylketonuria VCEP	Uncertain significance	PM2, PP4, PP3	4	Uncertain significance	Uncertain significance
102816	PAH	Phenylketonuria VCEP	Likely pathogenic	PM2, PP4_Moderate, PP3, PM3_Strong	9	Likely pathogenic	Likely pathogenic
102815	PAH	Phenylketonuria VCEP	Likely pathogenic	PM3, PM2, PP4_Moderate, PP3	7	Likely pathogenic	Likely pathogenic
102792	PAH	Phenylketonuria VCEP	Likely benign	BS1, BP4	-5	Likely benign	Likely benign
619163	PAH	Phenylketonuria VCEP	Pathogenic	PP4_Moderate, PM2, PP3, PS3, PM3_Strong	13	Pathogenic	Pathogenic
619160	PAH	Phenylketonuria VCEP	Likely pathogenic	PM2, PS3	6	Likely pathogenic	Likely pathogenic
619166	PAH	Phenylketonuria VCEP	Likely pathogenic	PM3, PP4_Moderate, PM2, PP3	7	Likely pathogenic	Likely pathogenic
102772	PAH	Phenylketonuria VCEP	Uncertain significance	PM2, PP4_Moderate, PP3	5	Uncertain significance	Uncertain significance
619165	PAH	Phenylketonuria VCEP	Likely pathogenic	PM3, PP4_Moderate, PM2, PP3	7	Likely pathogenic	Likely pathogenic
556296	PAH	Phenylketonuria VCEP	Pathogenic	PM3, PP4_Moderate, PM2, PP3, PS3	11	Pathogenic	Pathogenic
102841	PAH	Phenylketonuria VCEP	Uncertain significance	PM2, PP3	3	Uncertain significance	Uncertain significance
102840	PAH	Phenylketonuria VCEP	Likely pathogenic	PM3, PM2, PP4, PP3	6	Likely pathogenic	Likely pathogenic
102839	PAH	Phenylketonuria VCEP	Pathogenic	PM3, PM2, PP4, PP3, PS3	10	Pathogenic	Pathogenic
370701	PAH	Phenylketonuria VCEP	Pathogenic	PM3, PM2, PVS1, PP4	13	Pathogenic	Pathogenic
120258	PAH	Phenylketonuria VCEP	Pathogenic	PVS1, PP4_Moderate, PM2	12	Pathogenic	Pathogenic
102767	PAH	Phenylketonuria VCEP	Pathogenic	PM3, PVS1, PM2, PP4	13	Pathogenic	Pathogenic
102604	PAH	Phenylketonuria VCEP	Pathogenic	PM3, PVS1, PP4_Moderate, PM2	14	Pathogenic	Pathogenic
102588	PAH	Phenylketonuria VCEP	Likely pathogenic	PP4_Moderate, PM2, PM3_Strong	8	Likely pathogenic	Likely pathogenic
102857	PAH	Phenylketonuria VCEP	Likely pathogenic	PM5, PM3, PM2, PP4_Moderate	8	Likely pathogenic	Likely pathogenic
102856	PAH	Phenylketonuria VCEP	Likely pathogenic	PM2, PP4_Moderate, PM3_Strong	8	Likely pathogenic	Likely pathogenic
102854	PAH	Phenylketonuria VCEP	Likely pathogenic	PM5, PM3, PP4_Moderate, PM2, PP3	9	Likely pathogenic	Likely pathogenic
102853	PAH	Phenylketonuria VCEP	Pathogenic	PM5, PP4_Moderate, PM2, PP3, PM3_Strong	11	Pathogenic	Pathogenic
120286	PAH	Phenylketonuria VCEP	Likely pathogenic	PM3, PP4_Moderate, PM2, PP3	7	Likely pathogenic	Likely pathogenic
619150	PAH	Phenylketonuria VCEP	Pathogenic	PM3, PM2, PP4, PP3, PS3	10	Pathogenic	Pathogenic
102833	PAH	Phenylketonuria VCEP	Uncertain significance	PP4_Moderate, PM2, PP3	5	Uncertain significance	Uncertain significance
120285	PAH	Phenylketonuria VCEP	Likely pathogenic	PM3, PM2, PP4, PP3	6	Likely pathogenic	Likely pathogenic
619159	PAH	Phenylketonuria VCEP	Likely pathogenic	PM3_Supporting, PP4_Moderate, PM2, PP3	6	Likely pathogenic	Likely pathogenic
587	PAH	Phenylketonuria VCEP	Pathogenic	PP4_Moderate, PP3, PM3_Very Strong, PS3	15	Pathogenic	Pathogenic
102842	PAH	Phenylketonuria VCEP	Pathogenic	PM2, PP4_Moderate, PP3, PM3_Very Strong	13	Pathogenic	Pathogenic
102823	PAH	Phenylketonuria VCEP	Pathogenic	PM5, PM2, PP4_Moderate, PP3, PS3	11	Pathogenic	Pathogenic
589	PAH	Phenylketonuria VCEP	Likely pathogenic	PM3, PP4_Moderate, PP3, PS3	9	Likely pathogenic	Likely pathogenic
92749	PAH	Phenylketonuria VCEP	Likely pathogenic	PP4_Moderate, PM2, PP3, PM3_Strong	9	Likely pathogenic	Likely pathogenic
138159	MAP2K2	RASopathy VCEP	Benign	BA1	0	Benign	Benign
11852	MYO7A	Hearing Loss VCEP	Likely benign	BP2, BS3_Supporting, BS1	-6	Likely benign	Likely benign
46014	CDH23	Hearing Loss VCEP	Uncertain significance	PP1, PM2_Supporting, PM3	4	Uncertain significance	Uncertain significance
6611	COCH	Hearing Loss VCEP	Pathogenic	PP3, PM2, PS4, PP1_Strong	11	Pathogenic	Pathogenic
447450	GJB2	Hearing Loss VCEP	Uncertain significance	PM2	2	Uncertain significance	Uncertain significance
555720	GJB2	Hearing Loss VCEP	Uncertain significance	PM2, PM3	4	Uncertain significance	Uncertain significance
17002	GJB2	Hearing Loss VCEP	Pathogenic	PM3_Very Strong, PVS1, PS3, BS1	16	Pathogenic	Pathogenic
4840	SLC26A4	Hearing Loss VCEP	Pathogenic	PM3_Very Strong, PVS1, PP1_Strong, BS1	16	Pathogenic	Pathogenic
17010	GJB2	Hearing Loss VCEP	Pathogenic	PM3_Very Strong, PVS1, BA1	16	Benign	Uncertain significance
375406	GJB2	Hearing Loss VCEP	Likely pathogenic	PP1, PM3_Very Strong, BS1, PS3_Supporting	6	Likely pathogenic	Pathogenic
43555	SLC26A4	Hearing Loss VCEP	Pathogenic	PP3, PP4, PM3_Very Strong, BS3_Supporting, BA1, PP1_Strong	13	Benign	Uncertain significance
48535	USH2A	Hearing Loss VCEP	Pathogenic	PP4, PP1, PP3, PM2_Supporting, PS4, PM3_Strong	12	Pathogenic	Pathogenic
6241	KCNQ4	Hearing Loss VCEP	Pathogenic	PS4_Supporting, PM2, PP1_Strong, PM1, PM5, PS3_Supporting	12	Pathogenic	Pathogenic
43498	SLC26A4	Hearing Loss VCEP	Pathogenic	PP4, PP3, PM3_Very Strong, PM2_Supporting, PP1_Strong, PS3_Supporting	16	Pathogenic	Pathogenic
4835	SLC26A4	Hearing Loss VCEP	Pathogenic	PP4, PP3, PM3_Very Strong, PM2_Supporting, PS4, PP1_Moderate, PS3_Supporting	18	Pathogenic	Pathogenic
166504	USH2A	Hearing Loss VCEP	Pathogenic	PP4, PM2, PVS1, PM3_Strong	15	Pathogenic	Pathogenic
2353	USH2A	Hearing Loss VCEP	Pathogenic	PP4, PM3_Very Strong, PM2, PVS1, PP1_Moderate	21	Pathogenic	Pathogenic
48604	USH2A	Hearing Loss VCEP	Pathogenic	PP4, PM2_Supporting, PM3_Very Strong, PP1_Strong, PM4	16	Pathogenic	Pathogenic
43565	SLC26A4	Hearing Loss VCEP	Pathogenic	PP4, PM3_Very Strong, PM5, PP1_Moderate	13	Pathogenic	Pathogenic
48347	USH2A	Hearing Loss VCEP	Pathogenic	PP3, PP4, PM3_Very Strong, PM2_Supporting, PP1_Strong	15	Pathogenic	Pathogenic
197510	USH2A	Hearing Loss VCEP	Pathogenic	PP3, PP4, PM2_Supporting, PM3_Very Strong	11	Pathogenic	Pathogenic
189148	SLC26A4	Hearing Loss VCEP	Pathogenic	PP4, PVS1, PM2, PM3_Supporting	12	Pathogenic	Pathogenic
449088	PTEN	PTEN VCEP	Likely pathogenic	PS3_Moderate, PM6_Strong, PM2_Supporting, PP1	8	Likely pathogenic	Likely pathogenic
102661	PAH	Phenylketonuria VCEP	Likely pathogenic	PM3, PP4_Moderate, PM2, PP3	7	Likely pathogenic	Likely pathogenic
102858	PAH	Phenylketonuria VCEP	Likely pathogenic	PM5, PM2, PP4, PP3	6	Likely pathogenic	Likely pathogenic
-	PAH	Phenylketonuria VCEP	Likely pathogenic	PM3, PM5, PP4_Moderate, PM2	8	Likely pathogenic	Likely pathogenic
92736	PAH	Phenylketonuria VCEP	Benign	BA1	0	Benign	Benign
92755	PAH	Phenylketonuria VCEP	Benign	BA1	0	Benign	Benign
102889	PAH	Phenylketonuria VCEP	Likely pathogenic	PM3, PP4_Moderate, PM2, PP3	7	Likely pathogenic	Likely pathogenic
102584	PAH	Phenylketonuria VCEP	Uncertain significance	PM2, PP3	3	Uncertain significance	Uncertain significance
120274	PAH	Phenylketonuria VCEP	Pathogenic	PVS1, PM2, PP4	11	Pathogenic	Pathogenic
102689	PAH	Phenylketonuria VCEP	Uncertain significance	PM2, BP4	1	Uncertain significance	Uncertain significance
-	PAH	Phenylketonuria VCEP	Uncertain significance	PM2, PP4	3	Uncertain significance	Uncertain significance
557124	PAH	Phenylketonuria VCEP	Pathogenic	PVS1, PM2, PP4	11	Pathogenic	Pathogenic
102744	PAH	Phenylketonuria VCEP	Pathogenic	PVS1, PM2, PP4	11	Pathogenic	Pathogenic
102581	PAH	Phenylketonuria VCEP	Likely pathogenic	PM3, PM2, PP4, PS3	9	Likely pathogenic	Likely pathogenic
102660	PAH	Phenylketonuria VCEP	Uncertain significance	PM5, PM2, PP3	5	Uncertain significance	Uncertain significance
102686	PAH	Phenylketonuria VCEP	Pathogenic	PM2, PP4_Moderate, PP1, PP3, PM3_Strong	10	Pathogenic	Pathogenic
102700	PAH	Phenylketonuria VCEP	Likely pathogenic	PM3, PP4_Moderate, PM2, PP1, PP3	8	Likely pathogenic	Likely pathogenic
102701	PAH	Phenylketonuria VCEP	Uncertain significance	PM2, PP4, PP3	4	Uncertain significance	Uncertain significance
-	PAH	Phenylketonuria VCEP	Likely pathogenic	PM3, PP4_Moderate, PM2, PP3	7	Likely pathogenic	Likely pathogenic
102702	PAH	Phenylketonuria VCEP	Pathogenic	PM3, PVS1, PM2, PP4	13	Pathogenic	Pathogenic
102721	PAH	Phenylketonuria VCEP	Pathogenic	PM3, PM2, PP4_Moderate, PP3, PS3	11	Pathogenic	Pathogenic
555366	PAH	Phenylketonuria VCEP	Likely pathogenic	PM3, PP4_Moderate, PM2, PP3	7	Likely pathogenic	Likely pathogenic
608	PAH	Phenylketonuria VCEP	Pathogenic	PM3, PP4_Moderate, PP1, PP3, PS3	10	Pathogenic	Pathogenic
-	PAH	Phenylketonuria VCEP	Likely pathogenic	PM3, PM2, PP4_Moderate	6	Likely pathogenic	Likely pathogenic
102873	PAH	Phenylketonuria VCEP	Pathogenic	PVS1, PM2, PP4	11	Pathogenic	Pathogenic
102869	PAH	Phenylketonuria VCEP	Pathogenic	PVS1, PM2, PP4	11	Pathogenic	Pathogenic
102670	PAH	Phenylketonuria VCEP	Likely pathogenic	PP4_Moderate, PM2, PP3, PM3_Strong	9	Likely pathogenic	Likely pathogenic
102735	PAH	Phenylketonuria VCEP	Likely pathogenic	PP4_Moderate, PM2, PP3, PM3_Strong	9	Likely pathogenic	Likely pathogenic
120280	PAH	Phenylketonuria VCEP	Likely pathogenic	PM3, PP4_Moderate, PM2, PP3	7	Likely pathogenic	Likely pathogenic
133314	PAH	Phenylketonuria VCEP	Uncertain significance	PM2, PP3	3	Uncertain significance	Uncertain significance
597	PAH	Phenylketonuria VCEP	Likely pathogenic	PM3, PM4, PM2, PP4	7	Likely pathogenic	Likely pathogenic
120265	PAH	Phenylketonuria VCEP	Uncertain significance	PM5, PM2, PP3	5	Uncertain significance	Uncertain significance
102605	PAH	Phenylketonuria VCEP	Likely pathogenic	PP4_Moderate, PM2, PP3, PM3_Strong	9	Likely pathogenic	Likely pathogenic
120270	PAH	Phenylketonuria VCEP	Pathogenic	PM3_Supporting, PVS1, PM2, PP4	12	Pathogenic	Pathogenic
120277	PAH	Phenylketonuria VCEP	Pathogenic	PM3_Supporting, PM2, PVS1, PP4	12	Pathogenic	Pathogenic
-	PAH	Phenylketonuria VCEP	Uncertain significance	PM2, PP4, PP3	4	Uncertain significance	Uncertain significance
208182	PAH	Phenylketonuria VCEP	Uncertain significance	PM5, PM2, PP3	5	Uncertain significance	Uncertain significance
40447	HRAS	RASopathy VCEP	Uncertain significance	BS4	-4	Likely benign	Uncertain significance
40733	SOS1	RASopathy VCEP	Likely benign	BS1, BP5, BP4	-6	Likely benign	Likely benign
40664	SOS1	RASopathy VCEP	Benign	BP5, BS4, BS1, PP2	-8	Benign	Benign
40584	RAF1	RASopathy VCEP	Benign	BS2, PP2, BP4, BP5, BS1	-9	Benign	Benign
40347	BRAF	RASopathy VCEP	Pathogenic	PS2_Very Strong, PM2, PM1, PP3, PP2, PS4_Supporting	15	Pathogenic	Pathogenic
40348	BRAF	RASopathy VCEP	Pathogenic	PM6, PM2, PM1, PP3, PP2, PS4_Supporting, PS1	13	Pathogenic	Pathogenic
-	BRAF	RASopathy VCEP	Likely pathogenic	PM6, PM2, PM1, PP3, PP2, PS4_Supporting	9	Likely pathogenic	Likely pathogenic
180784	BRAF	RASopathy VCEP	Pathogenic	PM6, PM2, PM1, PP3, PP2, PS1, PS3	16	Pathogenic	Pathogenic
55793	BRAF	RASopathy VCEP	Pathogenic	PM2, PM6, PM1, PP3, PP2, PS4_Supporting, PS3, PS2	17	Pathogenic	Pathogenic
44830	BRAF	RASopathy VCEP	Likely pathogenic	PM2, PM1, PP3, PP2, PS4_Supporting	7	Likely pathogenic	Likely pathogenic
477669	PTPN11	RASopathy VCEP	Likely pathogenic	PM2, PM5, PP3, PP2, PS4_Supporting	7	Likely pathogenic	Likely pathogenic
40485	PTPN11	RASopathy VCEP	Pathogenic	PM2, PP3, PP2, PS2, PS4	12	Pathogenic	Pathogenic
543999	MAP2K2	RASopathy VCEP	Uncertain significance	PP3, PP2	2	Uncertain significance	Uncertain significance
40818	MAP2K2	RASopathy VCEP	Uncertain significance	PM2, PP3, PP2, PS4_Supporting	5	Uncertain significance	Uncertain significance
40562	PTPN11	RASopathy VCEP	Pathogenic	PP3, PP2, PM6_Strong, PS4_Moderate, PS3	12	Pathogenic	Pathogenic
40513	PTPN11	RASopathy VCEP	Pathogenic	PS2_Very Strong, PM2, PP2, PP3, PS4, PS3	20	Pathogenic	Pathogenic
17000	GJB2	Hearing Loss VCEP	Pathogenic	PP3, PP1, PM3_Very Strong, PS4	14	Pathogenic	Pathogenic
203873	PAH	Phenylketonuria VCEP	Likely pathogenic	PVS1, PM2	10	Pathogenic	Likely pathogenic
585206	PAH	Phenylketonuria VCEP	Likely pathogenic	PVS1, PM2	10	Pathogenic	Likely pathogenic
102626	PAH	Phenylketonuria VCEP	Pathogenic	PM3, PVS1, PM2, PP4	13	Pathogenic	Pathogenic
102647	PAH	Phenylketonuria VCEP	Pathogenic	PM3, PP4_Moderate, PM2, PVS1	14	Pathogenic	Pathogenic
-	PAH	Phenylketonuria VCEP	Likely pathogenic	PM5, PM2, PS3	8	Likely pathogenic	Likely pathogenic
92750	PAH	Phenylketonuria VCEP	Pathogenic	PP4_Moderate, PM2, PP3, PS3, PM3_Strong	13	Pathogenic	Pathogenic
102885	PAH	Phenylketonuria VCEP	Likely pathogenic	PM5, PM3, PP4_Moderate, PM2, PP3	9	Likely pathogenic	Likely pathogenic
120291	PAH	Phenylketonuria VCEP	Uncertain significance	PM3_Supporting, PM2, PP3, PP4	5	Uncertain significance	Uncertain significance
-	PAH	Phenylketonuria VCEP	Uncertain significance	PP4_Moderate, PM2, PP3	5	Uncertain significance	Uncertain significance
120297	PAH	Phenylketonuria VCEP	Pathogenic	PM3_Supporting, PVS1, PM2, PP4	12	Pathogenic	Pathogenic
120288	PAH	Phenylketonuria VCEP	Pathogenic	PM3, PVS1, PM2, PP4	13	Pathogenic	Pathogenic
637	PAH	Phenylketonuria VCEP	Pathogenic	PM3, PVS1, PM2, PP4	13	Pathogenic	Pathogenic
102884	PAH	Phenylketonuria VCEP	Pathogenic	PM2, PVS1, PP4	11	Pathogenic	Pathogenic
-	PAH	Phenylketonuria VCEP	Pathogenic	PM3, PM2, PVS1, PP4	13	Pathogenic	Pathogenic
102886	PAH	Phenylketonuria VCEP	Uncertain significance	PM4, PM2, PP4	5	Uncertain significance	Uncertain significance
-	PAH	Phenylketonuria VCEP	Pathogenic	PM3_Supporting, PP4_Moderate, PM2, PP3, PS3	10	Pathogenic	Pathogenic
-	SOS1	RASopathy VCEP	Likely pathogenic	PM2, PP2, PP3, PS4_Supporting, PS2	9	Likely pathogenic	Likely pathogenic
-	SOS1	RASopathy VCEP	Uncertain significance	PM2, PP2	3	Uncertain significance	Uncertain significance
45373	SOS1	RASopathy VCEP	Likely pathogenic	PM2, PM6, PM5, PP2, PS4_Supporting	8	Likely pathogenic	Likely pathogenic
8273	MAP2K2	RASopathy VCEP	Pathogenic	PS2_Very Strong, PM2, PM1, PP3, PP2	14	Pathogenic	Pathogenic
13331	PTPN11	RASopathy VCEP	Pathogenic	PP1_Strong, PM1, PP2, PP3, PM6_Strong, PS3, PS4	20	Pathogenic	Pathogenic
13333	PTPN11	RASopathy VCEP	Pathogenic	PP1_Strong, PM1, PP2, PP3, PS3, PS4	16	Pathogenic	Pathogenic
158604	GJB2	Hearing Loss VCEP	Likely pathogenic	PP3, PM3_Very Strong	9	Likely pathogenic	Uncertain significance
162956	CDH23	Hearing Loss VCEP	Uncertain significance		0	Uncertain significance	Uncertain significance
178538	TECTA	Hearing Loss VCEP	Likely benign	BS1	-4	Likely benign	Uncertain significance
45317	TECTA	Hearing Loss VCEP	Likely benign	BP4, BS1	-5	Likely benign	Likely benign
45131	MYO6	Hearing Loss VCEP	Benign	PP3, BA1	1	Benign	Benign
4927	CDH23	Hearing Loss VCEP	Benign	BP4, BA1, BS3_Supporting	-2	Benign	Benign
227258	COCH	Hearing Loss VCEP	Benign	BA1	0	Benign	Benign
281981	COCH	Hearing Loss VCEP	Benign	BA1	0	Benign	Benign
226529	COCH	Hearing Loss VCEP	Benign	BA1	0	Benign	Benign
43491	SLC26A4	Hearing Loss VCEP	Likely benign	PP3, BS1	-3	Likely benign	Uncertain significance
165370	TECTA	Hearing Loss VCEP	Likely benign	PP3, BS1	-3	Likely benign	Uncertain significance
178539	TECTA	Hearing Loss VCEP	Likely benign	BP4, BS1, BP7	-6	Likely benign	Likely benign
177732	MYO7A	Hearing Loss VCEP	Uncertain significance	PP1, PP4, BA1, PM3	4	Benign	Benign
44760	GJB2	Hearing Loss VCEP	Uncertain significance	PP3, BS2, BS1_Supporting, PM3_Supporting, PS3_Supporting	-2	Likely benign	Likely benign
4838	SLC26A4	Hearing Loss VCEP	Uncertain significance	PP4, PM3, BS1, PS3_Supporting	0	Uncertain significance	Uncertain significance
17023	GJB2	Hearing Loss VCEP	Pathogenic	PS4, PP1_Strong, PM3	10	Pathogenic	Pathogenic
120260	PAH	Phenylketonuria VCEP	Likely pathogenic	PM5, PM2, PP4, PP3	6	Likely pathogenic	Likely pathogenic
7817	PTEN	PTEN VCEP	Pathogenic	PS3, PM2, PM1, PM6_Strong, PS4_Supporting, PP2	14	Pathogenic	Pathogenic
223142	PTEN	PTEN VCEP	Likely pathogenic	PS3_Moderate, PM6_Strong, PM2_Supporting, PP2, PP3	9	Likely pathogenic	Likely pathogenic
375958	PTEN	PTEN VCEP	Pathogenic	PS3, PM2, PM5, PM1, PP2	11	Pathogenic	Pathogenic
375959	PTEN	PTEN VCEP	Likely pathogenic	PM5, PM2_Supporting, PS3_Moderate, PP2, PP3	7	Likely pathogenic	Likely pathogenic
189403	PTEN	PTEN VCEP	Pathogenic	PS3, PM6, PM2, PS4_Supporting, PP2	10	Pathogenic	Pathogenic
187827	PTEN	PTEN VCEP	Uncertain significance	PM2_Supporting, PP2, PP3	3	Uncertain significance	Uncertain significance
142212	PTEN	PTEN VCEP	Uncertain significance	BS3_Supporting, BP4, PM2_Supporting, PP2	0	Uncertain significance	Likely benign
140777	PTEN	PTEN VCEP	Likely benign	BS1_Supporting, BP4, PP2	-1	Likely benign	Likely benign
237639	PTEN	PTEN VCEP	Uncertain significance	BP4, PM2_Supporting, PP2	1	Uncertain significance	Uncertain significance
184466	PTEN	PTEN VCEP	Uncertain significance	PM2_Supporting, PP2	2	Uncertain significance	Uncertain significance
427623	PTEN	PTEN VCEP	Pathogenic	PS1, PS3, PS4_Supporting, PM2_Supporting	10	Pathogenic	Pathogenic
127685	PTEN	PTEN VCEP	Likely benign	BP5, BS1	-5	Likely benign	Likely benign
372481	PTEN	PTEN VCEP	Pathogenic	PS4_Moderate, PS3, PM2, PM6, PP2, PP1	12	Pathogenic	Pathogenic
372482	PTEN	PTEN VCEP	Pathogenic	PM2, PM6, PVS1	12	Pathogenic	Pathogenic
184844	PTEN	PTEN VCEP	Uncertain significance	BS3_Supporting, PM2_Supporting, PP2	1	Uncertain significance	Uncertain significance
189433	KLLN	PTEN VCEP	Likely benign	BS4_Supporting, BP5, BS1	-6	Likely benign	Likely benign
376510	PTEN	PTEN VCEP	Uncertain significance	BS3_Supporting, PM2_Supporting, PP2	1	Uncertain significance	Uncertain significance
142397	PTEN	PTEN VCEP	Benign	BS1, BS3, BS2	-12	Benign	Benign
139567	PTEN	PTEN VCEP	Uncertain significance	BS3_Supporting, PM2_Supporting, PP2, PP3	2	Uncertain significance	Uncertain significance
237643	PTEN	PTEN VCEP	Pathogenic	PVS1, PM2, PS4_Supporting	11	Pathogenic	Pathogenic
7843	PTEN	PTEN VCEP	Pathogenic	PS4, PVS1, PM6, PM2	16	Pathogenic	Pathogenic
428216	PTEN	PTEN VCEP	Likely pathogenic	PVS1, PM2_Supporting	9	Likely pathogenic	Uncertain significance
7845	PTEN	PTEN VCEP	Uncertain significance	PM2_Supporting	1	Uncertain significance	Uncertain significance
428206	PTEN	PTEN VCEP	Pathogenic	PVS1, PM2, PS4_Supporting	11	Pathogenic	Pathogenic
7825	PTEN	PTEN VCEP	Pathogenic	PS2, PS3, PM2, PP2	11	Pathogenic	Pathogenic
7821	PTEN	PTEN VCEP	Pathogenic	PS2, PVS1, PS4_Supporting, PM2_Supporting	14	Pathogenic	Pathogenic
7822	PTEN	PTEN VCEP	Likely pathogenic	PVS1, PM2_Supporting	9	Likely pathogenic	Uncertain significance
7840	PTEN	PTEN VCEP	Uncertain significance	PM2_Supporting, PP2	2	Uncertain significance	Uncertain significance
186427	PTEN	PTEN VCEP	Uncertain significance	PM2, PP2	3	Uncertain significance	Uncertain significance
142261	PTEN	PTEN VCEP	Pathogenic	PS2, PM2, PM6_Strong, PS3_Moderate, PP3, PP2	14	Pathogenic	Pathogenic
186161	PTEN	PTEN VCEP	Uncertain significance	BP4, PM2_Supporting, PP2	1	Uncertain significance	Uncertain significance
184878	PTEN	PTEN VCEP	Uncertain significance	BP4, PM2_Supporting, PP2	1	Uncertain significance	Uncertain significance
127672	PTEN	PTEN VCEP	Likely benign	BS1	-4	Likely benign	Uncertain significance
127693	PTEN	PTEN VCEP	Likely benign	BP4, BS1, PP2	-4	Likely benign	Likely benign
127696	PTEN	PTEN VCEP	Uncertain significance	BS3_Supporting, BP4, BP5, PM2_Supporting, PP2	-1	Likely benign	Likely benign
127695	PTEN	PTEN VCEP	Likely benign	BS3_Supporting, BS1_Supporting, BP4, PP2	-2	Likely benign	Likely benign
40834	MAP2K2	RASopathy VCEP	Likely benign	BP7, BP4	-2	Likely benign	Likely benign
45304	HRAS	RASopathy VCEP	Uncertain significance	PP2	1	Uncertain significance	Uncertain significance
40575	RAF1	RASopathy VCEP	Benign	BP7, BP5, BP4, BA1	-3	Benign	Benign
-	PAH	Phenylketonuria VCEP	Likely pathogenic	PM5, PM2, PP4_Moderate, PP3	7	Likely pathogenic	Likely pathogenic
376018	RUNX1	Myeloid Malignancy VCEP	Pathogenic	PS4, PP1_Strong, PVS1, PM2_Supporting	17	Pathogenic	Pathogenic
545522	RUNX1	Myeloid Malignancy VCEP	Pathogenic	PM5_Supporting, PVS1, PS4_Supporting, PM2_Supporting	11	Pathogenic	Pathogenic
14467	RUNX1	Myeloid Malignancy VCEP	Pathogenic	PP1_Strong, PM5_Supporting, PVS1, PS4_Supporting, PM2_Supporting	15	Pathogenic	Pathogenic
561222	RUNX1	Myeloid Malignancy VCEP	Likely pathogenic	PVS1_Strong, PS3_Supporting, PS4_Supporting, PM2_Supporting	7	Likely pathogenic	Likely pathogenic
14465	RUNX1	Myeloid Malignancy VCEP	Pathogenic	PS3, PP1_Strong, PM1_Strong, PP3, PS4_Supporting, PM2_Supporting	15	Pathogenic	Pathogenic
429813	RUNX1	Myeloid Malignancy VCEP	Uncertain significance	PM1_Supporting, PP3, PP1, PS4_Supporting, BS3_Supporting	3	Uncertain significance	Uncertain significance
14468	RUNX1	Myeloid Malignancy VCEP	Pathogenic	PS3, PM1_Strong, PP3, PP1, PS4_Supporting, PM2_Supporting	12	Pathogenic	Pathogenic
14471	RUNX1	Myeloid Malignancy VCEP	Likely pathogenic	PM1_Supporting, PP1_Strong, PP3, PS4_Supporting, PM2_Supporting	8	Likely pathogenic	Likely pathogenic
417961	RUNX1	Myeloid Malignancy VCEP	Pathogenic	PS4_Moderate, PS3, PM1_Strong, PM6_Supporting, PP3, PP1, PM2_Supporting	14	Pathogenic	Pathogenic
212089	RUNX1	Myeloid Malignancy VCEP	Uncertain significance	PM1_Supporting, PP3, PM2_Supporting	3	Uncertain significance	Uncertain significance
14464	RUNX1	Myeloid Malignancy VCEP	Pathogenic	PS3, PS4, PM1_Strong, PP3, PP1, PM2_Supporting	15	Pathogenic	Pathogenic
666273	RUNX1	Myeloid Malignancy VCEP	Uncertain significance	PM2_Supporting, BP4	0	Uncertain significance	Uncertain significance
463988	RUNX1	Myeloid Malignancy VCEP	Pathogenic	PM5_Supporting, PVS1, PM2_Supporting, PS4_Supporting	11	Pathogenic	Pathogenic
14470	RUNX1	Myeloid Malignancy VCEP	Pathogenic	PM5_Supporting, PVS1, PM2_Supporting, PS4_Supporting	11	Pathogenic	Pathogenic
436616	RUNX1	Myeloid Malignancy VCEP	Pathogenic	PVS1, PP1, PS4_Supporting, PM2_Supporting	11	Pathogenic	Pathogenic
14463	RUNX1	Myeloid Malignancy VCEP	Pathogenic	PP1_Strong, PVS1, PM2, PS4_Supporting	15	Pathogenic	Pathogenic
409822	RUNX1	Myeloid Malignancy VCEP	Likely pathogenic	PVS1, PM2_Supporting	9	Likely pathogenic	Uncertain significance
14466	RUNX1	Myeloid Malignancy VCEP	Pathogenic	PS3, PP1_Strong, PP3, PS4_Supporting, PM2_Supporting	11	Pathogenic	Pathogenic
239052	RUNX1	Myeloid Malignancy VCEP	Likely benign	BS1, BP4	-5	Likely benign	Likely benign
239042	RUNX1	Myeloid Malignancy VCEP	Likely benign	BS1, BP7, BP4	-6	Likely benign	Likely benign
258184	RUNX1	Myeloid Malignancy VCEP	Benign	BP7, BP4, BP2, BA1	-3	Benign	Benign
463989	RUNX1	Myeloid Malignancy VCEP	Likely benign	BS1	-4	Likely benign	Uncertain significance
464002	RUNX1	Myeloid Malignancy VCEP	Benign	BA1, BP4	-1	Benign	Benign
464009	RUNX1	Myeloid Malignancy VCEP	Benign	BP4, BA1	-1	Benign	Benign
239039	RUNX1	Myeloid Malignancy VCEP	Benign	BA1	0	Benign	Benign
339875	RUNX1	Myeloid Malignancy VCEP	Benign	BS3, BP4, BA1	-5	Benign	Benign
258185	RUNX1	Myeloid Malignancy VCEP	Benign	BP7, BP2, BP4, BA1	-3	Benign	Benign
258186	RUNX1	Myeloid Malignancy VCEP	Benign	BA1, BP4, BP2	-2	Benign	Benign
239045	RUNX1	Myeloid Malignancy VCEP	Benign	BS3, BP2, BA1	-5	Benign	Benign
532664	RUNX1	Myeloid Malignancy VCEP	Pathogenic	PVS1_Strong, PP1_Strong, PM5_Supporting, PS4_Supporting, PS3_Moderate, PM2_Supporting	13	Pathogenic	Pathogenic
415832	RUNX1	Myeloid Malignancy VCEP	Likely benign	BS1	-4	Likely benign	Uncertain significance
339877	RUNX1	Myeloid Malignancy VCEP	Likely benign	BP7, BP4	-2	Likely benign	Likely benign
14469	RUNX1	Myeloid Malignancy VCEP	Likely benign	BS1, BS3, PP3	-7	Benign	Benign
339874	RUNX1	Myeloid Malignancy VCEP	Uncertain significance	PM2_Supporting	1	Uncertain significance	Uncertain significance
436611	RUNX1	Myeloid Malignancy VCEP	Likely benign	BP7, BS1, BP4	-6	Likely benign	Likely benign
532662	RUNX1	Myeloid Malignancy VCEP	Uncertain significance	PS4_Supporting, BP4	0	Uncertain significance	Uncertain significance
239040	RUNX1	Myeloid Malignancy VCEP	Likely benign	BS1	-4	Likely benign	Uncertain significance
436618	RUNX1	Myeloid Malignancy VCEP	Uncertain significance	PP3, PS3_Moderate, PS4_Supporting	4	Uncertain significance	Uncertain significance
239044	RUNX1	Myeloid Malignancy VCEP	Likely benign	BS1, BP2	-5	Likely benign	Likely benign
339878	RUNX1	Myeloid Malignancy VCEP	Likely benign	BP7, BP4	-2	Likely benign	Likely benign
532659	RUNX1	Myeloid Malignancy VCEP	Uncertain significance	PM1_Supporting, PP3, PM2_Supporting	3	Uncertain significance	Uncertain significance
561246	RUNX1	Myeloid Malignancy VCEP	Uncertain significance	PM1_Supporting, PP3, PM2_Supporting, PS4_Supporting	4	Uncertain significance	Uncertain significance
561243	RUNX1	Myeloid Malignancy VCEP	Likely pathogenic	PS4_Moderate, PM1_Supporting, PP3, PP1, PM2_Supporting	6	Likely pathogenic	Likely pathogenic
463994	RUNX1	Myeloid Malignancy VCEP	Uncertain significance	PM1_Supporting, PP3, PM2_Supporting	3	Uncertain significance	Uncertain significance
532671	RUNX1	Myeloid Malignancy VCEP	Uncertain significance	PM1_Supporting, PP3, PM2_Supporting	3	Uncertain significance	Uncertain significance
436617	RUNX1	Myeloid Malignancy VCEP	Likely pathogenic	PM1_Supporting, PS3, PP3, PM2_Supporting	7	Likely pathogenic	Likely pathogenic
561233	RUNX1	Myeloid Malignancy VCEP	Uncertain significance	PM1_Supporting, PM5_Supporting, PP3, PM2_Supporting, PS4_Supporting	5	Uncertain significance	Uncertain significance
666274	RUNX1	Myeloid Malignancy VCEP	Likely pathogenic	PM1_Supporting, PS3, PP3, PM2_Supporting	7	Likely pathogenic	Likely pathogenic
417477	RUNX1	Myeloid Malignancy VCEP	Likely pathogenic	PS4_Moderate, PVS1_Strong, PM2	8	Likely pathogenic	Likely pathogenic
463975	RUNX1	Myeloid Malignancy VCEP	Pathogenic	PS4, PVS1_Moderate, PP1_Strong, PM5_Supporting, PM2_Supporting	12	Pathogenic	Pathogenic
254081	RUNX1	Myeloid Malignancy VCEP	Likely pathogenic	PVS1_Strong, PP1, PS4_Supporting, PM2_Supporting	7	Likely pathogenic	Likely pathogenic
339876	RUNX1	Myeloid Malignancy VCEP	Benign	BP7, BA1, BP4, BP2	-3	Benign	Benign
120275	PAH	Phenylketonuria VCEP	Likely pathogenic	PP4_Moderate, PM2, PP3, PM3_Strong	9	Likely pathogenic	Likely pathogenic
102892	PAH	Phenylketonuria VCEP	Likely pathogenic	PP4_Moderate, PM2, PP3, PM3_Strong	9	Likely pathogenic	Likely pathogenic
-	PAH	Phenylketonuria VCEP	Likely pathogenic	PM3, PP4_Moderate, PM2, PP3	7	Likely pathogenic	Likely pathogenic
125436	PAH	Phenylketonuria VCEP	Likely pathogenic	PM2, PP4_Moderate, PM3_Strong	8	Likely pathogenic	Likely pathogenic
120278	PAH	Phenylketonuria VCEP	Likely pathogenic	PM3, PM2, PP3, PP4	6	Likely pathogenic	Likely pathogenic
102832	PAH	Phenylketonuria VCEP	Pathogenic	PM5, PM2, PP3, PP4, PM3_Strong	10	Pathogenic	Pathogenic
-	PAH	Phenylketonuria VCEP	Pathogenic	PM3_Supporting, PVS1, PM2, PP4	12	Pathogenic	Pathogenic
102749	PAH	Phenylketonuria VCEP	Uncertain significance	PM3_Supporting, PM2, PP4	4	Uncertain significance	Uncertain significance
102757	PAH	Phenylketonuria VCEP	Uncertain significance	PM2, PP4, PP3	4	Uncertain significance	Uncertain significance
-	PAH	Phenylketonuria VCEP	Likely pathogenic	PM3, PM2, PP4, PP3	6	Likely pathogenic	Likely pathogenic
-	PAH	Phenylketonuria VCEP	Pathogenic	PVS1, PM2, PP4	11	Pathogenic	Pathogenic
-	PAH	Phenylketonuria VCEP	Pathogenic	PM3_Supporting, PVS1, PM2, PP4_Moderate	13	Pathogenic	Pathogenic
-	PAH	Phenylketonuria VCEP	Pathogenic	PVS1, PM2, PP4	11	Pathogenic	Pathogenic
21385	GJB2	Hearing Loss VCEP	Uncertain significance	PS3_Moderate, PM3	4	Uncertain significance	Uncertain significance
444219	CDH23	Hearing Loss VCEP	Pathogenic	PP3, PM3_Very Strong, PM5	11	Pathogenic	Pathogenic
2356	USH2A	Hearing Loss VCEP	Pathogenic	PP4, PP3, PS4, PM3_Strong, PP1_Strong, BS1	10	Pathogenic	Pathogenic
48521	USH2A	Hearing Loss VCEP	Likely benign	BS1_Supporting, BP2	-2	Likely benign	Likely benign
-	PAH	Phenylketonuria VCEP	Pathogenic	PVS1, PP4_Moderate, PM2, PM3_Strong	16	Pathogenic	Pathogenic
102597	PAH	Phenylketonuria VCEP	Pathogenic	PVS1, PM2, PP4	11	Pathogenic	Pathogenic
120310	PAH	Phenylketonuria VCEP	Pathogenic	PVS1, PM2, PP4	11	Pathogenic	Pathogenic
611	PAH	Phenylketonuria VCEP	Pathogenic	PM2, PVS1, PP4	11	Pathogenic	Pathogenic
-	PAH	Phenylketonuria VCEP	Uncertain significance	PM2, PP4, PP3	4	Uncertain significance	Uncertain significance
102531	PAH	Phenylketonuria VCEP	Pathogenic	PVS1, PM2, PP4	11	Pathogenic	Pathogenic
-	PAH	Phenylketonuria VCEP	Pathogenic	PM2, PVS1, PP4	11	Pathogenic	Pathogenic
-	PAH	Phenylketonuria VCEP	Pathogenic	PVS1, PM2, PP4	11	Pathogenic	Pathogenic
-	PAH	Phenylketonuria VCEP	Pathogenic	PM3, PVS1, PM2, PP4	13	Pathogenic	Pathogenic
-	PAH	Phenylketonuria VCEP	Uncertain significance	PM2, PP4, PP3	4	Uncertain significance	Uncertain significance
-	PAH	Phenylketonuria VCEP	Pathogenic	PM3, PVS1, PM2, PP4	13	Pathogenic	Pathogenic
-	PAH	Phenylketonuria VCEP	Pathogenic	PVS1, PP4_Moderate, PM2	12	Pathogenic	Pathogenic
-	PAH	Phenylketonuria VCEP	Pathogenic	PM3, PP4_Moderate, PM2, PVS1	14	Pathogenic	Pathogenic
-	PAH	Phenylketonuria VCEP	Pathogenic	PM3, PP4_Moderate, PM2, PVS1	14	Pathogenic	Pathogenic
-	PAH	Phenylketonuria VCEP	Pathogenic	PVS1, PM2, PP4	11	Pathogenic	Pathogenic
102888	PAH	Phenylketonuria VCEP	Pathogenic	PM3, PVS1, PM2, PP4	13	Pathogenic	Pathogenic
-	PAH	Phenylketonuria VCEP	Uncertain significance	PM2, PP4	3	Uncertain significance	Uncertain significance
-	PAH	Phenylketonuria VCEP	Uncertain significance	PM2, PP4_Moderate	4	Uncertain significance	Uncertain significance
102607	PAH	Phenylketonuria VCEP	Uncertain significance	PM2, PP4_Moderate, PP3	5	Uncertain significance	Uncertain significance
102613	PAH	Phenylketonuria VCEP	Likely pathogenic	PM4, PM2, PP4, PM3_Strong	9	Likely pathogenic	Likely pathogenic
555212	PAH	Phenylketonuria VCEP	Pathogenic	PM3, PP1_Moderate, PVS1, PM2, PP4	15	Pathogenic	Pathogenic
2355	USH2A	Hearing Loss VCEP	Pathogenic	PP1, PP4, PM3_Very Strong	10	Pathogenic	Pathogenic
142469	CDH1	CDH1 VCEP	Likely benign	BS2	-4	Likely benign	Uncertain significance
387465	CDH1	CDH1 VCEP	Likely benign	BS2, BP4	-5	Likely benign	Likely benign
516511	CDH1	CDH1 VCEP	Likely benign	BS2_Supporting, PM2_Supporting, BP4	-1	Likely benign	Likely benign
140803	CDH1	CDH1 VCEP	Pathogenic	PVS1, PM5_Supporting, PM2_Supporting, PS4_Moderate	12	Pathogenic	Pathogenic
545785	CDH1	CDH1 VCEP	Pathogenic	PVS1, PM5_Supporting, PS4_Supporting, PM2_Supporting	11	Pathogenic	Pathogenic
582514	CDH1	CDH1 VCEP	Uncertain significance	PM2_Supporting	1	Uncertain significance	Uncertain significance
142633	CDH1	CDH1 VCEP	Benign	BA1	0	Benign	Benign
545738	CDH1	CDH1 VCEP	Pathogenic	PVS1, PM5_Supporting, PM2_Supporting, PS4_Supporting	11	Pathogenic	Pathogenic
578952	CDH1	CDH1 VCEP	Pathogenic	PVS1, PM5_Supporting, PM2_Supporting, PS4_Supporting	11	Pathogenic	Pathogenic
463743	CDH1	CDH1 VCEP	Pathogenic	PVS1, PM5_Supporting, PM2_Supporting	10	Pathogenic	Pathogenic
142888	CDH1	CDH1 VCEP	Pathogenic	PVS1, PM5_Supporting, PS4_Supporting, PM2_Supporting	11	Pathogenic	Pathogenic
142578	CDH1	CDH1 VCEP	Benign	BS1, BS2, BP2	-9	Benign	Benign
141206	CDH1	CDH1 VCEP	Pathogenic	PVS1_Strong, PP1_Moderate, PM5_Supporting, PM2_Supporting, PS4_Moderate	10	Pathogenic	Pathogenic
406669	CDH1	CDH1 VCEP	Pathogenic	PVS1, PM5_Supporting, PM2_Supporting	10	Pathogenic	Pathogenic
483251	CDH1	CDH1 VCEP	Pathogenic	PVS1, PM5_Supporting, PM2_Supporting	10	Pathogenic	Pathogenic
406628	CDH1	CDH1 VCEP	Pathogenic	PVS1, PM5_Supporting, PM2_Supporting, PS4_Moderate	12	Pathogenic	Pathogenic
406616	CDH1	CDH1 VCEP	Pathogenic	PVS1, PM5_Supporting, PS4_Supporting, PM2_Supporting	11	Pathogenic	Pathogenic
483227	CDH1	CDH1 VCEP	Pathogenic	PVS1, PM5_Supporting, PS4_Supporting, PM2_Supporting	11	Pathogenic	Pathogenic
422315	CDH1	CDH1 VCEP	Pathogenic	PVS1, PM5_Supporting, PM2_Supporting	10	Pathogenic	Pathogenic
463742	CDH1	CDH1 VCEP	Pathogenic	PVS1, PM5_Supporting, PM2_Supporting, PS4_Moderate	12	Pathogenic	Pathogenic
239891	CDH1	CDH1 VCEP	Pathogenic	PVS1, PM5_Supporting, PS4_Supporting, PM2_Supporting	11	Pathogenic	Pathogenic
231923	CDH1	CDH1 VCEP	Pathogenic	PVS1, PM5_Supporting, PS4_Supporting, PM2_Supporting	11	Pathogenic	Pathogenic
567608	CDH1	CDH1 VCEP	Pathogenic	PM5_Supporting, PS3_Supporting, PP1, PVS1_Strong, PM2_Supporting, PS4_Moderate	10	Pathogenic	Pathogenic
187239	CDH1	CDH1 VCEP	Pathogenic	PVS1, PM5_Supporting, PM2_Supporting, PS4_Moderate	12	Pathogenic	Pathogenic
233979	CDH1	CDH1 VCEP	Pathogenic	PM5_Supporting, PP1, PVS1_Strong, PS4, PS3	14	Pathogenic	Pathogenic
491543	CDH1	CDH1 VCEP	Likely benign	BS2_Supporting, BP4	-2	Likely benign	Likely benign
230451	CDH1	CDH1 VCEP	Pathogenic	PVS1, PM5_Supporting, PS4_Supporting, PM2_Supporting	11	Pathogenic	Pathogenic
156374	CDH1	CDH1 VCEP	Pathogenic	PVS1, PM5_Supporting, PS4_Supporting, PM2_Supporting	11	Pathogenic	Pathogenic
234595	CDH1	CDH1 VCEP	Pathogenic	PVS1, PM5_Supporting, PM2_Supporting	10	Pathogenic	Pathogenic
234594	CDH1	CDH1 VCEP	Pathogenic	PVS1, PM5_Supporting, PM2_Supporting	10	Pathogenic	Pathogenic
183750	CDH1	CDH1 VCEP	Pathogenic	PVS1, PM5_Supporting, PM2_Supporting	10	Pathogenic	Pathogenic
12240	CDH1	CDH1 VCEP	Pathogenic	PVS1, PM5_Supporting, PP1, PM2_Supporting, PS4_Supporting	12	Pathogenic	Pathogenic
406646	CDH1	CDH1 VCEP	Uncertain significance	PM2_Supporting	1	Uncertain significance	Uncertain significance
136692	CDH1	CDH1 VCEP	Benign	BA1	0	Benign	Benign
491538	CDH1	CDH1 VCEP	Pathogenic	PVS1, PM5_Supporting, PM2_Supporting	10	Pathogenic	Pathogenic
406644	CDH1	CDH1 VCEP	Pathogenic	PM5_Supporting, PVS1_Strong, PM2_Supporting, PS4, PS3	14	Pathogenic	Pathogenic
12234	CDH1	CDH1 VCEP	Pathogenic	PVS1, PM5_Supporting, PM2_Supporting	10	Pathogenic	Pathogenic
223660	CDH1	CDH1 VCEP	Benign	BA1	0	Benign	Benign
567085	CDH1	CDH1 VCEP	Pathogenic	PVS1, PM5_Supporting, PM2_Supporting	10	Pathogenic	Pathogenic
182393	CDH1	CDH1 VCEP	Pathogenic	PVS1, PM5_Supporting, PM2_Supporting	10	Pathogenic	Pathogenic
223658	CDH1	CDH1 VCEP	Benign	BA1	0	Benign	Benign
230948	CDH1	CDH1 VCEP	Uncertain significance	PM2_Supporting	1	Uncertain significance	Uncertain significance
419385	CDH1	CDH1 VCEP	Uncertain significance	PM2_Supporting	1	Uncertain significance	Uncertain significance
182377	CDH1	CDH1 VCEP	Likely benign	BP7, BS2, BP4	-6	Likely benign	Likely benign
141661	CDH1	CDH1 VCEP	Uncertain significance	PVS1_Moderate, BS2_Supporting, PS3_Supporting	2	Uncertain significance	Uncertain significance
496819	CDH1	CDH1 VCEP	Uncertain significance	PVS1_Moderate, PM2_Supporting	3	Uncertain significance	Uncertain significance
428618	CDH1	CDH1 VCEP	Likely pathogenic	PM5_Supporting, PVS1_Strong, PM2_Supporting, PS4_Moderate	8	Likely pathogenic	Likely pathogenic
492677	CDH1	CDH1 VCEP	Pathogenic	PVS1, PM5_Supporting, PS4_Supporting, PM2_Supporting	11	Pathogenic	Pathogenic
12236	CDH1	CDH1 VCEP	Likely pathogenic	PVS1_Strong, PM2_Supporting, PS4_Supporting	6	Likely pathogenic	Likely pathogenic
185408	CDH1	CDH1 VCEP	Pathogenic	PVS1, PM5_Supporting, PM2_Supporting	10	Pathogenic	Pathogenic
230956	CDH1	CDH1 VCEP	Pathogenic	PVS1, PM5_Supporting, PS4_Supporting, PM2_Supporting	11	Pathogenic	Pathogenic
12239	CDH1	CDH1 VCEP	Pathogenic	PVS1, PM5_Supporting, PM2_Supporting, PS4_Moderate	12	Pathogenic	Pathogenic
548782	CDH1	CDH1 VCEP	Pathogenic	PVS1, PM5_Supporting, PM2_Supporting	10	Pathogenic	Pathogenic
179479	MYO7A	Hearing Loss VCEP	Pathogenic	PP3, PP4, PM2, PM3_Strong, PM5	10	Pathogenic	Pathogenic
141951	CDH1	CDH1 VCEP	Uncertain significance	PVS1_Moderate, PM2_Supporting	3	Uncertain significance	Uncertain significance
183998	CDH1	CDH1 VCEP	Likely benign	BS2	-4	Likely benign	Uncertain significance
239909	CDH1	CDH1 VCEP	Uncertain significance	PM2_Supporting	1	Uncertain significance	Uncertain significance
428628	CDH1	CDH1 VCEP	Likely pathogenic	PVS1_Strong, PM5_Supporting, PM2_Supporting	6	Likely pathogenic	Likely pathogenic
279747	CDH1	CDH1 VCEP	Pathogenic	PVS1_Strong, PM5_Supporting, PM2_Supporting, PS4_Moderate, PS3	12	Pathogenic	Pathogenic
186618	CDH1	CDH1 VCEP	Likely pathogenic	PVS1_Strong, PM5_Supporting, PS4_Supporting, PM2_Supporting	7	Likely pathogenic	Likely pathogenic
127907	CDH1	CDH1 VCEP	Likely benign	BS2, BP2	-5	Likely benign	Likely benign
136059	CDH1	CDH1 VCEP	Likely benign	BP7, BS2, BP4	-6	Likely benign	Likely benign
183842	CDH1	CDH1 VCEP	Likely benign	BP7, BS2	-5	Likely benign	Likely benign
12231	CDH1	CDH1 VCEP	Likely benign	BS2, PM2_Supporting	-3	Likely benign	Uncertain significance
43528	SLC26A4	Hearing Loss VCEP	Likely pathogenic	PP1, PP4, PM2_Supporting, PM3	5	Uncertain significance	Uncertain significance
43527	SLC26A4	Hearing Loss VCEP	Uncertain significance	PP3, BS1	-3	Likely benign	Uncertain significance
255733	PAH	Phenylketonuria VCEP	Uncertain significance	BS1, PP4	-3	Likely benign	Uncertain significance
616	PAH	Phenylketonuria VCEP	Likely pathogenic	PP4, PP3, PM3_Strong	6	Likely pathogenic	Likely pathogenic
430401	PAH	Phenylketonuria VCEP	Uncertain significance	PM5, PM2, PP3	5	Uncertain significance	Uncertain significance
194161	PAH	Phenylketonuria VCEP	Likely pathogenic	PM4, PP4_Moderate, PM2_Supporting, PM3_Strong	9	Likely pathogenic	Likely pathogenic
102565	PAH	Phenylketonuria VCEP	Likely pathogenic	PM3, PP4_Moderate, PM2, PP3	7	Likely pathogenic	Likely pathogenic
439227	PAH	Phenylketonuria VCEP	Uncertain significance	BP7	-1	Likely benign	Uncertain significance
102674	PAH	Phenylketonuria VCEP	Uncertain significance	PM3_Supporting, PM2, PP3, PP4	5	Uncertain significance	Uncertain significance
102633	PAH	Phenylketonuria VCEP	Likely pathogenic	PM3, PP4_Moderate, PM2, PP3	7	Likely pathogenic	Likely pathogenic
120292	PAH	Phenylketonuria VCEP	Pathogenic	PM3, PVS1, PM2, PP4	13	Pathogenic	Pathogenic
120296	PAH	Phenylketonuria VCEP	Pathogenic	PVS1, PP4_Moderate, PM2	12	Pathogenic	Pathogenic
120268	PAH	Phenylketonuria VCEP	Pathogenic	PVS1, PM2, PP4	11	Pathogenic	Pathogenic
102608	PAH	Phenylketonuria VCEP	Uncertain significance	PM3_Supporting, PM2, PP4	4	Uncertain significance	Uncertain significance
43558	SLC26A4	Hearing Loss VCEP	Benign	BA1, BP4, BP7	-2	Benign	Benign
229304	TECTA	Hearing Loss VCEP	Likely benign	BP4, BP7	-2	Likely benign	Likely benign
43517	SLC26A4	Hearing Loss VCEP	Likely benign	BS1_Supporting, BP4, BP7	-3	Likely benign	Likely benign
40842	MAP2K2	RASopathy VCEP	Uncertain significance	BP5, PP2	0	Uncertain significance	Uncertain significance
45353	SOS1	RASopathy VCEP	Benign	BP5, BA1	-1	Benign	Benign
180895	MAP2K1	RASopathy VCEP	Likely benign	BP7, BP4	-2	Likely benign	Likely benign
181510	RAF1	RASopathy VCEP	Uncertain significance	BS2	-4	Likely benign	Uncertain significance
180859	KRAS	RASopathy VCEP	Uncertain significance	PM2, PP2	3	Uncertain significance	Uncertain significance
830078	SOS1	RASopathy VCEP	Uncertain significance	PS4_Supporting, PM2_Supporting, PS3_Supporting, PP2, PP3	5	Uncertain significance	Uncertain significance
438172	MYO7A	Hearing Loss VCEP	Likely pathogenic	PP3, PP1_Strong, PM3	7	Likely pathogenic	Likely pathogenic
45366	SOS1	RASopathy VCEP	Uncertain significance	PP2	1	Uncertain significance	Uncertain significance
4928	CDH23	Hearing Loss VCEP	Pathogenic	PM2_Supporting, PM3_Strong, PS4, PP1_Strong	13	Pathogenic	Pathogenic
590799	GJB2	Hearing Loss VCEP	Pathogenic	PP3, PS4, PP1_Strong, PM3_Supporting	10	Pathogenic	Pathogenic
-	PAH	Phenylketonuria VCEP	Pathogenic	PVS1, PP4_Moderate, PM2	12	Pathogenic	Pathogenic
-	PAH	Phenylketonuria VCEP	Pathogenic	PP4_Moderate, PP3, PM3_Very Strong	11	Pathogenic	Pathogenic
4926	CDH23	Hearing Loss VCEP	Uncertain significance	PP3	1	Uncertain significance	Uncertain significance
177913	USH2A	Hearing Loss VCEP	Likely benign	BS1	-4	Likely benign	Uncertain significance
48503	USH2A	Hearing Loss VCEP	Likely pathogenic	PM2_Supporting, PVS1	9	Likely pathogenic	Uncertain significance
48464	USH2A	Hearing Loss VCEP	Benign	BP4, BA1	-1	Benign	Benign
166435	USH2A	Hearing Loss VCEP	Likely benign	BS1	-4	Likely benign	Uncertain significance
48509	USH2A	Hearing Loss VCEP	Benign	BA1	0	Benign	Benign
-	PAH	Phenylketonuria VCEP	Pathogenic	PVS1, PM2, PP4_Moderate	12	Pathogenic	Pathogenic
-	PAH	Phenylketonuria VCEP	Pathogenic	PVS1, PP4_Moderate, PM2	12	Pathogenic	Pathogenic
-	PAH	Phenylketonuria VCEP	Pathogenic	PP4_Moderate, PM2, PVS1	12	Pathogenic	Pathogenic
604	PAH	Phenylketonuria VCEP	Pathogenic	PM4, PM2, PP4_Moderate, PM3_Strong	10	Pathogenic	Pathogenic
102672	PAH	Phenylketonuria VCEP	Pathogenic	PP4_Moderate, PM2, PM3_Very Strong	12	Pathogenic	Pathogenic
438177	MYO7A	Hearing Loss VCEP	Likely pathogenic	PP3, PP4, PM2_Supporting, PM3_Strong	7	Likely pathogenic	Likely pathogenic
430229	SLC26A4	Hearing Loss VCEP	Uncertain significance	PP3, PP4, PM2_Supporting, PM5	5	Uncertain significance	Uncertain significance
179773	USH2A	Hearing Loss VCEP	Pathogenic	PP3, PM3_Very Strong, PP1_Strong	13	Pathogenic	Pathogenic
48395	USH2A	Hearing Loss VCEP	Pathogenic	PP4, PM2_Supporting, PM3_Strong, PVS1_Strong	10	Pathogenic	Pathogenic
226441	USH2A	Hearing Loss VCEP	Uncertain significance	PM2_Supporting, PM3	3	Uncertain significance	Uncertain significance
197422	CDH23	Hearing Loss VCEP	Likely benign	BP4, BS1	-5	Likely benign	Likely benign
43521	SLC26A4	Hearing Loss VCEP	Likely pathogenic	PP3, PP4, PM3_Strong	6	Likely pathogenic	Likely pathogenic
43186	MYO7A	Hearing Loss VCEP	Likely pathogenic	PP3, PM2_Supporting, PS4_Supporting, PP1_Strong	7	Likely pathogenic	Likely pathogenic
48544	USH2A	Hearing Loss VCEP	Likely pathogenic	PP4, PM2_Supporting, PVS1_Moderate, PM3	6	Likely pathogenic	Likely pathogenic
227949	SLC26A4	Hearing Loss VCEP	Likely benign	BS1_Supporting, BP4, BS3_Supporting	-3	Likely benign	Likely benign
48417	USH2A	Hearing Loss VCEP	Uncertain significance	BP4, PM3_Supporting	0	Uncertain significance	Uncertain significance
429984	GJB2	Hearing Loss VCEP	Likely pathogenic	PP3, PM2_Supporting, PM3_Strong	6	Likely pathogenic	Likely pathogenic
290125	SOS1	RASopathy VCEP	Uncertain significance	BS2	-4	Likely benign	Uncertain significance
-	HRAS	RASopathy VCEP	Benign	BA1	0	Benign	Benign
282591	SOS1	RASopathy VCEP	Likely benign	BP7, BP4	-2	Likely benign	Likely benign
44629	RAF1	RASopathy VCEP	Benign	BP5, BP7, BP4, BA1	-3	Benign	Benign
177950	SOS1	RASopathy VCEP	Benign	BP7, BP4, BA1	-2	Benign	Benign
40573	RAF1	RASopathy VCEP	Benign	BP7, BP5, BA1, BP4	-3	Benign	Benign
40576	RAF1	RASopathy VCEP	Benign	BP7, BP4, BA1	-2	Benign	Benign
163771	KRAS	RASopathy VCEP	Benign	BP7, BP4, BA1	-2	Benign	Benign
-	PAH	Phenylketonuria VCEP	Uncertain significance	PP4_Moderate, PM2, BP4	3	Uncertain significance	Uncertain significance
-	PAH	Phenylketonuria VCEP	Pathogenic	PM3_Supporting, PVS1, PM2, PP4_Moderate	13	Pathogenic	Pathogenic
102589	PAH	Phenylketonuria VCEP	Likely pathogenic	PP4_Moderate, PM2, PP3, PM3_Strong	9	Likely pathogenic	Likely pathogenic
-	PAH	Phenylketonuria VCEP	Uncertain significance	PM2, PP4_Moderate, PP3	5	Uncertain significance	Uncertain significance
102590	PAH	Phenylketonuria VCEP	Pathogenic	PM2, PP4_Moderate, PM3_Very Strong	12	Pathogenic	Pathogenic
585208	PAH	Phenylketonuria VCEP	Likely pathogenic	PM5, PP3_Strong, PM2_Supporting	7	Likely pathogenic	Likely pathogenic
120293	PAH	Phenylketonuria VCEP	Uncertain significance	PM2, PP3	3	Uncertain significance	Uncertain significance
585207	PAH	Phenylketonuria VCEP	Benign	BP7, BA1	-1	Benign	Benign
120295	PAH	Phenylketonuria VCEP	Uncertain significance	PM3, PM2, PP4	5	Uncertain significance	Uncertain significance
120294	PAH	Phenylketonuria VCEP	Uncertain significance	PM2, PP3	3	Uncertain significance	Uncertain significance
549954	PAH	Phenylketonuria VCEP	Uncertain significance	PP4_Moderate, PM2, PP3	5	Uncertain significance	Uncertain significance
-	PAH	Phenylketonuria VCEP	Uncertain significance	PP4_Moderate, PM2, PP3	5	Uncertain significance	Uncertain significance
-	PAH	Phenylketonuria VCEP	Uncertain significance	PP4_Moderate, PM2, PP3	5	Uncertain significance	Uncertain significance
872832	PAH	Phenylketonuria VCEP	Likely pathogenic	PM5, PP3_Strong, PP4_Moderate, PM2_Supporting	9	Likely pathogenic	Likely pathogenic
-	PAH	Phenylketonuria VCEP	Uncertain significance	PP4_Moderate, PM2, PP3	5	Uncertain significance	Uncertain significance
872834	PAH	Phenylketonuria VCEP	Likely pathogenic	PM3_Supporting, PM5_Supporting, PP3_Strong, PP4_Moderate, PM2_Supporting	9	Likely pathogenic	Likely pathogenic
164724	MYO7A	Hearing Loss VCEP	Likely pathogenic	PP3, PP4, PM2_Supporting, PM3_Strong, PP1_Moderate	9	Likely pathogenic	Likely pathogenic
178667	MYO7A	Hearing Loss VCEP	Likely pathogenic	PP3, PP1, PP4, PM2_Supporting, PM3	6	Likely pathogenic	Likely pathogenic
43335	MYO7A	Hearing Loss VCEP	Likely pathogenic	PP3, PP4, PM2_Supporting, PM3	5	Uncertain significance	Uncertain significance
43541	SLC26A4	Hearing Loss VCEP	Likely pathogenic	PP4, PM3_Strong, PS3_Supporting	6	Likely pathogenic	Likely pathogenic
208366	KCNQ4	Hearing Loss VCEP	Pathogenic	PM2_Supporting, PS4_Supporting, PS3_Moderate, PP1_Strong, PM4	10	Pathogenic	Pathogenic
43292	MYO7A	Hearing Loss VCEP	Pathogenic	PP1, PP4, PP3, PM2_Supporting, PM3_Strong, PM5	10	Pathogenic	Pathogenic
422345	CDH23	Hearing Loss VCEP	Uncertain significance	PP3, PP4, PM2_Supporting, PM3	5	Uncertain significance	Uncertain significance
228484	CDH23	Hearing Loss VCEP	Uncertain significance	PP3, PP4, PM3	4	Uncertain significance	Uncertain significance
228500	CDH23	Hearing Loss VCEP	Uncertain significance	PP3, PM2	3	Uncertain significance	Uncertain significance
44607	PTPN11	RASopathy VCEP	Likely benign	BP5, BS1	-5	Likely benign	Likely benign
44630	RAF1	RASopathy VCEP	Likely benign	BP7, BP4	-2	Likely benign	Likely benign
44598	PTPN11	RASopathy VCEP	Likely benign	BP7, BP2, BP4	-3	Likely benign	Likely benign
229175	RAF1	RASopathy VCEP	Likely benign	BS1, BP5	-5	Likely benign	Likely benign
181547	SOS1	RASopathy VCEP	Uncertain significance	BS2	-4	Likely benign	Uncertain significance
-	SHOC2	RASopathy VCEP	Uncertain significance	PM2, PP2, PS4_Supporting	4	Uncertain significance	Uncertain significance
428277	PTEN	PTEN VCEP	Pathogenic	PS3, PM2, PM1, PS4_Supporting, PP2	10	Pathogenic	Pathogenic
135911	PTEN	PTEN VCEP	Likely benign	BP4, BS1	-5	Likely benign	Likely benign
127684	PTEN	PTEN VCEP	Likely benign	BS2_Supporting, BS1	-5	Likely benign	Likely benign
142878	PTEN	PTEN VCEP	Uncertain significance	BP4	-1	Likely benign	Uncertain significance
92817	PTEN	PTEN VCEP	Benign	BA1	0	Benign	Benign
40498	PTPN11	RASopathy VCEP	Pathogenic	PS2_Very Strong, PM2, PM1, PP3, PP2, PS4	18	Pathogenic	Pathogenic
336021	SOS1	RASopathy VCEP	Likely benign	BP5, BP4	-2	Likely benign	Likely benign
279960	MAP2K2	RASopathy VCEP	Uncertain significance	BP5	-1	Likely benign	Uncertain significance
13341	PTPN11	RASopathy VCEP	Uncertain significance	PP2	1	Uncertain significance	Uncertain significance
484600	PTEN	PTEN VCEP	Pathogenic	PS4_Moderate, PM6, PM2, PVS1	14	Pathogenic	Pathogenic
142018	PTEN	PTEN VCEP	Pathogenic	PS3, PM2, PM1, PS4_Supporting, PP2	10	Pathogenic	Pathogenic
234144	PTEN	PTEN VCEP	Pathogenic	PS2, PS4_Moderate, PM2, PM4	10	Pathogenic	Pathogenic
189497	PTEN	PTEN VCEP	Likely benign	BP5, BS1	-5	Likely benign	Likely benign
183876	PTEN	PTEN VCEP	Likely benign	BP4, BS1_Supporting, BP7	-3	Likely benign	Likely benign
404168	PTEN	PTEN VCEP	Pathogenic	PS4, PS3, PM6, PM2, PP2	13	Pathogenic	Pathogenic
102573	PAH	Phenylketonuria VCEP	Likely pathogenic	PP3_Moderate, PM3, PP4, PM2_Supporting	6	Likely pathogenic	Likely pathogenic
629	PAH	Phenylketonuria VCEP	Pathogenic	PP4_Moderate, PM2, PM3_Very Strong, PS3	16	Pathogenic	Pathogenic
102680	PAH	Phenylketonuria VCEP	Likely pathogenic	PM3, PM2, PP4, PP3	6	Likely pathogenic	Likely pathogenic
102685	PAH	Phenylketonuria VCEP	Likely pathogenic	PM3, PP4_Moderate, PM2, PP3	7	Likely pathogenic	Likely pathogenic
-	PAH	Phenylketonuria VCEP	Likely pathogenic	PM3_Supporting, PM2, PP3, PP4, PS1	9	Likely pathogenic	Likely pathogenic
102915	PAH	Phenylketonuria VCEP	Pathogenic	PP4_Moderate, PM2, PP3, PM3_Very Strong	13	Pathogenic	Pathogenic
872836	PAH	Phenylketonuria VCEP	Likely pathogenic	PM3, PP4_Moderate, PP3, PM2_Supporting	6	Likely pathogenic	Likely pathogenic
427599	PTEN	PTEN VCEP	Likely pathogenic	PM6_Strong, PS4_Supporting, PM2_Supporting, PP3	7	Likely pathogenic	Likely pathogenic
184020	PTEN	PTEN VCEP	Likely benign	BP4, BS1_Supporting	-2	Likely benign	Likely benign
428256	PTEN	PTEN VCEP	Pathogenic	PS3, PS2, PM2, PS4_Supporting, PP2	12	Pathogenic	Pathogenic
127688	PTEN	PTEN VCEP	Uncertain significance	PM2_Supporting, PS3_Moderate, PP2, PP3	5	Uncertain significance	Uncertain significance
189415	PTEN	PTEN VCEP	Pathogenic	PM6_Strong, PS3_Moderate, PM2_Supporting, PS4_Supporting, PP2, PP3	10	Pathogenic	Pathogenic
404160	PTEN	PTEN VCEP	Likely pathogenic	PM6_Strong, PS3_Moderate, PM2_Supporting, PP2, PP3	9	Likely pathogenic	Likely pathogenic
418653	PTEN	PTEN VCEP	Likely pathogenic	PM6, PS4_Supporting, PM2_Supporting, PS3_Moderate, PP2, PP3	8	Likely pathogenic	Likely pathogenic
421055	PTEN	PTEN VCEP	Uncertain significance	PM4, PM2_Supporting	3	Uncertain significance	Uncertain significance
240838	SHOC2	RASopathy VCEP	Benign	BS4, BS2, BP4	-9	Benign	Benign
-	RUNX1	Myeloid Malignancy VCEP	Likely pathogenic	PM2, PP3, PP1, PS4_Supporting, PM1	7	Likely pathogenic	Likely pathogenic
-	RUNX1	Myeloid Malignancy VCEP	Likely pathogenic	PS3, PS2_Supporting, PM2, PS4_Supporting	8	Likely pathogenic	Likely pathogenic
561253	RUNX1	Myeloid Malignancy VCEP	Pathogenic	PS4_Moderate, PM1_Strong, PP1_Strong, PP3, PM2_Supporting	12	Pathogenic	Pathogenic
627342	RUNX1	Myeloid Malignancy VCEP	Likely pathogenic	PS4_Moderate, PM5_Supporting, PP3, PM2_Supporting, PM1	7	Likely pathogenic	Likely pathogenic
869209	RUNX1	Myeloid Malignancy VCEP	Pathogenic	PM5_Supporting, PVS1, PS4_Supporting, PM2_Supporting	11	Pathogenic	Pathogenic
869210	RUNX1	Myeloid Malignancy VCEP	Likely pathogenic	PM1_Supporting, PS4_Moderate, PP3, PP1, PM2_Supporting	6	Likely pathogenic	Likely pathogenic
618862	RUNX1	Myeloid Malignancy VCEP	Pathogenic	PS4_Moderate, PVS1_Strong, PP1_Strong, PM5_Supporting, PM2_Supporting	12	Pathogenic	Pathogenic
415828	RUNX1	Myeloid Malignancy VCEP	Benign	BP7, BP4, BA1	-2	Benign	Benign
532683	RUNX1	Myeloid Malignancy VCEP	Likely benign	BP7, PM2_Supporting, BP4	-1	Likely benign	Likely benign
464005	RUNX1	Myeloid Malignancy VCEP	Likely benign	BP7, PM2_Supporting, BP4	-1	Likely benign	Likely benign
415836	RUNX1	Myeloid Malignancy VCEP	Likely benign	BP7, BP4	-2	Likely benign	Likely benign
463996	RUNX1	Myeloid Malignancy VCEP	Benign	BS1, BP7, BP4	-6	Likely benign	Likely benign
339797	RUNX1	Myeloid Malignancy VCEP	Benign	BP2, BA1	-1	Benign	Benign
339805	RUNX1	Myeloid Malignancy VCEP	Benign	BP2, BA1	-1	Benign	Benign
339809	RUNX1	Myeloid Malignancy VCEP	Benign	BP2, BA1	-1	Benign	Benign
339810	RUNX1	Myeloid Malignancy VCEP	Benign	BP2, BA1	-1	Benign	Benign
339822	RUNX1	Myeloid Malignancy VCEP	Benign	BP2, BA1	-1	Benign	Benign
339830	RUNX1	Myeloid Malignancy VCEP	Benign	BP2, BA1	-1	Benign	Benign
186050	CDH1	CDH1 VCEP	Likely benign	BP7, BS2_Supporting, PM2_Supporting	-1	Likely benign	Likely benign
223655	CDH1	CDH1 VCEP	Benign	BA1	0	Benign	Benign
259293	CDH1	CDH1 VCEP	Benign	BA1	0	Benign	Benign
234282	CDH1	CDH1 VCEP	Uncertain significance	PM2_Supporting	1	Uncertain significance	Uncertain significance
422227	CDH1	CDH1 VCEP	Uncertain significance	PM2_Supporting	1	Uncertain significance	Uncertain significance
142294	CDH1	CDH1 VCEP	Likely benign	BS2, BP4	-5	Likely benign	Likely benign
132720	CDH1	CDH1 VCEP	Benign	BP2, BA1	-1	Benign	Benign
420004	CDH1	CDH1 VCEP	Pathogenic	PVS1, PM5_Supporting, PS4_Supporting, PM2_Supporting	11	Pathogenic	Pathogenic
463795	CDH1	CDH1 VCEP	Pathogenic	PM5_Supporting, PVS1_Strong, PM2_Supporting, PS3, PS4_Moderate	12	Pathogenic	Pathogenic
437928	CDH1	CDH1 VCEP	Pathogenic	PVS1, PM5_Supporting, PM2_Supporting, PS4_Supporting	11	Pathogenic	Pathogenic
229907	CDH1	CDH1 VCEP	Pathogenic	PVS1, PM5_Supporting, PM2_Supporting, PS4_Supporting	11	Pathogenic	Pathogenic
231528	CDH1	CDH1 VCEP	Pathogenic	PVS1, PM5_Supporting, PM2_Supporting, PS4_Moderate	12	Pathogenic	Pathogenic
224528	CDH1	CDH1 VCEP	Pathogenic	PVS1, PM5_Supporting, PM2_Supporting, PS4_Supporting	11	Pathogenic	Pathogenic
428620	CDH1	CDH1 VCEP	Pathogenic	PVS1, PM5_Supporting, PS4_Supporting, PM2_Supporting	11	Pathogenic	Pathogenic
220776	CDH1	CDH1 VCEP	Pathogenic	PVS1, PM5_Supporting, PM2_Supporting, PS4_Supporting	11	Pathogenic	Pathogenic
428626	CDH1	CDH1 VCEP	Pathogenic	PVS1, PM5_Supporting, PS4_Supporting, PM2_Supporting	11	Pathogenic	Pathogenic
463772	CDH1	CDH1 VCEP	Pathogenic	PVS1, PM5_Supporting, PM2_Supporting	10	Pathogenic	Pathogenic
406624	CDH1	CDH1 VCEP	Pathogenic	PP3_Moderate, PVS1_Strong, PP1_Moderate, PM5_Supporting, PM2_Supporting, PS4	14	Pathogenic	Pathogenic
463790	CDH1	CDH1 VCEP	Uncertain significance	BS2_Supporting, PM5_Supporting, PVS1_Strong, PM2_Supporting	5	Uncertain significance	Likely pathogenic
569046	CDH1	CDH1 VCEP	Pathogenic	PVS1, PM5_Supporting, PM2_Supporting	10	Pathogenic	Pathogenic
239903	CDH1	CDH1 VCEP	Pathogenic	PVS1, PM5_Supporting, PS4_Supporting, PM2_Supporting	11	Pathogenic	Pathogenic
463781	CDH1	CDH1 VCEP	Pathogenic	PVS1, PM5_Supporting, PM2_Supporting	10	Pathogenic	Pathogenic
418533	USH2A	Hearing Loss VCEP	Likely pathogenic	PP3, PP4, PM2_Supporting, PM3_Strong, PM5	9	Likely pathogenic	Likely pathogenic
281818	USH2A	Hearing Loss VCEP	Likely pathogenic	PP4, PM3_Very Strong	9	Likely pathogenic	Uncertain significance
92488	GAA	Lysosomal Diseases VCEP	Benign	BA1	0	Benign	Benign
284497	GAA	Lysosomal Diseases VCEP	Benign	BA1	0	Benign	Benign
133312	USH2A	Hearing Loss VCEP	Pathogenic	PP4, PM3_Very Strong, PM2_Supporting	10	Pathogenic	Pathogenic
92476	GAA	Lysosomal Diseases VCEP	Benign	BA1	0	Benign	Benign
92477	GAA	Lysosomal Diseases VCEP	Benign	BA1	0	Benign	Benign
92482	GAA	Lysosomal Diseases VCEP	Benign	BA1	0	Benign	Benign
92484	GAA	Lysosomal Diseases VCEP	Benign	BA1	0	Benign	Benign
188477	GAA	Lysosomal Diseases VCEP	Benign	BA1	0	Benign	Benign
92485	GAA	Lysosomal Diseases VCEP	Benign	BA1	0	Benign	Benign
92481	GAA	Lysosomal Diseases VCEP	Benign	BA1	0	Benign	Benign
92461	GAA	Lysosomal Diseases VCEP	Benign	BA1	0	Benign	Benign
196222	GAA	Lysosomal Diseases VCEP	Uncertain significance	BP4	-1	Likely benign	Uncertain significance
325774	GAA	Lysosomal Diseases VCEP	Uncertain significance	PM2_Supporting, BP4	0	Uncertain significance	Uncertain significance
557429	GAA	Lysosomal Diseases VCEP	Likely pathogenic	PVS1_Strong, PS1_Supporting, PM2_Supporting	6	Likely pathogenic	Likely pathogenic
182946	TP53	TP53 VCEP	Likely benign	BP4, BS3, BS2, PM2_Supporting	-8	Benign	Benign
140782	TP53	TP53 VCEP	Likely benign	BP4, BS3, PM2_Supporting	-4	Likely benign	Likely benign
230112	TP53	TP53 VCEP	Uncertain significance	BP4, PM2_Supporting	0	Uncertain significance	Uncertain significance
127821	TP53	TP53 VCEP	Benign	BP4, BS3, BS4, BS2	-13	Benign	Benign
406578	TP53	TP53 VCEP	Pathogenic	PS3, PS2_Moderate, PM1, PS1_Moderate, PP4_Moderate, PM2_Supporting	13	Pathogenic	Pathogenic
127819	TP53	TP53 VCEP	Pathogenic	PS3, PS4, PP3_Moderate, PP1_Strong, PM1, PS2_Moderate, PP4_Moderate, PM2_Supporting	21	Pathogenic	Pathogenic
142766	TP53	TP53 VCEP	Pathogenic	PS3, PS4, PP3_Moderate, PM1, PP4_Moderate, PP1, PM2_Supporting	16	Pathogenic	Pathogenic
245711	TP53	TP53 VCEP	Likely pathogenic	PS4, PP3, PS3_Moderate, PM2_Supporting	8	Likely pathogenic	Likely pathogenic
233951	TP53	TP53 VCEP	Pathogenic	PS3, PM1, PP4_Moderate, PS4_Supporting, PM2_Supporting	10	Pathogenic	Pathogenic
127814	TP53	TP53 VCEP	Pathogenic	PS3, PS2, PP3_Moderate, PM1, PP4_Moderate, PS4_Supporting, PM2_Supporting	16	Pathogenic	Pathogenic
376615	TP53	TP53 VCEP	Pathogenic	PS3, PM1, PP4_Moderate, PM2_Supporting, PS4_Supporting	10	Pathogenic	Pathogenic
12375	TP53	TP53 VCEP	Likely pathogenic	PS3, PP3_Moderate, PM2_Supporting, PS4_Supporting	8	Likely pathogenic	Likely pathogenic
93323	TP53	TP53 VCEP	Pathogenic	PVS1, PP4, PM2_Supporting, PS4_Supporting	11	Pathogenic	Pathogenic
12347	TP53	TP53 VCEP	Pathogenic	PS3, PS2, PS4, PP1_Strong, PP3_Moderate, PM1, PM5, PP4_Moderate, PM2_Supporting	25	Pathogenic	Pathogenic
43587	TP53	TP53 VCEP	Pathogenic	PS3, PS4, PP1_Moderate, PM2_Supporting	11	Pathogenic	Pathogenic
230253	TP53	TP53 VCEP	Pathogenic	PS3, PM5_Strong, PP3_Moderate, PM1, PS2_Supporting, PP4_Moderate, PP1, PS4_Supporting, PM2_Supporting	18	Pathogenic	Pathogenic
482223	TP53	TP53 VCEP	Pathogenic	PS3, PM1_Supporting, PP3_Moderate, PS2_Moderate, PM2_Supporting, PS4_Supporting	11	Pathogenic	Pathogenic
376563	TP53	TP53 VCEP	Pathogenic	PS3, PM1_Supporting, PP3_Moderate, PP4_Moderate, PM2_Supporting	10	Pathogenic	Pathogenic
428898	TP53	TP53 VCEP	Likely pathogenic	PVS1_Strong, PP1, PM2_Supporting, PS4_Supporting	7	Likely pathogenic	Likely pathogenic
80708	TP53	TP53 VCEP	Likely benign	BP4, BS3, BS2, PM2_Supporting	-8	Benign	Benign
458537	TP53	TP53 VCEP	Pathogenic	PS2, PVS1, PM2_Supporting	13	Pathogenic	Pathogenic
804214	TP53	TP53 VCEP	Pathogenic	PS3, PS2, PM1_Supporting, PP3, PM2_Supporting	11	Pathogenic	Pathogenic
142386	TP53	TP53 VCEP	Benign	BP4, BS3, BS2	-9	Benign	Benign
140786	TP53	TP53 VCEP	Benign	BP4, BS3_Supporting, BS1, BS2	-10	Benign	Benign
186363	TP53	TP53 VCEP	Benign	BP4, BS3, BS2, PM2_Supporting	-8	Benign	Benign
142003	TP53	TP53 VCEP	Benign	BP4, BS1, BS2	-9	Benign	Benign
127806	TP53	TP53 VCEP	Benign	BP4, BS3, BS2, PM2_Supporting	-8	Benign	Benign
428862	TP53	TP53 VCEP	Likely benign	BP4, BS3, PM2_Supporting	-4	Likely benign	Likely benign
141483	TP53	TP53 VCEP	Benign	BP4, BS3, BS2	-9	Benign	Benign
141102	TP53	TP53 VCEP	Benign	BP4, BS1, BS3, BS2	-13	Benign	Benign
230269	TP53	TP53 VCEP	Benign	BP4, BS3, BS2	-9	Benign	Benign
43588	TP53	TP53 VCEP	Benign	BA1, BP4, BS3, BS2	-9	Benign	Benign
12366	TP53	TP53 VCEP	Pathogenic	PS3, PS2, PS4, PM1, PP4_Moderate, PP3, PM2_Supporting	18	Pathogenic	Pathogenic
12356	TP53	TP53 VCEP	Pathogenic	PS3, PS2, PS4, PM1, PP1_Moderate, PP4_Moderate, PP3, PM2_Supporting	20	Pathogenic	Pathogenic
182969	TP53	TP53 VCEP	Uncertain significance	PS4, BS3, PP1_Moderate, BS2, PM2_Supporting	-1	Likely benign	Uncertain significance
376612	TP53	TP53 VCEP	Pathogenic	PS3, PS2, PM1_Supporting, PP3_Moderate, PP4, PM2_Supporting	13	Pathogenic	Pathogenic
127825	TP53	TP53 VCEP	Benign	BP4, BS3, BS2	-9	Benign	Benign
127824	TP53	TP53 VCEP	Likely benign	BS3, PM5_Supporting, PP3, BS2	-6	Likely benign	Benign
135360	TP53	TP53 VCEP	Benign	BP4, BS3, BS2	-9	Benign	Benign
102752	PAH	Phenylketonuria VCEP	Likely pathogenic	PP4_Moderate, PM2, PM3_Strong	8	Likely pathogenic	Likely pathogenic
-	PAH	Phenylketonuria VCEP	Uncertain significance	PM3, PP4_Moderate, PM2, BP4	5	Uncertain significance	Likely pathogenic
-	PAH	Phenylketonuria VCEP	Likely pathogenic	PM3_Supporting, PP4_Moderate, PM2, PP3	6	Likely pathogenic	Likely pathogenic
619705	PAH	Phenylketonuria VCEP	Likely pathogenic	PM3_Supporting, PP4_Moderate, PM2, PP3	6	Likely pathogenic	Likely pathogenic
102684	PAH	Phenylketonuria VCEP	Uncertain significance	PM2, PP3	3	Uncertain significance	Uncertain significance
102662	PAH	Phenylketonuria VCEP	Uncertain significance	PM5, PM2, PP3	5	Uncertain significance	Uncertain significance
102722	PAH	Phenylketonuria VCEP	Uncertain significance	PM3_Supporting, PM2, PP4, PP3	5	Uncertain significance	Uncertain significance
516006	PAH	Phenylketonuria VCEP	Likely benign	BP7, BS1	-5	Likely benign	Likely benign
286662	PAH	Phenylketonuria VCEP	Uncertain significance	PM2	2	Uncertain significance	Uncertain significance
422049	PAH	Phenylketonuria VCEP	Uncertain significance	PM2, PP3	3	Uncertain significance	Uncertain significance
102916	PAH	Phenylketonuria VCEP	Uncertain significance	PM3, PP4_Moderate, PP3	5	Uncertain significance	Uncertain significance
-	PAH	Phenylketonuria VCEP	Likely pathogenic	PM3, PM2, PP4, PP3	6	Likely pathogenic	Likely pathogenic
501777	GAA	Lysosomal Diseases VCEP	Uncertain significance	PM2_Supporting	1	Uncertain significance	Uncertain significance
526521	GAA	Lysosomal Diseases VCEP	Pathogenic	PM3, PM2, PVS1, PP4	13	Pathogenic	Pathogenic
286458	GAA	Lysosomal Diseases VCEP	Pathogenic	PM3, PVS1, PM2, PP4	13	Pathogenic	Pathogenic
283971	GAA	Lysosomal Diseases VCEP	Uncertain significance	PM2_Supporting, BP4	0	Uncertain significance	Uncertain significance
288505	GAA	Lysosomal Diseases VCEP	Likely pathogenic	PVS1, PM2_Supporting	9	Likely pathogenic	Uncertain significance
188936	GAA	Lysosomal Diseases VCEP	Pathogenic	PM3, PVS1, PM2, PP4	13	Pathogenic	Pathogenic
188904	GAA	Lysosomal Diseases VCEP	Pathogenic	PVS1, PM2, PP4	11	Pathogenic	Pathogenic
189025	GAA	Lysosomal Diseases VCEP	Pathogenic	PM3_Strong, PM2, PVS1, PP4	15	Pathogenic	Pathogenic
189009	GAA	Lysosomal Diseases VCEP	Pathogenic	PM3, PM2, PVS1, PP4	13	Pathogenic	Pathogenic
526535	GAA	Lysosomal Diseases VCEP	Uncertain significance	PM4_Supporting, PM2_Supporting, BP4	1	Uncertain significance	Uncertain significance
550713	GAA	Lysosomal Diseases VCEP	Uncertain significance	PM4, PM2_Supporting	3	Uncertain significance	Uncertain significance
556985	GAA	Lysosomal Diseases VCEP	Uncertain significance	PM4, PM2_Supporting	3	Uncertain significance	Uncertain significance
932898	GAA	Lysosomal Diseases VCEP	Uncertain significance	PM4_Supporting, PM2_Supporting	2	Uncertain significance	Uncertain significance
932901	GAA	Lysosomal Diseases VCEP	Uncertain significance	PM4_Supporting, PP3, PM2_Supporting	3	Uncertain significance	Uncertain significance
-	GAA	Lysosomal Diseases VCEP	Pathogenic	PM3_Supporting, PVS1, PM2, PP4	12	Pathogenic	Pathogenic
495665	GAA	Lysosomal Diseases VCEP	Pathogenic	PM3, PM2, PVS1, PP4	13	Pathogenic	Pathogenic
-	GAA	Lysosomal Diseases VCEP	Pathogenic	PM3_Strong, PM2, PVS1, PP4	15	Pathogenic	Pathogenic
370357	GAA	Lysosomal Diseases VCEP	Pathogenic	PM3, PM2, PVS1, PP4	13	Pathogenic	Pathogenic
370124	GAA	Lysosomal Diseases VCEP	Pathogenic	PP4_Moderate, PVS1, PM2_Supporting	11	Pathogenic	Pathogenic
189144	GAA	Lysosomal Diseases VCEP	Pathogenic	PM3, PVS1, PM2, PP4	13	Pathogenic	Pathogenic
-	GAA	Lysosomal Diseases VCEP	Pathogenic	PM3_Supporting, PVS1, PM2, PP4	12	Pathogenic	Pathogenic
574052	GAA	Lysosomal Diseases VCEP	Uncertain significance	PM2_Supporting	1	Uncertain significance	Uncertain significance
556975	GAA	Lysosomal Diseases VCEP	Uncertain significance	PVS1_Moderate, PM2_Supporting, PS1_Supporting	4	Uncertain significance	Uncertain significance
102894	PAH	Phenylketonuria VCEP	Likely pathogenic	PM2, PP4_Moderate, PP3, PM3_Strong	9	Likely pathogenic	Likely pathogenic
-	PAH	Phenylketonuria VCEP	Uncertain significance	PM5, PM2, PP3	5	Uncertain significance	Uncertain significance
13329	PTPN11	RASopathy VCEP	Pathogenic	PM6, PM2, PM1, PP3, PP2, PS4, PS3	16	Pathogenic	Pathogenic
43568	SLC26A4	Hearing Loss VCEP	Likely pathogenic	PP3, PP4, PM2_Supporting, PM3_Strong, PS3_Supporting	8	Likely pathogenic	Likely pathogenic
43495	SLC26A4	Hearing Loss VCEP	Pathogenic	PP4, PP1, PP3, PM2, PM3_Strong, PS3_Supporting	10	Pathogenic	Pathogenic
371781	GJB2	Hearing Loss VCEP	Pathogenic	PM2_Supporting, PVS1, PM3_Supporting, PM5	12	Pathogenic	Pathogenic
178283	MYO7A	Hearing Loss VCEP	Uncertain significance	PP3, PM3	3	Uncertain significance	Uncertain significance
92756	PAH	Phenylketonuria VCEP	Likely pathogenic	PM3, PM2, PP4_Moderate, PP3	7	Likely pathogenic	Likely pathogenic
265979	USH2A	Hearing Loss VCEP	Likely pathogenic	PP4, PM2_Supporting, PM3_Strong	6	Likely pathogenic	Likely pathogenic
549981	USH2A	Hearing Loss VCEP	Pathogenic	PP3, PP4, PP1, PM3_Very Strong, PM2_Supporting	12	Pathogenic	Pathogenic
177844	BRAF	RASopathy VCEP	Pathogenic	PM2, PP3, PP2, PM6_Strong, PS4, PS3	16	Pathogenic	Pathogenic
13975	BRAF	RASopathy VCEP	Pathogenic	PM2, PP3, PP2, PS3, PS2, PS4_Moderate	14	Pathogenic	Pathogenic
40370	BRAF	RASopathy VCEP	Likely pathogenic	PM2, PM5, PP3, PP2, PS4_Moderate	8	Likely pathogenic	Likely pathogenic
225136	PAH	Phenylketonuria VCEP	Likely pathogenic	PM3, PP4_Moderate, PM2	6	Likely pathogenic	Likely pathogenic
-	PAH	Phenylketonuria VCEP	Uncertain significance	PM2, PP4_Moderate, PP3	5	Uncertain significance	Uncertain significance
-	PAH	Phenylketonuria VCEP	Likely pathogenic	PP4_Moderate, PM2, PM3_Strong	8	Likely pathogenic	Likely pathogenic
-	PAH	Phenylketonuria VCEP	Likely pathogenic	PM5, PM2, PP4_Moderate, PP3	7	Likely pathogenic	Likely pathogenic
180718	RAF1	RASopathy VCEP	Likely benign	BP7, BP4	-2	Likely benign	Likely benign
178963	BRAF	RASopathy VCEP	Likely benign	PP2, BS2	-3	Likely benign	Uncertain significance
177876	MAP2K2	RASopathy VCEP	Uncertain significance	BP5, PM2, PP3	2	Uncertain significance	Uncertain significance
41443	PTPN11	RASopathy VCEP	Pathogenic	PM2, PM1, PP3, PP2, PS4_Supporting, PS3	11	Pathogenic	Pathogenic
13964	BRAF	RASopathy VCEP	Pathogenic	PM6, PM2, PM1, PP3, PP2, PS4_Supporting, PS3, PS2	17	Pathogenic	Pathogenic
561347	SOS1	RASopathy VCEP	Uncertain significance	PP2	1	Uncertain significance	Uncertain significance
222774	RAF1	RASopathy VCEP	Uncertain significance	PM2, PM1, PP2, PS3	9	Likely pathogenic	Likely pathogenic
477722	SOS1	RASopathy VCEP	Uncertain significance		0	Uncertain significance	Uncertain significance
359048	BRAF	RASopathy VCEP	Uncertain significance	PP2	1	Uncertain significance	Uncertain significance
40654	SOS1	RASopathy VCEP	Pathogenic	PM2, PP2, PP3, PS4_Moderate, PS2	10	Pathogenic	Pathogenic
-	PAH	Phenylketonuria VCEP	Likely pathogenic	PP4_Moderate, PM2, PP3, PM3_Strong	9	Likely pathogenic	Likely pathogenic
-	PAH	Phenylketonuria VCEP	Likely pathogenic	PM3, PM5, PP4_Moderate, PM2, PP3	9	Likely pathogenic	Likely pathogenic
-	PAH	Phenylketonuria VCEP	Likely pathogenic	PM5, PM2, PP4_Moderate, PP3	7	Likely pathogenic	Likely pathogenic
228282	MYO7A	Hearing Loss VCEP	Likely pathogenic	PP3, PP4, PM2_Supporting, PM3	5	Uncertain significance	Uncertain significance
229012	MYO7A	Hearing Loss VCEP	Uncertain significance	PP3, PM2_Supporting	2	Uncertain significance	Uncertain significance
256155	SLC26A4	Hearing Loss VCEP	Benign	BP4, BA1, BP7	-2	Benign	Benign
43185	MYO7A	Hearing Loss VCEP	Uncertain significance		0	Uncertain significance	Uncertain significance
48581	USH2A	Hearing Loss VCEP	Benign	BA1	0	Benign	Benign
569590	MAP2K2	RASopathy VCEP	Uncertain significance	PP2, BP4	0	Uncertain significance	Uncertain significance
181553	SOS1	RASopathy VCEP	Uncertain significance	PM2, PP2	3	Uncertain significance	Uncertain significance
561935	SOS1	RASopathy VCEP	Uncertain significance	PM2, PP2	3	Uncertain significance	Uncertain significance
228273	MAP2K1	RASopathy VCEP	Pathogenic	PS2_Very Strong, PM2, PP2, PS4_Supporting	12	Pathogenic	Pathogenic
40388	BRAF	RASopathy VCEP	Pathogenic	PM6, PM2, PM1, PP3, PP2, PS4_Supporting, PS2	13	Pathogenic	Pathogenic
280033	BRAF	RASopathy VCEP	Pathogenic	PS2_Very Strong, PM2, PM1, PP2, PS4_Moderate, PS3	19	Pathogenic	Pathogenic
280939	PTPN11	RASopathy VCEP	Uncertain significance	PM2, PM1, PP2	5	Uncertain significance	Uncertain significance
575203	PTPN11	RASopathy VCEP	Likely pathogenic	PM1, PP2, PS4	7	Likely pathogenic	Likely pathogenic
427613	PTEN	PTEN VCEP	Pathogenic	PVS1, PM2, PS4_Supporting	11	Pathogenic	Pathogenic
427621	PTEN	PTEN VCEP	Pathogenic	PM2, PVS1, PS4_Supporting	11	Pathogenic	Pathogenic
427619	PTEN	PTEN VCEP	Pathogenic	PM6, PVS1, PM2_Supporting, PS4_Supporting	12	Pathogenic	Pathogenic
220416	PTEN	PTEN VCEP	Benign	BA1	0	Benign	Benign
449089	PTEN	PTEN VCEP	Likely pathogenic	PM6, PS3_Moderate, PM2_Supporting, PP2, PP3	7	Likely pathogenic	Likely pathogenic
141771	PTEN	PTEN VCEP	Likely benign	BS3_Supporting, BS1_Supporting, BP4, BP5, PP2	-3	Likely benign	Likely benign
142088	PTEN	PTEN VCEP	Uncertain significance	BP4, BS3_Supporting, PM2, BS2, PP2	-3	Likely benign	Likely benign
184068	PTEN	PTEN VCEP	Likely benign	BP7, BS3, PM2_Supporting	-4	Likely benign	Likely benign
135912	PTEN	PTEN VCEP	Likely benign	BP4, PM2, BS3	-3	Likely benign	Likely benign
301423	PTEN	PTEN VCEP	Pathogenic	PVS1_Strong, PS1, PM2	10	Pathogenic	Pathogenic
428268	PTEN	PTEN VCEP	Likely pathogenic	PS3, PP1_Moderate, PM2, PP2	9	Likely pathogenic	Likely pathogenic
189414	PTEN	PTEN VCEP	Likely pathogenic	PS4_Moderate, PM2, PP2, PP3	6	Likely pathogenic	Likely pathogenic
-	PAH	Phenylketonuria VCEP	Likely pathogenic	PM3_Supporting, PM2, PP4_Moderate, PP3	6	Likely pathogenic	Likely pathogenic
102583	PAH	Phenylketonuria VCEP	Uncertain significance	PP4_Moderate, PM2, PP3	5	Uncertain significance	Uncertain significance
102654	PAH	Phenylketonuria VCEP	Benign	BP7, BA1	-1	Benign	Benign
102712	PAH	Phenylketonuria VCEP	Benign	BP7, BA1	-1	Benign	Benign
102463	PAH	Phenylketonuria VCEP	Benign	BA1	0	Benign	Benign
102592	PAH	Phenylketonuria VCEP	Benign	BP7, BA1	-1	Benign	Benign
127663	KLLN	PTEN VCEP	Benign	BA1	0	Benign	Benign
102922	PAH	Phenylketonuria VCEP	Uncertain significance	PP4_Moderate, PM2, PP3	5	Uncertain significance	Uncertain significance
102879	PAH	Phenylketonuria VCEP	Uncertain significance	PP4_Moderate, PM2, PP3	5	Uncertain significance	Uncertain significance
556894	PAH	Phenylketonuria VCEP	Pathogenic	PM3_Supporting, PVS1, PP4_Moderate, PM2	13	Pathogenic	Pathogenic
102852	PAH	Phenylketonuria VCEP	Pathogenic	PM2, PP4_Moderate, PVS1, PM3_Very Strong	20	Pathogenic	Pathogenic
102782	PAH	Phenylketonuria VCEP	Likely pathogenic	PVS1, PM2	10	Pathogenic	Likely pathogenic
625290	PAH	Phenylketonuria VCEP	Likely pathogenic	PM3, PM2, PP4_Moderate	6	Likely pathogenic	Likely pathogenic
625286	PAH	Phenylketonuria VCEP	Pathogenic	PP4_Moderate, PVS1, PM2, PM3_Strong	16	Pathogenic	Pathogenic
625287	PAH	Phenylketonuria VCEP	Pathogenic	PM3, PP4_Moderate, PVS1, PM2	14	Pathogenic	Pathogenic
553851	PAH	Phenylketonuria VCEP	Likely pathogenic	PM2, PP4_Moderate, PM3_Strong	8	Likely pathogenic	Likely pathogenic
102618	PAH	Phenylketonuria VCEP	Likely pathogenic	PM2, PP4_Moderate, PM3_Strong	8	Likely pathogenic	Likely pathogenic
625291	PAH	Phenylketonuria VCEP	Likely pathogenic	PM3, PM2, PP4_Moderate	6	Likely pathogenic	Likely pathogenic
120257	PAH	Phenylketonuria VCEP	Uncertain significance	PM2, PP3	3	Uncertain significance	Uncertain significance
120261	PAH	Phenylketonuria VCEP	Uncertain significance	PM5, PM2, PP3	5	Uncertain significance	Uncertain significance
102921	PAH	Phenylketonuria VCEP	Pathogenic	PM2, PP4_Moderate, PVS1, PM3_Very Strong	20	Pathogenic	Pathogenic
579	PAH	Phenylketonuria VCEP	Pathogenic	PM2, PP4_Moderate, PVS1, PM3_Very Strong	20	Pathogenic	Pathogenic
-	PAH	Phenylketonuria VCEP	Pathogenic	PVS1, PM2, PP4	11	Pathogenic	Pathogenic
102491	PAH	Phenylketonuria VCEP	Likely pathogenic	PVS1, PM2	10	Pathogenic	Likely pathogenic
102763	PAH	Phenylketonuria VCEP	Pathogenic	PVS1, PM2, PP4_Moderate, PM3_Very Strong	20	Pathogenic	Pathogenic
614	PAH	Phenylketonuria VCEP	Pathogenic	PP4_Moderate, PM2, PVS1, PM3_Strong	16	Pathogenic	Pathogenic
625288	PAH	Phenylketonuria VCEP	Pathogenic	PVS1, PM2, PP4_Moderate	12	Pathogenic	Pathogenic
635217	PAH	Phenylketonuria VCEP	Pathogenic	PM3, PVS1, PM2, PP4_Moderate	14	Pathogenic	Pathogenic
-	PAH	Phenylketonuria VCEP	Uncertain significance	PM2	2	Uncertain significance	Uncertain significance
449488	GJB2	Hearing Loss VCEP	Uncertain significance	PP3	1	Uncertain significance	Uncertain significance
224749	MYO7A	Hearing Loss VCEP	Likely pathogenic	PP3, PP4, PM2_Supporting, PM3, PM5_Supporting	6	Likely pathogenic	Likely pathogenic
102758	PAH	Phenylketonuria VCEP	Pathogenic	PVS1, PP4_Moderate, PM2, PM3_Strong	16	Pathogenic	Pathogenic
-	PAH	Phenylketonuria VCEP	Pathogenic	PM3, PVS1, PP4_Moderate	12	Pathogenic	Pathogenic
-	PAH	Phenylketonuria VCEP	Pathogenic	PM3, PM2, PVS1, PP4	13	Pathogenic	Pathogenic
102656	PAH	Phenylketonuria VCEP	Pathogenic	PM3_Supporting, PM2, PVS1, PP4	12	Pathogenic	Pathogenic
665198	PAH	Phenylketonuria VCEP	Pathogenic	PM2, PVS1, PP4_Moderate, PM3_Strong	16	Pathogenic	Pathogenic
102806	PAH	Phenylketonuria VCEP	Pathogenic	PM2, PVS1, PP4_Moderate, PM3_Very Strong	20	Pathogenic	Pathogenic
102793	PAH	Phenylketonuria VCEP	Pathogenic	PM3_Supporting, PM2, PVS1, PP4_Moderate	13	Pathogenic	Pathogenic
-	PAH	Phenylketonuria VCEP	Pathogenic	PM3, PM2, PP4_Moderate, PVS1	14	Pathogenic	Pathogenic
102509	PAH	Phenylketonuria VCEP	Pathogenic	PVS1, PP4_Moderate, PM2	12	Pathogenic	Pathogenic
-	PAH	Phenylketonuria VCEP	Likely pathogenic	PM3, PM2, PP4_Moderate, PP3	7	Likely pathogenic	Likely pathogenic
43325	MYO7A	Hearing Loss VCEP	Pathogenic	PP3, PP4, PM2_Supporting, PM3_Very Strong	11	Pathogenic	Pathogenic
-	PAH	Phenylketonuria VCEP	Pathogenic	PP4_Moderate, PM2, PP3, PM3_Very Strong	13	Pathogenic	Pathogenic
-	PAH	Phenylketonuria VCEP	Pathogenic	PM3, PVS1, PP4_Moderate, PM2	14	Pathogenic	Pathogenic
102576	PAH	Phenylketonuria VCEP	Uncertain significance	PM5, PM2, PP3	5	Uncertain significance	Uncertain significance
102707	PAH	Phenylketonuria VCEP	Pathogenic	PVS1, PP4_Moderate, PM2	12	Pathogenic	Pathogenic
102535	PAH	Phenylketonuria VCEP	Uncertain significance	PM3_Supporting, PP4_Moderate, PM2, BP4	4	Uncertain significance	Uncertain significance
283894	GAA	Lysosomal Diseases VCEP	Likely pathogenic	PM3_Strong, PP4_Moderate, PP3, PM2_Supporting	8	Likely pathogenic	Likely pathogenic
556334	USH2A	Hearing Loss VCEP	Uncertain significance	PP4, PM3	3	Uncertain significance	Uncertain significance
556881	MYO7A	Hearing Loss VCEP	Uncertain significance	PP3	1	Uncertain significance	Uncertain significance
196099	MYO7A	Hearing Loss VCEP	Uncertain significance	BP2	-1	Likely benign	Uncertain significance
44633	RAF1	RASopathy VCEP	Pathogenic	PM2, PM1, PP2, PS2, PS4_Moderate	11	Pathogenic	Pathogenic
438796	KRAS	RASopathy VCEP	Likely pathogenic	PM2, PP2, PS4_Supporting, PS2	8	Likely pathogenic	Likely pathogenic
167260	MAP2K1	RASopathy VCEP	Pathogenic	PS4_Supporting, PM2_Supporting, PM5_Strong, PS2, PP2, PP3	12	Pathogenic	Pathogenic
375946	BRAF	RASopathy VCEP	Pathogenic	PM2, PM1, PP3, PP2, PS2, PS4_Moderate	12	Pathogenic	Pathogenic
-	PAH	Phenylketonuria VCEP	Likely pathogenic	PM3, PM2, PP4_Moderate, PP3	7	Likely pathogenic	Likely pathogenic
630	PAH	Phenylketonuria VCEP	Likely pathogenic	PP4_Moderate, PM2, PM3_Strong	8	Likely pathogenic	Likely pathogenic
609	PAH	Phenylketonuria VCEP	Likely pathogenic	PM3, PM2, PP4_Moderate, PP3	7	Likely pathogenic	Likely pathogenic
621	PAH	Phenylketonuria VCEP	Likely pathogenic	PM3, PM2, PP4_Moderate, PP3	7	Likely pathogenic	Likely pathogenic
224753	USH2A	Hearing Loss VCEP	Uncertain significance	PP4, PM2_Supporting, PM3	4	Uncertain significance	Uncertain significance
48481	USH2A	Hearing Loss VCEP	Likely benign	BP4, BS1_Supporting	-2	Likely benign	Likely benign
166479	USH2A	Hearing Loss VCEP	Uncertain significance	PP4, PM3_Supporting, BS1	-2	Likely benign	Uncertain significance
681822	USH2A	Hearing Loss VCEP	Likely benign	BP4, BS1_Supporting, BP7	-3	Likely benign	Likely benign
178685	CDH23	Hearing Loss VCEP	Uncertain significance		0	Uncertain significance	Uncertain significance
932902	GAA	Lysosomal Diseases VCEP	Likely pathogenic	PM4, PM3_Supporting, PP4, PM2_Supporting, PS3_Moderate	7	Likely pathogenic	Likely pathogenic
371235	GAA	Lysosomal Diseases VCEP	Likely pathogenic	PM3, PS3_Supporting, PP4_Moderate, PM2_Supporting	6	Likely pathogenic	Likely pathogenic
-	GAA	Lysosomal Diseases VCEP	Pathogenic	PM3, PM2, PVS1, PP4	13	Pathogenic	Pathogenic
188841	GAA	Lysosomal Diseases VCEP	Pathogenic	PM3_Supporting, PM2, PVS1, PP4	12	Pathogenic	Pathogenic
370651	GAA	Lysosomal Diseases VCEP	Pathogenic	PM2, PVS1, PP4	11	Pathogenic	Pathogenic
189065	GAA	Lysosomal Diseases VCEP	Pathogenic	PM3_Strong, PP4_Moderate, PP3, PM2_Supporting, PS3_Moderate	10	Pathogenic	Pathogenic
286018	GAA	Lysosomal Diseases VCEP	Likely benign	BP7, BS1, BP4	-6	Likely benign	Likely benign
550355	GAA	Lysosomal Diseases VCEP	Pathogenic	PM2, PVS1, PP4	11	Pathogenic	Pathogenic
578595	GAA	Lysosomal Diseases VCEP	Pathogenic	PM3, PVS1, PM2, PP4	13	Pathogenic	Pathogenic
560377	GAA	Lysosomal Diseases VCEP	Likely pathogenic	PVS1, PM2_Supporting	9	Likely pathogenic	Uncertain significance
654482	GAA	Lysosomal Diseases VCEP	Likely pathogenic	PVS1, PM2_Supporting	9	Likely pathogenic	Uncertain significance
637958	GAA	Lysosomal Diseases VCEP	Pathogenic	PVS1, PM2, PP4	11	Pathogenic	Pathogenic
188858	GAA	Lysosomal Diseases VCEP	Pathogenic	PM2, PVS1, PP4	11	Pathogenic	Pathogenic
663894	GAA	Lysosomal Diseases VCEP	Likely pathogenic	PVS1, PM2_Supporting	9	Likely pathogenic	Uncertain significance
372968	GAA	Lysosomal Diseases VCEP	Likely pathogenic	PVS1, PM2_Supporting	9	Likely pathogenic	Uncertain significance
370268	GAA	Lysosomal Diseases VCEP	Pathogenic	PM3_Supporting, PVS1, PM2_Supporting	10	Pathogenic	Pathogenic
649354	GAA	Lysosomal Diseases VCEP	Pathogenic	PM3_Supporting, PVS1, PP4_Moderate, PM2_Supporting	12	Pathogenic	Pathogenic
552368	GAA	Lysosomal Diseases VCEP	Pathogenic	PM3_Supporting, PVS1, PM2, PP4	12	Pathogenic	Pathogenic
92479	GAA	Lysosomal Diseases VCEP	Pathogenic	PVS1, PM2, PP4	11	Pathogenic	Pathogenic
286229	GAA	Lysosomal Diseases VCEP	Pathogenic	PM3_Supporting, PM2, PVS1, PP4	12	Pathogenic	Pathogenic
280063	GAA	Lysosomal Diseases VCEP	Pathogenic	PM2, PVS1, PP4, PM3_Very Strong	19	Pathogenic	Pathogenic
370904	GAA	Lysosomal Diseases VCEP	Pathogenic	PS3, PM3, PM2, PVS1, PP4	17	Pathogenic	Pathogenic
429727	GAA	Lysosomal Diseases VCEP	Pathogenic	PVS1, PM2, PP4	11	Pathogenic	Pathogenic
4034	GAA	Lysosomal Diseases VCEP	Pathogenic	PVS1, PP4, PM3_Very Strong	17	Pathogenic	Pathogenic
-	GAA	Lysosomal Diseases VCEP	Pathogenic	PM4_Supporting, PS3, PM3, PM2, PP4, PP3	11	Pathogenic	Pathogenic
556265	GAA	Lysosomal Diseases VCEP	Uncertain significance	PM4, PM2_Supporting	3	Uncertain significance	Uncertain significance
-	GAA	Lysosomal Diseases VCEP	Pathogenic	PM4_Supporting, PS3, PM3, PM2, PP3, PP4	11	Pathogenic	Pathogenic
-	GAA	Lysosomal Diseases VCEP	Pathogenic	PM3_Strong, PM4_Supporting, PM2, PP4_Moderate, PP3	10	Pathogenic	Pathogenic
188728	GAA	Lysosomal Diseases VCEP	Pathogenic	PM3_Strong, PS3, PM5, PM2, PP3, PP4	14	Pathogenic	Pathogenic
426593	GAA	Lysosomal Diseases VCEP	Pathogenic	PM3_Supporting, PM2, PVS1, PP4	12	Pathogenic	Pathogenic
188797	GAA	Lysosomal Diseases VCEP	Pathogenic	PS3, PP4_Moderate, PP3, PM2_Supporting, PM3_Very Strong	16	Pathogenic	Pathogenic
284093	GAA	Lysosomal Diseases VCEP	Pathogenic	PM3_Strong, PP4_Moderate, PP3, PM2_Supporting, PS3_Moderate	10	Pathogenic	Pathogenic
281330	GAA	Lysosomal Diseases VCEP	Likely benign	BS1, BP4	-5	Likely benign	Likely benign
379593	GAA	Lysosomal Diseases VCEP	Likely pathogenic	PM3_Strong, PP4_Moderate, PP3, PM2_Supporting	8	Likely pathogenic	Likely pathogenic
279811	GAA	Lysosomal Diseases VCEP	Pathogenic	PP4_Moderate, PP3, PM2_Supporting, PS3_Moderate, PM3_Very Strong	14	Pathogenic	Pathogenic
188902	GAA	Lysosomal Diseases VCEP	Pathogenic	PS3_Supporting, PP4_Moderate, PP3, PM3_Very Strong, PM2_Supporting	13	Pathogenic	Pathogenic
188924	GAA	Lysosomal Diseases VCEP	Likely pathogenic	PM3_Strong, PVS1_Moderate, PM2, PP4	9	Likely pathogenic	Likely pathogenic
-	GAA	Lysosomal Diseases VCEP	Pathogenic	PM3_Supporting, PM2, PVS1, PP4	12	Pathogenic	Pathogenic
-	GAA	Lysosomal Diseases VCEP	Pathogenic	PVS1, PP4_Moderate, PM2	12	Pathogenic	Pathogenic
188903	GAA	Lysosomal Diseases VCEP	Pathogenic	PM3, PM2, PP4_Moderate, PVS1	14	Pathogenic	Pathogenic
499380	GAA	Lysosomal Diseases VCEP	Uncertain significance	PM2_Supporting	1	Uncertain significance	Uncertain significance
189184	GAA	Lysosomal Diseases VCEP	Pathogenic	PVS1_Strong, PM3, PM2, PP4_Moderate	10	Pathogenic	Pathogenic
189188	GAA	Lysosomal Diseases VCEP	Pathogenic	PM3_Strong, PS3, PM2, PP4	11	Pathogenic	Pathogenic
45941	CDH23	Hearing Loss VCEP	Benign	BA1, BP4, BP7	-2	Benign	Benign
102788	PAH	Phenylketonuria VCEP	Pathogenic	PM3, PVS1, PM2, PP4	13	Pathogenic	Pathogenic
-	PAH	Phenylketonuria VCEP	Likely pathogenic	PM3, PM2, PP4, PP3	6	Likely pathogenic	Likely pathogenic
102569	PAH	Phenylketonuria VCEP	Pathogenic	PM3, PP4_Moderate, PM2, PS3	10	Pathogenic	Pathogenic
102759	PAH	Phenylketonuria VCEP	Likely pathogenic	PM2, PP4_Moderate, PP3, PM3_Strong	9	Likely pathogenic	Likely pathogenic
102476	PAH	Phenylketonuria VCEP	Likely pathogenic	PM3, PP4_Moderate, PM2, PP3	7	Likely pathogenic	Likely pathogenic
339849	RUNX1	Myeloid Malignancy VCEP	Benign	BA1, BP2	-1	Benign	Benign
339844	RUNX1	Myeloid Malignancy VCEP	Benign	BA1, BP2	-1	Benign	Benign
339843	RUNX1	Myeloid Malignancy VCEP	Benign	BA1, BP2	-1	Benign	Benign
92489	GAA	Lysosomal Diseases VCEP	Benign	BA1	0	Benign	Benign
339842	RUNX1	Myeloid Malignancy VCEP	Benign	BA1	0	Benign	Benign
339841	RUNX1	Myeloid Malignancy VCEP	Benign	BA1, BP2	-1	Benign	Benign
339838	RUNX1	Myeloid Malignancy VCEP	Benign	BA1	0	Benign	Benign
339835	RUNX1	Myeloid Malignancy VCEP	Benign	BA1, BP2	-1	Benign	Benign
339833	RUNX1	Myeloid Malignancy VCEP	Benign	BA1	0	Benign	Benign
339825	RUNX1	Myeloid Malignancy VCEP	Benign	BP2, BA1	-1	Benign	Benign
339824	RUNX1	Myeloid Malignancy VCEP	Benign	BA1, BP2	-1	Benign	Benign
339821	RUNX1	Myeloid Malignancy VCEP	Benign	BA1, BP2	-1	Benign	Benign
258180	RUNX1	Myeloid Malignancy VCEP	Benign	BA1, BP2	-1	Benign	Benign
339817	RUNX1	Myeloid Malignancy VCEP	Benign	BP2, BA1	-1	Benign	Benign
339802	RUNX1	Myeloid Malignancy VCEP	Benign	BP2, BA1	-1	Benign	Benign
339801	RUNX1	Myeloid Malignancy VCEP	Benign	BP2, BA1	-1	Benign	Benign
339799	RUNX1	Myeloid Malignancy VCEP	Benign	BA1	0	Benign	Benign
339796	RUNX1	Myeloid Malignancy VCEP	Benign	BA1, BP2	-1	Benign	Benign
339793	RUNX1	Myeloid Malignancy VCEP	Benign	BP2, BA1	-1	Benign	Benign
339792	RUNX1	Myeloid Malignancy VCEP	Benign	BA1, BP2	-1	Benign	Benign
339863	RUNX1	Myeloid Malignancy VCEP	Benign	BA1, BP2	-1	Benign	Benign
339872	RUNX1	Myeloid Malignancy VCEP	Benign	BP2, BA1	-1	Benign	Benign
339871	RUNX1	Myeloid Malignancy VCEP	Benign	BP2, BA1	-1	Benign	Benign
561221	RUNX1	Myeloid Malignancy VCEP	Likely pathogenic	PVS1_Strong, PM5_Supporting, PS4_Supporting, PM2_Supporting	7	Likely pathogenic	Likely pathogenic
415831	RUNX1	Myeloid Malignancy VCEP	Likely benign	BP7, PM2_Supporting, BP4	-1	Likely benign	Likely benign
561228	RUNX1	Myeloid Malignancy VCEP	Pathogenic	PM5_Supporting, PVS1, PM2_Supporting	10	Pathogenic	Pathogenic
532681	RUNX1	Myeloid Malignancy VCEP	Likely benign	BP7, PM2_Supporting, BP4	-1	Likely benign	Likely benign
532675	RUNX1	Myeloid Malignancy VCEP	Likely benign	BP7, BP4	-2	Likely benign	Likely benign
561230	RUNX1	Myeloid Malignancy VCEP	Pathogenic	PS4_Moderate, PM5_Supporting, PVS1, PM2_Supporting	12	Pathogenic	Pathogenic
239048	RUNX1	Myeloid Malignancy VCEP	Likely benign	BP7, BP4	-2	Likely benign	Likely benign
561242	RUNX1	Myeloid Malignancy VCEP	Pathogenic	PM5_Supporting, PVS1, PS4_Supporting, PM2_Supporting	11	Pathogenic	Pathogenic
642956	RUNX1	Myeloid Malignancy VCEP	Pathogenic	PM5_Supporting, PVS1, PM2_Supporting	10	Pathogenic	Pathogenic
464001	RUNX1	Myeloid Malignancy VCEP	Likely benign	BP7, PM2_Supporting, BP4	-1	Likely benign	Likely benign
532686	RUNX1	Myeloid Malignancy VCEP	Likely benign	BP7, PM2_Supporting, BP4	-1	Likely benign	Likely benign
561255	RUNX1	Myeloid Malignancy VCEP	Pathogenic	PM5_Supporting, PVS1, PM2_Supporting, PS4_Supporting	11	Pathogenic	Pathogenic
532682	RUNX1	Myeloid Malignancy VCEP	Likely benign	BP7, PM2_Supporting, BP4	-1	Likely benign	Likely benign
532679	RUNX1	Myeloid Malignancy VCEP	Likely benign	BP7, BP4	-2	Likely benign	Likely benign
415830	RUNX1	Myeloid Malignancy VCEP	Likely benign	BP7, BP4	-2	Likely benign	Likely benign
581331	RUNX1	Myeloid Malignancy VCEP	Uncertain significance	PM2_Supporting	1	Uncertain significance	Uncertain significance
464015	RUNX1	Myeloid Malignancy VCEP	Likely benign	BS1, BP4	-5	Likely benign	Likely benign
572808	RUNX1	Myeloid Malignancy VCEP	Uncertain significance	BP4	-1	Likely benign	Uncertain significance
339815	RUNX1	Myeloid Malignancy VCEP	Benign	BP2, BA1	-1	Benign	Benign
255365	GAA	Lysosomal Diseases VCEP	Likely benign	PM2_Supporting, BP4, BS3_Supporting	-1	Likely benign	Likely benign
281232	GAA	Lysosomal Diseases VCEP	Likely benign	BS3_Supporting, BP4	-2	Likely benign	Likely benign
370276	GAA	Lysosomal Diseases VCEP	Pathogenic	PM2, PVS1, PP4	11	Pathogenic	Pathogenic
188996	GAA	Lysosomal Diseases VCEP	Pathogenic	PM3_Supporting, PVS1, PM2_Supporting	10	Pathogenic	Pathogenic
553894	GAA	Lysosomal Diseases VCEP	Pathogenic	PM2, PVS1, PP4	11	Pathogenic	Pathogenic
595469	GAA	Lysosomal Diseases VCEP	Pathogenic	PM3_Supporting, PVS1, PP4, PM2_Supporting	11	Pathogenic	Pathogenic
593486	GAA	Lysosomal Diseases VCEP	Pathogenic	PM3_Supporting, PM2, PVS1, PP4	12	Pathogenic	Pathogenic
183727	CDH1	CDH1 VCEP	Pathogenic	PVS1, PM5_Supporting, PM2_Supporting, PS4_Moderate	12	Pathogenic	Pathogenic
491537	CDH1	CDH1 VCEP	Pathogenic	PVS1, PM5_Supporting, PM2_Supporting	10	Pathogenic	Pathogenic
320291	CDH1	CDH1 VCEP	Benign	BP2, BA1	-1	Benign	Benign
320292	CDH1	CDH1 VCEP	Benign	BP2, BA1	-1	Benign	Benign
320296	CDH1	CDH1 VCEP	Benign	BP2, BA1	-1	Benign	Benign
320297	CDH1	CDH1 VCEP	Benign	BA1	0	Benign	Benign
320299	CDH1	CDH1 VCEP	Benign	BA1	0	Benign	Benign
320301	CDH1	CDH1 VCEP	Benign	BP2, BA1	-1	Benign	Benign
320277	CDH1	CDH1 VCEP	Benign	BP2, BA1	-1	Benign	Benign
320267	CDH1	CDH1 VCEP	Benign	BP2, BA1	-1	Benign	Benign
320281	CDH1	CDH1 VCEP	Benign	BP2, BA1	-1	Benign	Benign
320283	CDH1	CDH1 VCEP	Benign	BP2, BA1	-1	Benign	Benign
320286	CDH1	CDH1 VCEP	Benign	BP2, BA1	-1	Benign	Benign
421431	CDH1	CDH1 VCEP	Uncertain significance		0	Uncertain significance	Uncertain significance
221174	CDH1	CDH1 VCEP	Benign	BP2, BA1	-1	Benign	Benign
406652	CDH1	CDH1 VCEP	Likely pathogenic	PVS1_Strong, PM5_Supporting, PS4_Supporting, PM2_Supporting	7	Likely pathogenic	Likely pathogenic
449922	CDH1	CDH1 VCEP	Pathogenic	PVS1, PM5_Supporting, PM2_Supporting	10	Pathogenic	Pathogenic
532473	CDH1	CDH1 VCEP	Pathogenic	PVS1, PM5_Supporting, PS4_Supporting, PM2_Supporting	11	Pathogenic	Pathogenic
428623	CDH1	CDH1 VCEP	Pathogenic	PVS1, PM5_Supporting, PS4_Supporting, PM2_Supporting	11	Pathogenic	Pathogenic
186267	CDH1	CDH1 VCEP	Likely pathogenic	PVS1_Strong, PM5_Supporting, PS4_Supporting, PM2_Supporting	7	Likely pathogenic	Likely pathogenic
184377	CDH1	CDH1 VCEP	Likely benign	BS2_Supporting, BP7, PM2_Supporting, BP4	-2	Likely benign	Likely benign
545807	CDH1	CDH1 VCEP	Pathogenic	PVS1, PM5_Supporting, PM2_Supporting	10	Pathogenic	Pathogenic
265543	CDH1	CDH1 VCEP	Pathogenic	PVS1, PM5_Supporting, PM2_Supporting	10	Pathogenic	Pathogenic
483271	CDH1	CDH1 VCEP	Pathogenic	PVS1, PM5_Supporting, PM2_Supporting	10	Pathogenic	Pathogenic
485481	CDH1	CDH1 VCEP	Pathogenic	PVS1, PM5_Supporting, PM2_Supporting	10	Pathogenic	Pathogenic
234528	CDH1	CDH1 VCEP	Likely benign	BS2, PM2_Supporting	-3	Likely benign	Uncertain significance
428621	CDH1	CDH1 VCEP	Pathogenic	PVS1, PM5_Supporting, PM2_Supporting, PS4_Moderate	12	Pathogenic	Pathogenic
479518	CDH1	CDH1 VCEP	Pathogenic	PVS1, PM5_Supporting, PM2_Supporting	10	Pathogenic	Pathogenic
265511	CDH1	CDH1 VCEP	Pathogenic	PVS1, PM5_Supporting, PM2_Supporting	10	Pathogenic	Pathogenic
216589	CDH1	CDH1 VCEP	Uncertain significance	PM2_Supporting, PS4_Moderate	3	Uncertain significance	Uncertain significance
234654	CDH1	CDH1 VCEP	Likely benign	PVS1_Moderate, BS2, PM2_Supporting	-1	Likely benign	Uncertain significance
141570	CDH1	CDH1 VCEP	Benign	BP2, BA1	-1	Benign	Benign
142826	CDH1	CDH1 VCEP	Pathogenic	PVS1, PM5_Supporting, PS4_Supporting, PM2_Supporting	11	Pathogenic	Pathogenic
140806	CDH1	CDH1 VCEP	Benign	BP2, BA1	-1	Benign	Benign
463735	CDH1	CDH1 VCEP	Pathogenic	PVS1, PM5_Supporting, PM2_Supporting	10	Pathogenic	Pathogenic
133847	CDH1	CDH1 VCEP	Likely benign	BS2	-4	Likely benign	Uncertain significance
142770	CDH1	CDH1 VCEP	Benign	BP2, BA1	-1	Benign	Benign
12237	CDH1	CDH1 VCEP	Pathogenic	PVS1, PM5_Supporting, PS4_Supporting, PM2_Supporting	11	Pathogenic	Pathogenic
259292	CDH1	CDH1 VCEP	Benign	BP2, BA1	-1	Benign	Benign
142145	CDH1	CDH1 VCEP	Benign	BP2, BA1	-1	Benign	Benign
136065	CDH1	CDH1 VCEP	Pathogenic	PVS1, PM5_Supporting, PS4_Supporting, PM2_Supporting	11	Pathogenic	Pathogenic
142363	CDH1	CDH1 VCEP	Benign	BS2, BP2_Strong	-8	Benign	Benign
142632	CDH1	CDH1 VCEP	Benign	BP2, BA1	-1	Benign	Benign
136691	CDH1	CDH1 VCEP	Benign	BP2, BA1	-1	Benign	Benign
140784	CDH1	CDH1 VCEP	Benign	BP2, BA1	-1	Benign	Benign
479524	CDH1	CDH1 VCEP	Pathogenic	PVS1, PM5_Supporting, PS4_Supporting, PM2_Supporting	11	Pathogenic	Pathogenic
423041	CDH1	CDH1 VCEP	Uncertain significance	BS2_Supporting, PM2_Supporting	0	Uncertain significance	Uncertain significance
406654	CDH1	CDH1 VCEP	Uncertain significance	BS2_Supporting, PM2_Supporting	0	Uncertain significance	Uncertain significance
481011	CDH1	CDH1 VCEP	Pathogenic	PVS1, PM5_Supporting, PS4_Supporting, PM2_Supporting	11	Pathogenic	Pathogenic
132692	CDH1	CDH1 VCEP	Benign	BP2, BA1	-1	Benign	Benign
428631	CDH1	CDH1 VCEP	Pathogenic	PVS1, PM5_Supporting, PS4_Supporting, PM2_Supporting	11	Pathogenic	Pathogenic
406633	CDH1	CDH1 VCEP	Pathogenic	PVS1, PM5_Supporting, PM2_Supporting	10	Pathogenic	Pathogenic
418111	CDH1	CDH1 VCEP	Uncertain significance	PM2_Supporting	1	Uncertain significance	Uncertain significance
136694	CDH1	CDH1 VCEP	Benign	BP2, BA1	-1	Benign	Benign
428632	CDH1	CDH1 VCEP	Pathogenic	PVS1, PM5_Supporting, PS4_Supporting, PM2_Supporting	11	Pathogenic	Pathogenic
320288	CDH1	CDH1 VCEP	Benign	BP2, BA1	-1	Benign	Benign
-	PAH	Phenylketonuria VCEP	Pathogenic	PM2, PP4, PP3	4	Uncertain significance	Uncertain significance
102514	PAH	Phenylketonuria VCEP	Likely pathogenic	PM3, PM2, PP4, PP3	6	Likely pathogenic	Likely pathogenic
21389	GJB2	Hearing Loss VCEP	Pathogenic	PP1, PM2_Supporting, PM3_Very Strong, PS3_Moderate	12	Pathogenic	Pathogenic
-	PAH	Phenylketonuria VCEP	Likely pathogenic	PM3_Supporting, PM5, PM2, PP4_Moderate	7	Likely pathogenic	Likely pathogenic
255812	PTEN	PTEN VCEP	Benign	BA1, BS3	-4	Benign	Benign
-	PAH	Phenylketonuria VCEP	Uncertain significance	PM2, PP4_Moderate, PP3	5	Uncertain significance	Uncertain significance
-	PAH	Phenylketonuria VCEP	Likely pathogenic	PM3, PM2, PP4, PP3	6	Likely pathogenic	Likely pathogenic
-	PAH	Phenylketonuria VCEP	Uncertain significance	PM2, PP4, PP3	4	Uncertain significance	Uncertain significance
553594	PAH	Phenylketonuria VCEP	Pathogenic	PM3, PVS1, PP4_Moderate, PM2	14	Pathogenic	Pathogenic
164664	MYO7A	Hearing Loss VCEP	Likely pathogenic	PP3, PP4, PM2_Supporting, PM3_Strong	7	Likely pathogenic	Likely pathogenic
561500	PTPN11	RASopathy VCEP	Uncertain significance	PM2, PP3, PP2, PS4_Supporting	5	Uncertain significance	Uncertain significance
40389	BRAF	RASopathy VCEP	Pathogenic	PM6, PM2, PM1, PP3, PP2, PS4_Supporting, PS3	13	Pathogenic	Pathogenic
240197	SOS1	RASopathy VCEP	Likely benign	BS1, BP5	-5	Likely benign	Likely benign
44603	PTPN11	RASopathy VCEP	Pathogenic	PM6, PM2, PM1, PP1, PP2, PS4	12	Pathogenic	Pathogenic
504514	RAF1	RASopathy VCEP	Pathogenic	PS2_Very Strong, PM2, PP2, PS4_Supporting, PM5_Strong	16	Pathogenic	Pathogenic
-	PAH	Phenylketonuria VCEP	Uncertain significance	PM3_Supporting, PM2, PP4, PP3	5	Uncertain significance	Uncertain significance
-	PAH	Phenylketonuria VCEP	Uncertain significance	PM3_Supporting, PM2, PP4, PP3	5	Uncertain significance	Uncertain significance
626	PAH	Phenylketonuria VCEP	Pathogenic	PP4_Moderate, PVS1, PM2	12	Pathogenic	Pathogenic
634	PAH	Phenylketonuria VCEP	Pathogenic	PVS1, PM2, PP4	11	Pathogenic	Pathogenic
625289	PAH	Phenylketonuria VCEP	Likely pathogenic	PM3, PP4_Moderate, PM2	6	Likely pathogenic	Likely pathogenic
626282	PAH	Phenylketonuria VCEP	Likely pathogenic	PM2, PP4_Moderate, PP3, PM3_Strong	9	Likely pathogenic	Likely pathogenic
523937	MYO6	Hearing Loss VCEP	Likely pathogenic	PVS1	8	Likely pathogenic	Uncertain significance
429215	USH2A	Hearing Loss VCEP	Pathogenic	PP4, PM3_Very Strong, PM2_Supporting	10	Pathogenic	Pathogenic
188878	SLC26A4	Hearing Loss VCEP	Likely pathogenic	PP3, PP4, PM2_Supporting, PM3, PS3_Supporting	6	Likely pathogenic	Likely pathogenic
236537	USH2A	Hearing Loss VCEP	Pathogenic	PP3, PP4, PM2_Supporting, PM3_Very Strong	11	Pathogenic	Pathogenic
166488	USH2A	Hearing Loss VCEP	Uncertain significance	PP3, BS1_Supporting, PM3_Supporting	1	Uncertain significance	Uncertain significance
120284	PAH	Phenylketonuria VCEP	Uncertain significance	PM3_Supporting, PM2, PP4, PP3	5	Uncertain significance	Uncertain significance
43298	MYO7A	Hearing Loss VCEP	Likely pathogenic	PP3, PP4, PM2_Supporting, PM3_Strong	7	Likely pathogenic	Likely pathogenic
44731	GJB2	Hearing Loss VCEP	Likely pathogenic	PP3, PP1, PM2_Supporting, PM3_Strong	7	Likely pathogenic	Likely pathogenic
44829	BRAF	RASopathy VCEP	Pathogenic	PM2, PM1, PP3, PP2, PS4_Supporting, PM6_Strong	11	Pathogenic	Pathogenic
40367	BRAF	RASopathy VCEP	Pathogenic	PM6, PM2, PM1, PP3, PP2, PS4_Supporting, PS3	13	Pathogenic	Pathogenic
280446	MAP2K1	RASopathy VCEP	Likely pathogenic	PS4_Supporting, PM2_Supporting, PS2, PP2, PP3	8	Likely pathogenic	Likely pathogenic
44832	BRAF	RASopathy VCEP	Likely pathogenic	PM6, PM2, PM1, PP3, PP2, PS4_Supporting	9	Likely pathogenic	Likely pathogenic
375981	MAP2K1	RASopathy VCEP	Pathogenic	PS2_Very Strong, PM2_Supporting, PS4_Moderate, PP2, PP3, PM1, PM5, PS3_Supporting	18	Pathogenic	Pathogenic
45348	SOS1	RASopathy VCEP	Likely benign	BS3, BP5	-5	Likely benign	Likely benign
120263	PAH	Phenylketonuria VCEP	Likely pathogenic	PP4_Moderate, PM2, PP3, PM3_Strong	9	Likely pathogenic	Likely pathogenic
120262	PAH	Phenylketonuria VCEP	Likely pathogenic	PM3, PM2, PP4, PP3	6	Likely pathogenic	Likely pathogenic
225375	GJB2	Hearing Loss VCEP	Pathogenic	PP3, PS3_Moderate, PM3_Very Strong	11	Pathogenic	Pathogenic
-	PAH	Phenylketonuria VCEP	Uncertain significance	PM5, PM2, PP3	5	Uncertain significance	Uncertain significance
102572	PAH	Phenylketonuria VCEP	Likely pathogenic	PM3, PP4_Moderate, PM2, PP3	7	Likely pathogenic	Likely pathogenic
-	PAH	Phenylketonuria VCEP	Likely pathogenic	PM3, PP4_Moderate, PM2, PP3	7	Likely pathogenic	Likely pathogenic
-	PAH	Phenylketonuria VCEP	Likely pathogenic	PM3, PP4_Moderate, PM2, PP3	7	Likely pathogenic	Likely pathogenic
92738	PAH	Phenylketonuria VCEP	Pathogenic	PM2, PP4_Moderate, PP3, PM3_Very Strong	13	Pathogenic	Pathogenic
102743	PAH	Phenylketonuria VCEP	Pathogenic	PM3, PVS1, PP4_Moderate, PM2	14	Pathogenic	Pathogenic
102747	PAH	Phenylketonuria VCEP	Pathogenic	PVS1, PP4_Moderate, PM2, PM3_Very Strong	20	Pathogenic	Pathogenic
102499	PAH	Phenylketonuria VCEP	Pathogenic	PVS1_Strong, PP4_Moderate, PM2, PM3_Very Strong	16	Pathogenic	Pathogenic
-	PAH	Phenylketonuria VCEP	Pathogenic	PVS1, PM2, PP4	11	Pathogenic	Pathogenic
-	PAH	Phenylketonuria VCEP	Pathogenic	PM2, PVS1, PP4	11	Pathogenic	Pathogenic
-	PAH	Phenylketonuria VCEP	Likely pathogenic	PM5, PP4_Moderate, PM2, PP3	7	Likely pathogenic	Likely pathogenic
-	PAH	Phenylketonuria VCEP	Pathogenic	PM3, PVS1, PM2, PP4	13	Pathogenic	Pathogenic
120276	PAH	Phenylketonuria VCEP	Pathogenic	PM3, PVS1, PM2, PP4	13	Pathogenic	Pathogenic
102655	PAH	Phenylketonuria VCEP	Pathogenic	PM3, PM2, PP4, PP3, PS2	10	Pathogenic	Pathogenic
102506	PAH	Phenylketonuria VCEP	Uncertain significance	PM2, BP4, PP4	2	Uncertain significance	Uncertain significance
-	PAH	Phenylketonuria VCEP	Uncertain significance	PM3, PM2, PP4	5	Uncertain significance	Uncertain significance
-	PAH	Phenylketonuria VCEP	Uncertain significance	PM2	2	Uncertain significance	Uncertain significance
-	PAH	Phenylketonuria VCEP	Uncertain significance	PM3, PM2, PP4	5	Uncertain significance	Uncertain significance
102731	PAH	Phenylketonuria VCEP	Likely pathogenic	PM3, PP4_Moderate, PM2, PP1, PP3	8	Likely pathogenic	Likely pathogenic
102901	PAH	Phenylketonuria VCEP	Likely pathogenic	PM3, PP4_Moderate, PM2, PP3	7	Likely pathogenic	Likely pathogenic
391813	RAF1	RASopathy VCEP	Uncertain significance	PM2, PM1, PP2	5	Uncertain significance	Uncertain significance
40674	SOS1	RASopathy VCEP	Uncertain significance	PM1, PP3, PP2	4	Uncertain significance	Uncertain significance
180851	HRAS	RASopathy VCEP	Uncertain significance	PP3, PP2	2	Uncertain significance	Uncertain significance
561622	SOS1	RASopathy VCEP	Likely pathogenic	PM2, PM1, PP3, PP2, PS4_Supporting	7	Likely pathogenic	Likely pathogenic
179760	SHOC2	RASopathy VCEP	Uncertain significance	PP2	1	Uncertain significance	Uncertain significance
45368	SOS1	RASopathy VCEP	Uncertain significance	PP2	1	Uncertain significance	Uncertain significance
48409	USH2A	Hearing Loss VCEP	Likely pathogenic	PP3, PP1, PM3_Strong	6	Likely pathogenic	Likely pathogenic
449490	GJB2	Hearing Loss VCEP	Likely pathogenic	PP3, PM5_Strong, PM3	7	Likely pathogenic	Likely pathogenic
178937	USH2A	Hearing Loss VCEP	Likely pathogenic	PP4, PM2_Supporting, PM3_Strong	6	Likely pathogenic	Likely pathogenic
102504	PAH	Phenylketonuria VCEP	Uncertain significance	PM2, PP3	3	Uncertain significance	Uncertain significance
-	PAH	Phenylketonuria VCEP	Pathogenic	PVS1, PM2, PP4	11	Pathogenic	Pathogenic
102507	PAH	Phenylketonuria VCEP	Benign	BP7, BA1	-1	Benign	Benign
427615	PTEN	PTEN VCEP	Pathogenic	PVS1, PM2, PS4_Supporting	11	Pathogenic	Pathogenic
498538	TECTA	Hearing Loss VCEP	Pathogenic	PM2_Supporting, PVS1, PM3_Supporting	10	Pathogenic	Pathogenic
45891	CDH23	Hearing Loss VCEP	Benign	BA1	0	Benign	Benign
561238	RUNX1	Myeloid Malignancy VCEP	Pathogenic	PM5_Supporting, PVS1, PM2_Supporting	10	Pathogenic	Pathogenic
561254	RUNX1	Myeloid Malignancy VCEP	Uncertain significance	PM2_Supporting, PS4_Supporting	2	Uncertain significance	Uncertain significance
339837	RUNX1	Myeloid Malignancy VCEP	Benign	BA1, BP2	-1	Benign	Benign
339831	RUNX1	Myeloid Malignancy VCEP	Benign	BP2, BA1	-1	Benign	Benign
339827	RUNX1	Myeloid Malignancy VCEP	Benign	BA1, BP2	-1	Benign	Benign
633606	TP53	TP53 VCEP	Pathogenic	PS4_Moderate, PP4_Moderate, PVS1, PM2_Supporting	13	Pathogenic	Pathogenic
12365	TP53	TP53 VCEP	Pathogenic	PS3, PS4, PM1, PS2_Moderate, PP4_Moderate, PP3, PM2_Supporting	16	Pathogenic	Pathogenic
638853	TP53	TP53 VCEP	Pathogenic	PP4_Moderate, PVS1, PS4_Supporting, PM2_Supporting	12	Pathogenic	Pathogenic
567576	CDH1	CDH1 VCEP	Pathogenic	PVS1, PM5_Supporting, PM2_Supporting	10	Pathogenic	Pathogenic
491536	CDH1	CDH1 VCEP	Pathogenic	PVS1, PM5_Supporting, PM2_Supporting	10	Pathogenic	Pathogenic
406631	CDH1	CDH1 VCEP	Pathogenic	PVS1_Strong, PM5_Supporting, PP1, PM2_Supporting, PS3_Moderate, PS4_Moderate	11	Pathogenic	Pathogenic
142455	CDH1	CDH1 VCEP	Likely benign	BS2, PM2_Supporting	-3	Likely benign	Uncertain significance
439045	CDH1	CDH1 VCEP	Pathogenic	PVS1_Strong, PP1_Moderate, PM5_Supporting, PS3_Supporting, PM2_Supporting, PS4_Moderate	11	Pathogenic	Pathogenic
496817	CDH1	CDH1 VCEP	Likely pathogenic	PVS1_Strong, PS3_Supporting, PM5_Supporting, PM2_Supporting	7	Likely pathogenic	Likely pathogenic
622	PAH	Phenylketonuria VCEP	Pathogenic	PS2_Moderate, PP4_Moderate, PVS1, PM2, PP1, PM3_Strong	19	Pathogenic	Pathogenic
102834	PAH	Phenylketonuria VCEP	Uncertain significance	PM1, PM2, PP3	5	Uncertain significance	Uncertain significance
370074	PAH	Phenylketonuria VCEP	Likely pathogenic	PVS1_Strong, PM2, PP4	7	Likely pathogenic	Likely pathogenic
555797	PAH	Phenylketonuria VCEP	Pathogenic	PVS1_Strong, PM3, PP4_Moderate, PM2	10	Pathogenic	Pathogenic
-	PAH	Phenylketonuria VCEP	Pathogenic	PVS1_Strong, PM3, PM2, PP4_Moderate	10	Pathogenic	Pathogenic
-	PAH	Phenylketonuria VCEP	Likely pathogenic	PVS1_Strong, PM3_Supporting, PM2, PP4	8	Likely pathogenic	Likely pathogenic
-	PAH	Phenylketonuria VCEP	Likely pathogenic	PVS1_Strong, PM3_Supporting, PP4_Moderate, PM2	9	Likely pathogenic	Likely pathogenic
578	PAH	Phenylketonuria VCEP	Pathogenic	PS3_Supporting, PP4_Moderate, PM2, PP3, PM3_Strong	10	Pathogenic	Pathogenic
102609	PAH	Phenylketonuria VCEP	Uncertain significance	PM2, BP2, BS2, PP3	-2	Likely benign	Likely benign
102846	PAH	Phenylketonuria VCEP	Pathogenic	PS3_Supporting, PP4_Moderate, PM2, PP3, PM3_Very Strong	14	Pathogenic	Pathogenic
805828	PAH	Phenylketonuria VCEP	Pathogenic	PVS1_Strong, PM3, PM2, PP4_Moderate	10	Pathogenic	Pathogenic
188771	PAH	Phenylketonuria VCEP	Likely pathogenic	PVS1_Moderate, PM2, PP4, PM3_Strong	9	Likely pathogenic	Likely pathogenic
-	PAH	Phenylketonuria VCEP	Likely pathogenic	PVS1_Strong, PM2	6	Likely pathogenic	Likely pathogenic
842394	PAH	Phenylketonuria VCEP	Pathogenic	PVS1_Strong, PM2, PP4_Moderate, PM3_Strong	12	Pathogenic	Pathogenic
635216	PAH	Phenylketonuria VCEP	Pathogenic	PVS1_Strong, PP4_Moderate, PM2, PM3_Very Strong	16	Pathogenic	Pathogenic
102642	PAH	Phenylketonuria VCEP	Pathogenic	PM3, PP4_Moderate, PVS1, PM2	14	Pathogenic	Pathogenic
120298	PAH	Phenylketonuria VCEP	Likely pathogenic	PVS1_Strong, PM2	6	Likely pathogenic	Likely pathogenic
-	PAH	Phenylketonuria VCEP	Likely pathogenic	PVS1_Strong, PM2, PP4	7	Likely pathogenic	Likely pathogenic
805827	PAH	Phenylketonuria VCEP	Likely pathogenic	PVS1_Strong, PM3, PM2, PP4	9	Likely pathogenic	Likely pathogenic
102671	PAH	Phenylketonuria VCEP	Pathogenic	PM3, PS3_Supporting, PVS1, PM2, PP4	14	Pathogenic	Pathogenic
120272	PAH	Phenylketonuria VCEP	Uncertain significance	PM2	2	Uncertain significance	Uncertain significance
162794	BRAF	RASopathy VCEP	Likely benign	BP7, BP4	-2	Likely benign	Likely benign
372656	SOS1	RASopathy VCEP	Likely pathogenic	PM1_Strong, PM2, PP3, PP2, PS4_Supporting	9	Likely pathogenic	Likely pathogenic
40681	SOS1	RASopathy VCEP	Likely pathogenic	PM1_Strong, PP3, PP2, PS4_Moderate	8	Likely pathogenic	Likely pathogenic
12872	SOS1	RASopathy VCEP	Pathogenic	PM2_Supporting, PM5_Strong, PS4, PS3_Supporting, PS2_Very Strong, PP3	19	Pathogenic	Pathogenic
40684	SOS1	RASopathy VCEP	Pathogenic	PM1_Strong, PM2, PP3, PP2, PS4_Moderate, PS1, PS2	18	Pathogenic	Pathogenic
40682	SOS1	RASopathy VCEP	Pathogenic	PM1_Strong, PM2, PM6, PP2, PP3, PS4_Moderate	12	Pathogenic	Pathogenic
40683	SOS1	RASopathy VCEP	Pathogenic	PM1_Strong, PS2_Very Strong, PM2, PP3, PP2, PS3, PS4	24	Pathogenic	Pathogenic
189041	GAA	Lysosomal Diseases VCEP	Pathogenic	PM3, PVS1, PM2, PP4	13	Pathogenic	Pathogenic
167113	GAA	Lysosomal Diseases VCEP	Pathogenic	PS3, PP3_Moderate, PM3, PP4_Moderate, PM2	12	Pathogenic	Pathogenic
127816	TP53	TP53 VCEP	Likely benign	BP4, BS3	-5	Likely benign	Likely benign
127808	TP53	TP53 VCEP	Likely benign	BP4, BS3_Supporting, BS2	-6	Likely benign	Likely benign
127823	TP53	TP53 VCEP	Uncertain significance	PM1_Supporting, PS4_Moderate, PS2_Moderate, PP4_Moderate, PP3, BS2, PM2_Supporting	5	Uncertain significance	Likely pathogenic
127826	TP53	TP53 VCEP	Likely benign	BS3, BS2, PM2_Supporting	-7	Benign	Benign
132973	TP53	TP53 VCEP	Likely benign	BP4, BS3, PM2_Supporting	-4	Likely benign	Likely benign
140833	TP53	TP53 VCEP	Likely benign	BP4, BS3	-5	Likely benign	Likely benign
230764	TP53	TP53 VCEP	Uncertain significance	BS3_Supporting, PP3_Moderate, BS2_Supporting, PM2_Supporting	1	Uncertain significance	Likely benign
245851	TP53	TP53 VCEP	Uncertain significance	BS3_Supporting, PS4_Moderate, PP3_Moderate, PM1, PP4_Moderate, BS2, PM2_Supporting	4	Uncertain significance	Uncertain significance
141547	TP53	TP53 VCEP	Likely benign	BP4, BS2_Supporting, BS3, PM2_Supporting	-5	Likely benign	Likely benign
141425	TP53	TP53 VCEP	Likely benign	BP4, BS2_Supporting, BS3	-6	Likely benign	Likely benign
246429	TP53	TP53 VCEP	Uncertain significance	BS3_Supporting, PS4_Moderate, BS2_Supporting, PM2_Supporting	1	Uncertain significance	Likely benign
376624	TP53	TP53 VCEP	Likely pathogenic	PS3, PP3_Moderate, PM1, PM2_Supporting	9	Likely pathogenic	Likely pathogenic
-	PAH	Phenylketonuria VCEP	Uncertain significance	PM2, PP3	3	Uncertain significance	Uncertain significance
4842	SLC26A4	Hearing Loss VCEP	Likely pathogenic	PP3, PP1, PP4, PM3_Very Strong, BS1_Supporting, PS3_Supporting	11	Pathogenic	Pathogenic
102918	PAH	Phenylketonuria VCEP	Likely pathogenic	PM3_Supporting, PVS1_Strong, PM2, PP4	8	Likely pathogenic	Likely pathogenic
102566	PAH	Phenylketonuria VCEP	Likely pathogenic	PP3_Moderate, PM3, PP4, PM2_Supporting	6	Likely pathogenic	Likely pathogenic
987756	PAH	Phenylketonuria VCEP	Likely pathogenic	PM5_Supporting, PP3_Strong, PM2_Supporting	6	Likely pathogenic	Likely pathogenic
987755	PAH	Phenylketonuria VCEP	Likely pathogenic	PP4_Moderate, PP3_Strong, PM2_Supporting	7	Likely pathogenic	Likely pathogenic
102544	PAH	Phenylketonuria VCEP	Likely pathogenic	PM5, PP3_Strong, PM2_Supporting	7	Likely pathogenic	Likely pathogenic
141056	TP53	TP53 VCEP	Likely benign	BP4, BS3, PM2_Supporting	-4	Likely benign	Likely benign
141228	TP53	TP53 VCEP	Likely benign	PP3, BS2, PM2_Supporting	-2	Likely benign	Uncertain significance
141159	TP53	TP53 VCEP	Likely benign	BS3, BS2_Supporting, PP3, PM2_Supporting	-3	Likely benign	Likely benign
141359	TP53	TP53 VCEP	Likely benign	BP4, BS3	-5	Likely benign	Likely benign
102560	PAH	Phenylketonuria VCEP	Likely pathogenic	PM3, PM2, PP4, PP3	6	Likely pathogenic	Likely pathogenic
102550	PAH	Phenylketonuria VCEP	Likely pathogenic	PM2, PP4_Moderate, PP3, PM3_Strong	9	Likely pathogenic	Likely pathogenic
987910	PAH	Phenylketonuria VCEP	Pathogenic	PP4_Moderate, PP3, PM3_Very Strong, PM2_Supporting	12	Pathogenic	Pathogenic
-	PAH	Phenylketonuria VCEP	Benign	BP7, BA1	-1	Benign	Benign
102714	PAH	Phenylketonuria VCEP	Uncertain significance	PM3_Supporting, PM2, PP4	4	Uncertain significance	Uncertain significance
-	PAH	Phenylketonuria VCEP	Pathogenic	PP4_Moderate, PM2, PM3_Very Strong	12	Pathogenic	Pathogenic
127923	CDH1	CDH1 VCEP	Likely benign	BS2	-4	Likely benign	Uncertain significance
574672	CDH1	CDH1 VCEP	Pathogenic	PVS1, PM5_Supporting, PM2_Supporting	10	Pathogenic	Pathogenic
428622	CDH1	CDH1 VCEP	Pathogenic	PVS1, PM5_Supporting, PS4_Supporting, PM2_Supporting	11	Pathogenic	Pathogenic
265635	CDH1	CDH1 VCEP	Likely pathogenic	PVS1_Strong, PM5_Supporting, PS3_Supporting, PM2_Supporting, PS4_Supporting	8	Likely pathogenic	Likely pathogenic
439040	CDH1	CDH1 VCEP	Pathogenic	PVS1, PM5_Supporting, PM2_Supporting	10	Pathogenic	Pathogenic
428633	CDH1	CDH1 VCEP	Pathogenic	PVS1, PM5_Supporting, PS4_Supporting, PM2_Supporting	11	Pathogenic	Pathogenic
491497	CDH1	CDH1 VCEP	Pathogenic	PVS1, PM5_Supporting, PM2_Supporting	10	Pathogenic	Pathogenic
422539	CDH1	CDH1 VCEP	Pathogenic	PVS1, PM5_Supporting, PS4_Supporting, PM2_Supporting	11	Pathogenic	Pathogenic
449339	CDH1	CDH1 VCEP	Pathogenic	PVS1, PM5_Supporting, PM2_Supporting, PS4_Supporting	11	Pathogenic	Pathogenic
186186	CDH1	CDH1 VCEP	Likely benign	BS2	-4	Likely benign	Uncertain significance
545756	CDH1	CDH1 VCEP	Pathogenic	PVS1, PM5_Supporting, PS4_Supporting, PM2_Supporting	11	Pathogenic	Pathogenic
234610	CDH1	CDH1 VCEP	Pathogenic	PVS1, PM5_Supporting, PS4_Supporting, PM2_Supporting	11	Pathogenic	Pathogenic
532477	CDH1	CDH1 VCEP	Pathogenic	PVS1, PM5_Supporting, PM2_Supporting	10	Pathogenic	Pathogenic
182376	CDH1	CDH1 VCEP	Pathogenic	PVS1, PM5_Supporting, PS4_Supporting, PM2_Supporting	11	Pathogenic	Pathogenic
185252	CDH1	CDH1 VCEP	Pathogenic	PVS1, PM5_Supporting, PM2_Supporting, PS4_Moderate	12	Pathogenic	Pathogenic
140781	CDH1	CDH1 VCEP	Pathogenic	PVS1, PM5_Supporting, PM2_Supporting, PS4	14	Pathogenic	Pathogenic
420613	CDH1	CDH1 VCEP	Uncertain significance	PP3, PM2_Supporting, PS4_Supporting	3	Uncertain significance	Uncertain significance
532441	CDH1	CDH1 VCEP	Pathogenic	PVS1, PM5_Supporting, PM2_Supporting	10	Pathogenic	Pathogenic
406676	CDH1	CDH1 VCEP	Uncertain significance	PS4_Moderate	2	Uncertain significance	Uncertain significance
428624	CDH1	CDH1 VCEP	Pathogenic	PVS1, PM5_Supporting, PM2_Supporting	10	Pathogenic	Pathogenic
496818	CDH1	CDH1 VCEP	Likely pathogenic	PVS1_Strong, PM2_Supporting, PS4_Supporting	6	Likely pathogenic	Likely pathogenic
220798	CDH1	CDH1 VCEP	Likely benign	BS2	-4	Likely benign	Uncertain significance
142462	CDH1	CDH1 VCEP	Benign	BS3, BS2, BP2_Strong	-12	Benign	Benign
421050	CDH1	CDH1 VCEP	Uncertain significance	BS2_Supporting	-1	Likely benign	Uncertain significance
485476	CDH1	CDH1 VCEP	Pathogenic	PVS1, PM5_Supporting, PM2_Supporting	10	Pathogenic	Pathogenic
234812	CDH1	CDH1 VCEP	Uncertain significance	BS2_Supporting, PM2_Supporting	0	Uncertain significance	Uncertain significance
230175	CDH1	CDH1 VCEP	Uncertain significance	BS2_Supporting	-1	Likely benign	Uncertain significance
488647	CDH1	CDH1 VCEP	Pathogenic	PVS1, PM5_Supporting, PS4_Supporting, PM2_Supporting	11	Pathogenic	Pathogenic
406615	CDH1	CDH1 VCEP	Pathogenic	PVS1, PM5_Supporting, PM2_Supporting	10	Pathogenic	Pathogenic
481173	CDH1	CDH1 VCEP	Uncertain significance	PVS1_Moderate, PM2_Supporting	3	Uncertain significance	Uncertain significance
234904	CDH1	CDH1 VCEP	Uncertain significance	PVS1_Moderate, PM2_Supporting	3	Uncertain significance	Uncertain significance
981224	CDH1	CDH1 VCEP	Uncertain significance	PVS1_Moderate, PM2_Supporting, PS4_Supporting	4	Uncertain significance	Uncertain significance
46076	CDH23	Hearing Loss VCEP	Uncertain significance	PP3, BS2	-3	Likely benign	Uncertain significance
43531	SLC26A4	Hearing Loss VCEP	Likely benign	BP4, BP2	-2	Likely benign	Likely benign
102669	PAH	Phenylketonuria VCEP	Likely pathogenic	PP4_Moderate, PM2, PP3, PM3_Strong	9	Likely pathogenic	Likely pathogenic
554011	PAH	Phenylketonuria VCEP	Likely pathogenic	PM3, PM5, PP4_Moderate, PM2, PP3	9	Likely pathogenic	Likely pathogenic
102724	PAH	Phenylketonuria VCEP	Pathogenic	PM5, PP4_Moderate, PM2, PM3_Strong	10	Pathogenic	Pathogenic
-	PAH	Phenylketonuria VCEP	Pathogenic	PVS1, PM2, PP4	11	Pathogenic	Pathogenic
-	PAH	Phenylketonuria VCEP	Pathogenic	PM3, PM2, PVS1, PP4	13	Pathogenic	Pathogenic
-	PAH	Phenylketonuria VCEP	Pathogenic	PVS1, PM2, PP4	11	Pathogenic	Pathogenic
-	PAH	Phenylketonuria VCEP	Pathogenic	PM2, PVS1, PP4	11	Pathogenic	Pathogenic
-	PAH	Phenylketonuria VCEP	Pathogenic	PVS1, PM2, PP4	11	Pathogenic	Pathogenic
102733	PAH	Phenylketonuria VCEP	Pathogenic	PM3_Supporting, PVS1, PM2, PP4	12	Pathogenic	Pathogenic
-	PAH	Phenylketonuria VCEP	Pathogenic	PVS1, PM2, PP4	11	Pathogenic	Pathogenic
102556	PAH	Phenylketonuria VCEP	Pathogenic	PVS1, PM2, PP4	11	Pathogenic	Pathogenic
-	PAH	Phenylketonuria VCEP	Pathogenic	PM3_Supporting, PVS1, PM2, PP4	12	Pathogenic	Pathogenic
92730	PAH	Phenylketonuria VCEP	Pathogenic	PM3, PVS1, PM2, PP4	13	Pathogenic	Pathogenic
-	PAH	Phenylketonuria VCEP	Pathogenic	PM3, PM2, PVS1, PP4	13	Pathogenic	Pathogenic
-	PAH	Phenylketonuria VCEP	Pathogenic	PM3, PVS1, PM2, PP4	13	Pathogenic	Pathogenic
-	PAH	Phenylketonuria VCEP	Uncertain significance	PM3, PP4	3	Uncertain significance	Uncertain significance
-	PAH	Phenylketonuria VCEP	Uncertain significance	PM3, BP7, PM2, PP4	4	Uncertain significance	Uncertain significance
-	PAH	Phenylketonuria VCEP	Likely pathogenic	PM3, PM2, PP4, PP3	6	Likely pathogenic	Likely pathogenic
-	PAH	Phenylketonuria VCEP	Uncertain significance	PM2, PP4_Moderate, PP3	5	Uncertain significance	Uncertain significance
102541	PAH	Phenylketonuria VCEP	Pathogenic	PM5, PM2, PP4_Moderate, PM3_Strong	10	Pathogenic	Pathogenic
458082	PAH	Phenylketonuria VCEP	Pathogenic	PM3, PP4_Moderate, PM2, PP3, PS1	11	Pathogenic	Pathogenic
-	PAH	Phenylketonuria VCEP	Likely pathogenic	PM3, PP4_Moderate, PM2	6	Likely pathogenic	Likely pathogenic
-	PAH	Phenylketonuria VCEP	Likely pathogenic	PM3, PM2, PP4, PP3	6	Likely pathogenic	Likely pathogenic
-	PAH	Phenylketonuria VCEP	Uncertain significance	PM2, PP4	3	Uncertain significance	Uncertain significance
-	PAH	Phenylketonuria VCEP	Uncertain significance	PM3_Supporting, BP7, PM2, PP4	3	Uncertain significance	Uncertain significance
571388	RUNX1	Myeloid Malignancy VCEP	Pathogenic	PM5_Supporting, PVS1, PS4_Supporting, PM2_Supporting	11	Pathogenic	Pathogenic
552279	PAH	Phenylketonuria VCEP	Likely pathogenic	PM4, PM2, PP4, PM3_Strong	9	Likely pathogenic	Likely pathogenic
-	PAH	Phenylketonuria VCEP	Likely pathogenic	PM3_Supporting, PM4, PP4_Moderate, PM2	7	Likely pathogenic	Likely pathogenic
631	PAH	Phenylketonuria VCEP	Pathogenic	PP4_Moderate, PM3_Very Strong, PS3	14	Pathogenic	Pathogenic
555138	MYO7A	Hearing Loss VCEP	Likely pathogenic	PP3, PP1_Strong, PM3	7	Likely pathogenic	Likely pathogenic
102638	PAH	Phenylketonuria VCEP	Pathogenic	PM3, PP4_Moderate, PM2, PVS1	14	Pathogenic	Pathogenic
102756	PAH	Phenylketonuria VCEP	Uncertain significance	BS1	-4	Likely benign	Uncertain significance
102800	PAH	Phenylketonuria VCEP	Likely pathogenic	PM3, PM2, PP3, PP4	6	Likely pathogenic	Likely pathogenic
102796	PAH	Phenylketonuria VCEP	Likely pathogenic	PM3, PM2, PP4, PP3	6	Likely pathogenic	Likely pathogenic
-	PAH	Phenylketonuria VCEP	Pathogenic	PM3_Supporting, PVS1, PM2, PP4_Moderate	13	Pathogenic	Pathogenic
551658	PAH	Phenylketonuria VCEP	Pathogenic	PM2, PVS1, PP4_Moderate	12	Pathogenic	Pathogenic
987913	PAH	Phenylketonuria VCEP	Likely pathogenic	PM3_Supporting, PM5_Supporting, PP3_Strong, PP4, PM2_Supporting	8	Likely pathogenic	Likely pathogenic
102543	PAH	Phenylketonuria VCEP	Pathogenic	PVS1, PM2, PP4	11	Pathogenic	Pathogenic
102542	PAH	Phenylketonuria VCEP	Pathogenic	PVS1, PM2, PP4	11	Pathogenic	Pathogenic
102530	PAH	Phenylketonuria VCEP	Pathogenic	PM2, PVS1, PP4	11	Pathogenic	Pathogenic
102621	PAH	Phenylketonuria VCEP	Pathogenic	PVS1, PP4_Moderate, PM2	12	Pathogenic	Pathogenic
102489	PAH	Phenylketonuria VCEP	Pathogenic	PM3_Supporting, PVS1, PM2, PP4	12	Pathogenic	Pathogenic
102734	PAH	Phenylketonuria VCEP	Pathogenic	PM3_Supporting, PM2, PVS1, PP4	12	Pathogenic	Pathogenic
-	PAH	Phenylketonuria VCEP	Pathogenic	PVS1, PM2, PP4_Moderate	12	Pathogenic	Pathogenic
102741	PAH	Phenylketonuria VCEP	Pathogenic	PM3_Supporting, PVS1, PM2, PP4	12	Pathogenic	Pathogenic
-	PAH	Phenylketonuria VCEP	Pathogenic	PVS1, PM2, PP4	11	Pathogenic	Pathogenic
102769	PAH	Phenylketonuria VCEP	Pathogenic	PM3_Supporting, PVS1, PM2, PP4	12	Pathogenic	Pathogenic
-	PAH	Phenylketonuria VCEP	Pathogenic	PVS1, PM2, PP4	11	Pathogenic	Pathogenic
43134	MYO7A	Hearing Loss VCEP	Likely benign	BS1_Supporting, BP2	-2	Likely benign	Likely benign
4929	CDH23	Hearing Loss VCEP	Uncertain significance	PM2, PM3	4	Uncertain significance	Uncertain significance
43230	MYO7A	Hearing Loss VCEP	Pathogenic	PP3, PP1, PP4, PM2_Supporting, PM3_Very Strong	12	Pathogenic	Pathogenic
984798	GAA	Lysosomal Diseases VCEP	Likely pathogenic	PVS1_Strong, PM3_Supporting, PP4, PM2_Supporting	7	Likely pathogenic	Likely pathogenic
984802	GAA	Lysosomal Diseases VCEP	Pathogenic	PM3, PVS1, PP4, PM2_Supporting	12	Pathogenic	Pathogenic
-	GAA	Lysosomal Diseases VCEP	Pathogenic	PVS1, PM2, PP4	11	Pathogenic	Pathogenic
557360	GAA	Lysosomal Diseases VCEP	Pathogenic	PM2, PVS1, PP4	11	Pathogenic	Pathogenic
984800	GAA	Lysosomal Diseases VCEP	Likely pathogenic	PVS1_Moderate, PM3_Supporting, PP4_Moderate, PM2_Supporting	6	Likely pathogenic	Likely pathogenic
371302	GAA	Lysosomal Diseases VCEP	Pathogenic	PM3, PVS1, PM2, PP4	13	Pathogenic	Pathogenic
-	GAA	Lysosomal Diseases VCEP	Pathogenic	PVS1, PM2, PP4	11	Pathogenic	Pathogenic
972762	GAA	Lysosomal Diseases VCEP	Pathogenic	PM3_Strong, PVS1_Strong, PP4_Moderate, PM2_Supporting	11	Pathogenic	Pathogenic
552839	GAA	Lysosomal Diseases VCEP	Uncertain significance	PVS1_Moderate, PM2_Supporting	3	Uncertain significance	Uncertain significance
423925	GAA	Lysosomal Diseases VCEP	Pathogenic	PM3_Supporting, PVS1, PP4, PM2_Supporting	11	Pathogenic	Pathogenic
370241	GAA	Lysosomal Diseases VCEP	Likely pathogenic	PM2, PVS1	10	Pathogenic	Likely pathogenic
456415	GAA	Lysosomal Diseases VCEP	Likely pathogenic	PVS1, PM2_Supporting	9	Likely pathogenic	Uncertain significance
555040	GAA	Lysosomal Diseases VCEP	Likely pathogenic	PVS1, PM2_Supporting	9	Likely pathogenic	Uncertain significance
370458	GAA	Lysosomal Diseases VCEP	Likely pathogenic	PVS1, PM2_Supporting	9	Likely pathogenic	Uncertain significance
526523	GAA	Lysosomal Diseases VCEP	Likely pathogenic	PVS1, PM2_Supporting	9	Likely pathogenic	Uncertain significance
371580	GAA	Lysosomal Diseases VCEP	Likely pathogenic	PVS1, PM2_Supporting	9	Likely pathogenic	Uncertain significance
551530	GAA	Lysosomal Diseases VCEP	Likely pathogenic	PVS1, PM2_Supporting	9	Likely pathogenic	Uncertain significance
371501	GAA	Lysosomal Diseases VCEP	Likely pathogenic	PVS1, PM2_Supporting	9	Likely pathogenic	Uncertain significance
596146	GAA	Lysosomal Diseases VCEP	Pathogenic	PM3, PVS1, PM2, PP4	13	Pathogenic	Pathogenic
189057	GAA	Lysosomal Diseases VCEP	Pathogenic	PM3_Supporting, PVS1, PM2, PP4	12	Pathogenic	Pathogenic
553981	GAA	Lysosomal Diseases VCEP	Pathogenic	PVS1, PM2, PP4	11	Pathogenic	Pathogenic
550104	GAA	Lysosomal Diseases VCEP	Likely pathogenic	PVS1, PM2_Supporting	9	Likely pathogenic	Uncertain significance
188880	GAA	Lysosomal Diseases VCEP	Pathogenic	PVS1, PM2, PP4	11	Pathogenic	Pathogenic
556534	GAA	Lysosomal Diseases VCEP	Likely pathogenic	PVS1, PM2_Supporting	9	Likely pathogenic	Uncertain significance
656144	GAA	Lysosomal Diseases VCEP	Likely pathogenic	PVS1, PM2_Supporting	9	Likely pathogenic	Uncertain significance
282254	GAA	Lysosomal Diseases VCEP	Pathogenic	PVS1, PP4_Moderate, PM2_Supporting	11	Pathogenic	Pathogenic
597147	GAA	Lysosomal Diseases VCEP	Likely pathogenic	PVS1, PM2_Supporting	9	Likely pathogenic	Uncertain significance
370810	GAA	Lysosomal Diseases VCEP	Likely pathogenic	PVS1, PM2_Supporting	9	Likely pathogenic	Uncertain significance
497032	GAA	Lysosomal Diseases VCEP	Likely pathogenic	PVS1, PM2_Supporting	9	Likely pathogenic	Uncertain significance
370263	GAA	Lysosomal Diseases VCEP	Pathogenic	PM3_Supporting, PM2, PVS1, PP4	12	Pathogenic	Pathogenic
501294	GAA	Lysosomal Diseases VCEP	Pathogenic	PM3_Supporting, PVS1, PM2, PP4	12	Pathogenic	Pathogenic
4033	GAA	Lysosomal Diseases VCEP	Pathogenic	PVS1, PM2, PP4, PM3_Very Strong	19	Pathogenic	Pathogenic
370510	GAA	Lysosomal Diseases VCEP	Pathogenic	PM3_Supporting, PM2, PVS1, PP4	12	Pathogenic	Pathogenic
371457	GAA	Lysosomal Diseases VCEP	Pathogenic	PM3_Supporting, PVS1, PP4, PM2_Supporting	11	Pathogenic	Pathogenic
552165	GAA	Lysosomal Diseases VCEP	Pathogenic	PM3_Supporting, PM2, PVS1, PP4	12	Pathogenic	Pathogenic
420101	GAA	Lysosomal Diseases VCEP	Pathogenic	PM3_Supporting, PM2, PVS1, PP4	12	Pathogenic	Pathogenic
556959	GAA	Lysosomal Diseases VCEP	Pathogenic	PM3_Supporting, PVS1, PM2, PP4	12	Pathogenic	Pathogenic
370223	GAA	Lysosomal Diseases VCEP	Pathogenic	PM3_Supporting, PVS1, PM2, PP4	12	Pathogenic	Pathogenic
556853	GAA	Lysosomal Diseases VCEP	Pathogenic	PM2, PVS1, PP4	11	Pathogenic	Pathogenic
188874	GAA	Lysosomal Diseases VCEP	Pathogenic	PM2, PVS1, PP4	11	Pathogenic	Pathogenic
694453	GAA	Lysosomal Diseases VCEP	Pathogenic	PM3_Supporting, PVS1, PP4, PM2_Supporting	11	Pathogenic	Pathogenic
371433	GAA	Lysosomal Diseases VCEP	Likely pathogenic	PVS1, PM2_Supporting	9	Likely pathogenic	Uncertain significance
520974	GAA	Lysosomal Diseases VCEP	Likely pathogenic	PVS1, PM2_Supporting	9	Likely pathogenic	Uncertain significance
370866	GAA	Lysosomal Diseases VCEP	Pathogenic	PM3_Supporting, PVS1, PM2, PP4	12	Pathogenic	Pathogenic
693996	GAA	Lysosomal Diseases VCEP	Likely pathogenic	PVS1, PM2_Supporting	9	Likely pathogenic	Uncertain significance
632822	GAA	Lysosomal Diseases VCEP	Pathogenic	PM3_Supporting, PVS1, PP4, PM2_Supporting	11	Pathogenic	Pathogenic
633225	GAA	Lysosomal Diseases VCEP	Pathogenic	PM3, PVS1, PP4, PM2_Supporting	12	Pathogenic	Pathogenic
423932	GAA	Lysosomal Diseases VCEP	Likely pathogenic	PVS1, PM2_Supporting	9	Likely pathogenic	Uncertain significance
48487	USH2A	Hearing Loss VCEP	Benign	BA1	0	Benign	Benign
802700	MYO7A	Hearing Loss VCEP	Uncertain significance	PP3, BS1_Supporting	0	Uncertain significance	Uncertain significance
179260	HRAS	RASopathy VCEP	Likely pathogenic	PM6, PM2, PM1, PP2, PS4_Supporting	8	Likely pathogenic	Likely pathogenic
-	HRAS	RASopathy VCEP	Likely pathogenic	PM2, PM1, PP2, PS4_Supporting	6	Likely pathogenic	Likely pathogenic
561252	RUNX1	Myeloid Malignancy VCEP	Pathogenic	PS4_Moderate, PP1_Strong, PM5_Supporting, PVS1, PM2_Supporting	16	Pathogenic	Pathogenic
561236	RUNX1	Myeloid Malignancy VCEP	Pathogenic	PS4_Moderate, PM5_Supporting, PVS1, PM2_Supporting	12	Pathogenic	Pathogenic
561256	RUNX1	Myeloid Malignancy VCEP	Likely pathogenic	PVS1_Strong, PM5_Supporting, PM2_Supporting	6	Likely pathogenic	Likely pathogenic
561248	RUNX1	Myeloid Malignancy VCEP	Pathogenic	PM5_Supporting, PVS1, PS4_Supporting, PM2_Supporting	11	Pathogenic	Pathogenic
463982	RUNX1	Myeloid Malignancy VCEP	Benign	BA1, BP4	-1	Benign	Benign
650319	RUNX1	Myeloid Malignancy VCEP	Likely benign	BS1	-4	Likely benign	Uncertain significance
463986	RUNX1	Myeloid Malignancy VCEP	Benign	BS1, BS3	-8	Benign	Benign
463990	RUNX1	Myeloid Malignancy VCEP	Benign	BS3, BS1	-8	Benign	Benign
575051	RUNX1	Myeloid Malignancy VCEP	Likely benign	BP7, PM2_Supporting, BP4	-1	Likely benign	Likely benign
415833	RUNX1	Myeloid Malignancy VCEP	Benign	BA1, BP4	-1	Benign	Benign
561223	RUNX1	Myeloid Malignancy VCEP	Likely pathogenic	PVS1_Strong, PM5_Supporting, PM2_Supporting	6	Likely pathogenic	Likely pathogenic
436613	RUNX1	Myeloid Malignancy VCEP	Likely benign	BP7, BP4	-2	Likely benign	Likely benign
239057	RUNX1	Myeloid Malignancy VCEP	Benign	BA1, BP2	-1	Benign	Benign
376021	RUNX1	Myeloid Malignancy VCEP	Likely pathogenic	PM1_Strong, PP3, PM2_Supporting	6	Likely pathogenic	Likely pathogenic
463985	RUNX1	Myeloid Malignancy VCEP	Likely benign	BP7, BP4	-2	Likely benign	Likely benign
464006	RUNX1	Myeloid Malignancy VCEP	Likely benign	BP7, PM2, BP4	0	Uncertain significance	Likely benign
561229	RUNX1	Myeloid Malignancy VCEP	Pathogenic	PM5_Supporting, PVS1, PS4_Supporting, PM2_Supporting	11	Pathogenic	Pathogenic
561226	RUNX1	Myeloid Malignancy VCEP	Likely pathogenic	PVS1_Strong, PM5_Supporting, PM2_Supporting	6	Likely pathogenic	Likely pathogenic
561224	RUNX1	Myeloid Malignancy VCEP	Likely pathogenic	PVS1_Strong, PM5_Supporting, PM2_Supporting	6	Likely pathogenic	Likely pathogenic
376022	RUNX1	Myeloid Malignancy VCEP	Pathogenic	PM1_Strong, PP3, PP1, PM2_Supporting, PS3_Moderate, PS4_Supporting	10	Pathogenic	Pathogenic
463987	RUNX1	Myeloid Malignancy VCEP	Likely benign	BP7, BP4	-2	Likely benign	Likely benign
376019	RUNX1	Myeloid Malignancy VCEP	Uncertain significance	PM1_Strong, PM2_Supporting	5	Uncertain significance	Uncertain significance
376020	RUNX1	Myeloid Malignancy VCEP	Uncertain significance	PM1_Strong, PM2_Supporting	5	Uncertain significance	Uncertain significance
339839	RUNX1	Myeloid Malignancy VCEP	Benign	BA1	0	Benign	Benign
212088	RUNX1	Myeloid Malignancy VCEP	Benign	BP2, BP4, BA1	-2	Benign	Benign
463997	RUNX1	Myeloid Malignancy VCEP	Benign	BP7, BA1, BP4	-2	Benign	Benign
561244	RUNX1	Myeloid Malignancy VCEP	Pathogenic	PM5_Supporting, PVS1, PM2_Supporting	10	Pathogenic	Pathogenic
239043	RUNX1	Myeloid Malignancy VCEP	Benign	BP7, BA1, BP2, BP4	-3	Benign	Benign
-	PAH	Phenylketonuria VCEP	Uncertain significance	PM3_Supporting, PM2, PP4	4	Uncertain significance	Uncertain significance
-	PAH	Phenylketonuria VCEP	Likely pathogenic	PM3, PM2, PP4, PP3	6	Likely pathogenic	Likely pathogenic
-	PAH	Phenylketonuria VCEP	Pathogenic	PVS1, PM2, PP4	11	Pathogenic	Pathogenic
1065372	PAH	Phenylketonuria VCEP	Pathogenic	PVS1, PM2, PP4	11	Pathogenic	Pathogenic
-	PAH	Phenylketonuria VCEP	Likely pathogenic	PVS1_Strong, PM2, PP4	7	Likely pathogenic	Likely pathogenic
-	PAH	Phenylketonuria VCEP	Pathogenic	PP4_Moderate, PM2, PVS1, PM3_Strong	16	Pathogenic	Pathogenic
-	PAH	Phenylketonuria VCEP	Pathogenic	PM3, PM2, PVS1, PP4	13	Pathogenic	Pathogenic
-	PAH	Phenylketonuria VCEP	Pathogenic	PM2, PVS1, PP4, PM3_Strong	15	Pathogenic	Pathogenic
225134	PAH	Phenylketonuria VCEP	Pathogenic	PM2, PP4, PM3_Very Strong	11	Pathogenic	Pathogenic
-	PAH	Phenylketonuria VCEP	Likely pathogenic	PM3, PM2, PP4, PP3	6	Likely pathogenic	Likely pathogenic
1065380	PAH	Phenylketonuria VCEP	Likely pathogenic	PM3, PP4_Moderate, PP3, PM2_Supporting	6	Likely pathogenic	Likely pathogenic
-	HRAS	RASopathy VCEP	Uncertain significance	PM2, PM1, PP2	5	Uncertain significance	Uncertain significance
-	ITGA2B	Platelet Disorders VCEP	Pathogenic	PM3_Supporting, PVS1, PP4_Moderate, PP1, PM2_Supporting	13	Pathogenic	Pathogenic
-	ITGB3	Platelet Disorders VCEP	Pathogenic	PP4_Strong, PM3, PVS1, PM2_Supporting	15	Pathogenic	Pathogenic
323867	ITGB3	Platelet Disorders VCEP	Uncertain significance	PM4, PM2_Supporting	3	Uncertain significance	Uncertain significance
631775	ITGB3	Platelet Disorders VCEP	Likely pathogenic	PVS1, PM2_Supporting	9	Likely pathogenic	Uncertain significance
953020	ITGA2B	Platelet Disorders VCEP	Uncertain significance	PM4, PM3_Supporting, PM2_Supporting	4	Uncertain significance	Uncertain significance
953022	ITGA2B	Platelet Disorders VCEP	Likely benign	BP4, BP7, PM2_Supporting	-1	Likely benign	Likely benign
323547	ITGA2B	Platelet Disorders VCEP	Benign	BA1	0	Benign	Benign
417951	ITGA2B	Platelet Disorders VCEP	Likely benign	BP2, BP4, BS1	-6	Likely benign	Likely benign
426669	ITGA2B	Platelet Disorders VCEP	Uncertain significance	PM5, PM2_Supporting	3	Uncertain significance	Uncertain significance
323550	ITGA2B	Platelet Disorders VCEP	Benign	BA1, BP4, BP7	-2	Benign	Benign
953003	ITGA2B	Platelet Disorders VCEP	Uncertain significance	PP3, PM2_Supporting	2	Uncertain significance	Uncertain significance
255540	ITGB3	Platelet Disorders VCEP	Benign	BA1, BP4, BP7	-2	Benign	Benign
417956	ITGA2B	Platelet Disorders VCEP	Uncertain significance	BP4, PM2_Supporting	0	Uncertain significance	Uncertain significance
323561	ITGA2B	Platelet Disorders VCEP	Benign	BA1, BP7	-1	Benign	Benign
953059	ITGB3	Platelet Disorders VCEP	Pathogenic	PM3_Supporting, PVS1, PM2_Supporting	10	Pathogenic	Pathogenic
13557	ITGB3	Platelet Disorders VCEP	Benign	BA1, BS3	-4	Benign	Benign
953060	ITGB3	Platelet Disorders VCEP	Likely benign	BP4, BP7, PM2_Supporting	-1	Likely benign	Likely benign
-	ITGB3	Platelet Disorders VCEP	Likely benign	BP4, BS3, PM2_Supporting	-4	Likely benign	Likely benign
-	ITGA2B	Platelet Disorders VCEP	Benign	BA1, BP7	-1	Benign	Benign
695458	ITGA2B	Platelet Disorders VCEP	Uncertain significance		0	Uncertain significance	Uncertain significance
235258	ITGB3	Platelet Disorders VCEP	Benign	BA1, BP4	-1	Benign	Benign
323870	ITGB3	Platelet Disorders VCEP	Uncertain significance		0	Uncertain significance	Uncertain significance
-	ITGA2B	Platelet Disorders VCEP	Pathogenic	PP4_Strong, PM3, PVS1, PM2_Supporting	15	Pathogenic	Pathogenic
2901	ITGA2B	Platelet Disorders VCEP	Pathogenic	PM3, PS3, PP4_Moderate, PP3, PM2_Supporting	10	Pathogenic	Pathogenic
225393	ITGA2B	Platelet Disorders VCEP	Pathogenic	PP4_Strong, PM3_Strong, PM2_Supporting	9	Likely pathogenic	Pathogenic
953015	ITGA2B	Platelet Disorders VCEP	Likely pathogenic	PP4_Strong, PM3_Supporting, PP3, PM2_Supporting	7	Likely pathogenic	Likely pathogenic
-	ITGB3	Platelet Disorders VCEP	Benign	BA1, BP7	-1	Benign	Benign
-	ITGA2B	Platelet Disorders VCEP	Pathogenic	PVS1, PP4_Moderate, PM2_Supporting	11	Pathogenic	Pathogenic
2892	ITGA2B	Platelet Disorders VCEP	Pathogenic	PP4_Strong, PVS1	12	Pathogenic	Pathogenic
953024	ITGA2B	Platelet Disorders VCEP	Pathogenic	PM4, PP4_Strong, PM3_Strong, PM2_Supporting	11	Pathogenic	Pathogenic
953041	ITGB3	Platelet Disorders VCEP	Likely pathogenic	PP4_Strong, PM4, PP3, PS3_Moderate	9	Likely pathogenic	Likely pathogenic
953047	ITGB3	Platelet Disorders VCEP	Pathogenic	PM3, PS3, PP4_Moderate, PP1, PP3, PM2_Supporting	11	Pathogenic	Pathogenic
-	ITGA2B	Platelet Disorders VCEP	Pathogenic	PP4_Strong, PVS1, PM2_Supporting	13	Pathogenic	Pathogenic
-	ITGA2B	Platelet Disorders VCEP	Pathogenic	PP4_Strong, PS3, PM3_Supporting, PP1, PP3, PM2_Supporting	12	Pathogenic	Pathogenic
-	ITGA2B	Platelet Disorders VCEP	Pathogenic	PP4_Strong, PM3, PP1_Moderate, PVS1, PM2_Supporting	17	Pathogenic	Pathogenic
-	ITGA2B	Platelet Disorders VCEP	Pathogenic	PP4_Strong, PM3_Supporting, PVS1, PM2_Supporting	14	Pathogenic	Pathogenic
952999	ITGA2B	Platelet Disorders VCEP	Likely pathogenic	PM3, PM4, PP4_Moderate, PP3, PM2_Supporting	8	Likely pathogenic	Likely pathogenic
-	ITGB3	Platelet Disorders VCEP	Pathogenic	PP4_Strong, PVS1, PM2_Supporting	13	Pathogenic	Pathogenic
627066	ITGB3	Platelet Disorders VCEP	Likely pathogenic	PM5, PM3, PP4_Moderate, PP3, PM2_Supporting	8	Likely pathogenic	Likely pathogenic
953043	ITGB3	Platelet Disorders VCEP	Likely pathogenic	PM3_Supporting, PP4_Moderate, PP3, PS3_Moderate, PM2_Supporting	7	Likely pathogenic	Likely pathogenic
13554	ITGB3	Platelet Disorders VCEP	Pathogenic	PS3, PM3_Supporting, PP4_Moderate, PP1, PP3, PM2_Supporting	10	Pathogenic	Pathogenic
-	ITGA2B	Platelet Disorders VCEP	Pathogenic	PP4_Strong, PM3_Supporting, PVS1, PM2_Supporting	14	Pathogenic	Pathogenic
-	ITGA2B	Platelet Disorders VCEP	Pathogenic	PP4_Strong, PM3, PVS1, PP1, PM2_Supporting	16	Pathogenic	Pathogenic
-	ITGA2B	Platelet Disorders VCEP	Pathogenic	PP4_Moderate, PVS1, PM2_Supporting	11	Pathogenic	Pathogenic
-	ITGA2B	Platelet Disorders VCEP	Pathogenic	PM3_Supporting, PP4_Moderate, PVS1, PM2_Supporting	12	Pathogenic	Pathogenic
953027	ITGB3	Platelet Disorders VCEP	Uncertain significance	PM3_Supporting, PP4_Moderate, PP3, PM2_Supporting	5	Uncertain significance	Uncertain significance
953051	ITGB3	Platelet Disorders VCEP	Pathogenic	PP4_Strong, PM3, PP1_Strong, PVS1, PM2_Supporting	19	Pathogenic	Pathogenic
-	ITGA2B	Platelet Disorders VCEP	Pathogenic	PP4_Strong, PM3_Strong, PP3, PM2_Supporting	10	Pathogenic	Pathogenic
-	ITGB3	Platelet Disorders VCEP	Pathogenic	PP4_Strong, PVS1, PM2_Supporting	13	Pathogenic	Pathogenic
-	ITGB3	Platelet Disorders VCEP	Pathogenic	PP4_Strong, PVS1, PM2_Supporting	13	Pathogenic	Pathogenic
953040	ITGA2B	Platelet Disorders VCEP	Likely pathogenic	PP4_Strong, PM3_Supporting, PM2_Supporting	6	Likely pathogenic	Likely pathogenic
812736	ITGB3	Platelet Disorders VCEP	Pathogenic	PP4_Strong, PM3_Strong, PP1, PP3, PM2_Supporting, PS3_Moderate	13	Pathogenic	Pathogenic
953052	ITGB3	Platelet Disorders VCEP	Pathogenic	PVS1, PP4_Moderate, PM2_Supporting	11	Pathogenic	Pathogenic
953053	ITGB3	Platelet Disorders VCEP	Likely pathogenic	PM3_Strong, PP4_Moderate, PP3, PM2_Supporting	8	Likely pathogenic	Likely pathogenic
953007	ITGB3	Platelet Disorders VCEP	Likely pathogenic	PM3_Supporting, PM5_Supporting, PP4_Moderate, PP3, PM2_Supporting	6	Likely pathogenic	Likely pathogenic
952996	ITGA2B	Platelet Disorders VCEP	Likely pathogenic	PM4, PM3_Supporting, PP4_Moderate, PM2_Supporting	6	Likely pathogenic	Likely pathogenic
2900	ITGA2B	Platelet Disorders VCEP	Pathogenic	PP4_Strong, PM3_Strong, PP1, PM2_Supporting	10	Pathogenic	Pathogenic
569057	ITGA2B	Platelet Disorders VCEP	Pathogenic	PVS1, PP4_Moderate, PM2_Supporting	11	Pathogenic	Pathogenic
953008	ITGB3	Platelet Disorders VCEP	Likely pathogenic	PM3, PP4_Moderate, PP3, PM2_Supporting, PS3_Moderate	8	Likely pathogenic	Likely pathogenic
381747	ITGA2B	Platelet Disorders VCEP	Pathogenic	PM3, PS2, PP4_Moderate, PP3, PM2_Supporting, PS3_Moderate	12	Pathogenic	Pathogenic
-	ITGA2B	Platelet Disorders VCEP	Pathogenic	PVS1, PP4_Moderate, PM2_Supporting	11	Pathogenic	Pathogenic
-	ITGA2B	Platelet Disorders VCEP	Pathogenic	PVS1, PP4_Moderate, PM2_Supporting	11	Pathogenic	Pathogenic
953004	ITGA2B	Platelet Disorders VCEP	Pathogenic	PP4_Strong, PM3_Strong, PP1_Moderate, PM2_Supporting	11	Pathogenic	Pathogenic
953001	ITGA2B	Platelet Disorders VCEP	Pathogenic	PVS1, PP4_Moderate, PM2_Supporting	11	Pathogenic	Pathogenic
953005	ITGA2B	Platelet Disorders VCEP	Likely pathogenic	PM3, PP4_Moderate, PP1, PM2_Supporting	6	Likely pathogenic	Likely pathogenic
953044	ITGA2B	Platelet Disorders VCEP	Likely pathogenic	PP4_Strong, PM4, PM2_Supporting	7	Likely pathogenic	Likely pathogenic
631774	ITGB3	Platelet Disorders VCEP	Likely pathogenic	PP4_Strong, PM3_Supporting, PP3, PM2_Supporting, PS3_Moderate	9	Likely pathogenic	Likely pathogenic
953061	ITGB3	Platelet Disorders VCEP	Pathogenic	PP4_Strong, PVS1, PM2_Supporting	13	Pathogenic	Pathogenic
-	ITGB3	Platelet Disorders VCEP	Pathogenic	PP4_Strong, PM3, PVS1, PM2_Supporting	15	Pathogenic	Pathogenic
-	ITGB3	Platelet Disorders VCEP	Pathogenic	PP4_Strong, PVS1, PM2_Supporting	13	Pathogenic	Pathogenic
953010	ITGB3	Platelet Disorders VCEP	Likely pathogenic	PM3, PP4_Strong, PP3, PM2_Supporting	8	Likely pathogenic	Likely pathogenic
953029	ITGA2B	Platelet Disorders VCEP	Uncertain significance	PP4_Moderate	2	Uncertain significance	Uncertain significance
953018	ITGA2B	Platelet Disorders VCEP	Likely pathogenic	PM5, PM3_Supporting, PP4_Moderate, PP3, PM2_Supporting	7	Likely pathogenic	Likely pathogenic
996156	ITGA2B	Platelet Disorders VCEP	Likely pathogenic	PM3, PP4_Strong, PP3, PM2_Supporting	8	Likely pathogenic	Likely pathogenic
2895	ITGA2B	Platelet Disorders VCEP	Pathogenic	PP4_Strong, PM3, PVS1, PM2_Supporting	15	Pathogenic	Pathogenic
996168	ITGB3	Platelet Disorders VCEP	Uncertain significance	PP3, PM2_Supporting	2	Uncertain significance	Uncertain significance
996169	ITGA2B	Platelet Disorders VCEP	Likely pathogenic	PP4_Strong, PM5_Supporting, PP3, PM2_Supporting	7	Likely pathogenic	Likely pathogenic
996170	ITGA2B	Platelet Disorders VCEP	Likely pathogenic	PP4_Strong, PP3, PM2_Supporting	6	Likely pathogenic	Likely pathogenic
996171	ITGA2B	Platelet Disorders VCEP	Likely pathogenic	PM4, PP4_Strong, PM2_Supporting	7	Likely pathogenic	Likely pathogenic
996184	ITGB3	Platelet Disorders VCEP	Likely pathogenic	PM3, PM4, PP4_Moderate, PP3, PM2_Supporting	8	Likely pathogenic	Likely pathogenic
635	PAH	Phenylketonuria VCEP	Likely pathogenic	PM2, PP4, PM3_Strong	7	Likely pathogenic	Likely pathogenic
638	PAH	Phenylketonuria VCEP	Likely pathogenic	PS3_Supporting, PM2, PP4, PM3_Strong	8	Likely pathogenic	Likely pathogenic
928885	PAH	Phenylketonuria VCEP	Pathogenic	PM5, PM2, PP4_Moderate, PM3_Strong	10	Pathogenic	Pathogenic
552657	PAH	Phenylketonuria VCEP	Likely pathogenic	PM3, PP4_Moderate, PM2, PP3	7	Likely pathogenic	Likely pathogenic
551103	PAH	Phenylketonuria VCEP	Pathogenic	PM5, PP4_Moderate, PM2, PP3, PM3_Strong	11	Pathogenic	Pathogenic
102602	PAH	Phenylketonuria VCEP	Likely pathogenic	PM3, PP4_Moderate, PM2, PP3	7	Likely pathogenic	Likely pathogenic
996175	ITGB3	Platelet Disorders VCEP	Likely pathogenic	PM3, PP4_Moderate, PP3, PP1, PM2_Supporting	7	Likely pathogenic	Likely pathogenic
627218	ITGA2B	Platelet Disorders VCEP	Pathogenic	PP4_Strong, PM3_Strong, PP3, PM2_Supporting	10	Pathogenic	Pathogenic
996178	ITGB3	Platelet Disorders VCEP	Pathogenic	PP4_Strong, PVS1, PM2_Supporting	13	Pathogenic	Pathogenic
996159	ITGB3	Platelet Disorders VCEP	Likely pathogenic	PM3_Supporting, PM5_Supporting, PP4_Moderate, PP3, PM2_Supporting	6	Likely pathogenic	Likely pathogenic
996165	ITGA2B	Platelet Disorders VCEP	Likely pathogenic	PP4_Strong, PM3, PS3_Supporting, PM2_Supporting	8	Likely pathogenic	Likely pathogenic
-	ITGA2B	Platelet Disorders VCEP	Pathogenic	PM3_Supporting, PVS1, PM2_Supporting	10	Pathogenic	Pathogenic
2893	ITGA2B	Platelet Disorders VCEP	Likely pathogenic	PM3, PM4, PP4_Strong, PM2_Supporting	9	Likely pathogenic	Likely pathogenic
996176	ITGB3	Platelet Disorders VCEP	Likely pathogenic	PP4_Strong, PM3_Supporting, PP3, PM2_Supporting	7	Likely pathogenic	Likely pathogenic
996180	ITGA2B	Platelet Disorders VCEP	Likely pathogenic	PP4_Strong, PP3, PM2_Supporting	6	Likely pathogenic	Likely pathogenic
996172	ITGA2B	Platelet Disorders VCEP	Uncertain significance	PM2_Supporting	1	Uncertain significance	Uncertain significance
996161	ITGA2B	Platelet Disorders VCEP	Uncertain significance	PP4_Strong, PM2_Supporting	5	Uncertain significance	Uncertain significance
996173	ITGA2B	Platelet Disorders VCEP	Pathogenic	PP4_Strong, PM3, PVS1_Strong, PM2_Supporting	11	Pathogenic	Pathogenic
627131	ITGB3	Platelet Disorders VCEP	Likely pathogenic	PP4_Strong, PM3_Supporting, PM5_Supporting, PP3, PM2_Supporting	8	Likely pathogenic	Likely pathogenic
996207	ITGA2B	Platelet Disorders VCEP	Uncertain significance	PM3_Supporting, PP4_Moderate, PM2_Supporting	4	Uncertain significance	Uncertain significance
812735	ITGB3	Platelet Disorders VCEP	Uncertain significance	PP4_Strong, PP3	5	Uncertain significance	Uncertain significance
323868	ITGB3	Platelet Disorders VCEP	Uncertain significance	PM2_Supporting	1	Uncertain significance	Uncertain significance
996177	ITGB3	Platelet Disorders VCEP	Uncertain significance	BP2, BS1, PP3	-4	Likely benign	Likely benign
50233	ITGA2B	Platelet Disorders VCEP	Uncertain significance	PP3, PM2_Supporting	2	Uncertain significance	Uncertain significance
-	ITGA2B	Platelet Disorders VCEP	Pathogenic	PM3, PP4_Strong, PVS1, PM2_Supporting	15	Pathogenic	Pathogenic
-	ITGB3	Platelet Disorders VCEP	Pathogenic	PP4_Strong, PM3, PP3, PM2_Supporting, PS3_Moderate	10	Pathogenic	Pathogenic
996187	ITGA2B	Platelet Disorders VCEP	Uncertain significance	PP4_Strong, PM2_Supporting	5	Uncertain significance	Uncertain significance
953045	ITGA2B	Platelet Disorders VCEP	Pathogenic	PP4_Strong, PM3, PS3, PVS1_Strong, PP1, PM2_Supporting	16	Pathogenic	Pathogenic
323869	ITGB3	Platelet Disorders VCEP	Benign	BA1, BP4, BP7	-2	Benign	Benign
996160	ITGA2B	Platelet Disorders VCEP	Uncertain significance	PM2_Supporting	1	Uncertain significance	Uncertain significance
-	ITGA2B	Platelet Disorders VCEP	Pathogenic	PP4_Strong, PM5, PM3, PP1_Moderate, PP3, PM2_Supporting	12	Pathogenic	Pathogenic
953034	ITGA2B	Platelet Disorders VCEP	Pathogenic	PM3_Supporting, PP1_Strong, PS3_Supporting, PVS1, PP4, PM2_Supporting	16	Pathogenic	Pathogenic
953021	ITGA2B	Platelet Disorders VCEP	Uncertain significance	PVS1_Strong, PM2_Supporting	5	Uncertain significance	Uncertain significance
-	ITGA2B	Platelet Disorders VCEP	Pathogenic	PP4_Strong, PM3, PP1_Moderate, PVS1, PM2_Supporting	17	Pathogenic	Pathogenic
996190	ITGB3	Platelet Disorders VCEP	Likely pathogenic	PP4_Strong, PVS1_Moderate, PM3_Supporting, PM2_Supporting	8	Likely pathogenic	Likely pathogenic
-	ITGA2B	Platelet Disorders VCEP	Pathogenic	PM3_Supporting, PP4_Moderate, PVS1, PM2_Supporting	12	Pathogenic	Pathogenic
-	ITGA2B	Platelet Disorders VCEP	Pathogenic	PVS1, PP4_Moderate, PM2_Supporting	11	Pathogenic	Pathogenic
-	ITGA2B	Platelet Disorders VCEP	Pathogenic	PP4_Strong, PM3_Supporting, PVS1, PM2_Supporting	14	Pathogenic	Pathogenic
996183	ITGB3	Platelet Disorders VCEP	Uncertain significance	PP4_Moderate	2	Uncertain significance	Uncertain significance
-	ITGA2B	Platelet Disorders VCEP	Pathogenic	PP4_Strong, PM3, PVS1, PM2_Supporting	15	Pathogenic	Pathogenic
996212	ITGA2B	Platelet Disorders VCEP	Uncertain significance	PM3_Supporting, PP4_Moderate, PP3, PM2_Supporting	5	Uncertain significance	Uncertain significance
996202	ITGB3	Platelet Disorders VCEP	Likely pathogenic	PM3, PP4_Moderate, PP3, PM2_Supporting	6	Likely pathogenic	Likely pathogenic
381748	ITGA2B	Platelet Disorders VCEP	Pathogenic	PP4_Strong, PM3_Strong, PM2_Supporting	9	Likely pathogenic	Pathogenic
996174	ITGB3	Platelet Disorders VCEP	Likely pathogenic	PM3, PP4_Moderate, PP3, PP1, PM2_Supporting	7	Likely pathogenic	Likely pathogenic
953057	ITGA2B	Platelet Disorders VCEP	Pathogenic	PM3_Strong, PVS1_Strong, PP4_Moderate, PM2_Supporting	11	Pathogenic	Pathogenic
627299	ITGA2B	Platelet Disorders VCEP	Uncertain significance	BP4, PM2_Supporting	0	Uncertain significance	Uncertain significance
-	ITGA2B	Platelet Disorders VCEP	Pathogenic	PM3_Supporting, PS3_Supporting, PVS1, PM2_Supporting	11	Pathogenic	Pathogenic
953030	ITGB3	Platelet Disorders VCEP	Pathogenic	PM3_Supporting, PVS1, PM2_Supporting	10	Pathogenic	Pathogenic
-	ITGB3	Platelet Disorders VCEP	Pathogenic	PP4_Strong, PM3_Supporting, PVS1, PM2_Supporting	14	Pathogenic	Pathogenic
627103	ITGA2B	Platelet Disorders VCEP	Uncertain significance	PM3_Supporting, PP3, PM2_Supporting	3	Uncertain significance	Uncertain significance
996158	ITGA2B	Platelet Disorders VCEP	Pathogenic	PP4_Moderate, PVS1, PM2_Supporting	11	Pathogenic	Pathogenic
953014	ITGA2B	Platelet Disorders VCEP	Likely pathogenic	PM5, PP3, PM2_Supporting, PS3_Moderate	6	Likely pathogenic	Likely pathogenic
996201	ITGA2B	Platelet Disorders VCEP	Uncertain significance	PP4_Moderate, PP3, PM2_Supporting	4	Uncertain significance	Uncertain significance
996203	ITGA2B	Platelet Disorders VCEP	Pathogenic	PM3, PVS1, PP4_Moderate, PM2_Supporting	13	Pathogenic	Pathogenic
996208	ITGB3	Platelet Disorders VCEP	Uncertain significance	PP4_Strong, PP3	5	Uncertain significance	Uncertain significance
323544	ITGA2B	Platelet Disorders VCEP	Benign	BA1, BP4, BS3	-5	Benign	Benign
323549	ITGA2B	Platelet Disorders VCEP	Benign	BA1, BP4	-1	Benign	Benign
-	ITGB3	Platelet Disorders VCEP	Pathogenic	PM3, PVS1, PM2_Supporting	11	Pathogenic	Pathogenic
-	ITGB3	Platelet Disorders VCEP	Pathogenic	PP4_Strong, PM3_Supporting, PVS1, PM2_Supporting	14	Pathogenic	Pathogenic
2891	ITGA2B	Platelet Disorders VCEP	Benign	BP2, BP4, BA1	-2	Benign	Benign
-	ITGA2B	Platelet Disorders VCEP	Likely pathogenic	PM3, PVS1_Strong, PM2_Supporting	7	Likely pathogenic	Likely pathogenic
323553	ITGA2B	Platelet Disorders VCEP	Benign	BA1, BP4	-1	Benign	Benign
953048	ITGB3	Platelet Disorders VCEP	Likely pathogenic	PVS1, PM2_Supporting	9	Likely pathogenic	Uncertain significance
323881	ITGB3	Platelet Disorders VCEP	Benign	BA1	0	Benign	Benign
-	ITGB3	Platelet Disorders VCEP	Pathogenic	PP4_Strong, PS3, PM3_Supporting, PP3, PM2_Supporting	11	Pathogenic	Pathogenic
626993	ITGB3	Platelet Disorders VCEP	Uncertain significance	PM3_Supporting, PM2_Supporting	2	Uncertain significance	Uncertain significance
225395	ITGB3	Platelet Disorders VCEP	Benign	BA1	0	Benign	Benign
691627	ITGA2B	Platelet Disorders VCEP	Likely pathogenic	PM3_Supporting, PP4_Moderate, PP3, PS3_Moderate, PM2_Supporting	7	Likely pathogenic	Likely pathogenic
255535	ITGB3	Platelet Disorders VCEP	Benign	BA1	0	Benign	Benign
996181	ITGA2B	Platelet Disorders VCEP	Likely pathogenic	PP4_Strong, PM3_Supporting, PP3, PM2_Supporting	7	Likely pathogenic	Likely pathogenic
50232	ITGA2B	Platelet Disorders VCEP	Uncertain significance	PM3, PP3, PM2_Supporting	4	Uncertain significance	Uncertain significance
953039	ITGA2B	Platelet Disorders VCEP	Likely pathogenic	PM3, PVS1_Strong, PP4_Moderate, PM2_Supporting	9	Likely pathogenic	Likely pathogenic
626927	ITGA2B	Platelet Disorders VCEP	Pathogenic	PM3_Supporting, PP4_Moderate, PVS1, PM2_Supporting	12	Pathogenic	Pathogenic
953058	ITGA2B	Platelet Disorders VCEP	Pathogenic	PP4_Strong, PM3_Strong, PP1_Moderate, PP3, PM2_Supporting	12	Pathogenic	Pathogenic
953035	ITGA2B	Platelet Disorders VCEP	Pathogenic	PP4_Strong, PVS1, PP1, PM2_Supporting	14	Pathogenic	Pathogenic
996166	ITGB3	Platelet Disorders VCEP	Likely pathogenic	PP4_Strong, PM3_Supporting, PP3, PM2_Supporting	7	Likely pathogenic	Likely pathogenic
13558	ITGB3	Platelet Disorders VCEP	Benign	BP2, BP4, BA1, BS3	-6	Benign	Benign
953036	ITGA2B	Platelet Disorders VCEP	Likely pathogenic	PM3, PVS1_Moderate, PP4_Moderate, PM2_Supporting	7	Likely pathogenic	Likely pathogenic
996189	ITGA2B	Platelet Disorders VCEP	Uncertain significance	PP4_Strong, PM2_Supporting	5	Uncertain significance	Uncertain significance
996182	ITGB3	Platelet Disorders VCEP	Likely pathogenic	PM5, PM3_Supporting, PP4_Moderate, PP3, PM2_Supporting	7	Likely pathogenic	Likely pathogenic
996200	ITGA2B	Platelet Disorders VCEP	Likely pathogenic	PM3, PP4_Moderate, PP3, PM2_Supporting	6	Likely pathogenic	Likely pathogenic
-	ITGB3	Platelet Disorders VCEP	Pathogenic	PP4_Moderate, PVS1, PM2_Supporting	11	Pathogenic	Pathogenic
996205	ITGB3	Platelet Disorders VCEP	Uncertain significance	PP3, PM2_Supporting	2	Uncertain significance	Uncertain significance
953012	ITGB3	Platelet Disorders VCEP	Likely pathogenic	PM3, PP4_Strong, PP3, PM2_Supporting	8	Likely pathogenic	Likely pathogenic
-	ITGA2B	Platelet Disorders VCEP	Pathogenic	PM3_Supporting, PVS1, PM2_Supporting	10	Pathogenic	Pathogenic
323572	ITGA2B	Platelet Disorders VCEP	Likely benign	BP4, BP7, BS1	-6	Likely benign	Likely benign
953038	ITGA2B	Platelet Disorders VCEP	Pathogenic	PP4_Strong, PM3_Supporting, PVS1, PM2_Supporting	14	Pathogenic	Pathogenic
-	ITGA2B	Platelet Disorders VCEP	Pathogenic	PP4_Strong, PVS1_Strong, PM3_Supporting, PM2_Supporting	10	Pathogenic	Pathogenic
239883	CDH1	CDH1 VCEP	Likely benign	BP7, BS2, PM2_Supporting, BP4	-5	Likely benign	Likely benign
73556	USH2A	Hearing Loss VCEP	Uncertain significance	PM2, PM3_Supporting	3	Uncertain significance	Uncertain significance
287165	TECTA	Hearing Loss VCEP	Likely benign	BS1	-4	Likely benign	Uncertain significance
48597	USH2A	Hearing Loss VCEP	Likely benign	BS1_Supporting, BP4	-2	Likely benign	Likely benign
203872	PAH	Phenylketonuria VCEP	Likely pathogenic	PVS1_Strong, PM3_Supporting, PM2, PP4	8	Likely pathogenic	Likely pathogenic
883981	PAH	Phenylketonuria VCEP	Uncertain significance	PP4_Moderate	2	Uncertain significance	Uncertain significance
141597	TP53	TP53 VCEP	Benign	BP4, BS3, BS2, PM2_Supporting	-8	Benign	Benign
620	PAH	Phenylketonuria VCEP	Likely pathogenic	PM4, PM3, PM2, PP4	7	Likely pathogenic	Likely pathogenic
102914	PAH	Phenylketonuria VCEP	Likely pathogenic	PVS1_Strong, PM3_Supporting, PM2, PP4	8	Likely pathogenic	Likely pathogenic
102517	PAH	Phenylketonuria VCEP	Uncertain significance	PM2, PP4_Moderate, BP4, PM3_Strong	7	Likely pathogenic	Likely pathogenic
102794	PAH	Phenylketonuria VCEP	Pathogenic	PM3, PM2, PVS1, PP4	13	Pathogenic	Pathogenic
-	PAH	Phenylketonuria VCEP	Uncertain significance	PM2, PP4_Moderate	4	Uncertain significance	Uncertain significance
102508	PAH	Phenylketonuria VCEP	Likely pathogenic	PM3_Supporting, PM2, PP4_Moderate, PP3	6	Likely pathogenic	Likely pathogenic
-	PAH	Phenylketonuria VCEP	Uncertain significance	PM2, PP4_Moderate, PP3	5	Uncertain significance	Uncertain significance
558091	PAH	Phenylketonuria VCEP	Likely pathogenic	PM3, PM2, PP3, PP4	6	Likely pathogenic	Likely pathogenic
-	PAH	Phenylketonuria VCEP	Pathogenic	PM2, PVS1, PP4	11	Pathogenic	Pathogenic
-	PAH	Phenylketonuria VCEP	Pathogenic	PM2, PVS1, PP4	11	Pathogenic	Pathogenic
102501	PAH	Phenylketonuria VCEP	Likely pathogenic	PVS1_Strong, PM3_Supporting, PM2, PP4	8	Likely pathogenic	Likely pathogenic
590	PAH	Phenylketonuria VCEP	Pathogenic	PM2, PP4_Moderate, PP3, PM3_Very Strong	13	Pathogenic	Pathogenic
446524	PAH	Phenylketonuria VCEP	Uncertain significance	PM5, PM2, PP3	5	Uncertain significance	Uncertain significance
120290	PAH	Phenylketonuria VCEP	Uncertain significance	PM3_Supporting, PM2, PP3, PP4	5	Uncertain significance	Uncertain significance
102883	PAH	Phenylketonuria VCEP	Uncertain significance	PM2, PP3, PP4	4	Uncertain significance	Uncertain significance
12969	RYR1	Malignant Hyperthermia Susceptibility VCEP	Pathogenic	BS2_Supporting, PS3_Moderate, PM1, PS4, PP1_Strong, PP3_Moderate	13	Pathogenic	Pathogenic
12993	RYR1	Malignant Hyperthermia Susceptibility VCEP	Pathogenic	PP1, PS4_Supporting, PM1, PS3, PP3_Moderate	10	Pathogenic	Pathogenic
133101	RYR1	Malignant Hyperthermia Susceptibility VCEP	Likely pathogenic	PM1, PS4_Moderate, PP3_Moderate	6	Likely pathogenic	Likely pathogenic
133108	RYR1	Malignant Hyperthermia Susceptibility VCEP	Pathogenic	PS3_Moderate, PS4, PP1_Strong, PP3_Moderate	12	Pathogenic	Pathogenic
133193	RYR1	Malignant Hyperthermia Susceptibility VCEP	Likely pathogenic	PS3_Moderate, PM1, PS4_Moderate, PP3_Moderate	8	Likely pathogenic	Likely pathogenic
133207	RYR1	Malignant Hyperthermia Susceptibility VCEP	Likely pathogenic	PS3_Moderate, PS4, PP3_Moderate, PM6_Supporting	9	Likely pathogenic	Likely pathogenic
161371	RYR1	Malignant Hyperthermia Susceptibility VCEP	Uncertain significance	BP4	-1	Likely benign	Uncertain significance
133043	RYR1	Malignant Hyperthermia Susceptibility VCEP	Benign	BS2_Supporting, BS1, BP4, BP2	-7	Benign	Likely benign
-	RYR1	Malignant Hyperthermia Susceptibility VCEP	Likely benign	BS2_Supporting, BP4	-2	Likely benign	Likely benign
1214007	RYR1	Malignant Hyperthermia Susceptibility VCEP	Uncertain significance	BP4	-1	Likely benign	Uncertain significance
133117	RYR1	Malignant Hyperthermia Susceptibility VCEP	Uncertain significance	PS4_Supporting	1	Uncertain significance	Uncertain significance
133094	RYR1	Malignant Hyperthermia Susceptibility VCEP	Uncertain significance	PM1_Supporting, PP3_Moderate	3	Uncertain significance	Uncertain significance
133204	RYR1	Malignant Hyperthermia Susceptibility VCEP	Uncertain significance	PP3_Moderate	2	Uncertain significance	Uncertain significance
573252	RYR1	Malignant Hyperthermia Susceptibility VCEP	Likely pathogenic	PM1, PS4_Moderate, PP3_Moderate	6	Likely pathogenic	Likely pathogenic
635269	RYR1	Malignant Hyperthermia Susceptibility VCEP	Uncertain significance	PS4_Supporting, PM1, PP3_Moderate	5	Uncertain significance	Uncertain significance
133242	RYR1	Malignant Hyperthermia Susceptibility VCEP	Uncertain significance	PM1, PP3_Moderate	4	Uncertain significance	Uncertain significance
65927	RYR1	Malignant Hyperthermia Susceptibility VCEP	Uncertain significance	PM1_Supporting, PS4_Moderate, PP3_Moderate	5	Uncertain significance	Uncertain significance
133030	RYR1	Malignant Hyperthermia Susceptibility VCEP	Pathogenic	PP1, PS3_Moderate, PM1, PS4, PP3_Moderate	11	Pathogenic	Pathogenic
161374	RYR1	Malignant Hyperthermia Susceptibility VCEP	Uncertain significance	PM1	2	Uncertain significance	Uncertain significance
132999	RYR1	Malignant Hyperthermia Susceptibility VCEP	Benign	BA1	0	Benign	Benign
93252	RYR1	Malignant Hyperthermia Susceptibility VCEP	Benign	BA1	0	Benign	Benign
161363	RYR1	Malignant Hyperthermia Susceptibility VCEP	Benign	BA1	0	Benign	Benign
224380	RYR1	Malignant Hyperthermia Susceptibility VCEP	Benign	BA1	0	Benign	Benign
329088	RYR1	Malignant Hyperthermia Susceptibility VCEP	Benign	BA1	0	Benign	Benign
159834	RYR1	Malignant Hyperthermia Susceptibility VCEP	Benign	BA1	0	Benign	Benign
133011	RYR1	Malignant Hyperthermia Susceptibility VCEP	Benign	BA1	0	Benign	Benign
93279	RYR1	Malignant Hyperthermia Susceptibility VCEP	Benign	BA1	0	Benign	Benign
133149	RYR1	Malignant Hyperthermia Susceptibility VCEP	Benign	BA1	0	Benign	Benign
224382	RYR1	Malignant Hyperthermia Susceptibility VCEP	Benign	BA1	0	Benign	Benign
224403	RYR1	Malignant Hyperthermia Susceptibility VCEP	Benign	BA1	0	Benign	Benign
93265	RYR1	Malignant Hyperthermia Susceptibility VCEP	Benign	BA1	0	Benign	Benign
133099	RYR1	Malignant Hyperthermia Susceptibility VCEP	Uncertain significance	PM1	2	Uncertain significance	Uncertain significance
133182	RYR1	Malignant Hyperthermia Susceptibility VCEP	Pathogenic	PS3_Moderate, PM1, PS4, PP1_Strong, PP3_Moderate	14	Pathogenic	Pathogenic
133102	RYR1	Malignant Hyperthermia Susceptibility VCEP	Pathogenic	PS3_Moderate, PS4_Supporting, PM1, PP1_Strong, PP3_Moderate	11	Pathogenic	Pathogenic
133245	RYR1	Malignant Hyperthermia Susceptibility VCEP	Likely pathogenic	PP1, PS3_Moderate, PS4_Supporting, PM1	6	Likely pathogenic	Likely pathogenic
12964	RYR1	Malignant Hyperthermia Susceptibility VCEP	Pathogenic	BS2_Supporting, PS3_Moderate, PM5, PS4, PP1_Strong, PP3_Moderate	13	Pathogenic	Pathogenic
133147	RYR1	Malignant Hyperthermia Susceptibility VCEP	Pathogenic	BS2_Supporting, PM1, PS2_Moderate, PS4, PP1_Strong, PP3_Moderate	13	Pathogenic	Pathogenic
329061	RYR1	Malignant Hyperthermia Susceptibility VCEP	Uncertain significance	PP3_Moderate	2	Uncertain significance	Uncertain significance
133133	RYR1	Malignant Hyperthermia Susceptibility VCEP	Uncertain significance	PM1, PP3_Moderate	4	Uncertain significance	Uncertain significance
133004	RYR1	Malignant Hyperthermia Susceptibility VCEP	Uncertain significance	PS4_Supporting, PM1, PP3_Moderate	5	Uncertain significance	Uncertain significance
133132	RYR1	Malignant Hyperthermia Susceptibility VCEP	Likely pathogenic	PS3_Moderate, PM1, PP3_Moderate	6	Likely pathogenic	Likely pathogenic
133171	RYR1	Malignant Hyperthermia Susceptibility VCEP	Uncertain significance	PS4_Supporting, PM1, PP3_Moderate	5	Uncertain significance	Uncertain significance
65984	RYR1	Malignant Hyperthermia Susceptibility VCEP	Uncertain significance	PP3_Moderate	2	Uncertain significance	Uncertain significance
133136	RYR1	Malignant Hyperthermia Susceptibility VCEP	Uncertain significance	PS4_Supporting, PM1, PP3_Moderate	5	Uncertain significance	Uncertain significance
65953	RYR1	Malignant Hyperthermia Susceptibility VCEP	Likely pathogenic	PS4_Supporting, PM1, PS2_Moderate, PP3_Moderate	7	Likely pathogenic	Likely pathogenic
1214004	RYR1	Malignant Hyperthermia Susceptibility VCEP	Uncertain significance	PS4_Supporting, PM5, PM1_Supporting	4	Uncertain significance	Uncertain significance
12973	RYR1	Malignant Hyperthermia Susceptibility VCEP	Pathogenic	BS2_Supporting, PS3_Moderate, PM5, PM1_Supporting, PS4_Moderate, PP1_Strong, PP3_Moderate	12	Pathogenic	Pathogenic
1214001	RYR1	Malignant Hyperthermia Susceptibility VCEP	Uncertain significance	BS2_Supporting, PS3_Moderate, PS4_Supporting, PM1_Supporting, PP1_Strong, PP3_Moderate	9	Likely pathogenic	Pathogenic
133003	RYR1	Malignant Hyperthermia Susceptibility VCEP	Uncertain significance	PM1, PS4_Moderate	4	Uncertain significance	Uncertain significance
590508	RYR1	Malignant Hyperthermia Susceptibility VCEP	Uncertain significance	BP4, PS4_Supporting	0	Uncertain significance	Uncertain significance
133139	RYR1	Malignant Hyperthermia Susceptibility VCEP	Uncertain significance	PS4_Supporting, PM1, PP3_Moderate	5	Uncertain significance	Uncertain significance
1214000	RYR1	Malignant Hyperthermia Susceptibility VCEP	Likely pathogenic	PS3_Moderate, PS4_Supporting, PM1, PP3_Moderate	7	Likely pathogenic	Likely pathogenic
1214008	RYR1	Malignant Hyperthermia Susceptibility VCEP	Uncertain significance	PS4_Supporting, PM1	3	Uncertain significance	Uncertain significance
590585	RYR1	Malignant Hyperthermia Susceptibility VCEP	Likely pathogenic	PM5, PM1_Supporting, PS4_Moderate, PP3_Moderate	7	Likely pathogenic	Likely pathogenic
133175	RYR1	Malignant Hyperthermia Susceptibility VCEP	Likely benign	BS1, PP1, BS2, PS3_Moderate, PM1	-3	Likely benign	Benign
133045	RYR1	Malignant Hyperthermia Susceptibility VCEP	Likely pathogenic	PS3_Moderate, PM1, PS4_Moderate, PP3_Moderate	8	Likely pathogenic	Likely pathogenic
133122	RYR1	Malignant Hyperthermia Susceptibility VCEP	Uncertain significance		0	Uncertain significance	Uncertain significance
133076	RYR1	Malignant Hyperthermia Susceptibility VCEP	Uncertain significance	PM1	2	Uncertain significance	Uncertain significance
132995	RYR1	Malignant Hyperthermia Susceptibility VCEP	Pathogenic	PM1, PS4_Moderate, PP1_Strong, PP3_Moderate	10	Pathogenic	Pathogenic
159851	RYR1	Malignant Hyperthermia Susceptibility VCEP	Likely benign	BS1	-4	Likely benign	Uncertain significance
133141	RYR1	Malignant Hyperthermia Susceptibility VCEP	Uncertain significance	PM1, PP3_Moderate	4	Uncertain significance	Uncertain significance
448182	RYR1	Malignant Hyperthermia Susceptibility VCEP	Likely pathogenic	PM1, PS4_Moderate, PP3_Moderate	6	Likely pathogenic	Likely pathogenic
544412	RYR1	Malignant Hyperthermia Susceptibility VCEP	Likely benign	BS2_Supporting, BP4, PM1	0	Uncertain significance	Likely benign
478267	RYR1	Malignant Hyperthermia Susceptibility VCEP	Uncertain significance	PM1, PS4_Moderate	4	Uncertain significance	Uncertain significance
133129	RYR1	Malignant Hyperthermia Susceptibility VCEP	Likely pathogenic	PP1, PS3_Moderate, PM1, PS4_Moderate	7	Likely pathogenic	Likely pathogenic
133103	RYR1	Malignant Hyperthermia Susceptibility VCEP	Uncertain significance	PS3_Moderate, PM1	4	Uncertain significance	Uncertain significance
132992	RYR1	Malignant Hyperthermia Susceptibility VCEP	Pathogenic	PP1_Moderate, PS3_Moderate, PS4_Moderate, PS1, PM1_Supporting, PP3_Moderate	13	Pathogenic	Pathogenic
1214005	RYR1	Malignant Hyperthermia Susceptibility VCEP	Uncertain significance	PS4_Supporting, PM1, PP3_Moderate	5	Uncertain significance	Uncertain significance
133137	RYR1	Malignant Hyperthermia Susceptibility VCEP	Pathogenic	PP1_Moderate, PS3_Moderate, PM1, PS4_Moderate, PP3_Moderate	10	Pathogenic	Likely pathogenic
133173	RYR1	Malignant Hyperthermia Susceptibility VCEP	Benign	BS1, BS3_Supporting, BS2, PM1	-7	Benign	Benign
161364	RYR1	Malignant Hyperthermia Susceptibility VCEP	Likely benign	BS2_Supporting, BS1, PP3_Moderate	-3	Likely benign	Likely benign
65932	RYR1	Malignant Hyperthermia Susceptibility VCEP	Uncertain significance	PS4_Supporting, PM1	3	Uncertain significance	Uncertain significance
478260	RYR1	Malignant Hyperthermia Susceptibility VCEP	Uncertain significance	PM1	2	Uncertain significance	Uncertain significance
133170	RYR1	Malignant Hyperthermia Susceptibility VCEP	Uncertain significance	PM1, PS4_Moderate	4	Uncertain significance	Uncertain significance
65993	RYR1	Malignant Hyperthermia Susceptibility VCEP	Uncertain significance	PM1, PP3_Moderate	4	Uncertain significance	Uncertain significance
159840	RYR1	Malignant Hyperthermia Susceptibility VCEP	Uncertain significance		0	Uncertain significance	Uncertain significance
133140	RYR1	Malignant Hyperthermia Susceptibility VCEP	Uncertain significance	PM1, PS4_Moderate	4	Uncertain significance	Uncertain significance
291315	RYR1	Malignant Hyperthermia Susceptibility VCEP	Uncertain significance	PM1, PP3_Moderate	4	Uncertain significance	Uncertain significance
1214003	RYR1	Malignant Hyperthermia Susceptibility VCEP	Uncertain significance	PS4_Supporting, PP3_Moderate	3	Uncertain significance	Uncertain significance
133046	RYR1	Malignant Hyperthermia Susceptibility VCEP	Uncertain significance	PS4_Supporting, PM1, PP3_Moderate	5	Uncertain significance	Uncertain significance
1214002	RYR1	Malignant Hyperthermia Susceptibility VCEP	Likely pathogenic	PM1, PS4_Moderate, PP3_Moderate	6	Likely pathogenic	Likely pathogenic
803553	RYR1	Malignant Hyperthermia Susceptibility VCEP	Uncertain significance	PM1, PP3_Moderate	4	Uncertain significance	Uncertain significance
212100	RYR1	Malignant Hyperthermia Susceptibility VCEP	Uncertain significance		0	Uncertain significance	Uncertain significance
224387	RYR1	Malignant Hyperthermia Susceptibility VCEP	Likely benign	BS1, PM1	-2	Likely benign	Uncertain significance
55831	RYR1	Malignant Hyperthermia Susceptibility VCEP	Likely pathogenic	PS4_Supporting, PM1, PP3_Moderate, PM6_Supporting	6	Likely pathogenic	Likely pathogenic
133096	RYR1	Malignant Hyperthermia Susceptibility VCEP	Uncertain significance	PM1_Supporting, PP3_Moderate	3	Uncertain significance	Uncertain significance
102859	PAH	Phenylketonuria VCEP	Uncertain significance	PM2	2	Uncertain significance	Uncertain significance
102727	PAH	Phenylketonuria VCEP	Pathogenic	PM2, PP4_Moderate, PM3_Very Strong	12	Pathogenic	Pathogenic
664621	PAH	Phenylketonuria VCEP	Likely pathogenic	PP4_Moderate, PM3_Strong	6	Likely pathogenic	Likely pathogenic
102738	PAH	Phenylketonuria VCEP	Likely pathogenic	PM3, PM2, PP4_Moderate, PP3	7	Likely pathogenic	Likely pathogenic
102878	PAH	Phenylketonuria VCEP	Likely pathogenic	PM3, PM2, PP4_Moderate, PP3	7	Likely pathogenic	Likely pathogenic
102890	PAH	Phenylketonuria VCEP	Likely pathogenic	PM2, PP4_Moderate, PP3, PM3_Strong	9	Likely pathogenic	Likely pathogenic
102464	PAH	Phenylketonuria VCEP	Likely pathogenic	PM3_Supporting, PP3_Strong, PP4, PM2_Supporting	7	Likely pathogenic	Likely pathogenic
102917	PAH	Phenylketonuria VCEP	Uncertain significance	PM2, BS3_Supporting	1	Uncertain significance	Uncertain significance
282842	GAA	Lysosomal Diseases VCEP	Pathogenic	PM3, PP4_Moderate, PVS1, PM2_Supporting	13	Pathogenic	Pathogenic
93540	TCF4	Rett and Angelman-like Disorders VCEP	Likely pathogenic	PVS1, PM2_Supporting	9	Likely pathogenic	Uncertain significance
-	PAH	Phenylketonuria VCEP	Uncertain significance	PM2, PP4_Moderate, PP3	5	Uncertain significance	Uncertain significance
2896	ITGA2B	Platelet Disorders VCEP	Pathogenic	PP4_Strong, PM3_Strong, PM2_Supporting	9	Likely pathogenic	Pathogenic
952997	ITGA2B	Platelet Disorders VCEP	Likely pathogenic	PP4_Strong, PM3_Supporting, PP3, PM2_Supporting	7	Likely pathogenic	Likely pathogenic
952995	ITGA2B	Platelet Disorders VCEP	Likely pathogenic	PP4_Strong, PM3_Supporting, PM2_Supporting	6	Likely pathogenic	Likely pathogenic
132709	CDH1	CDH1 VCEP	Pathogenic	PP3, PM2_Supporting, PS4, PS3	10	Pathogenic	Pathogenic
234571	CDH1	CDH1 VCEP	Likely pathogenic	PP3, PM2_Supporting, PS3, PS4_Moderate	8	Likely pathogenic	Likely pathogenic
532474	CDH1	CDH1 VCEP	Pathogenic	PVS1, PM2_Supporting, PS4_Moderate	11	Pathogenic	Pathogenic
532457	CDH1	CDH1 VCEP	Pathogenic	PVS1, PP1, PS4_Supporting, PM2_Supporting	11	Pathogenic	Pathogenic
486826	CDH1	CDH1 VCEP	Pathogenic	PVS1, PM2_Supporting, PS4_Moderate	11	Pathogenic	Pathogenic
463723	CDH1	CDH1 VCEP	Uncertain significance	PVS1_Moderate, PM2_Supporting, PS4_Supporting	4	Uncertain significance	Uncertain significance
481704	CDH1	CDH1 VCEP	Uncertain significance	PVS1_Moderate, PM2_Supporting, PS4_Moderate	5	Uncertain significance	Uncertain significance
532459	CDH1	CDH1 VCEP	Likely pathogenic	PVS1_Strong, PM5_Supporting, PS4_Supporting, PM2_Supporting	7	Likely pathogenic	Likely pathogenic
233417	CDH1	CDH1 VCEP	Likely pathogenic	PVS1_Strong, PM5_Supporting, PM2_Supporting, PS4_Moderate	8	Likely pathogenic	Likely pathogenic
127915	CDH1	CDH1 VCEP	Pathogenic	PVS1_Strong, PP1_Strong, PM5_Supporting, PM2_Supporting, PS3_Moderate, PS4	16	Pathogenic	Pathogenic
406622	CDH1	CDH1 VCEP	Pathogenic	PP1_Strong, PVS1_Strong, PM5_Supporting, PM2_Supporting, PS4	14	Pathogenic	Pathogenic
651982	CDH1	CDH1 VCEP	Pathogenic	PVS1, PM5_Supporting, PM2_Supporting, PS4_Moderate	12	Pathogenic	Pathogenic
219431	CDH1	CDH1 VCEP	Likely benign	BS2	-4	Likely benign	Uncertain significance
428629	CDH1	CDH1 VCEP	Pathogenic	PVS1, PM5_Supporting, PM2_Supporting	10	Pathogenic	Pathogenic
127922	CDH1	CDH1 VCEP	Likely benign	BS2	-4	Likely benign	Uncertain significance
140853	CDH1	CDH1 VCEP	Benign	BS1, BS2	-8	Benign	Benign
371806	CDH1	CDH1 VCEP	Likely pathogenic	PVS1_Strong, PM5_Supporting, PM2_Supporting, PS4_Moderate	8	Likely pathogenic	Likely pathogenic
479514	CDH1	CDH1 VCEP	Pathogenic	PVS1, PM5_Supporting, PM2_Supporting	10	Pathogenic	Pathogenic
421639	CDH1	CDH1 VCEP	Likely pathogenic	PVS1_Strong, PM5_Supporting, PM2_Supporting	6	Likely pathogenic	Likely pathogenic
491520	CDH1	CDH1 VCEP	Pathogenic	PVS1, PM5_Supporting, PM2_Supporting	10	Pathogenic	Pathogenic
481028	CDH1	CDH1 VCEP	Pathogenic	PVS1, PM5_Supporting, PM2_Supporting	10	Pathogenic	Pathogenic
224529	CDH1	CDH1 VCEP	Pathogenic	PVS1, PM5_Supporting, PM2_Supporting	10	Pathogenic	Pathogenic
573147	CDH1	CDH1 VCEP	Pathogenic	PVS1, PM5_Supporting, PM2_Supporting	10	Pathogenic	Pathogenic
133850	CDH1	CDH1 VCEP	Likely benign	BS2, PM2_Supporting	-3	Likely benign	Uncertain significance
231383	CDH1	CDH1 VCEP	Likely benign	BS2	-4	Likely benign	Uncertain significance
132769	CDH1	CDH1 VCEP	Likely benign	BS2	-4	Likely benign	Uncertain significance
41786	CDH1	CDH1 VCEP	Benign	BS2, BP2_Strong	-8	Benign	Benign
216597	CDH1	CDH1 VCEP	Likely benign	BS2	-4	Likely benign	Uncertain significance
428634	CDH1	CDH1 VCEP	Likely pathogenic	PVS1_Strong, PM5_Supporting, PS4_Supporting, PM2_Supporting	7	Likely pathogenic	Likely pathogenic
463736	CDH1	CDH1 VCEP	Pathogenic	PVS1, PM5_Supporting, PM2_Supporting	10	Pathogenic	Pathogenic
918853	CDH1	CDH1 VCEP	Pathogenic	PVS1, PM5_Supporting, PM2_Supporting	10	Pathogenic	Pathogenic
234636	CDH1	CDH1 VCEP	Pathogenic	PVS1, PM5_Supporting, PM2_Supporting	10	Pathogenic	Pathogenic
483276	CDH1	CDH1 VCEP	Pathogenic	PVS1, PM5_Supporting, PM2_Supporting	10	Pathogenic	Pathogenic
207545	TCF4	Rett and Angelman-like Disorders VCEP	Pathogenic	PVS1, PM2_Supporting, PS2	13	Pathogenic	Pathogenic
95378	SLC9A6	Rett and Angelman-like Disorders VCEP	Pathogenic	PP1, PP4, PVS1, PM2_Supporting	11	Pathogenic	Pathogenic
435530	ITGA2B	Platelet Disorders VCEP	Benign	BA1, BP4, BP7	-2	Benign	Benign
167702	SLC9A6	Rett and Angelman-like Disorders VCEP	Pathogenic	PP1_Moderate, PVS1, PM2_Supporting	11	Pathogenic	Pathogenic
95202	MECP2	Rett and Angelman-like Disorders VCEP	Pathogenic	PS2_Very Strong, PVS1, PM2_Supporting	17	Pathogenic	Pathogenic
143406	MECP2	Rett and Angelman-like Disorders VCEP	Pathogenic	PVS1, PS2_Very Strong, PS4, PM2_Supporting	21	Pathogenic	Pathogenic
158602	FOXG1	Rett and Angelman-like Disorders VCEP	Pathogenic	PP3, PS2_Very Strong, PM1, PM2_Supporting	12	Pathogenic	Pathogenic
383439	SLC9A6	Rett and Angelman-like Disorders VCEP	Uncertain significance	PVS1_Supporting, PM2_Supporting	2	Uncertain significance	Uncertain significance
189612	FOXG1	Rett and Angelman-like Disorders VCEP	Pathogenic	PP4, PVS1, PS4_Moderate, PM6_Strong, PM2_Supporting	16	Pathogenic	Pathogenic
156616	MECP2	Rett and Angelman-like Disorders VCEP	Uncertain significance	BP5	-1	Likely benign	Uncertain significance
205485	FOXG1	Rett and Angelman-like Disorders VCEP	Pathogenic	PS2_Very Strong, PS4, PM1, PM2_Supporting	15	Pathogenic	Pathogenic
158179	CDKL5	Rett and Angelman-like Disorders VCEP	Pathogenic	PVS1, PM2_Supporting, PM6_Strong, PP4	14	Pathogenic	Pathogenic
7967	UBE3A	Rett and Angelman-like Disorders VCEP	Pathogenic	PP1, PP4, PVS1, PM2_Supporting, PS4_Supporting	12	Pathogenic	Pathogenic
546267	UBE3A	Rett and Angelman-like Disorders VCEP	Pathogenic	PP4, PVS1, PM2_Supporting	10	Pathogenic	Pathogenic
214935	PDHA1	Mitochondrial Diseases VCEP	Pathogenic	PM6_Supporting, PM2, PVS1, PP4	12	Pathogenic	Pathogenic
10880	PDHA1	Mitochondrial Diseases VCEP	Pathogenic	PVS1_Moderate, PM2, PS2_Very Strong, PP4	13	Pathogenic	Pathogenic
214941	PDHA1	Mitochondrial Diseases VCEP	Pathogenic	PS2, PM2, PM1, PP3, PP4	10	Pathogenic	Pathogenic
92772	PDHA1	Mitochondrial Diseases VCEP	Benign	BA1, BP7, BS2	-5	Benign	Benign
378343	PDHA1	Mitochondrial Diseases VCEP	Benign	BS1, BS2	-8	Benign	Benign
10885	PDHA1	Mitochondrial Diseases VCEP	Benign	BA1, BS2	-4	Benign	Benign
655703	PDHA1	Mitochondrial Diseases VCEP	Uncertain significance	PM2, PP3	3	Uncertain significance	Uncertain significance
21312	POLG	Mitochondrial Diseases VCEP	Benign	BA1, BS2	-4	Benign	Benign
619494	POLG	Mitochondrial Diseases VCEP	Benign	BA1, BS2	-4	Benign	Benign
391039	POLG	Mitochondrial Diseases VCEP	Uncertain significance	PM2, BP7	1	Uncertain significance	Uncertain significance
2317	ETHE1	Mitochondrial Diseases VCEP	Pathogenic	PP1_Strong, PM3_Strong, PS3_Supporting, PP4_Moderate, PM5, PP3	14	Pathogenic	Pathogenic
129997	POLG	Mitochondrial Diseases VCEP	Uncertain significance	PM2, BP7, BS2	-3	Likely benign	Likely benign
138764	POLG	Mitochondrial Diseases VCEP	Uncertain significance	PM2	2	Uncertain significance	Uncertain significance
597808	POLG	Mitochondrial Diseases VCEP	Pathogenic	PM2, PVS1, PM3, PP4	13	Pathogenic	Pathogenic
21315	POLG	Mitochondrial Diseases VCEP	Likely pathogenic	PVS1, PM2	10	Pathogenic	Likely pathogenic
285869	POLG	Mitochondrial Diseases VCEP	Likely pathogenic	PM2, PVS1	10	Pathogenic	Likely pathogenic
677628	POLG	Mitochondrial Diseases VCEP	Benign	BA1, BS2	-4	Benign	Benign
137240	ETHE1	Mitochondrial Diseases VCEP	Benign	BA1, BS2	-4	Benign	Benign
378418	POLG	Mitochondrial Diseases VCEP	Uncertain significance	BP7	-1	Likely benign	Uncertain significance
885824	POLG	Mitochondrial Diseases VCEP	Uncertain significance	PM2	2	Uncertain significance	Uncertain significance
886829	POLG	Mitochondrial Diseases VCEP	Uncertain significance	PM2	2	Uncertain significance	Uncertain significance
426681	POLG	Mitochondrial Diseases VCEP	Likely pathogenic	PM3_Strong, PM2, PP3	7	Likely pathogenic	Likely pathogenic
619340	POLG	Mitochondrial Diseases VCEP	Uncertain significance	PM3_Supporting, PM5_Supporting, PM2, PP3	5	Uncertain significance	Uncertain significance
21309	POLG	Mitochondrial Diseases VCEP	Benign	BA1	0	Benign	Benign
21310	POLG	Mitochondrial Diseases VCEP	Benign	BA1, BS2	-4	Benign	Benign
667951	POLG	Mitochondrial Diseases VCEP	Benign	BA1	0	Benign	Benign
317304	POLG	Mitochondrial Diseases VCEP	Uncertain significance	PM2, BP5	1	Uncertain significance	Uncertain significance
129995	POLG	Mitochondrial Diseases VCEP	Uncertain significance	PM2, PP3	3	Uncertain significance	Uncertain significance
206553	POLG	Mitochondrial Diseases VCEP	Uncertain significance	PM2, BP5	1	Uncertain significance	Uncertain significance
504504	ETHE1	Mitochondrial Diseases VCEP	Pathogenic	PM3_Supporting, PVS1, PM2, PP4_Moderate	13	Pathogenic	Pathogenic
260385	ETHE1	Mitochondrial Diseases VCEP	Benign	BA1, BP7, BS2	-5	Benign	Benign
671647	ETHE1	Mitochondrial Diseases VCEP	Benign	BA1, BP7, BS2	-5	Benign	Benign
620293	UBE3A	Rett and Angelman-like Disorders VCEP	Pathogenic	PP4, PVS1, PM2_Supporting	10	Pathogenic	Pathogenic
143822	CDKL5	Rett and Angelman-like Disorders VCEP	Pathogenic	PM6, PVS1, PS4_Supporting, PM2_Supporting	12	Pathogenic	Pathogenic
437192	UBE3A	Rett and Angelman-like Disorders VCEP	Benign	BP7, BA1	-1	Benign	Benign
195397	UBE3A	Rett and Angelman-like Disorders VCEP	Uncertain significance	PP3, PM2_Supporting	2	Uncertain significance	Uncertain significance
418572	UBE3A	Rett and Angelman-like Disorders VCEP	Pathogenic	PS3_Supporting, PM6, PP3, PP4, PP1, PM2_Supporting, PS4	11	Pathogenic	Pathogenic
94113	CDKL5	Rett and Angelman-like Disorders VCEP	Pathogenic	PS2_Very Strong, PS4, PM5_Strong, PM2_Supporting	17	Pathogenic	Pathogenic
102891	PAH	Phenylketonuria VCEP	Likely pathogenic	PM3_Supporting, PM2, PP4_Moderate, PP3	6	Likely pathogenic	Likely pathogenic
-	PAH	Phenylketonuria VCEP	Likely pathogenic	PM3, PM2, PP4_Moderate, PP3	7	Likely pathogenic	Likely pathogenic
102466	PAH	Phenylketonuria VCEP	Likely pathogenic	PM3_Supporting, PP3_Strong, PP4, PM2_Supporting	7	Likely pathogenic	Likely pathogenic
102467	PAH	Phenylketonuria VCEP	Uncertain significance	PM2, PP4	3	Uncertain significance	Uncertain significance
102469	PAH	Phenylketonuria VCEP	Uncertain significance	PM2	2	Uncertain significance	Uncertain significance
102471	PAH	Phenylketonuria VCEP	Likely pathogenic	PM5_Supporting, PP3_Strong, PP4, PM2_Supporting	7	Likely pathogenic	Likely pathogenic
102472	PAH	Phenylketonuria VCEP	Uncertain significance	PM2	2	Uncertain significance	Uncertain significance
102512	PAH	Phenylketonuria VCEP	Uncertain significance	PM2	2	Uncertain significance	Uncertain significance
102527	PAH	Phenylketonuria VCEP	Uncertain significance	PM3_Supporting, PM2, PP4_Moderate	5	Uncertain significance	Uncertain significance
102665	PAH	Phenylketonuria VCEP	Uncertain significance	BP7, PM2	1	Uncertain significance	Uncertain significance
690393	TCF4	Rett and Angelman-like Disorders VCEP	Likely pathogenic	PP3, PS2, PM2_Supporting	6	Likely pathogenic	Likely pathogenic
434661	CDKL5	Rett and Angelman-like Disorders VCEP	Uncertain significance	BP4	-1	Likely benign	Uncertain significance
434662	CDKL5	Rett and Angelman-like Disorders VCEP	Uncertain significance	PM4_Supporting, PM2_Supporting	2	Uncertain significance	Uncertain significance
143421	MECP2	Rett and Angelman-like Disorders VCEP	Benign	BS2, BA1, BP4, BP5	-6	Benign	Benign
210646	CDKL5	Rett and Angelman-like Disorders VCEP	Benign	BA1, BP4, BS2_Supporting, BP5	-3	Benign	Benign
94107	CDKL5	Rett and Angelman-like Disorders VCEP	Benign	BA1, BP7, BS2_Supporting	-2	Benign	Benign
96260	UBE3A	Rett and Angelman-like Disorders VCEP	Benign	BA1, BP4	-1	Benign	Benign
95198	MECP2	Rett and Angelman-like Disorders VCEP	Benign	BS2, BA1, BP4, BP5	-6	Benign	Benign
139206	SLC9A6	Rett and Angelman-like Disorders VCEP	Benign	BA1	0	Benign	Benign
137885	UBE3A	Rett and Angelman-like Disorders VCEP	Benign	BA1, BP7	-1	Benign	Benign
167731	TCF4	Rett and Angelman-like Disorders VCEP	Benign	BS2, BA1, BP4	-5	Benign	Benign
160091	TCF4	Rett and Angelman-like Disorders VCEP	Benign	BS2, BA1, BP5	-5	Benign	Benign
159933	SLC9A6	Rett and Angelman-like Disorders VCEP	Benign	BA1, BP4	-1	Benign	Benign
258978	CDKL5	Rett and Angelman-like Disorders VCEP	Benign	BA1, BP7	-1	Benign	Benign
205474	FOXG1	Rett and Angelman-like Disorders VCEP	Benign	BA1, BP4	-1	Benign	Benign
389505	SLC9A6	Rett and Angelman-like Disorders VCEP	Benign	BA1	0	Benign	Benign
193308	FOXG1	Rett and Angelman-like Disorders VCEP	Benign	BS2, BA1, BP3, BP5_Strong	-9	Benign	Benign
137388	FOXG1	Rett and Angelman-like Disorders VCEP	Benign	BA1, BP7	-1	Benign	Benign
138194	MECP2	Rett and Angelman-like Disorders VCEP	Benign	BS2, BP7, BS1	-9	Benign	Benign
137390	FOXG1	Rett and Angelman-like Disorders VCEP	Benign	BA1, BP5	-1	Benign	Benign
236301	MECP2	Rett and Angelman-like Disorders VCEP	Benign	BA1, BP5	-1	Benign	Benign
143309	MECP2	Rett and Angelman-like Disorders VCEP	Benign	BS2, BS1	-8	Benign	Benign
156694	CDKL5	Rett and Angelman-like Disorders VCEP	Likely benign	BP4, BP2, BS1	-6	Likely benign	Likely benign
379120	SLC9A6	Rett and Angelman-like Disorders VCEP	Likely benign	BP4, BS1	-5	Likely benign	Likely benign
207247	SLC9A6	Rett and Angelman-like Disorders VCEP	Likely benign	BP4, BS1	-5	Likely benign	Likely benign
327305	TCF4	Rett and Angelman-like Disorders VCEP	Likely benign	BP7, BS1	-5	Likely benign	Likely benign
143770	CDKL5	Rett and Angelman-like Disorders VCEP	Benign	BP4, BS1, BS2	-9	Benign	Benign
574403	TCF4	Rett and Angelman-like Disorders VCEP	Benign	BS1, BS2	-8	Benign	Benign
133342	MECP2	Rett and Angelman-like Disorders VCEP	Uncertain significance	PM2_Supporting, PVS1_Moderate	3	Uncertain significance	Uncertain significance
143578	MECP2	Rett and Angelman-like Disorders VCEP	Likely pathogenic	PM1, PM2_Supporting, PP3, PP4, PS4_Moderate	7	Likely pathogenic	Likely pathogenic
421239	UBE3A	Rett and Angelman-like Disorders VCEP	Likely pathogenic	PP1, PM2_Supporting, PVS1_Strong	6	Likely pathogenic	Likely pathogenic
420601	UBE3A	Rett and Angelman-like Disorders VCEP	Uncertain significance	BP4	-1	Likely benign	Uncertain significance
524012	TCF4	Rett and Angelman-like Disorders VCEP	Pathogenic	PVS1, PM2_Supporting, PS2	13	Pathogenic	Pathogenic
143812	RS1	Rett and Angelman-like Disorders VCEP	Benign	BS1, BS2	-8	Benign	Benign
207239	SLC9A6	Rett and Angelman-like Disorders VCEP	Uncertain significance	BS2_Supporting, BP5, PM2_Supporting	-1	Likely benign	Likely benign
-	FOXG1	Rett and Angelman-like Disorders VCEP	Uncertain significance	PM6, BP3, PM2_Supporting	2	Uncertain significance	Uncertain significance
859603	MECP2	Rett and Angelman-like Disorders VCEP	Uncertain significance	PM1, PM2_Supporting, PM6_Supporting	4	Uncertain significance	Uncertain significance
429629	SLC9A6	Rett and Angelman-like Disorders VCEP	Uncertain significance	BP4, PS2, BS4_Supporting, BS2	-2	Likely benign	Likely benign
11824	MECP2	Rett and Angelman-like Disorders VCEP	Pathogenic	PP1, PS3_Supporting, PS2_Very Strong, PS4, PM1, PM2_Supporting	17	Pathogenic	Pathogenic
11503	CDKL5	Rett and Angelman-like Disorders VCEP	Pathogenic	PP3, PS3_Supporting, PM6, PM5_Strong, PS4_Moderate, PM2_Supporting	11	Pathogenic	Pathogenic
503729	MECP2	Rett and Angelman-like Disorders VCEP	Pathogenic	PVS1, PS2, PM2_Supporting	13	Pathogenic	Pathogenic
11819	MECP2	Rett and Angelman-like Disorders VCEP	Pathogenic	PS3_Supporting, PVS1, PS2_Very Strong, PS4, PM2_Supporting	22	Pathogenic	Pathogenic
7371	TCF4	Rett and Angelman-like Disorders VCEP	Pathogenic	PP3, PP4, PS3_Supporting, PM1, PS4_Supporting, PM6_Strong, PM2_Supporting	11	Pathogenic	Pathogenic
212379	TCF4	Rett and Angelman-like Disorders VCEP	Pathogenic	PVS1, PS2, PM2_Supporting	13	Pathogenic	Pathogenic
451937	FOXG1	Rett and Angelman-like Disorders VCEP	Pathogenic	PVS1, PS2, PM2_Supporting	13	Pathogenic	Pathogenic
160220	UBE3A	Rett and Angelman-like Disorders VCEP	Pathogenic	PM6, PVS1, PS4, PM2_Supporting	15	Pathogenic	Pathogenic
393171	TCF4	Rett and Angelman-like Disorders VCEP	Likely pathogenic	PM1, PP3, PM2_Supporting, PS2	8	Likely pathogenic	Likely pathogenic
156620	UBE3A	Rett and Angelman-like Disorders VCEP	Likely pathogenic	PP3, PP4, PP1_Moderate, PM2_Supporting, PS4_Supporting	6	Likely pathogenic	Likely pathogenic
432062	TCF4	Rett and Angelman-like Disorders VCEP	Pathogenic	PS2_Very Strong, PP4, PM2_Supporting, PS4_Moderate	12	Pathogenic	Pathogenic
11844	MECP2	Rett and Angelman-like Disorders VCEP	Likely pathogenic	PP3, PP1_Moderate, PS3_Supporting, PM1, PM5	8	Likely pathogenic	Likely pathogenic
160092	TCF4	Rett and Angelman-like Disorders VCEP	Pathogenic	PS2_Very Strong, PM6, PP3, PS4_Supporting, PM2_Supporting	13	Pathogenic	Pathogenic
155987	UBE3A	Rett and Angelman-like Disorders VCEP	Likely pathogenic	PP4, PS4_Supporting, PM6_Strong, PM2_Supporting	7	Likely pathogenic	Likely pathogenic
143826	CDKL5	Rett and Angelman-like Disorders VCEP	Likely pathogenic	PP3, PP4, PP1, PM6_Strong, PM2_Supporting	8	Likely pathogenic	Likely pathogenic
136199	UBE3A	Rett and Angelman-like Disorders VCEP	Pathogenic	PP4, PP1, PM6, PVS1, PS4_Moderate, PM2_Supporting	15	Pathogenic	Pathogenic
143524	MECP2	Rett and Angelman-like Disorders VCEP	Pathogenic	PP4, PP3, PM5_Strong, PS4, PM1, PM2_Supporting	13	Pathogenic	Pathogenic
155994	UBE3A	Rett and Angelman-like Disorders VCEP	Pathogenic	PP3, PS3_Supporting, PM5, PM2_Supporting, PS4_Supporting, PP1_Strong	10	Pathogenic	Pathogenic
918032	CDKL5	Rett and Angelman-like Disorders VCEP	Pathogenic	PP3, PM5_Strong, PS2, PM1, PM2_Supporting	12	Pathogenic	Pathogenic
469637	SLC9A6	Rett and Angelman-like Disorders VCEP	Likely benign	BP4, BP7, BS2, PM2_Supporting	-5	Likely benign	Likely benign
189554	CDKL5	Rett and Angelman-like Disorders VCEP	Pathogenic	PVS1, PS4, PM6_Strong, PM2_Supporting	17	Pathogenic	Pathogenic
93542	TCF4	Rett and Angelman-like Disorders VCEP	Pathogenic	PP4, PP3, PS3_Supporting, PS4_Moderate, PM1, PM6_Strong, PM2_Supporting	12	Pathogenic	Pathogenic
95268	FOXG1	Rett and Angelman-like Disorders VCEP	Pathogenic	PS2_Very Strong, PVS1, PS4, PM2_Supporting	21	Pathogenic	Pathogenic
423029	CDKL5	Rett and Angelman-like Disorders VCEP	Pathogenic	PVS1, PM2_Supporting, PS4_Supporting	10	Pathogenic	Pathogenic
381549	TCF4	Rett and Angelman-like Disorders VCEP	Pathogenic	PP3, PP4, PS3_Supporting, PS2_Very Strong, PM1, PM2_Supporting, PS4_Supporting	15	Pathogenic	Pathogenic
423898	CDKL5	Rett and Angelman-like Disorders VCEP	Likely benign	BP4, BS2	-5	Likely benign	Likely benign
156068	MECP2	Rett and Angelman-like Disorders VCEP	Pathogenic	PP3, PS4, PM6_Strong, PM2_Supporting	10	Pathogenic	Pathogenic
7370	TCF4	Rett and Angelman-like Disorders VCEP	Pathogenic	PP3, PP4, PS3_Supporting, PM1, PM6_Strong, PS4_Supporting, PM2_Supporting	11	Pathogenic	Pathogenic
11502	CDKL5	Rett and Angelman-like Disorders VCEP	Pathogenic	PP3, PS2_Very Strong, PS4, PM1, PM2_Supporting	16	Pathogenic	Pathogenic
186326	CDH1	CDH1 VCEP	Benign	BS1, BS2, BP2_Strong	-12	Benign	Benign
136062	CDH1	CDH1 VCEP	Likely benign	BS2	-4	Likely benign	Uncertain significance
142692	CDH1	CDH1 VCEP	Likely benign	BS2	-4	Likely benign	Uncertain significance
387275	CDH1	CDH1 VCEP	Likely benign	BS2, BP4	-5	Likely benign	Likely benign
220300	CDH1	CDH1 VCEP	Likely benign	BS2	-4	Likely benign	Uncertain significance
21318	POLG	Mitochondrial Diseases VCEP	Uncertain significance	BS2	-4	Likely benign	Uncertain significance
206556	POLG	Mitochondrial Diseases VCEP	Likely pathogenic	PM3_Strong, PM2, PP3	7	Likely pathogenic	Likely pathogenic
566733	POLG	Mitochondrial Diseases VCEP	Likely pathogenic	PM2, PVS1	10	Pathogenic	Likely pathogenic
133032	RYR1	Malignant Hyperthermia Susceptibility VCEP	Uncertain significance	BP4	-1	Likely benign	Uncertain significance
133005	RYR1	Malignant Hyperthermia Susceptibility VCEP	Uncertain significance	PP3_Moderate	2	Uncertain significance	Uncertain significance
133013	RYR1	Malignant Hyperthermia Susceptibility VCEP	Uncertain significance		0	Uncertain significance	Uncertain significance
1029908	RYR1	Malignant Hyperthermia Susceptibility VCEP	Uncertain significance		0	Uncertain significance	Uncertain significance
65956	RYR1	Malignant Hyperthermia Susceptibility VCEP	Uncertain significance	PS4_Supporting	1	Uncertain significance	Uncertain significance
1120227	RYR1	Malignant Hyperthermia Susceptibility VCEP	Uncertain significance	BP4	-1	Likely benign	Uncertain significance
933345	RYR1	Malignant Hyperthermia Susceptibility VCEP	Uncertain significance		0	Uncertain significance	Uncertain significance
478157	RYR1	Malignant Hyperthermia Susceptibility VCEP	Uncertain significance	PS4_Supporting	1	Uncertain significance	Uncertain significance
133036	RYR1	Malignant Hyperthermia Susceptibility VCEP	Uncertain significance	PS4_Supporting	1	Uncertain significance	Uncertain significance
1019540	RYR1	Malignant Hyperthermia Susceptibility VCEP	Uncertain significance	BP4, PS4_Supporting	0	Uncertain significance	Uncertain significance
132988	RYR1	Malignant Hyperthermia Susceptibility VCEP	Uncertain significance	PS4_Supporting	1	Uncertain significance	Uncertain significance
133033	RYR1	Malignant Hyperthermia Susceptibility VCEP	Likely pathogenic	PS4_Moderate, PP1_Strong, PP3_Moderate	8	Likely pathogenic	Likely pathogenic
1120229	RYR1	Malignant Hyperthermia Susceptibility VCEP	Uncertain significance	PP1, PS4_Supporting	2	Uncertain significance	Uncertain significance
133025	RYR1	Malignant Hyperthermia Susceptibility VCEP	Uncertain significance	PS4_Moderate, PP3_Moderate	4	Uncertain significance	Uncertain significance
1120230	RYR1	Malignant Hyperthermia Susceptibility VCEP	Uncertain significance	PP1, PS4_Supporting, PP3_Moderate	4	Uncertain significance	Uncertain significance
133040	RYR1	Malignant Hyperthermia Susceptibility VCEP	Pathogenic	PS4, PP1_Strong, PP3_Moderate	10	Pathogenic	Pathogenic
-	PAH	Phenylketonuria VCEP	Uncertain significance	PM2	2	Uncertain significance	Uncertain significance
639999	PAH	Phenylketonuria VCEP	Likely pathogenic	PM3, PP4_Moderate, PP3_Strong, PM2_Supporting	9	Likely pathogenic	Likely pathogenic
161377	RYR1	Malignant Hyperthermia Susceptibility VCEP	Uncertain significance		0	Uncertain significance	Uncertain significance
102582	PAH	Phenylketonuria VCEP	Likely pathogenic	PM2, PP4_Moderate, PP3, PM3_Strong	9	Likely pathogenic	Likely pathogenic
102554	PAH	Phenylketonuria VCEP	Pathogenic	PVS1_Strong, PM2, PP4, PM3_Strong	11	Pathogenic	Pathogenic
133042	RYR1	Malignant Hyperthermia Susceptibility VCEP	Uncertain significance		0	Uncertain significance	Uncertain significance
590447	RYR1	Malignant Hyperthermia Susceptibility VCEP	Uncertain significance	PM1_Supporting	1	Uncertain significance	Uncertain significance
478199	RYR1	Malignant Hyperthermia Susceptibility VCEP	Uncertain significance	PM1_Supporting	1	Uncertain significance	Uncertain significance
65941	RYR1	Malignant Hyperthermia Susceptibility VCEP	Uncertain significance	PM1_Supporting, PP3_Moderate	3	Uncertain significance	Uncertain significance
133055	RYR1	Malignant Hyperthermia Susceptibility VCEP	Uncertain significance	PM1_Supporting, PM6_Supporting	2	Uncertain significance	Uncertain significance
849226	RYR1	Malignant Hyperthermia Susceptibility VCEP	Likely benign	BS2_Supporting, PM1_Supporting	0	Uncertain significance	Uncertain significance
285857	RYR1	Malignant Hyperthermia Susceptibility VCEP	Uncertain significance	BP4, PM1_Supporting	0	Uncertain significance	Uncertain significance
133053	RYR1	Malignant Hyperthermia Susceptibility VCEP	Uncertain significance	PM1_Supporting	1	Uncertain significance	Uncertain significance
133056	RYR1	Malignant Hyperthermia Susceptibility VCEP	Uncertain significance	PM1_Supporting, PP3_Moderate	3	Uncertain significance	Uncertain significance
654427	RYR1	Malignant Hyperthermia Susceptibility VCEP	Uncertain significance	PP3, PS4_Supporting	2	Uncertain significance	Uncertain significance
478187	RYR1	Malignant Hyperthermia Susceptibility VCEP	Uncertain significance	PS4_Supporting	1	Uncertain significance	Uncertain significance
590453	RYR1	Malignant Hyperthermia Susceptibility VCEP	Uncertain significance	PS4_Supporting, PM1_Supporting	2	Uncertain significance	Uncertain significance
133038	RYR1	Malignant Hyperthermia Susceptibility VCEP	Uncertain significance	PS4_Supporting, PP3_Moderate	3	Uncertain significance	Uncertain significance
133057	RYR1	Malignant Hyperthermia Susceptibility VCEP	Uncertain significance	PS4_Supporting, PM1_Supporting, PP3_Moderate	4	Uncertain significance	Uncertain significance
133068	RYR1	Malignant Hyperthermia Susceptibility VCEP	Uncertain significance	PS4_Supporting, PM1_Supporting, PP3_Moderate	4	Uncertain significance	Uncertain significance
590405	RYR1	Malignant Hyperthermia Susceptibility VCEP	Uncertain significance	PS4_Moderate, PP3_Moderate	4	Uncertain significance	Uncertain significance
590413	RYR1	Malignant Hyperthermia Susceptibility VCEP	Uncertain significance	PS4_Moderate, PP3_Moderate	4	Uncertain significance	Uncertain significance
1120228	RYR1	Malignant Hyperthermia Susceptibility VCEP	Uncertain significance	PS4_Supporting, PM1_Supporting, PP3_Moderate	4	Uncertain significance	Uncertain significance
133060	RYR1	Malignant Hyperthermia Susceptibility VCEP	Likely pathogenic	PM5_Supporting, PP1, PS4_Moderate, PM1_Supporting, PP3_Moderate	7	Likely pathogenic	Likely pathogenic
102754	PAH	Phenylketonuria VCEP	Likely pathogenic	PM2, PP4_Moderate, PP3, PM3_Strong	9	Likely pathogenic	Likely pathogenic
605	PAH	Phenylketonuria VCEP	Pathogenic	PM2, PP4, PP1, PM3_Very Strong	12	Pathogenic	Pathogenic
102808	PAH	Phenylketonuria VCEP	Likely pathogenic	PM3_Supporting, PM5, PM2, PP3, PP4	7	Likely pathogenic	Likely pathogenic
102780	PAH	Phenylketonuria VCEP	Likely pathogenic	PM5, PM2, PP4_Moderate, PP3	7	Likely pathogenic	Likely pathogenic
102496	PAH	Phenylketonuria VCEP	Likely pathogenic	PM3, PM2, PP4_Moderate, PP3	7	Likely pathogenic	Likely pathogenic
102484	PAH	Phenylketonuria VCEP	Pathogenic	PM2, PP3, PP4, PM3_Very Strong	12	Pathogenic	Pathogenic
102494	PAH	Phenylketonuria VCEP	Likely pathogenic	PM5, PM2, PP4_Moderate, PP3	7	Likely pathogenic	Likely pathogenic
102562	PAH	Phenylketonuria VCEP	Pathogenic	PM2, PP4_Moderate, PM3_Very Strong	12	Pathogenic	Pathogenic
102580	PAH	Phenylketonuria VCEP	Pathogenic	PM2, PP4_Moderate, PP3, PM3_Very Strong	13	Pathogenic	Pathogenic
102481	PAH	Phenylketonuria VCEP	Likely pathogenic	PM2, PP4_Moderate, PP3, PM3_Strong	9	Likely pathogenic	Likely pathogenic
102479	PAH	Phenylketonuria VCEP	Likely pathogenic	PM3, PM2, PP4_Moderate, PP3	7	Likely pathogenic	Likely pathogenic
102480	PAH	Phenylketonuria VCEP	Uncertain significance	PM3_Supporting, PM2, PP4, PP3	5	Uncertain significance	Uncertain significance
102482	PAH	Phenylketonuria VCEP	Uncertain significance	PM3_Supporting, PM2, PP3, PP4	5	Uncertain significance	Uncertain significance
102755	PAH	Phenylketonuria VCEP	Likely pathogenic	PM3_Supporting, PM2, PP4_Moderate, PP3	6	Likely pathogenic	Likely pathogenic
36641	MYH7	Cardiomyopathy VCEP	Likely benign	BA1, BS4	-4	Benign	Benign
181207	MYH7	Cardiomyopathy VCEP	Uncertain significance	PP3, PM2, PM1	5	Uncertain significance	Uncertain significance
181282	MYH7	Cardiomyopathy VCEP	Uncertain significance	PP3, PM2	3	Uncertain significance	Uncertain significance
42999	MYH7	Cardiomyopathy VCEP	Uncertain significance		0	Uncertain significance	Uncertain significance
181285	MYH7	Cardiomyopathy VCEP	Uncertain significance	PS4_Supporting, PM2, PP3	4	Uncertain significance	Uncertain significance
14094	MYH7	Cardiomyopathy VCEP	Uncertain significance	PM1	2	Uncertain significance	Uncertain significance
14113	MYH7	Cardiomyopathy VCEP	Uncertain significance	PS4_Supporting, PM2	3	Uncertain significance	Uncertain significance
14118	MYH7	Cardiomyopathy VCEP	Likely pathogenic	PP1_Moderate, PM2, PP3, PS4_Moderate	7	Likely pathogenic	Likely pathogenic
14122	MYH7	Cardiomyopathy VCEP	Benign	PM1, BA1	2	Benign	Benign
14126	MYH7	Cardiomyopathy VCEP	Uncertain significance	PS4_Supporting, PM2, PP3	4	Uncertain significance	Uncertain significance
14129	MYH7	Cardiomyopathy VCEP	Pathogenic	PS4_Supporting, PP3, PP1_Strong, PM2, PM5	10	Pathogenic	Pathogenic
141101	TP53	TP53 VCEP	Likely benign	BP4, BS3_Supporting, BS2_Supporting, PM2_Supporting	-2	Likely benign	Likely benign
418517	TP53	TP53 VCEP	Likely pathogenic	PP3_Moderate, PM1, PS4_Supporting, PM2_Supporting, PS3_Moderate	8	Likely pathogenic	Likely pathogenic
185814	TP53	TP53 VCEP	Pathogenic	PS3, PS4_Moderate, PM1, PM6_Strong	12	Pathogenic	Pathogenic
656751	TP53	TP53 VCEP	Pathogenic	PS3, PP3_Moderate, PM1, PS2_Moderate, PP4_Moderate, PS4_Supporting, PM2_Supporting	14	Pathogenic	Pathogenic
186587	TP53	TP53 VCEP	Uncertain significance	BP4, PS3, PM2_Supporting, PS4_Supporting	5	Uncertain significance	Likely pathogenic
142714	TP53	TP53 VCEP	Pathogenic	PS3, PS4, PM6_Supporting, PP1_Moderate, PM1	13	Pathogenic	Pathogenic
218342	TP53	TP53 VCEP	Pathogenic	PVS1, PS4_Supporting, PM2_Supporting	10	Pathogenic	Pathogenic
-	TP53	TP53 VCEP	Likely benign	BP4, BS3, PM2_Supporting	-4	Likely benign	Likely benign
1172924	TP53	TP53 VCEP	Uncertain significance	PP3, PM2_Supporting	2	Uncertain significance	Uncertain significance
1019612	TP53	TP53 VCEP	Likely pathogenic	BP4, PM1_Supporting, PS3, PM5_Supporting, PS4_Supporting, PM2_Supporting	7	Likely pathogenic	Likely pathogenic
135948	TP53	TP53 VCEP	Benign	BP4, BS2_Supporting, BS1	-6	Likely benign	Likely benign
141893	TP53	TP53 VCEP	Likely benign	BP4, BS3, BS2_Supporting, PS4_Supporting	-5	Likely benign	Likely benign
142158	TP53	TP53 VCEP	Likely benign	BP4, PP1, BS2, PM2_Supporting, PS4_Supporting	-2	Likely benign	Likely benign
142273	TP53	TP53 VCEP	Benign	BP4, BS3, BS2	-9	Benign	Benign
142332	TP53	TP53 VCEP	Likely benign	BP4, BS3, PM2_Supporting	-4	Likely benign	Likely benign
142431	TP53	TP53 VCEP	Likely benign	BS3_Supporting, BP4, BS2, PM2_Supporting	-5	Likely benign	Likely benign
142562	TP53	TP53 VCEP	Likely benign	BP4, BS2_Supporting, BS3, PM2_Supporting	-5	Likely benign	Likely benign
142854	TP53	TP53 VCEP	Likely benign	BP4, BS2	-5	Likely benign	Likely benign
182933	TP53	TP53 VCEP	Uncertain significance	BP4, PP4, BS2, PM2_Supporting, PS4_Supporting	-2	Likely benign	Likely benign
182938	TP53	TP53 VCEP	Uncertain significance	PP3_Moderate, BS3, PM1, BS2, PM2_Supporting	-3	Likely benign	Benign
182939	TP53	TP53 VCEP	Likely benign	BP4, BS2, PM2_Supporting	-4	Likely benign	Likely benign
182953	TP53	TP53 VCEP	Uncertain significance	PM2_Supporting	1	Uncertain significance	Uncertain significance
184014	TP53	TP53 VCEP	Likely benign	BS3_Supporting, BS2, PM2_Supporting	-4	Likely benign	Likely benign
184745	TP53	TP53 VCEP	Likely benign	BS2_Supporting, BS3, PP3, PM2_Supporting	-3	Likely benign	Likely benign
185120	TP53	TP53 VCEP	Benign	BP4, BS3, BS2, PM2_Supporting	-8	Benign	Benign
185212	TP53	TP53 VCEP	Likely benign	BP4, BS3, PM2_Supporting	-4	Likely benign	Likely benign
185404	TP53	TP53 VCEP	Likely benign	BP4, BS3_Supporting, BS2_Supporting	-3	Likely benign	Likely benign
186762	TP53	TP53 VCEP	Likely benign	BP4, BS2, PM2_Supporting, PS4_Supporting	-3	Likely benign	Likely benign
187457	TP53	TP53 VCEP	Benign	BP7_Strong, BS2, PM2_Supporting	-7	Benign	Benign
188342	TP53	TP53 VCEP	Uncertain significance	BP4, BS2_Supporting, PP4, PM2_Supporting	0	Uncertain significance	Likely benign
216463	TP53	TP53 VCEP	Likely benign	BP4, BS2_Supporting, PM2_Supporting	-1	Likely benign	Likely benign
216464	TP53	TP53 VCEP	Likely benign	BP4, PP4, BS2, PM2_Supporting	-3	Likely benign	Likely benign
161263	LDLR	Familial Hypercholesterolemia VCEP	Benign	BA1, BP2, PP3, PP1, BS2	-3	Benign	Benign
226709	LDLR	Familial Hypercholesterolemia VCEP	Benign	BA1, BP2, BP4, BS2	-6	Benign	Benign
413774	LDLR	Familial Hypercholesterolemia VCEP	Uncertain significance	BP4	-1	Likely benign	Uncertain significance
456650	LDLR	Familial Hypercholesterolemia VCEP	Benign	BP4, BP7, BS1, BS2	-10	Benign	Benign
183138	LDLR	Familial Hypercholesterolemia VCEP	Benign	BA1, BP4, BP2, BS2	-6	Benign	Benign
161273	LDLR	Familial Hypercholesterolemia VCEP	Uncertain significance	PP1	1	Uncertain significance	Uncertain significance
375775	LDLR	Familial Hypercholesterolemia VCEP	Uncertain significance	PM2	2	Uncertain significance	Uncertain significance
252360	LDLR	Familial Hypercholesterolemia VCEP	Likely benign	BP4, BS3, PM2, PP4, PS4_Supporting	-1	Likely benign	Likely benign
252350	LDLR	Familial Hypercholesterolemia VCEP	Likely pathogenic	PVS1_Moderate, PM2, PP4, PS4_Supporting	6	Likely pathogenic	Likely pathogenic
3734	LDLR	Familial Hypercholesterolemia VCEP	Likely pathogenic	PS4, PM2, PP3, PP4	8	Likely pathogenic	Likely pathogenic
36462	LDLR	Familial Hypercholesterolemia VCEP	Uncertain significance	PP3, PP1	2	Uncertain significance	Uncertain significance
252304	LDLR	Familial Hypercholesterolemia VCEP	Uncertain significance	PM2, PP3, PP4	4	Uncertain significance	Uncertain significance
36460	LDLR	Familial Hypercholesterolemia VCEP	Benign	BA1, BS3_Supporting	-1	Benign	Benign
3744	LDLR	Familial Hypercholesterolemia VCEP	Pathogenic	PS4_Moderate, PP1_Strong, PS3_Supporting, PM2, PVS1, PP4	18	Pathogenic	Pathogenic
183130	LDLR	Familial Hypercholesterolemia VCEP	Uncertain significance	PP1_Moderate, PP3	3	Uncertain significance	Uncertain significance
252219	LDLR	Familial Hypercholesterolemia VCEP	Uncertain significance	PP1_Strong, BS4, PP3	1	Uncertain significance	Uncertain significance
252188	LDLR	Familial Hypercholesterolemia VCEP	Pathogenic	PP1_Strong, PM1, PM2, PP3, PP4	10	Pathogenic	Pathogenic
3689	LDLR	Familial Hypercholesterolemia VCEP	Likely pathogenic	PM1, PM2, PP3, PP4, PS4_Supporting, PS3_Moderate	9	Likely pathogenic	Likely pathogenic
252136	LDLR	Familial Hypercholesterolemia VCEP	Uncertain significance	PP1_Strong, BS3, PM2, PP3, PP4	4	Uncertain significance	Likely pathogenic
252135	LDLR	Familial Hypercholesterolemia VCEP	Likely pathogenic	PP1_Strong, PM2, PP4, PS4_Supporting	8	Likely pathogenic	Likely pathogenic
252083	LDLR	Familial Hypercholesterolemia VCEP	Likely pathogenic	PS3_Supporting, PM2, PP3, PP4, PS4_Supporting	6	Likely pathogenic	Likely pathogenic
161264	LDLR	Familial Hypercholesterolemia VCEP	Uncertain significance	PP1	1	Uncertain significance	Uncertain significance
161290	LDLR	Familial Hypercholesterolemia VCEP	Pathogenic	PS4, PP1_Strong, PM2, PP3, PP4	12	Pathogenic	Pathogenic
161271	LDLR	Familial Hypercholesterolemia VCEP	Pathogenic	PS4, PP1_Strong, PM2, PP3, PP4, PS3_Moderate	14	Pathogenic	Pathogenic
183120	LDLR	Familial Hypercholesterolemia VCEP	Uncertain significance	PM2, PP3, PP4, PS4_Supporting	5	Uncertain significance	Uncertain significance
251783	LDLR	Familial Hypercholesterolemia VCEP	Pathogenic	PS3, PS4_Moderate, PP1_Strong, PM2, PP3, PP4	14	Pathogenic	Pathogenic
161276	LDLR	Familial Hypercholesterolemia VCEP	Likely pathogenic	PS4_Moderate, PM2, PP1, PP4	6	Likely pathogenic	Likely pathogenic
36453	LDLR	Familial Hypercholesterolemia VCEP	Likely pathogenic	PS4_Moderate, PM2, PP3, PP1, PP4, PS3_Moderate	9	Likely pathogenic	Likely pathogenic
228798	LDLR	Familial Hypercholesterolemia VCEP	Likely pathogenic	PM5, PM2, PP3, PP4, PS4_Supporting	7	Likely pathogenic	Likely pathogenic
3746	LDLR	Familial Hypercholesterolemia VCEP	Likely pathogenic	PM3, PM2, PP4, PS4_Supporting, PS3_Moderate	8	Likely pathogenic	Likely pathogenic
251706	LDLR	Familial Hypercholesterolemia VCEP	Likely pathogenic	PS4_Moderate, PM2, PP4, PS3_Moderate	7	Likely pathogenic	Likely pathogenic
36450	LDLR	Familial Hypercholesterolemia VCEP	Likely pathogenic	PM1, PM2, PP3, PP4, PS4_Supporting	7	Likely pathogenic	Likely pathogenic
161282	LDLR	Familial Hypercholesterolemia VCEP	Uncertain significance	PP3	1	Uncertain significance	Uncertain significance
251517	LDLR	Familial Hypercholesterolemia VCEP	Likely pathogenic	PM5_Strong, PM2, PP3, PP4	8	Likely pathogenic	Likely pathogenic
161281	LDLR	Familial Hypercholesterolemia VCEP	Uncertain significance	PP3	1	Uncertain significance	Uncertain significance
251603	LDLR	Familial Hypercholesterolemia VCEP	Uncertain significance	PM2, PP4, PS4_Supporting	4	Uncertain significance	Uncertain significance
161268	LDLR	Familial Hypercholesterolemia VCEP	Pathogenic	PS4_Moderate, PP1_Strong, PS3_Supporting, PM2, PP3, PP4	11	Pathogenic	Pathogenic
161279	LDLR	Familial Hypercholesterolemia VCEP	Likely benign	BP2, PP1_Moderate, BS2	-3	Likely benign	Likely benign
251106	LDLR	Familial Hypercholesterolemia VCEP	Likely pathogenic	PM5_Strong, PM2, PP3, PP4	8	Likely pathogenic	Likely pathogenic
161287	LDLR	Familial Hypercholesterolemia VCEP	Pathogenic	PS4, PM5_Strong, PP1_Strong, PM2, PP4, PS3_Moderate	17	Pathogenic	Pathogenic
161261	LDLR	Familial Hypercholesterolemia VCEP	Uncertain significance		0	Uncertain significance	Uncertain significance
251422	LDLR	Familial Hypercholesterolemia VCEP	Pathogenic	PVS1, PM2, PP4	11	Pathogenic	Pathogenic
251400	LDLR	Familial Hypercholesterolemia VCEP	Likely pathogenic	PM1, PM2, PP3, PP4, PS4_Supporting	7	Likely pathogenic	Likely pathogenic
225402	LDLR	Familial Hypercholesterolemia VCEP	Uncertain significance	PS3	4	Uncertain significance	Uncertain significance
251162	LDLR	Familial Hypercholesterolemia VCEP	Likely pathogenic	PM1, PM2, PP3, PP4	6	Likely pathogenic	Likely pathogenic
3736	LDLR	Familial Hypercholesterolemia VCEP	Pathogenic	PS4, PP1_Strong, PVS1_Strong, PM2, PP4, PS3_Moderate	17	Pathogenic	Pathogenic
161269	LDLR	Familial Hypercholesterolemia VCEP	Pathogenic	PS4, PS3_Supporting, PVS1, PM2, PP4	16	Pathogenic	Pathogenic
251100	LDLR	Familial Hypercholesterolemia VCEP	Pathogenic	PS4, PS3_Supporting, PM2, PVS1, PP4	16	Pathogenic	Pathogenic
3685	LDLR	Familial Hypercholesterolemia VCEP	Pathogenic	PS4, PS3, PP1_Moderate, PM2, PP3, PP4	14	Pathogenic	Pathogenic
161289	LDLR	Familial Hypercholesterolemia VCEP	Uncertain significance	PM2, PP4, PS4_Supporting	4	Uncertain significance	Uncertain significance
251034	LDLR	Familial Hypercholesterolemia VCEP	Uncertain significance	BS3, PM2, PP4	-1	Likely benign	Uncertain significance
161272	LDLR	Familial Hypercholesterolemia VCEP	Benign	BS3, BS4, PP1_Moderate, BS2	-10	Benign	Benign
250968	LDLR	Familial Hypercholesterolemia VCEP	Pathogenic	PS3, PS1, PVS1_Moderate, PM2, PP4, PS4_Supporting	14	Pathogenic	Pathogenic
102610	PAH	Phenylketonuria VCEP	Pathogenic	PM2, PP4_Moderate, PM3_Very Strong	12	Pathogenic	Pathogenic
102627	PAH	Phenylketonuria VCEP	Pathogenic	PM5, PM2, PP4_Moderate, PP3, PP1, PM3_Strong	12	Pathogenic	Pathogenic
102766	PAH	Phenylketonuria VCEP	Pathogenic	PM2, PP4_Moderate, PP3, PM3_Very Strong	13	Pathogenic	Pathogenic
102488	PAH	Phenylketonuria VCEP	Likely pathogenic	PM3_Supporting, PP3_Strong, PP4_Moderate, PM2_Supporting	8	Likely pathogenic	Likely pathogenic
102521	PAH	Phenylketonuria VCEP	Likely pathogenic	PM2, PP4_Moderate, PP3, PM3_Strong	9	Likely pathogenic	Likely pathogenic
-	PAH	Phenylketonuria VCEP	Likely pathogenic	PM3_Supporting, PM2, PP4_Moderate, PP3	6	Likely pathogenic	Likely pathogenic
102600	PAH	Phenylketonuria VCEP	Likely pathogenic	PM3, PM2, PP3, PP4	6	Likely pathogenic	Likely pathogenic
-	PAH	Phenylketonuria VCEP	Uncertain significance	BP7, PM2	1	Uncertain significance	Uncertain significance
556817	PAH	Phenylketonuria VCEP	Likely pathogenic	PM3, PM2, PP3, PP4	6	Likely pathogenic	Likely pathogenic
729975	PAH	Phenylketonuria VCEP	Benign	BP7, BS1, BS2	-9	Benign	Benign
14121	MYH7	Cardiomyopathy VCEP	Uncertain significance	PS4_Supporting, PP3, PM2	4	Uncertain significance	Uncertain significance
214322	ETHE1	Mitochondrial Diseases VCEP	Pathogenic	PM3_Strong, PS3_Supporting, PP4_Moderate, PM5, PP3	10	Pathogenic	Pathogenic
671157	ETHE1	Mitochondrial Diseases VCEP	Benign	BA1, BS2	-4	Benign	Benign
137237	ETHE1	Mitochondrial Diseases VCEP	Benign	BA1	0	Benign	Benign
496427	ETHE1	Mitochondrial Diseases VCEP	Pathogenic	PM3_Supporting, PM2, PVS1, PP4_Moderate	13	Pathogenic	Pathogenic
504502	ETHE1	Mitochondrial Diseases VCEP	Pathogenic	PM3_Supporting, PVS1, PM2, PP4_Moderate	13	Pathogenic	Pathogenic
1210168	ITGB3	Platelet Disorders VCEP	Uncertain significance	PP3, PM2_Supporting	2	Uncertain significance	Uncertain significance
-	ITGB3	Platelet Disorders VCEP	Pathogenic	PP4_Strong, PVS1, PM2_Supporting	13	Pathogenic	Pathogenic
-	ITGA2B	Platelet Disorders VCEP	Pathogenic	PP4_Strong, PVS1, PM2_Supporting	13	Pathogenic	Pathogenic
627288	ITGA2B	Platelet Disorders VCEP	Uncertain significance	PP3, PM2_Supporting	2	Uncertain significance	Uncertain significance
13568	ITGB3	Platelet Disorders VCEP	Uncertain significance	PS3_Supporting, PP3, PM2_Supporting	3	Uncertain significance	Uncertain significance
323562	ITGA2B	Platelet Disorders VCEP	Likely benign	BP4, BP7, PM2_Supporting	-1	Likely benign	Likely benign
1210185	ITGA2B	Platelet Disorders VCEP	Likely pathogenic	PP4_Strong, PM3_Supporting, PM2_Supporting	6	Likely pathogenic	Likely pathogenic
695644	ITGB3	Platelet Disorders VCEP	Uncertain significance	BS1	-4	Likely benign	Uncertain significance
13569	ITGB3	Platelet Disorders VCEP	Uncertain significance	PS3_Supporting, PP3, PM2_Supporting	3	Uncertain significance	Uncertain significance
1210201	ITGB3	Platelet Disorders VCEP	Uncertain significance	PS3_Supporting, PP3, PM2_Supporting	3	Uncertain significance	Uncertain significance
627052	ITGA2B	Platelet Disorders VCEP	Pathogenic	PP4_Strong, PVS1_Strong, PM3_Supporting, PM2_Supporting	10	Pathogenic	Pathogenic
1210202	ITGA2B	Platelet Disorders VCEP	Uncertain significance	PP4_Moderate	2	Uncertain significance	Uncertain significance
977130	ITGA2B	Platelet Disorders VCEP	Pathogenic	PP4_Strong, PVS1_Strong, PM3_Supporting, PP1, PM2_Supporting	11	Pathogenic	Pathogenic
13555	ITGB3	Platelet Disorders VCEP	Likely pathogenic	PM3, PM5, PP4_Moderate, PP3, PM2_Supporting	8	Likely pathogenic	Likely pathogenic
13553	ITGB3	Platelet Disorders VCEP	Pathogenic	PM3, PS3, PP4_Moderate, PP3, PM2_Supporting	10	Pathogenic	Pathogenic
1210203	ITGA2B	Platelet Disorders VCEP	Likely pathogenic	PM5, PM3_Supporting, PP4_Moderate, PP3, PM2_Supporting	7	Likely pathogenic	Likely pathogenic
977129	ITGA2B	Platelet Disorders VCEP	Likely pathogenic	PP4_Strong, PM3_Supporting, PS3_Supporting, PM2_Supporting	7	Likely pathogenic	Likely pathogenic
323865	ITGB3	Platelet Disorders VCEP	Uncertain significance	BS1, PP4_Moderate, PP3	-1	Likely benign	Uncertain significance
1210206	ITGB3	Platelet Disorders VCEP	Uncertain significance	PM2_Supporting	1	Uncertain significance	Uncertain significance
696251	ITGB3	Platelet Disorders VCEP	Likely benign	BP4, BP7	-2	Likely benign	Likely benign
435536	ITGB3	Platelet Disorders VCEP	Likely benign	BP4, BP7, BS1	-6	Likely benign	Likely benign
323864	ITGB3	Platelet Disorders VCEP	Likely benign	BP4, BP7	-2	Likely benign	Likely benign
556718	GAA	Lysosomal Diseases VCEP	Pathogenic	PM3_Supporting, PVS1, PP4, PM2_Supporting	11	Pathogenic	Pathogenic
697901	ITGB3	Platelet Disorders VCEP	Likely benign	BP4, BP7, BS1	-6	Likely benign	Likely benign
-	ITGA2B	Platelet Disorders VCEP	Pathogenic	PM3_Supporting, PVS1, PP4_Moderate, PM2_Supporting	12	Pathogenic	Pathogenic
1210169	ITGB3	Platelet Disorders VCEP	Uncertain significance	PM3_Supporting, PP3, PM2_Supporting	3	Uncertain significance	Uncertain significance
-	ITGB3	Platelet Disorders VCEP	Pathogenic	PM3_Supporting, PP4_Moderate, PVS1, PM2_Supporting	12	Pathogenic	Pathogenic
1210171	ITGB3	Platelet Disorders VCEP	Uncertain significance	PM3_Supporting, PP4_Moderate, PP3, PM2_Supporting	5	Uncertain significance	Uncertain significance
1210172	ITGA2B	Platelet Disorders VCEP	Likely pathogenic	PP4_Strong, PM3_Supporting, PM2_Supporting	6	Likely pathogenic	Likely pathogenic
1210173	ITGA2B	Platelet Disorders VCEP	Likely pathogenic	PM3_Supporting, PVS1_Strong, PP4_Moderate, PM2_Supporting	8	Likely pathogenic	Likely pathogenic
1210174	ITGA2B	Platelet Disorders VCEP	Uncertain significance	PP4_Moderate, PM2_Supporting	3	Uncertain significance	Uncertain significance
1210175	ITGB3	Platelet Disorders VCEP	Likely pathogenic	PVS1, PM2_Supporting	9	Likely pathogenic	Uncertain significance
1210176	ITGA2B	Platelet Disorders VCEP	Likely pathogenic	PP4_Strong, PM3_Supporting, PP3, PM2_Supporting	7	Likely pathogenic	Likely pathogenic
1210186	ITGB3	Platelet Disorders VCEP	Likely pathogenic	PP4_Strong, PM3_Supporting, PP3, PM2_Supporting	7	Likely pathogenic	Likely pathogenic
-	ITGB3	Platelet Disorders VCEP	Pathogenic	PM3_Supporting, PP4_Moderate, PVS1, PM2_Supporting	12	Pathogenic	Pathogenic
-	ITGB3	Platelet Disorders VCEP	Pathogenic	PVS1, PP4_Moderate, PM2_Supporting	11	Pathogenic	Pathogenic
1210188	ITGA2B	Platelet Disorders VCEP	Likely pathogenic	PM3_Supporting, PP1_Strong, PP4_Moderate, PM2_Supporting	8	Likely pathogenic	Likely pathogenic
-	ITGA2B	Platelet Disorders VCEP	Pathogenic	PM3_Supporting, PP4_Moderate, PVS1, PM2_Supporting	12	Pathogenic	Pathogenic
-	ITGA2B	Platelet Disorders VCEP	Pathogenic	PM3_Supporting, PVS1, PP4_Moderate, PM2_Supporting	12	Pathogenic	Pathogenic
1210191	ITGA2B	Platelet Disorders VCEP	Likely pathogenic	PVS1_Strong, PM3_Supporting, PP4_Moderate, PM2_Supporting	8	Likely pathogenic	Likely pathogenic
1210192	ITGA2B	Platelet Disorders VCEP	Likely pathogenic	PM3, PP4_Strong, PP3, PM2_Supporting	8	Likely pathogenic	Likely pathogenic
696104	ITGB3	Platelet Disorders VCEP	Likely benign	BP4, BP7	-2	Likely benign	Likely benign
323866	ITGB3	Platelet Disorders VCEP	Likely benign	BP4, BP7, BS1	-6	Likely benign	Likely benign
627239	ITGA2B	Platelet Disorders VCEP	Uncertain significance	PVS1_Strong, PM2_Supporting	5	Uncertain significance	Uncertain significance
2902	ITGA2B	Platelet Disorders VCEP	Uncertain significance	PM3_Supporting, PS3_Supporting, PM2_Supporting	3	Uncertain significance	Uncertain significance
631773	ITGA2B	Platelet Disorders VCEP	Pathogenic	PM3_Supporting, PVS1, PM2_Supporting	10	Pathogenic	Pathogenic
977127	ITGA2B	Platelet Disorders VCEP	Likely pathogenic	PP4_Strong, PM3_Supporting, PS3_Supporting, PP3, PM2_Supporting	8	Likely pathogenic	Likely pathogenic
971253	ITGA2B	Platelet Disorders VCEP	Uncertain significance	PVS1_Strong, PM2_Supporting	5	Uncertain significance	Uncertain significance
627292	ITGA2B	Platelet Disorders VCEP	Uncertain significance	PVS1_Strong, PM2_Supporting	5	Uncertain significance	Uncertain significance
1210204	ITGB3	Platelet Disorders VCEP	Likely pathogenic	PVS1_Strong, PM3_Supporting, PM2_Supporting	6	Likely pathogenic	Likely pathogenic
-	ITGA2B	Platelet Disorders VCEP	Pathogenic	PM3_Supporting, PP4_Moderate, PVS1, PP1, PM2_Supporting	13	Pathogenic	Pathogenic
458368	ITGA2B	Platelet Disorders VCEP	Pathogenic	PM3_Supporting, PVS1, PM2_Supporting	10	Pathogenic	Pathogenic
627093	ITGA2B	Platelet Disorders VCEP	Pathogenic	PM3_Supporting, PP4_Moderate, PVS1, PM2_Supporting	12	Pathogenic	Pathogenic
977128	ITGA2B	Platelet Disorders VCEP	Pathogenic	PM3, PP1_Strong, PP4_Moderate, PVS1, PM2_Supporting	17	Pathogenic	Pathogenic
13561	ITGB3	Platelet Disorders VCEP	Benign	BA1, BP4	-1	Benign	Benign
2889	ITGA2B	Platelet Disorders VCEP	Pathogenic	PP4_Strong, PM3, PS3, PVS1_Strong, PM2_Supporting	15	Pathogenic	Pathogenic
-	ITGB3	Platelet Disorders VCEP	Pathogenic	PM3_Supporting, PP4_Moderate, PVS1, PM2_Supporting	12	Pathogenic	Pathogenic
1210209	ITGB3	Platelet Disorders VCEP	Likely pathogenic	PVS1, PM2_Supporting	9	Likely pathogenic	Uncertain significance
-	ITGB3	Platelet Disorders VCEP	Pathogenic	PM3, PP4_Strong, PS3_Supporting, PP3, PP1, PM2_Supporting	10	Pathogenic	Pathogenic
-	ITGB3	Platelet Disorders VCEP	Pathogenic	PS3, PM3_Supporting, PM5_Supporting, PP4_Moderate, PP3, PM2_Supporting	10	Pathogenic	Pathogenic
800945	ITGB3	Platelet Disorders VCEP	Likely pathogenic	PM3, PP1_Moderate, PP3, PM2_Supporting	6	Likely pathogenic	Likely pathogenic
-	ITGA2B	Platelet Disorders VCEP	Pathogenic	PP4_Moderate, PVS1, PM2_Supporting	11	Pathogenic	Pathogenic
-	ITGA2B	Platelet Disorders VCEP	Pathogenic	PM4, PP4_Strong, PM3_Supporting, PP3, PM2_Supporting, PS3_Moderate	11	Pathogenic	Pathogenic
1210180	ITGB3	Platelet Disorders VCEP	Uncertain significance	PM3_Supporting, PP3, PM2_Supporting	3	Uncertain significance	Uncertain significance
1210181	ITGB3	Platelet Disorders VCEP	Uncertain significance	PM2_Supporting	1	Uncertain significance	Uncertain significance
1210182	ITGA2B	Platelet Disorders VCEP	Likely pathogenic	PP4_Strong, PM3_Supporting, PM2_Supporting	6	Likely pathogenic	Likely pathogenic
1210193	ITGA2B	Platelet Disorders VCEP	Likely pathogenic	PP4_Strong, PVS1_Moderate, PM2_Supporting	7	Likely pathogenic	Likely pathogenic
952998	ITGA2B	Platelet Disorders VCEP	Likely pathogenic	PP4_Strong, PM3_Supporting, PP3, PM2_Supporting	7	Likely pathogenic	Likely pathogenic
953028	ITGB3	Platelet Disorders VCEP	Pathogenic	PM3, PP4_Strong, PS3, PM2_Supporting	11	Pathogenic	Pathogenic
953032	ITGA2B	Platelet Disorders VCEP	Pathogenic	PP4_Strong, PM3, PP1_Moderate, PP3, PM2_Supporting	10	Pathogenic	Pathogenic
2903	ITGA2B	Platelet Disorders VCEP	Pathogenic	PP4_Strong, PM3, PM4, PP3, PP1, PM2_Supporting	11	Pathogenic	Pathogenic
627296	ITGA2B	Platelet Disorders VCEP	Pathogenic	PP4_Strong, PM3_Supporting, PVS1_Strong, PM2_Supporting	10	Pathogenic	Pathogenic
953037	ITGA2B	Platelet Disorders VCEP	Pathogenic	PM3, PP4_Strong, PP3, PS3_Moderate, PM2_Supporting	10	Pathogenic	Pathogenic
13564	ITGB3	Platelet Disorders VCEP	Pathogenic	PP4_Strong, PVS1_Strong	8	Likely pathogenic	Pathogenic
953016	ITGA2B	Platelet Disorders VCEP	Pathogenic	PP4_Strong, PM3, PVS1_Strong, PM2_Supporting	11	Pathogenic	Pathogenic
-	ITGB3	Platelet Disorders VCEP	Pathogenic	PM3, PP4_Strong, PP1_Moderate, PP3, PM2_Supporting	10	Pathogenic	Pathogenic
953046	ITGA2B	Platelet Disorders VCEP	Pathogenic	PP4_Strong, PM3_Strong, PP3, PP1, PM2_Supporting	11	Pathogenic	Pathogenic
977132	ITGB3	Platelet Disorders VCEP	Pathogenic	PP4_Strong, PS3, PM3_Supporting, PP3, PM2_Supporting	11	Pathogenic	Pathogenic
1210195	ITGA2B	Platelet Disorders VCEP	Likely pathogenic	PVS1, PM2_Supporting	9	Likely pathogenic	Uncertain significance
-	ITGA2B	Platelet Disorders VCEP	Pathogenic	PM3_Supporting, PP4_Moderate, PVS1, PM2_Supporting	12	Pathogenic	Pathogenic
-	ITGA2B	Platelet Disorders VCEP	Pathogenic	PM3_Supporting, PVS1, PP4_Moderate, PM2_Supporting	12	Pathogenic	Pathogenic
1210198	ITGB3	Platelet Disorders VCEP	Likely pathogenic	PP4_Strong, PM3_Supporting, PP3, PP1, PM2_Supporting	8	Likely pathogenic	Likely pathogenic
850886	ITGB3	Platelet Disorders VCEP	Pathogenic	PP4_Strong, PVS1, PP1	13	Pathogenic	Pathogenic
1210199	ITGB3	Platelet Disorders VCEP	Likely pathogenic	PM3_Supporting, PM5_Supporting, PP4_Moderate, PP3, PM2_Supporting	6	Likely pathogenic	Likely pathogenic
1210200	ITGB3	Platelet Disorders VCEP	Likely pathogenic	PP4_Strong, PM3_Supporting, PP3, PM2_Supporting	7	Likely pathogenic	Likely pathogenic
2898	ITGA2B	Platelet Disorders VCEP	Likely pathogenic	PM4, PP4_Moderate, PM2_Supporting, PS3_Moderate	7	Likely pathogenic	Likely pathogenic
2894	ITGA2B	Platelet Disorders VCEP	Likely pathogenic	PM3_Supporting, PP4_Moderate, PP3, PM2_Supporting, PS3_Moderate	7	Likely pathogenic	Likely pathogenic
854735	ITGA2B	Platelet Disorders VCEP	Likely pathogenic	PVS1, PM2_Supporting	9	Likely pathogenic	Uncertain significance
695335	ITGB3	Platelet Disorders VCEP	Benign	BA1	0	Benign	Benign
13567	ITGB3	Platelet Disorders VCEP	Pathogenic	PM3, PS3, PP4_Moderate, PP3, PP1, PM2_Supporting	11	Pathogenic	Pathogenic
1030781	ITGA2B	Platelet Disorders VCEP	Likely pathogenic	PM3_Strong, PP4_Moderate, PM2_Supporting	7	Likely pathogenic	Likely pathogenic
627273	ITGA2B	Platelet Disorders VCEP	Pathogenic	PP4_Strong, PM3_Supporting, PVS1, PM2_Supporting	14	Pathogenic	Pathogenic
1210210	ITGA2B	Platelet Disorders VCEP	Likely pathogenic	PP4_Strong, PM3_Supporting, PP3, PP1, PM2_Supporting	8	Likely pathogenic	Likely pathogenic
323569	ITGA2B	Platelet Disorders VCEP	Likely benign	BP4, BP7, PM2_Supporting	-1	Likely benign	Likely benign
2899	ITGA2B	Platelet Disorders VCEP	Pathogenic	PM3, PS3, PP4_Moderate, PP3, PM2_Supporting	10	Pathogenic	Pathogenic
181368	MYH7	Cardiomyopathy VCEP	Uncertain significance	PM2, PM1	4	Uncertain significance	Uncertain significance
42826	MYH7	Cardiomyopathy VCEP	Uncertain significance	PM2, PM1	4	Uncertain significance	Uncertain significance
43100	MYH7	Cardiomyopathy VCEP	Likely pathogenic	PP1_Moderate, PM2, PM1, PS4_Moderate	8	Likely pathogenic	Likely pathogenic
181195	MYH7	Cardiomyopathy VCEP	Likely pathogenic	PP1_Moderate, PS4_Supporting, PM2, PM1	7	Likely pathogenic	Likely pathogenic
217468	MYH7	Cardiomyopathy VCEP	Uncertain significance		0	Uncertain significance	Uncertain significance
164289	MYH7	Cardiomyopathy VCEP	Uncertain significance	PP3	1	Uncertain significance	Uncertain significance
14093	MYH7	Cardiomyopathy VCEP	Likely pathogenic	PM2, PM6, PP3, PS4_Moderate	7	Likely pathogenic	Likely pathogenic
36638	MYH7	Cardiomyopathy VCEP	Uncertain significance	PM2, PS4_Moderate	4	Uncertain significance	Uncertain significance
42818	MYH7	Cardiomyopathy VCEP	Uncertain significance	PS4_Supporting, PM2, PM1	5	Uncertain significance	Uncertain significance
36637	MYH7	Cardiomyopathy VCEP	Uncertain significance	PM4_Supporting, PM2, PS4_Moderate	5	Uncertain significance	Uncertain significance
133165	RYR1	Malignant Hyperthermia Susceptibility VCEP	Likely pathogenic	PM1, PS4_Moderate, PP3_Moderate	6	Likely pathogenic	Likely pathogenic
374974	RYR1	Malignant Hyperthermia Susceptibility VCEP	Uncertain significance		0	Uncertain significance	Uncertain significance
590517	RYR1	Malignant Hyperthermia Susceptibility VCEP	Uncertain significance	BP4	-1	Likely benign	Uncertain significance
133168	RYR1	Malignant Hyperthermia Susceptibility VCEP	Uncertain significance	PM1	2	Uncertain significance	Uncertain significance
590482	RYR1	Malignant Hyperthermia Susceptibility VCEP	Uncertain significance	PM1	2	Uncertain significance	Uncertain significance
1050940	RYR1	Malignant Hyperthermia Susceptibility VCEP	Uncertain significance	PM1	2	Uncertain significance	Uncertain significance
808527	RYR1	Malignant Hyperthermia Susceptibility VCEP	Uncertain significance	PS3_Moderate, PM1	4	Uncertain significance	Uncertain significance
133146	RYR1	Malignant Hyperthermia Susceptibility VCEP	Uncertain significance	PM1	2	Uncertain significance	Uncertain significance
889434	RYR1	Malignant Hyperthermia Susceptibility VCEP	Uncertain significance	PM1	2	Uncertain significance	Uncertain significance
133166	RYR1	Malignant Hyperthermia Susceptibility VCEP	Uncertain significance	PM1, PP3_Moderate	4	Uncertain significance	Uncertain significance
478249	RYR1	Malignant Hyperthermia Susceptibility VCEP	Uncertain significance	BP2, PM1	1	Uncertain significance	Uncertain significance
433176	RYR1	Malignant Hyperthermia Susceptibility VCEP	Likely benign	BS2_Supporting, PS4_Supporting	0	Uncertain significance	Uncertain significance
1210307	RYR1	Malignant Hyperthermia Susceptibility VCEP	Uncertain significance	PS4_Supporting, PM1	3	Uncertain significance	Uncertain significance
1065119	RYR1	Malignant Hyperthermia Susceptibility VCEP	Uncertain significance	PS4_Supporting, PM1, PP3_Moderate	5	Uncertain significance	Uncertain significance
590575	RYR1	Malignant Hyperthermia Susceptibility VCEP	Likely pathogenic	PM1, PS4_Moderate, PP3_Moderate	6	Likely pathogenic	Likely pathogenic
65968	RYR1	Malignant Hyperthermia Susceptibility VCEP	Uncertain significance	PS4_Supporting, PM1, PP3_Moderate	5	Uncertain significance	Uncertain significance
567662	RYR1	Malignant Hyperthermia Susceptibility VCEP	Uncertain significance	PS4_Supporting, PM1, PP3_Moderate	5	Uncertain significance	Uncertain significance
590454	RYR1	Malignant Hyperthermia Susceptibility VCEP	Uncertain significance	PS4_Supporting, PM1_Supporting, PP3_Moderate	4	Uncertain significance	Uncertain significance
590556	RYR1	Malignant Hyperthermia Susceptibility VCEP	Uncertain significance	PM1, PS4_Moderate	4	Uncertain significance	Uncertain significance
133185	RYR1	Malignant Hyperthermia Susceptibility VCEP	Likely pathogenic	PM1, PS4_Moderate, PP3_Moderate	6	Likely pathogenic	Likely pathogenic
133179	RYR1	Malignant Hyperthermia Susceptibility VCEP	Uncertain significance	PM1, PP3_Moderate	4	Uncertain significance	Uncertain significance
167614	RYR1	Malignant Hyperthermia Susceptibility VCEP	Uncertain significance	BS3_Supporting, PP1, BS2, PM1, PS4_Moderate	0	Uncertain significance	Likely benign
133081	RYR1	Malignant Hyperthermia Susceptibility VCEP	Pathogenic	PS3_Moderate, PS4_Moderate, PM1_Supporting, PP1_Strong, PP3_Moderate	11	Pathogenic	Pathogenic
590580	RYR1	Malignant Hyperthermia Susceptibility VCEP	Pathogenic	PP1_Moderate, PS3_Moderate, PM1, PS4_Moderate, PP3_Moderate	10	Pathogenic	Likely pathogenic
1210316	RYR1	Malignant Hyperthermia Susceptibility VCEP	Likely pathogenic	PS4_Moderate, PM1_Supporting, PP1_Strong, PP3_Moderate	9	Likely pathogenic	Likely pathogenic
1210317	RYR1	Malignant Hyperthermia Susceptibility VCEP	Likely pathogenic	PM5_Supporting, PM1_Supporting, PS4_Moderate, PP3_Moderate	6	Likely pathogenic	Likely pathogenic
133172	RYR1	Malignant Hyperthermia Susceptibility VCEP	Likely pathogenic	PS3_Moderate, PM1, PS4_Moderate	6	Likely pathogenic	Likely pathogenic
133126	RYR1	Malignant Hyperthermia Susceptibility VCEP	Uncertain significance		0	Uncertain significance	Uncertain significance
133018	RYR1	Malignant Hyperthermia Susceptibility VCEP	Uncertain significance		0	Uncertain significance	Uncertain significance
133124	RYR1	Malignant Hyperthermia Susceptibility VCEP	Uncertain significance	PP3_Moderate	2	Uncertain significance	Uncertain significance
1210308	RYR1	Malignant Hyperthermia Susceptibility VCEP	Uncertain significance	PM1	2	Uncertain significance	Uncertain significance
133135	RYR1	Malignant Hyperthermia Susceptibility VCEP	Uncertain significance	PP3_Moderate	2	Uncertain significance	Uncertain significance
1210309	RYR1	Malignant Hyperthermia Susceptibility VCEP	Uncertain significance	PP3_Moderate	2	Uncertain significance	Uncertain significance
133145	RYR1	Malignant Hyperthermia Susceptibility VCEP	Uncertain significance	PS4_Supporting	1	Uncertain significance	Uncertain significance
133150	RYR1	Malignant Hyperthermia Susceptibility VCEP	Uncertain significance		0	Uncertain significance	Uncertain significance
1210310	RYR1	Malignant Hyperthermia Susceptibility VCEP	Uncertain significance	PS4_Supporting	1	Uncertain significance	Uncertain significance
1210318	RYR1	Malignant Hyperthermia Susceptibility VCEP	Uncertain significance	PS4_Supporting, PP3_Moderate	3	Uncertain significance	Uncertain significance
1210319	RYR1	Malignant Hyperthermia Susceptibility VCEP	Uncertain significance	BP4, PS4_Supporting	0	Uncertain significance	Uncertain significance
133158	RYR1	Malignant Hyperthermia Susceptibility VCEP	Uncertain significance	PM1, PP3_Moderate	4	Uncertain significance	Uncertain significance
133161	RYR1	Malignant Hyperthermia Susceptibility VCEP	Uncertain significance	PS4_Supporting, PM1	3	Uncertain significance	Uncertain significance
1210320	RYR1	Malignant Hyperthermia Susceptibility VCEP	Likely pathogenic	PS3_Moderate, PM1, PS4_Moderate	6	Likely pathogenic	Likely pathogenic
133157	RYR1	Malignant Hyperthermia Susceptibility VCEP	Likely pathogenic	PP1_Moderate, PM1, PS4_Moderate	6	Likely pathogenic	Likely pathogenic
133162	RYR1	Malignant Hyperthermia Susceptibility VCEP	Uncertain significance	PP1_Moderate, PS4_Supporting, PM1	5	Uncertain significance	Uncertain significance
133159	RYR1	Malignant Hyperthermia Susceptibility VCEP	Likely pathogenic	PP1, PM5, PM1_Supporting, PS4_Moderate, PP3_Moderate	8	Likely pathogenic	Likely pathogenic
133017	RYR1	Malignant Hyperthermia Susceptibility VCEP	Likely pathogenic	PS4, PP3_Moderate	6	Likely pathogenic	Likely pathogenic
1210298	RYR1	Malignant Hyperthermia Susceptibility VCEP	Likely pathogenic	PP1, PS4_Supporting, PM1, PP3_Moderate	6	Likely pathogenic	Likely pathogenic
1210299	RYR1	Malignant Hyperthermia Susceptibility VCEP	Uncertain significance	PP1, PS4_Supporting, PP3_Moderate	4	Uncertain significance	Uncertain significance
133156	RYR1	Malignant Hyperthermia Susceptibility VCEP	Likely pathogenic	PM1, PS4_Moderate, PP3_Moderate	6	Likely pathogenic	Likely pathogenic
978526	RYR1	Malignant Hyperthermia Susceptibility VCEP	Uncertain significance	PS4_Moderate	2	Uncertain significance	Uncertain significance
1210300	RYR1	Malignant Hyperthermia Susceptibility VCEP	Likely pathogenic	PS4_Moderate, PP1_Strong	6	Likely pathogenic	Likely pathogenic
983140	RYR1	Malignant Hyperthermia Susceptibility VCEP	Likely pathogenic	PP1, PM5, PS4_Moderate, PM1_Supporting, PP3_Moderate	8	Likely pathogenic	Likely pathogenic
133104	RYR1	Malignant Hyperthermia Susceptibility VCEP	Likely pathogenic	PP1, PM1, PS4_Moderate, PP3_Moderate	7	Likely pathogenic	Likely pathogenic
1213684	RYR1	Malignant Hyperthermia Susceptibility VCEP	Uncertain significance	PS4_Supporting, PM1_Supporting, PP3_Moderate	4	Uncertain significance	Uncertain significance
1210301	RYR1	Malignant Hyperthermia Susceptibility VCEP	Uncertain significance	PS4_Supporting, PM1, PP3_Moderate	5	Uncertain significance	Uncertain significance
1210303	RYR1	Malignant Hyperthermia Susceptibility VCEP	Uncertain significance	PS4_Supporting, PM1	3	Uncertain significance	Uncertain significance
1071064	RYR1	Malignant Hyperthermia Susceptibility VCEP	Likely pathogenic	PP1, PS1, PS4_Moderate, PP3_Moderate	9	Likely pathogenic	Likely pathogenic
1210304	RYR1	Malignant Hyperthermia Susceptibility VCEP	Uncertain significance	PS4_Moderate	2	Uncertain significance	Uncertain significance
1210302	RYR1	Malignant Hyperthermia Susceptibility VCEP	Likely pathogenic	PM5_Supporting, PS3_Moderate, PM1_Supporting, PS4_Moderate, PP3_Moderate	8	Likely pathogenic	Likely pathogenic
1210305	RYR1	Malignant Hyperthermia Susceptibility VCEP	Uncertain significance	PP3_Moderate	2	Uncertain significance	Uncertain significance
1210306	RYR1	Malignant Hyperthermia Susceptibility VCEP	Uncertain significance	PS4_Supporting, PM1, PP3_Moderate	5	Uncertain significance	Uncertain significance
1213682	RYR1	Malignant Hyperthermia Susceptibility VCEP	Uncertain significance	PS4_Supporting, PP3_Moderate	3	Uncertain significance	Uncertain significance
1213683	RYR1	Malignant Hyperthermia Susceptibility VCEP	Uncertain significance		0	Uncertain significance	Uncertain significance
1210311	RYR1	Malignant Hyperthermia Susceptibility VCEP	Uncertain significance	BP4, PS4_Supporting	0	Uncertain significance	Uncertain significance
1210312	RYR1	Malignant Hyperthermia Susceptibility VCEP	Uncertain significance	PS4_Supporting, PP3_Moderate	3	Uncertain significance	Uncertain significance
1210313	RYR1	Malignant Hyperthermia Susceptibility VCEP	Uncertain significance	PS4_Supporting	1	Uncertain significance	Uncertain significance
1210314	RYR1	Malignant Hyperthermia Susceptibility VCEP	Uncertain significance	PM5_Supporting, PM1_Supporting, PP3_Moderate	4	Uncertain significance	Uncertain significance
1210315	RYR1	Malignant Hyperthermia Susceptibility VCEP	Uncertain significance	PS4_Supporting	1	Uncertain significance	Uncertain significance
1004840	RYR1	Malignant Hyperthermia Susceptibility VCEP	Uncertain significance		0	Uncertain significance	Uncertain significance
329032	RYR1	Malignant Hyperthermia Susceptibility VCEP	Uncertain significance		0	Uncertain significance	Uncertain significance
329033	RYR1	Malignant Hyperthermia Susceptibility VCEP	Uncertain significance		0	Uncertain significance	Uncertain significance
1213825	RYR1	Malignant Hyperthermia Susceptibility VCEP	Uncertain significance	PS4_Moderate	2	Uncertain significance	Uncertain significance
544383	RYR1	Malignant Hyperthermia Susceptibility VCEP	Uncertain significance	PP1, PS3_Moderate, PS4_Supporting	4	Uncertain significance	Uncertain significance
1009683	RYR1	Malignant Hyperthermia Susceptibility VCEP	Uncertain significance	BP4, PS4_Supporting	0	Uncertain significance	Uncertain significance
1213827	RYR1	Malignant Hyperthermia Susceptibility VCEP	Uncertain significance	BP4	-1	Likely benign	Uncertain significance
544517	RYR1	Malignant Hyperthermia Susceptibility VCEP	Uncertain significance	BP4, PM1	1	Uncertain significance	Uncertain significance
1213820	RYR1	Malignant Hyperthermia Susceptibility VCEP	Uncertain significance	PS4_Supporting, PM1	3	Uncertain significance	Uncertain significance
590571	RYR1	Malignant Hyperthermia Susceptibility VCEP	Likely pathogenic	PS4_Supporting, PM5, PM1_Supporting, PP3_Moderate	6	Likely pathogenic	Likely pathogenic
133163	RYR1	Malignant Hyperthermia Susceptibility VCEP	Uncertain significance	PM1, PS4_Moderate	4	Uncertain significance	Uncertain significance
568713	RYR1	Malignant Hyperthermia Susceptibility VCEP	Uncertain significance	PM1	2	Uncertain significance	Uncertain significance
590574	RYR1	Malignant Hyperthermia Susceptibility VCEP	Uncertain significance	PM1	2	Uncertain significance	Uncertain significance
1213821	RYR1	Malignant Hyperthermia Susceptibility VCEP	Uncertain significance	PS4_Supporting, PM1	3	Uncertain significance	Uncertain significance
133178	RYR1	Malignant Hyperthermia Susceptibility VCEP	Uncertain significance	PM1	2	Uncertain significance	Uncertain significance
133181	RYR1	Malignant Hyperthermia Susceptibility VCEP	Uncertain significance	BS3_Supporting, PM1, PS4_Moderate, PP3_Moderate	5	Uncertain significance	Likely pathogenic
133184	RYR1	Malignant Hyperthermia Susceptibility VCEP	Uncertain significance	PM5_Supporting, PS4_Supporting, PM1_Supporting, PP3_Moderate	5	Uncertain significance	Uncertain significance
544455	RYR1	Malignant Hyperthermia Susceptibility VCEP	Uncertain significance	PM1_Supporting, PP3_Moderate	3	Uncertain significance	Uncertain significance
133077	RYR1	Malignant Hyperthermia Susceptibility VCEP	Uncertain significance	PM1_Supporting, PP3_Moderate	3	Uncertain significance	Uncertain significance
133082	RYR1	Malignant Hyperthermia Susceptibility VCEP	Uncertain significance	PS4_Supporting, PM1_Supporting, PP3_Moderate	4	Uncertain significance	Uncertain significance
65988	RYR1	Malignant Hyperthermia Susceptibility VCEP	Uncertain significance	PM1_Supporting, PP3_Moderate	3	Uncertain significance	Uncertain significance
133087	RYR1	Malignant Hyperthermia Susceptibility VCEP	Uncertain significance	PS3_Moderate, PM1_Supporting, PP3_Moderate	5	Uncertain significance	Uncertain significance
65955	RYR1	Malignant Hyperthermia Susceptibility VCEP	Uncertain significance	PM1_Supporting, PP3_Moderate	3	Uncertain significance	Uncertain significance
1213822	RYR1	Malignant Hyperthermia Susceptibility VCEP	Uncertain significance	PP3_Moderate	2	Uncertain significance	Uncertain significance
1213823	RYR1	Malignant Hyperthermia Susceptibility VCEP	Uncertain significance	PS4_Supporting, PP3_Moderate	3	Uncertain significance	Uncertain significance
133075	RYR1	Malignant Hyperthermia Susceptibility VCEP	Uncertain significance	PM1_Supporting, PP3_Moderate	3	Uncertain significance	Uncertain significance
1213824	RYR1	Malignant Hyperthermia Susceptibility VCEP	Uncertain significance	PS4_Supporting, PM1_Supporting	2	Uncertain significance	Uncertain significance
590472	RYR1	Malignant Hyperthermia Susceptibility VCEP	Uncertain significance	PM1_Supporting	1	Uncertain significance	Uncertain significance
102675	PAH	Phenylketonuria VCEP	Uncertain significance	PM2, PP4_Moderate, PP3	5	Uncertain significance	Uncertain significance
102768	PAH	Phenylketonuria VCEP	Likely pathogenic	PM3, PS3_Supporting, PM2, PP3, PP4	7	Likely pathogenic	Likely pathogenic
1327560	PAH	Phenylketonuria VCEP	Likely pathogenic	PM3_Supporting, PP3_Moderate, PM5_Supporting, PP4, PM2_Supporting	6	Likely pathogenic	Likely pathogenic
-	PAH	Phenylketonuria VCEP	Likely pathogenic	PM3_Supporting, PM5, PM2, PP4_Moderate, PP3	8	Likely pathogenic	Likely pathogenic
-	PAH	Phenylketonuria VCEP	Likely pathogenic	PM3_Supporting, PM2, PP4_Moderate, PP3	6	Likely pathogenic	Likely pathogenic
-	PAH	Phenylketonuria VCEP	Likely pathogenic	PM3, PM2, PP4_Moderate	6	Likely pathogenic	Likely pathogenic
102860	PAH	Phenylketonuria VCEP	Pathogenic	PM5, PM2, PP3, PP4, PM3_Strong	10	Pathogenic	Pathogenic
551270	PAH	Phenylketonuria VCEP	Uncertain significance	PM2, PP3	3	Uncertain significance	Uncertain significance
1327501	GAA	Lysosomal Diseases VCEP	Pathogenic	PM3_Supporting, PVS1, PM2_Supporting	10	Pathogenic	Pathogenic
-	GAA	Lysosomal Diseases VCEP	Pathogenic	PM3_Supporting, PP4_Moderate, PVS1, PM2_Supporting	12	Pathogenic	Pathogenic
-	GAA	Lysosomal Diseases VCEP	Pathogenic	PP4_Moderate, PVS1, PM2_Supporting	11	Pathogenic	Pathogenic
1693552	GAA	Lysosomal Diseases VCEP	Pathogenic	PM3_Supporting, PVS1, PM2_Supporting	10	Pathogenic	Pathogenic
92490	GAA	Lysosomal Diseases VCEP	Benign	BA1	0	Benign	Benign
188806	GAA	Lysosomal Diseases VCEP	Pathogenic	PP4_Moderate, PP3, PM2_Supporting, PM3_Very Strong	12	Pathogenic	Pathogenic
194154	GAA	Lysosomal Diseases VCEP	Pathogenic	PM3_Strong, PP4_Moderate, PP3, PM2_Supporting, PS3_Moderate	10	Pathogenic	Pathogenic
4029	GAA	Lysosomal Diseases VCEP	Pathogenic	PM5, PP4_Moderate, PP3, PS3_Moderate, PM3_Very Strong	15	Pathogenic	Pathogenic
-	PAH	Phenylketonuria VCEP	Likely pathogenic	PVS1_Strong, PM3, PM2, PP4	9	Likely pathogenic	Likely pathogenic
558612	PAH	Phenylketonuria VCEP	Uncertain significance	PM3_Supporting, PM2, PP3, PP4	5	Uncertain significance	Uncertain significance
-	PAH	Phenylketonuria VCEP	Uncertain significance	PM2, PP4_Moderate, PP3	5	Uncertain significance	Uncertain significance
-	PAH	Phenylketonuria VCEP	Likely pathogenic	PM2, PP4_Moderate, PP3, PM3_Strong	9	Likely pathogenic	Likely pathogenic
552488	PAH	Phenylketonuria VCEP	Pathogenic	PM2, PP4_Moderate, PM3_Very Strong	12	Pathogenic	Pathogenic
660581	PAH	Phenylketonuria VCEP	Likely pathogenic	PP4_Moderate, PM3_Very Strong	10	Pathogenic	Likely pathogenic
102538	PAH	Phenylketonuria VCEP	Pathogenic	PM2, PP4_Moderate, PP3, PM3_Very Strong	13	Pathogenic	Pathogenic
102771	PAH	Phenylketonuria VCEP	Likely pathogenic	PM2, PP4_Moderate, PM3_Strong	8	Likely pathogenic	Likely pathogenic
102773	PAH	Phenylketonuria VCEP	Pathogenic	PM2, PP3, PP4, PP1, PM3_Very Strong	13	Pathogenic	Pathogenic
102775	PAH	Phenylketonuria VCEP	Likely pathogenic	PM2, PP4_Moderate, PM3_Strong	8	Likely pathogenic	Likely pathogenic
234613	CDH1	CDH1 VCEP	Uncertain significance	PVS1_Strong, PM2_Supporting	5	Uncertain significance	Uncertain significance
1292057	CDH1	CDH1 VCEP	Pathogenic	PVS1, PS4_Supporting, PM2_Supporting	10	Pathogenic	Pathogenic
102861	PAH	Phenylketonuria VCEP	Likely pathogenic	PM3_Supporting, PM5, PM2, PP4_Moderate, PP3	8	Likely pathogenic	Likely pathogenic
216471	TP53	TP53 VCEP	Likely benign	BS2_Supporting, BS3, PM2_Supporting	-4	Likely benign	Likely benign
216472	TP53	TP53 VCEP	Benign	BP4, PM1_Supporting, BS3, BS2	-8	Benign	Benign
230648	TP53	TP53 VCEP	Likely benign	BP4, BS2_Supporting, PM2_Supporting	-1	Likely benign	Likely benign
230758	TP53	TP53 VCEP	Likely benign	BS3_Supporting, BS2_Supporting, PM2_Supporting	-1	Likely benign	Likely benign
231008	TP53	TP53 VCEP	Benign	BP4, BS3, BS2, PM2_Supporting	-8	Benign	Benign
231033	TP53	TP53 VCEP	Likely benign	BS2_Supporting, BS3, PM2_Supporting	-4	Likely benign	Likely benign
231387	TP53	TP53 VCEP	Likely benign	BP4, BS2_Supporting, BS3, PM2_Supporting	-5	Likely benign	Likely benign
231485	TP53	TP53 VCEP	Benign	BP4, BS3, BS2, PM2_Supporting	-8	Benign	Benign
233136	TP53	TP53 VCEP	Likely benign	BP4, BS2_Supporting, BS3, PM2_Supporting	-5	Likely benign	Likely benign
234059	TP53	TP53 VCEP	Likely benign	BP4, BS3, BS2_Supporting, PM2_Supporting	-5	Likely benign	Likely benign
237941	TP53	TP53 VCEP	Likely benign	BP4, BS3, PM2_Supporting	-4	Likely benign	Likely benign
237950	TP53	TP53 VCEP	Uncertain significance	BS3_Supporting, PP3_Moderate, BS2_Supporting, PM2_Supporting	1	Uncertain significance	Likely benign
246221	TP53	TP53 VCEP	Likely benign	BP4, BS3, PM2_Supporting	-4	Likely benign	Likely benign
406575	TP53	TP53 VCEP	Benign	BP4, BS2_Supporting, BS3	-6	Likely benign	Likely benign
406577	TP53	TP53 VCEP	Likely benign	BP4, BS3, PM2_Supporting	-4	Likely benign	Likely benign
406601	TP53	TP53 VCEP	Likely benign	BP4, BS3, PM2_Supporting	-4	Likely benign	Likely benign
406604	TP53	TP53 VCEP	Uncertain significance	BP4, PS4_Moderate, BS2_Supporting, BS3, PP4, PM2_Supporting	-2	Likely benign	Likely benign
406605	TP53	TP53 VCEP	Likely benign	PM1_Supporting, BS3, BS2, PP3, PM2_Supporting	-5	Likely benign	Benign
419837	TP53	TP53 VCEP	Likely benign	PP3_Moderate, BS2_Supporting, BS3, PM2_Supporting	-2	Likely benign	Likely benign
229693	TP53	TP53 VCEP	Likely benign	BP4, BS3, BS2_Supporting, PM2_Supporting	-5	Likely benign	Likely benign
230382	TP53	TP53 VCEP	Likely benign	BP4, BS2_Supporting, PM2_Supporting	-1	Likely benign	Likely benign
-	PAH	Phenylketonuria VCEP	Likely pathogenic	PM3, PM2, PP4_Moderate, PP3	7	Likely pathogenic	Likely pathogenic
557425	PAH	Phenylketonuria VCEP	Likely pathogenic	PM2, PP4_Moderate, PP3, PM3_Strong	9	Likely pathogenic	Likely pathogenic
-	PAH	Phenylketonuria VCEP	Pathogenic	PM5, PM2, PP4_Moderate, PP3, PM3_Strong	11	Pathogenic	Pathogenic
-	PAH	Phenylketonuria VCEP	Likely pathogenic	PM3, PM2, PP3, PP4	6	Likely pathogenic	Likely pathogenic
-	PAH	Phenylketonuria VCEP	Uncertain significance	PM2, PP4_Moderate, PP3	5	Uncertain significance	Uncertain significance
-	PAH	Phenylketonuria VCEP	Likely pathogenic	PM3, PM2, PP4_Moderate	6	Likely pathogenic	Likely pathogenic
-	PAH	Phenylketonuria VCEP	Likely pathogenic	PM2, PP4_Moderate, PP3, PM3_Strong	9	Likely pathogenic	Likely pathogenic
-	PAH	Phenylketonuria VCEP	Likely pathogenic	PM2, PP4_Moderate, PP3, PM3_Strong	9	Likely pathogenic	Likely pathogenic
862570	PAH	Phenylketonuria VCEP	Pathogenic	PVS1, PM2, PP4_Moderate	12	Pathogenic	Pathogenic
551592	GAA	Lysosomal Diseases VCEP	Likely pathogenic	PVS1, PM2_Supporting	9	Likely pathogenic	Uncertain significance
189059	GAA	Lysosomal Diseases VCEP	Pathogenic	PM3_Supporting, PP4_Moderate, PVS1, PM2_Supporting	12	Pathogenic	Pathogenic
556716	GAA	Lysosomal Diseases VCEP	Likely pathogenic	PVS1, PM2_Supporting	9	Likely pathogenic	Uncertain significance
552747	GAA	Lysosomal Diseases VCEP	Pathogenic	PM3_Strong, PP4_Moderate, PVS1, PM2_Supporting	15	Pathogenic	Pathogenic
554096	GAA	Lysosomal Diseases VCEP	Pathogenic	PM3_Supporting, PP4_Moderate, PVS1, PM2_Supporting	12	Pathogenic	Pathogenic
550277	GAA	Lysosomal Diseases VCEP	Likely pathogenic	PVS1, PM2_Supporting	9	Likely pathogenic	Uncertain significance
370552	GAA	Lysosomal Diseases VCEP	Pathogenic	PM3_Supporting, PVS1, PP4, PM2_Supporting	11	Pathogenic	Pathogenic
370639	GAA	Lysosomal Diseases VCEP	Pathogenic	PVS1, PP4_Moderate, PM2_Supporting	11	Pathogenic	Pathogenic
370993	GAA	Lysosomal Diseases VCEP	Pathogenic	PM3, PVS1, PP4_Moderate, PM2_Supporting	13	Pathogenic	Pathogenic
555341	GAA	Lysosomal Diseases VCEP	Pathogenic	PM3_Supporting, PP4_Moderate, PVS1, PM2_Supporting	12	Pathogenic	Pathogenic
558571	GAA	Lysosomal Diseases VCEP	Likely pathogenic	PVS1, PM2_Supporting	9	Likely pathogenic	Uncertain significance
92480	GAA	Lysosomal Diseases VCEP	Pathogenic	PM3_Supporting, PVS1, PP4_Moderate, PM2_Supporting	12	Pathogenic	Pathogenic
550478	GAA	Lysosomal Diseases VCEP	Likely pathogenic	PVS1, PM2_Supporting	9	Likely pathogenic	Uncertain significance
597005	GAA	Lysosomal Diseases VCEP	Pathogenic	PM3_Supporting, PVS1, PP4_Moderate, PM2_Supporting	12	Pathogenic	Pathogenic
42835	MYH7	Cardiomyopathy VCEP	Likely pathogenic	PS4_Supporting, PM2, PM1, PP3, PP1	7	Likely pathogenic	Likely pathogenic
42840	MYH7	Cardiomyopathy VCEP	Likely pathogenic	PS4, PM2, PM1, PP3	9	Likely pathogenic	Likely pathogenic
42860	MYH7	Cardiomyopathy VCEP	Uncertain significance	PS4_Supporting, PM2, PP1	4	Uncertain significance	Uncertain significance
42876	MYH7	Cardiomyopathy VCEP	Uncertain significance	PS4_Supporting, PM2, PM1, PP3	6	Likely pathogenic	Likely pathogenic
42948	MYH7	Cardiomyopathy VCEP	Likely pathogenic	PP1_Moderate, PM2, PP3, PS4_Moderate	7	Likely pathogenic	Likely pathogenic
42960	MYH7	Cardiomyopathy VCEP	Uncertain significance	PM2, PP3, PS4_Moderate	5	Uncertain significance	Uncertain significance
43028	MYH7	Cardiomyopathy VCEP	Uncertain significance	PM2	2	Uncertain significance	Uncertain significance
43064	MYH7	Cardiomyopathy VCEP	Uncertain significance	PM2, PP3, PS4_Moderate	5	Uncertain significance	Uncertain significance
161323	MYH7	Cardiomyopathy VCEP	Uncertain significance	PS4_Supporting, PM2, PP3	4	Uncertain significance	Uncertain significance
164316	MYH7	Cardiomyopathy VCEP	Pathogenic	PM2, PM6, PM5, PP3, PP1_Strong, PS4_Moderate	13	Pathogenic	Pathogenic
42926	MYH7	Cardiomyopathy VCEP	Pathogenic	PS4, PM2, PP3, PP1_Strong, PM6_Strong	15	Pathogenic	Pathogenic
164319	MYH7	Cardiomyopathy VCEP	Uncertain significance	PS4_Supporting, PM1, PM2	5	Uncertain significance	Uncertain significance
181203	MYH7	Cardiomyopathy VCEP	Uncertain significance	PM2, PM1, PP3	5	Uncertain significance	Uncertain significance
164381	MYH7	Cardiomyopathy VCEP	Likely pathogenic	PP1_Moderate, PM2, PM1, PS4_Moderate	8	Likely pathogenic	Likely pathogenic
177667	MYH7	Cardiomyopathy VCEP	Likely pathogenic	PS4, PP1_Moderate, PM1, PM2_Supporting	9	Likely pathogenic	Likely pathogenic
177734	MYH7	Cardiomyopathy VCEP	Likely pathogenic	PM2, PM1, PP3, PS4_Moderate	7	Likely pathogenic	Likely pathogenic
177847	MYH7	Cardiomyopathy VCEP	Likely pathogenic	PM2, PM1, PP3, PS4_Moderate	7	Likely pathogenic	Likely pathogenic
179272	MYH7	Cardiomyopathy VCEP	Uncertain significance	PM1, PM2	4	Uncertain significance	Uncertain significance
180439	MYH7	Cardiomyopathy VCEP	Uncertain significance	PM2, PP3	3	Uncertain significance	Uncertain significance
180441	MYH7	Cardiomyopathy VCEP	Uncertain significance	PM2	2	Uncertain significance	Uncertain significance
43097	MYH7	Cardiomyopathy VCEP	Uncertain significance	PS4_Supporting, PM2, PM1	5	Uncertain significance	Uncertain significance
180434	MYH7	Cardiomyopathy VCEP	Uncertain significance	PM1	2	Uncertain significance	Uncertain significance
-	PAH	Phenylketonuria VCEP	Pathogenic	PM5, PM2, PP4_Moderate, PP3, PM3_Strong	11	Pathogenic	Pathogenic
549912	PAH	Phenylketonuria VCEP	Likely pathogenic	PM3, PM2, PP4_Moderate, PP3	7	Likely pathogenic	Likely pathogenic
127811	TP53	TP53 VCEP	Uncertain significance	BS3_Supporting, PS4_Moderate, BS2_Supporting	0	Uncertain significance	Likely benign
182926	TP53	TP53 VCEP	Likely benign	PP3_Moderate, BS3	-2	Likely benign	Uncertain significance
182922	TP53	TP53 VCEP	Benign	BP4, BS3, BS2_Supporting	-6	Likely benign	Likely benign
182925	TP53	TP53 VCEP	Likely benign	BP4, BS3, PM2_Supporting	-4	Likely benign	Likely benign
973858	TP53	TP53 VCEP	Likely pathogenic	PM1_Supporting, PM5, PP1, PM2_Supporting, PS4_Supporting	6	Likely pathogenic	Likely pathogenic
141566	TP53	TP53 VCEP	Likely benign	BS3, PP3, PM2_Supporting	-2	Likely benign	Uncertain significance
102681	PAH	Phenylketonuria VCEP	Pathogenic	PM2, PP4_Moderate, PVS1	12	Pathogenic	Pathogenic
12247	CDH1	CDH1 VCEP	Benign	BP2, BA1	-1	Benign	Benign
9641	MT-ATP6	Mitochondrial Diseases VCEP	Pathogenic	PS4, PP1_Moderate, PS3_Supporting, PM2_Supporting, PM6_Strong, PM5, PP3	15	Pathogenic	Pathogenic
1065382	PAH	Phenylketonuria VCEP	Pathogenic	PM3_Supporting, PP4_Moderate, PM2, PVS1	13	Pathogenic	Pathogenic
9642	MT-ATP6	Mitochondrial Diseases VCEP	Pathogenic	PS4, PP1_Moderate, PS3_Supporting, PM5, PP3	10	Pathogenic	Pathogenic
-	PAH	Phenylketonuria VCEP	Pathogenic	PM3_Supporting, PP4_Moderate, PVS1, PM2	13	Pathogenic	Pathogenic
-	PAH	Phenylketonuria VCEP	Pathogenic	PVS1, PM2, PP4_Moderate	12	Pathogenic	Pathogenic
369123	CDH1	CDH1 VCEP	Benign	BP2, BA1	-1	Benign	Benign
890601	ITGA2B	Platelet Disorders VCEP	Uncertain significance	PM5_Supporting, PP3, PM2_Supporting	3	Uncertain significance	Uncertain significance
265901	LDLR	Familial Hypercholesterolemia VCEP	Pathogenic	PP1_Moderate, PM2, PVS1, PP4	13	Pathogenic	Pathogenic
650703	RUNX1	Myeloid Malignancy VCEP	Pathogenic	PS4, PP1_Strong, PVS1_Moderate, PM2	12	Pathogenic	Pathogenic
977125	ITGA2B	Platelet Disorders VCEP	Pathogenic	PP4_Strong, PM3_Supporting, PVS1, PM2_Supporting	14	Pathogenic	Pathogenic
953025	ITGA2B	Platelet Disorders VCEP	Uncertain significance	BP2, PM2_Supporting	0	Uncertain significance	Uncertain significance
2323	ETHE1	Mitochondrial Diseases VCEP	Pathogenic	PM3_Strong, PS3_Supporting, PP4_Moderate, PVS1	15	Pathogenic	Pathogenic
468317	PIK3R2	Brain Malformations VCEP	Benign	BA1	0	Benign	Benign
456534	PIK3CA	Brain Malformations VCEP	Likely benign	BP4, BP7	-2	Likely benign	Likely benign
39816	AKT3	Brain Malformations VCEP	Pathogenic	PM2_Supporting, PM1_Supporting, PS4, PS2_Moderate, PS3_Supporting, PP2	10	Pathogenic	Pathogenic
767212	PIK3R2	Brain Malformations VCEP	Likely benign	BP4, BP7, BS1	-6	Likely benign	Likely benign
664963	MTOR	Brain Malformations VCEP	Uncertain significance	PM2_Supporting, PM1_Supporting, PP2	3	Uncertain significance	Uncertain significance
995382	PIK3CA	Brain Malformations VCEP	Likely pathogenic	PS3_Moderate, PM2_Supporting, PS4, PS2_Moderate	9	Likely pathogenic	Likely pathogenic
1296984	MTOR	Brain Malformations VCEP	Likely benign	BP4, BP7	-2	Likely benign	Likely benign
645465	MTOR	Brain Malformations VCEP	Likely benign	BS1, PP2	-3	Likely benign	Uncertain significance
1296986	MTOR	Brain Malformations VCEP	Likely benign	BP4, BS1, BP7	-6	Likely benign	Likely benign
1296988	AKT3	Brain Malformations VCEP	Likely benign	BA1, PM1_Supporting, PP2	2	Benign	Benign
39808	PIK3R2	Brain Malformations VCEP	Pathogenic	PM2_Supporting, PM1_Supporting, PS4, PS2_Moderate	8	Likely pathogenic	Likely pathogenic
695823	MTOR	Brain Malformations VCEP	Likely benign	PM1_Supporting, BS1, PP2	-2	Likely benign	Uncertain significance
376130	MTOR	Brain Malformations VCEP	Pathogenic	PM2_Supporting, PM1_Supporting, PS4, PS2_Moderate, PS3_Supporting, PP2	10	Pathogenic	Pathogenic
858694	MTOR	Brain Malformations VCEP	Uncertain significance	PS4_Supporting, PP2	2	Uncertain significance	Uncertain significance
456537	PIK3CA	Brain Malformations VCEP	Benign	BA1, PP2	1	Benign	Benign
376453	MTOR	Brain Malformations VCEP	Pathogenic	PM2_Supporting, PS4, PM1_Supporting, PS2_Moderate, PM5, PP2	11	Pathogenic	Pathogenic
1296990	PIK3CA	Brain Malformations VCEP	Uncertain significance	PM2_Supporting, BP2, PS4_Moderate, PP2	3	Uncertain significance	Uncertain significance
833713	MTOR	Brain Malformations VCEP	Uncertain significance	PP2	1	Uncertain significance	Uncertain significance
374796	MTOR	Brain Malformations VCEP	Pathogenic	PM2_Supporting, PM1_Supporting, PS4, PS3_Supporting, PS2_Moderate, PP2	10	Pathogenic	Pathogenic
779809	PIK3R2	Brain Malformations VCEP	Likely benign	BP4, BP7	-2	Likely benign	Likely benign
1296992	PIK3CA	Brain Malformations VCEP	Uncertain significance	PM2_Supporting, PS4_Supporting, BS3_Supporting, PM1_Supporting, PP2	3	Uncertain significance	Uncertain significance
31944	PIK3CA	Brain Malformations VCEP	Pathogenic	PM2_Supporting, PS4, PS2_Moderate, PP2	8	Likely pathogenic	Likely pathogenic
39703	PIK3CA	Brain Malformations VCEP	Pathogenic	PM2_Supporting, PM1_Supporting, PS4, PS2, PP2	11	Pathogenic	Pathogenic
1296991	MTOR	Brain Malformations VCEP	Uncertain significance	BP4	-1	Likely benign	Uncertain significance
376476	PIK3CA	Brain Malformations VCEP	Pathogenic	PM2_Supporting, PS4, PS2, PP2	10	Pathogenic	Pathogenic
156702	MTOR	Brain Malformations VCEP	Pathogenic	PM2_Supporting, PM1_Supporting, PS4, PS2_Moderate, PS3_Supporting, PP2	10	Pathogenic	Pathogenic
376129	MTOR	Brain Malformations VCEP	Pathogenic	PM2_Supporting, PS4, PS3_Supporting, PM5, PS2_Moderate, PP2	11	Pathogenic	Pathogenic
772362	AKT3	Brain Malformations VCEP	Likely benign	BP4, BP7	-2	Likely benign	Likely benign
1296997	MTOR	Brain Malformations VCEP	Likely pathogenic	PM2_Supporting, PS4_Supporting, PM1_Supporting, PS2_Moderate, PP2	6	Likely pathogenic	Likely pathogenic
1296985	MTOR	Brain Malformations VCEP	Likely benign	BS1, PP2	-3	Likely benign	Uncertain significance
1296994	MTOR	Brain Malformations VCEP	Uncertain significance	PM2_Supporting, PS4_Supporting, BP2, PM1_Supporting, PS2_Moderate, PP2	5	Uncertain significance	Likely pathogenic
1296989	MTOR	Brain Malformations VCEP	Pathogenic	PM2_Supporting, PM1_Supporting, PS4_Moderate, PS3_Supporting, PM5, PS2_Moderate, PP2	10	Pathogenic	Likely pathogenic
1276811	MTOR	Brain Malformations VCEP	Benign	BP4, BA1, BP7, BS2	-6	Benign	Benign
1296987	PIK3R2	Brain Malformations VCEP	Likely benign	BS1	-4	Likely benign	Uncertain significance
135038	PIK3CA	Brain Malformations VCEP	Benign	BA1, PM1_Supporting, BS2, PP2	-2	Benign	Benign
659938	MTOR	Brain Malformations VCEP	Uncertain significance	PM1_Supporting, PP2	2	Uncertain significance	Uncertain significance
1296993	MTOR	Brain Malformations VCEP	Likely pathogenic	PM2_Supporting, PM1_Supporting, PS4_Moderate, PS2_Moderate, PP2	7	Likely pathogenic	Likely pathogenic
1296995	MTOR	Brain Malformations VCEP	Uncertain significance		0	Uncertain significance	Uncertain significance
156703	MTOR	Brain Malformations VCEP	Pathogenic	PM2_Supporting, PS4, PS2, PS3_Supporting, PP2	11	Pathogenic	Pathogenic
1296996	MTOR	Brain Malformations VCEP	Uncertain significance	PP2	1	Uncertain significance	Uncertain significance
417723	MTOR	Brain Malformations VCEP	Pathogenic	PM2_Supporting, PS4_Moderate, PS3, PS2_Moderate, PP2	10	Pathogenic	Pathogenic
13652	PIK3CA	Brain Malformations VCEP	Pathogenic	PM2_Supporting, PS3_Moderate, PM1_Supporting, PS4, PS2_Moderate, PP2	11	Pathogenic	Pathogenic
412646	PIK3CA	Brain Malformations VCEP	Likely benign	BP4, BP7, BS1	-6	Likely benign	Likely benign
693058	MT-ATP6	Mitochondrial Diseases VCEP	Uncertain significance	PP3, PP1, PP4	3	Uncertain significance	Uncertain significance
235343	MT-ATP6	Mitochondrial Diseases VCEP	Benign	BA1, BP4	-1	Benign	Benign
1172526	MT-ATP6	Mitochondrial Diseases VCEP	Uncertain significance	PM2_Supporting, PP3	2	Uncertain significance	Uncertain significance
329439	ETHE1	Mitochondrial Diseases VCEP	Benign	BA1, BS2	-4	Benign	Benign
658833	ETHE1	Mitochondrial Diseases VCEP	Uncertain significance		0	Uncertain significance	Uncertain significance
329444	ETHE1	Mitochondrial Diseases VCEP	Uncertain significance	BS1	-4	Likely benign	Uncertain significance
379605	ETHE1	Mitochondrial Diseases VCEP	Benign	BA1, BP7, BS2	-5	Benign	Benign
673475	ETHE1	Mitochondrial Diseases VCEP	Benign	BA1, BS2	-4	Benign	Benign
329442	ETHE1	Mitochondrial Diseases VCEP	Uncertain significance		0	Uncertain significance	Uncertain significance
517993	ETHE1	Mitochondrial Diseases VCEP	Benign	BA1, BP7	-1	Benign	Benign
214936	PDHA1	Mitochondrial Diseases VCEP	Pathogenic	PM2, PM5, PM6_Strong, PP3, PP4	10	Pathogenic	Pathogenic
214938	PDHA1	Mitochondrial Diseases VCEP	Likely pathogenic	PM2, PM6, PP3, PP4	6	Likely pathogenic	Likely pathogenic
972803	GAA	Lysosomal Diseases VCEP	Pathogenic	PM3_Strong, PP4_Moderate, PVS1, PM2_Supporting	15	Pathogenic	Pathogenic
1327503	GAA	Lysosomal Diseases VCEP	Pathogenic	PVS1, PP4, PM2_Supporting	10	Pathogenic	Pathogenic
1327504	GAA	Lysosomal Diseases VCEP	Pathogenic	PM3, PVS1, PM2_Supporting	11	Pathogenic	Pathogenic
371481	GAA	Lysosomal Diseases VCEP	Pathogenic	PVS1_Moderate, PP4_Moderate, PM3_Very Strong, PM2_Supporting	13	Pathogenic	Pathogenic
551558	GAA	Lysosomal Diseases VCEP	Likely pathogenic	PM3, PP4_Moderate, PP3, PM2_Supporting, PS3_Moderate	8	Likely pathogenic	Likely pathogenic
9714	MT-ND3	Mitochondrial Diseases VCEP	Pathogenic	PS4, PS3_Supporting, PM2_Supporting, PM6_Strong, PP3, PP1	12	Pathogenic	Pathogenic
555153	GAA	Lysosomal Diseases VCEP	Likely pathogenic	PM3, PP4_Moderate, PM2_Supporting, PS3_Moderate	7	Likely pathogenic	Likely pathogenic
558700	GAA	Lysosomal Diseases VCEP	Likely pathogenic	PM3, PM5, PP4_Moderate, PP3, PM2_Supporting, PS3_Moderate	10	Pathogenic	Likely pathogenic
956209	GAA	Lysosomal Diseases VCEP	Pathogenic	PM3_Strong, PM5, PP4_Moderate, PP3, PM2_Supporting, PS3_Moderate	12	Pathogenic	Pathogenic
9702	MT-ND5	Mitochondrial Diseases VCEP	Pathogenic	PS4, PP1_Moderate, PM5, PM6_Strong, PP3	13	Pathogenic	Pathogenic
689930	MT-TW	Mitochondrial Diseases VCEP	Uncertain significance	PM2_Supporting, PP3	2	Uncertain significance	Uncertain significance
1328510	MT-ND3	Mitochondrial Diseases VCEP	Likely benign	BP7, BS1	-5	Likely benign	Likely benign
265160	GAA	Lysosomal Diseases VCEP	Pathogenic	PS3_Supporting, PP4_Moderate, PP3, PM3_Very Strong, PM2_Supporting	13	Pathogenic	Pathogenic
1327591	HNF1A	Monogenic Diabetes VCEP	Uncertain significance	PM1_Supporting, PP3, PM2_Supporting	3	Uncertain significance	Uncertain significance
1327600	HNF1A	Monogenic Diabetes VCEP	Likely pathogenic	PM1_Supporting, PP1_Moderate, PP3, PP4, PM2_Supporting	6	Likely pathogenic	Likely pathogenic
-	HNF1A	Monogenic Diabetes VCEP	Pathogenic	PS4_Moderate, PP1_Strong, PP4_Moderate, PP3, PM2_Supporting, PM1	12	Pathogenic	Pathogenic
1327616	HNF1A	Monogenic Diabetes VCEP	Likely pathogenic	PM1_Supporting, PM5_Supporting, PP4_Moderate, PP3, PM2_Supporting	6	Likely pathogenic	Likely pathogenic
-	HNF1A	Monogenic Diabetes VCEP	Pathogenic	PS4, PM1_Supporting, PP1_Strong, PS3_Supporting, PP3, PP4, PM2_Supporting	13	Pathogenic	Pathogenic
586798	HNF1A	Monogenic Diabetes VCEP	Pathogenic	PVS1, PM2_Supporting, PS1_Supporting	10	Pathogenic	Pathogenic
-	HNF1A	Monogenic Diabetes VCEP	Pathogenic	PVS1, PM2_Supporting, PS1_Supporting	10	Pathogenic	Pathogenic
617646	HNF1A	Monogenic Diabetes VCEP	Pathogenic	PS4, PP4_Moderate, PVS1, PM2_Supporting	15	Pathogenic	Pathogenic
1327622	HNF1A	Monogenic Diabetes VCEP	Uncertain significance	PM1_Supporting, PP3, PM2_Supporting	3	Uncertain significance	Uncertain significance
1327592	HNF1A	Monogenic Diabetes VCEP	Uncertain significance	PM1_Supporting, PP3, PP4, PM2_Supporting	4	Uncertain significance	Uncertain significance
1327593	HNF1A	Monogenic Diabetes VCEP	Pathogenic	PM1_Supporting, PP1_Strong, PS3_Supporting, PP4_Moderate, PP3, PM2_Supporting	10	Pathogenic	Pathogenic
14930	HNF1A	Monogenic Diabetes VCEP	Likely pathogenic	PM1_Supporting, PS3_Supporting, PP1_Moderate, PP3, PM2_Supporting	6	Likely pathogenic	Likely pathogenic
1327594	HNF1A	Monogenic Diabetes VCEP	Uncertain significance	PM1_Supporting, PP3, PP4, PM2_Supporting	4	Uncertain significance	Uncertain significance
1327595	HNF1A	Monogenic Diabetes VCEP	Uncertain significance	PM1_Supporting, BP5, PP3, PM2_Supporting, PM5	4	Uncertain significance	Uncertain significance
-	HNF1A	Monogenic Diabetes VCEP	Pathogenic	PS4_Moderate, PM1_Supporting, PP1_Strong, PP4_Moderate, PP3, PM2_Supporting	11	Pathogenic	Pathogenic
1327597	HNF1A	Monogenic Diabetes VCEP	Likely pathogenic	PM1_Supporting, PM5_Supporting, PP4_Moderate, PP3, PM2_Supporting	6	Likely pathogenic	Likely pathogenic
1327598	HNF1A	Monogenic Diabetes VCEP	Likely pathogenic	PM1_Supporting, PP1_Strong, PM5_Supporting, PP3, PM2_Supporting	8	Likely pathogenic	Likely pathogenic
1327599	HNF1A	Monogenic Diabetes VCEP	Pathogenic	PM1_Supporting, PS1, PM5_Supporting, PP4_Moderate, PP3, PM2_Supporting	10	Pathogenic	Pathogenic
1033090	HNF1A	Monogenic Diabetes VCEP	Pathogenic	PM1_Supporting, PS4_Moderate, PP1_Strong, PS3_Supporting, PP4_Moderate, PP3, PM2_Supporting	12	Pathogenic	Pathogenic
-	HNF1A	Monogenic Diabetes VCEP	Uncertain significance	PM1_Supporting, PP4_Moderate	3	Uncertain significance	Uncertain significance
1327602	HNF1A	Monogenic Diabetes VCEP	Uncertain significance	PM1_Supporting, PP4, PM2_Supporting	3	Uncertain significance	Uncertain significance
447488	HNF1A	Monogenic Diabetes VCEP	Likely pathogenic	PM5_Strong, PP3, PM2_Supporting, PM1	8	Likely pathogenic	Likely pathogenic
14943	HNF1A	Monogenic Diabetes VCEP	Pathogenic	PS4, PP1_Strong, PP3, PM2_Supporting, PM5, PM1	14	Pathogenic	Pathogenic
14933	HNF1A	Monogenic Diabetes VCEP	Pathogenic	PS4_Moderate, PM1_Supporting, PP1_Strong, PS3_Supporting, PP4_Moderate, PM2_Supporting	11	Pathogenic	Pathogenic
562373	HNF1A	Monogenic Diabetes VCEP	Pathogenic	PS4, PS2, PP1_Strong, PS3_Supporting, PP4_Moderate, PP3, PM2_Supporting, PM1	19	Pathogenic	Pathogenic
1327603	HNF1A	Monogenic Diabetes VCEP	Uncertain significance	PM1_Supporting, PP4_Moderate	3	Uncertain significance	Uncertain significance
994547	HNF1A	Monogenic Diabetes VCEP	Likely pathogenic	PM1_Supporting, PP1_Strong, PP4_Moderate, PP3, PM2_Supporting	9	Likely pathogenic	Likely pathogenic
484614	PTEN	PTEN VCEP	Pathogenic	PS3, PM2, PM5, PS4_Supporting, PP2	10	Pathogenic	Pathogenic
9689	MT-ND6	Mitochondrial Diseases VCEP	Pathogenic	PS4, PP1_Moderate, PS3_Supporting, PM6, PP3	10	Pathogenic	Pathogenic
9579	MT-TK	Mitochondrial Diseases VCEP	Pathogenic	PS4, PS3_Supporting, PP1_Moderate, PP3	8	Likely pathogenic	Likely pathogenic
590492	RYR1	Malignant Hyperthermia Susceptibility VCEP	Uncertain significance	PM1	2	Uncertain significance	Uncertain significance
478213	RYR1	Malignant Hyperthermia Susceptibility VCEP	Likely benign	BS2_Supporting, BS3_Supporting, PS4_Supporting	-1	Likely benign	Likely benign
133093	RYR1	Malignant Hyperthermia Susceptibility VCEP	Uncertain significance	PS4_Supporting, PM1_Supporting	2	Uncertain significance	Uncertain significance
132997	RYR1	Malignant Hyperthermia Susceptibility VCEP	Likely benign	BS1, BS2, PP3_Moderate	-6	Likely benign	Benign
-	PAH	Phenylketonuria VCEP	Likely pathogenic	PM3, PP4_Moderate, PM2, PP3	7	Likely pathogenic	Likely pathogenic
1327604	HNF1A	Monogenic Diabetes VCEP	Likely pathogenic	PM5_Supporting, PP3, PP4, PM2_Supporting, PM1	6	Likely pathogenic	Likely pathogenic
1327605	HNF1A	Monogenic Diabetes VCEP	Likely pathogenic	PM1_Supporting, PP1_Strong, PM5_Supporting, PP3, PM2_Supporting	8	Likely pathogenic	Likely pathogenic
-	HNF1A	Monogenic Diabetes VCEP	Likely pathogenic	PVS1, PM2_Supporting	9	Likely pathogenic	Uncertain significance
1327608	HNF1A	Monogenic Diabetes VCEP	Likely pathogenic	PM1_Supporting, PP1_Strong, PP3, PM2_Supporting	7	Likely pathogenic	Likely pathogenic
1327609	HNF1A	Monogenic Diabetes VCEP	Likely pathogenic	PM1_Supporting, PS4_Moderate, PM5_Supporting, PP4_Moderate, PP3, PP1, PM2_Supporting	9	Likely pathogenic	Likely pathogenic
1327610	HNF1A	Monogenic Diabetes VCEP	Uncertain significance	PM1_Supporting, PM2_Supporting	2	Uncertain significance	Uncertain significance
703089	PAH	Phenylketonuria VCEP	Uncertain significance	BP7	-1	Likely benign	Uncertain significance
102539	PAH	Phenylketonuria VCEP	Likely pathogenic	PM2, PP4_Moderate, PP3, PM3_Strong	9	Likely pathogenic	Likely pathogenic
-	PAH	Phenylketonuria VCEP	Likely pathogenic	PM5, PM2, PP3, PP4	6	Likely pathogenic	Likely pathogenic
-	PAH	Phenylketonuria VCEP	Likely pathogenic	PM3_Supporting, PM5, PP4_Moderate, PM2, PP3	8	Likely pathogenic	Likely pathogenic
-	PAH	Phenylketonuria VCEP	Likely pathogenic	PM3_Supporting, PM5, PM2, PP4	6	Likely pathogenic	Likely pathogenic
962987	PAH	Phenylketonuria VCEP	Likely pathogenic	PM3, PM2, PP4_Moderate	6	Likely pathogenic	Likely pathogenic
-	PAH	Phenylketonuria VCEP	Uncertain significance	PP4_Moderate, PM2	4	Uncertain significance	Uncertain significance
102528	PAH	Phenylketonuria VCEP	Likely pathogenic	PM2, PP4_Moderate, PM3_Strong	8	Likely pathogenic	Likely pathogenic
102545	PAH	Phenylketonuria VCEP	Likely pathogenic	PM3, PP4_Moderate, PM2, PP3	7	Likely pathogenic	Likely pathogenic
102546	PAH	Phenylketonuria VCEP	Likely pathogenic	PM3, PM2, PP4_Moderate, PP3	7	Likely pathogenic	Likely pathogenic
141538	CDH1	CDH1 VCEP	Likely benign	BS2	-4	Likely benign	Uncertain significance
239905	CDH1	CDH1 VCEP	Likely benign	BS2	-4	Likely benign	Uncertain significance
140862	CDH1	CDH1 VCEP	Likely benign	BS2	-4	Likely benign	Uncertain significance
142040	CDH1	CDH1 VCEP	Likely benign	BS2, PM2_Supporting	-3	Likely benign	Uncertain significance
127908	CDH1	CDH1 VCEP	Benign	BS1, BS2	-8	Benign	Benign
141805	CDH1	CDH1 VCEP	Likely benign	BS2	-4	Likely benign	Uncertain significance
142011	CDH1	CDH1 VCEP	Benign	BS2, BA1	-4	Benign	Benign
281052	GAA	Lysosomal Diseases VCEP	Pathogenic	PM3_Strong, PP4_Moderate, PP3, PM2_Supporting, PS3_Moderate	10	Pathogenic	Pathogenic
283219	GAA	Lysosomal Diseases VCEP	Uncertain significance	PM3, PP4_Moderate, PP3, PM2_Supporting, BS3_Supporting	5	Uncertain significance	Likely pathogenic
640911	GAA	Lysosomal Diseases VCEP	Pathogenic	PM3_Strong, PM1, PM5, PP4_Moderate, PP3, PM2_Supporting, PS3_Moderate	14	Pathogenic	Pathogenic
-	GAA	Lysosomal Diseases VCEP	Pathogenic	PM3_Strong, PP4_Moderate, PP3, PS3_Moderate, PM2_Supporting	10	Pathogenic	Pathogenic
370637	GAA	Lysosomal Diseases VCEP	Pathogenic	PS3, PM3_Strong, PP4_Moderate, PP3, PM2_Supporting	12	Pathogenic	Pathogenic
197946	RYR1	Malignant Hyperthermia Susceptibility VCEP	Likely benign	BS1	-4	Likely benign	Uncertain significance
181210	MYH7	Cardiomyopathy VCEP	Uncertain significance	PM2, PP3	3	Uncertain significance	Uncertain significance
181236	MYH7	Cardiomyopathy VCEP	Uncertain significance	PM2, PP3	3	Uncertain significance	Uncertain significance
181278	MYH7	Cardiomyopathy VCEP	Uncertain significance	PS4_Supporting, PM2, PP3	4	Uncertain significance	Uncertain significance
181286	MYH7	Cardiomyopathy VCEP	Uncertain significance	PM2, PP3	3	Uncertain significance	Uncertain significance
181293	MYH7	Cardiomyopathy VCEP	Uncertain significance	PM2	2	Uncertain significance	Uncertain significance
181299	MYH7	Cardiomyopathy VCEP	Uncertain significance	PM2, PP3	3	Uncertain significance	Uncertain significance
181300	MYH7	Cardiomyopathy VCEP	Uncertain significance	PS4_Supporting, PM2, PP3	4	Uncertain significance	Uncertain significance
181310	MYH7	Cardiomyopathy VCEP	Uncertain significance	PM2, PP3	3	Uncertain significance	Uncertain significance
181312	MYH7	Cardiomyopathy VCEP	Uncertain significance	PM2, PP3	3	Uncertain significance	Uncertain significance
181315	MYH7	Cardiomyopathy VCEP	Uncertain significance	PS4_Supporting, PM2, PM1	5	Uncertain significance	Uncertain significance
181330	MYH7	Cardiomyopathy VCEP	Uncertain significance	PS4_Supporting, PM2, PM1	5	Uncertain significance	Uncertain significance
36831	HNF1A	Monogenic Diabetes VCEP	Likely pathogenic	PS4_Moderate, PM1_Supporting, PP3, PM2_Supporting, PS2_Moderate	7	Likely pathogenic	Likely pathogenic
1327611	HNF1A	Monogenic Diabetes VCEP	Likely pathogenic	PM1_Supporting, PM5_Supporting, PP4_Moderate, PP3, PM2_Supporting	6	Likely pathogenic	Likely pathogenic
1327612	HNF1A	Monogenic Diabetes VCEP	Likely pathogenic	PM1_Supporting, PM5_Supporting, PP4_Moderate, PP3, PM2_Supporting	6	Likely pathogenic	Likely pathogenic
1327613	HNF1A	Monogenic Diabetes VCEP	Uncertain significance	BS1, PP1_Moderate, PP3, PP4	0	Uncertain significance	Uncertain significance
1327614	HNF1A	Monogenic Diabetes VCEP	Uncertain significance	PM1_Supporting, PM5_Supporting, PP3, PM2_Supporting	4	Uncertain significance	Uncertain significance
1327615	HNF1A	Monogenic Diabetes VCEP	Likely pathogenic	PM1_Supporting, PM5_Supporting, PP4_Moderate, PP3, PM2_Supporting	6	Likely pathogenic	Likely pathogenic
1327617	HNF1A	Monogenic Diabetes VCEP	Uncertain significance	PM1_Supporting, PP3, PM2_Supporting	3	Uncertain significance	Uncertain significance
1327618	HNF1A	Monogenic Diabetes VCEP	Uncertain significance	PM1_Supporting, PP4_Moderate, PP3, PM2_Supporting	5	Uncertain significance	Uncertain significance
1327619	HNF1A	Monogenic Diabetes VCEP	Uncertain significance	PM1_Supporting, PP4_Moderate, PP3, PM2_Supporting	5	Uncertain significance	Uncertain significance
689846	MT-TV	Mitochondrial Diseases VCEP	Likely pathogenic	PS4_Moderate, PM5_Supporting, PS3_Supporting, PM2_Supporting, PP1, PP3	7	Likely pathogenic	Likely pathogenic
693460	MT-ND5	Mitochondrial Diseases VCEP	Uncertain significance	BP4	-1	Likely benign	Uncertain significance
692343	MT-ND1	Mitochondrial Diseases VCEP	Uncertain significance	BP4	-1	Likely benign	Uncertain significance
1328511	MT-CO1	Mitochondrial Diseases VCEP	Uncertain significance	PP3	1	Uncertain significance	Uncertain significance
1328512	MT-ND2	Mitochondrial Diseases VCEP	Uncertain significance	BP4, PM2_Supporting	0	Uncertain significance	Uncertain significance
693828	MT-CYB	Mitochondrial Diseases VCEP	Uncertain significance	PP3	1	Uncertain significance	Uncertain significance
689941	MT-TW	Mitochondrial Diseases VCEP	Uncertain significance	BP4	-1	Likely benign	Uncertain significance
102493	PAH	Phenylketonuria VCEP	Likely pathogenic	PVS1, PM2	10	Pathogenic	Likely pathogenic
102487	PAH	Phenylketonuria VCEP	Pathogenic	PM2, PVS1, PP4	11	Pathogenic	Pathogenic
690123	MT-TR	Mitochondrial Diseases VCEP	Uncertain significance	BP4	-1	Likely benign	Uncertain significance
102585	PAH	Phenylketonuria VCEP	Likely pathogenic	PM2, PP4_Moderate, PP3, PM3_Strong	9	Likely pathogenic	Likely pathogenic
102611	PAH	Phenylketonuria VCEP	Likely pathogenic	PM2, PP4_Moderate, PP3, PM3_Strong	9	Likely pathogenic	Likely pathogenic
102776	PAH	Phenylketonuria VCEP	Likely pathogenic	PM3, PM2, PP4_Moderate, PP3	7	Likely pathogenic	Likely pathogenic
102785	PAH	Phenylketonuria VCEP	Uncertain significance	PM2, PP3	3	Uncertain significance	Uncertain significance
-	PAH	Phenylketonuria VCEP	Uncertain significance	PM2, PP3, PP4	4	Uncertain significance	Uncertain significance
370982	PAH	Phenylketonuria VCEP	Pathogenic	PM3_Supporting, PM2, PVS1, PP4	12	Pathogenic	Pathogenic
102748	PAH	Phenylketonuria VCEP	Pathogenic	PM2, PVS1, PP4	11	Pathogenic	Pathogenic
102807	PAH	Phenylketonuria VCEP	Pathogenic	PM2, PP4_Moderate, PP3, PM3_Very Strong	13	Pathogenic	Pathogenic
14948	HNF1A	Monogenic Diabetes VCEP	Benign	PM1_Supporting, BA1, BS3_Supporting	0	Benign	Benign
133186	RYR1	Malignant Hyperthermia Susceptibility VCEP	Uncertain significance	PS4_Supporting, PM1, PP3_Moderate	5	Uncertain significance	Uncertain significance
133187	RYR1	Malignant Hyperthermia Susceptibility VCEP	Uncertain significance	PS4_Supporting, PM1, PP3_Moderate	5	Uncertain significance	Uncertain significance
1330355	RYR1	Malignant Hyperthermia Susceptibility VCEP	Uncertain significance	PS4_Supporting, PM1, PP3_Moderate	5	Uncertain significance	Uncertain significance
582065	RYR1	Malignant Hyperthermia Susceptibility VCEP	Uncertain significance	PM1	2	Uncertain significance	Uncertain significance
161379	RYR1	Malignant Hyperthermia Susceptibility VCEP	Uncertain significance	PP1, PM1	3	Uncertain significance	Uncertain significance
133194	RYR1	Malignant Hyperthermia Susceptibility VCEP	Likely pathogenic	PM1, PS4_Moderate, PP3_Moderate	6	Likely pathogenic	Likely pathogenic
133195	RYR1	Malignant Hyperthermia Susceptibility VCEP	Likely pathogenic	PM5_Supporting, PP1, PS3_Moderate, PM1_Supporting, PS4_Moderate, PP3_Moderate	9	Likely pathogenic	Likely pathogenic
133196	RYR1	Malignant Hyperthermia Susceptibility VCEP	Likely pathogenic	PM5, PS4_Moderate, PM1_Supporting, PP3_Moderate	7	Likely pathogenic	Likely pathogenic
133197	RYR1	Malignant Hyperthermia Susceptibility VCEP	Likely pathogenic	PM1, PS4_Moderate, PP3_Moderate	6	Likely pathogenic	Likely pathogenic
133198	RYR1	Malignant Hyperthermia Susceptibility VCEP	Uncertain significance	PM1	2	Uncertain significance	Uncertain significance
133201	RYR1	Malignant Hyperthermia Susceptibility VCEP	Uncertain significance	PM1, PP3_Moderate	4	Uncertain significance	Uncertain significance
133208	RYR1	Malignant Hyperthermia Susceptibility VCEP	Uncertain significance	PP3_Moderate	2	Uncertain significance	Uncertain significance
1056224	RYR1	Malignant Hyperthermia Susceptibility VCEP	Uncertain significance	PP3_Moderate	2	Uncertain significance	Uncertain significance
133211	RYR1	Malignant Hyperthermia Susceptibility VCEP	Uncertain significance		0	Uncertain significance	Uncertain significance
93291	RYR1	Malignant Hyperthermia Susceptibility VCEP	Uncertain significance		0	Uncertain significance	Uncertain significance
654130	RYR1	Malignant Hyperthermia Susceptibility VCEP	Uncertain significance	PS4_Supporting	1	Uncertain significance	Uncertain significance
1330356	RYR1	Malignant Hyperthermia Susceptibility VCEP	Uncertain significance		0	Uncertain significance	Uncertain significance
133212	RYR1	Malignant Hyperthermia Susceptibility VCEP	Uncertain significance		0	Uncertain significance	Uncertain significance
-	RYR1	Malignant Hyperthermia Susceptibility VCEP	Likely benign	BS2	-4	Likely benign	Uncertain significance
1330358	RYR1	Malignant Hyperthermia Susceptibility VCEP	Pathogenic	PS3_Moderate, PS4_Moderate, PP3_Moderate, PP1_Strong	10	Pathogenic	Pathogenic
872586	RYR1	Malignant Hyperthermia Susceptibility VCEP	Uncertain significance	PS4_Moderate	2	Uncertain significance	Uncertain significance
1330359	RYR1	Malignant Hyperthermia Susceptibility VCEP	Uncertain significance		0	Uncertain significance	Uncertain significance
133217	RYR1	Malignant Hyperthermia Susceptibility VCEP	Likely pathogenic	PS3_Moderate, PS4_Moderate, PP1_Strong	8	Likely pathogenic	Likely pathogenic
1308515	RYR1	Malignant Hyperthermia Susceptibility VCEP	Uncertain significance	PS4_Supporting	1	Uncertain significance	Uncertain significance
133218	RYR1	Malignant Hyperthermia Susceptibility VCEP	Uncertain significance	PP3_Moderate	2	Uncertain significance	Uncertain significance
133219	RYR1	Malignant Hyperthermia Susceptibility VCEP	Likely pathogenic	PS4_Moderate, PP1_Strong	6	Likely pathogenic	Likely pathogenic
133220	RYR1	Malignant Hyperthermia Susceptibility VCEP	Uncertain significance	PS4_Moderate, PP3_Moderate	4	Uncertain significance	Uncertain significance
133221	RYR1	Malignant Hyperthermia Susceptibility VCEP	Uncertain significance		0	Uncertain significance	Uncertain significance
133061	RYR1	Malignant Hyperthermia Susceptibility VCEP	Pathogenic	BS2_Supporting, PS3_Moderate, PS4, PM1_Supporting, PP1_Strong, PP3_Moderate	12	Pathogenic	Pathogenic
133160	RYR1	Malignant Hyperthermia Susceptibility VCEP	Uncertain significance	PS4_Supporting, PM1	3	Uncertain significance	Uncertain significance
133223	RYR1	Malignant Hyperthermia Susceptibility VCEP	Benign	BA1	0	Benign	Benign
133226	RYR1	Malignant Hyperthermia Susceptibility VCEP	Uncertain significance		0	Uncertain significance	Uncertain significance
1330360	RYR1	Malignant Hyperthermia Susceptibility VCEP	Uncertain significance	PS4_Supporting	1	Uncertain significance	Uncertain significance
133230	RYR1	Malignant Hyperthermia Susceptibility VCEP	Uncertain significance	PP3_Moderate	2	Uncertain significance	Uncertain significance
133232	RYR1	Malignant Hyperthermia Susceptibility VCEP	Uncertain significance	PS4_Supporting, PP3_Moderate	3	Uncertain significance	Uncertain significance
1330361	RYR1	Malignant Hyperthermia Susceptibility VCEP	Uncertain significance		0	Uncertain significance	Uncertain significance
1330362	RYR1	Malignant Hyperthermia Susceptibility VCEP	Uncertain significance	PS4_Supporting	1	Uncertain significance	Uncertain significance
1330363	RYR1	Malignant Hyperthermia Susceptibility VCEP	Uncertain significance	BP4, PS4_Supporting	0	Uncertain significance	Uncertain significance
544516	RYR1	Malignant Hyperthermia Susceptibility VCEP	Uncertain significance		0	Uncertain significance	Uncertain significance
1330364	RYR1	Malignant Hyperthermia Susceptibility VCEP	Uncertain significance	BP4, PS4_Supporting	0	Uncertain significance	Uncertain significance
133241	RYR1	Malignant Hyperthermia Susceptibility VCEP	Uncertain significance		0	Uncertain significance	Uncertain significance
329090	RYR1	Malignant Hyperthermia Susceptibility VCEP	Uncertain significance		0	Uncertain significance	Uncertain significance
1330365	RYR1	Malignant Hyperthermia Susceptibility VCEP	Uncertain significance	PP3_Moderate	2	Uncertain significance	Uncertain significance
1010267	RYR1	Malignant Hyperthermia Susceptibility VCEP	Uncertain significance	PS4_Supporting	1	Uncertain significance	Uncertain significance
1330366	RYR1	Malignant Hyperthermia Susceptibility VCEP	Uncertain significance	PS4_Supporting	1	Uncertain significance	Uncertain significance
1330367	RYR1	Malignant Hyperthermia Susceptibility VCEP	Uncertain significance	PS4_Supporting	1	Uncertain significance	Uncertain significance
1303276	RYR1	Malignant Hyperthermia Susceptibility VCEP	Uncertain significance		0	Uncertain significance	Uncertain significance
1330368	RYR1	Malignant Hyperthermia Susceptibility VCEP	Uncertain significance	PP3_Moderate	2	Uncertain significance	Uncertain significance
1330369	RYR1	Malignant Hyperthermia Susceptibility VCEP	Uncertain significance		0	Uncertain significance	Uncertain significance
133070	RYR1	Malignant Hyperthermia Susceptibility VCEP	Uncertain significance	PS4_Moderate, PM1_Supporting, PP3_Moderate	5	Uncertain significance	Uncertain significance
590630	RYR1	Malignant Hyperthermia Susceptibility VCEP	Uncertain significance		0	Uncertain significance	Uncertain significance
429750	HNF1A	Monogenic Diabetes VCEP	Pathogenic	PS4, PP1_Strong, PP3, PP4, PM2_Supporting, PM1, PM5	15	Pathogenic	Pathogenic
-	ITGB3	Platelet Disorders VCEP	Likely pathogenic	PP4_Strong, PM3, PP3, PM2_Supporting	8	Likely pathogenic	Likely pathogenic
-	ITGA2B	Platelet Disorders VCEP	Pathogenic	PM3_Supporting, PVS1, PP4_Moderate, PM2_Supporting	12	Pathogenic	Pathogenic
-	ITGA2B	Platelet Disorders VCEP	Pathogenic	PM3_Supporting, PVS1, PP4_Moderate, PM2_Supporting	12	Pathogenic	Pathogenic
-	ITGB3	Platelet Disorders VCEP	Pathogenic	PM3_Supporting, PP4_Moderate, PVS1, PM2_Supporting	12	Pathogenic	Pathogenic
-	ITGB3	Platelet Disorders VCEP	Pathogenic	PM3, PP4_Moderate, PVS1, PM2_Supporting	13	Pathogenic	Pathogenic
-	ITGB3	Platelet Disorders VCEP	Pathogenic	PM3_Supporting, PP4_Moderate, PVS1, PM2_Supporting	12	Pathogenic	Pathogenic
695455	ITGB3	Platelet Disorders VCEP	Uncertain significance	BS1	-4	Likely benign	Uncertain significance
-	ITGA2B	Platelet Disorders VCEP	Pathogenic	PM3_Supporting, PVS1, PM2_Supporting	10	Pathogenic	Pathogenic
-	ITGA2B	Platelet Disorders VCEP	Uncertain significance	PP4_Strong, PM2_Supporting	5	Uncertain significance	Uncertain significance
1330311	ITGB3	Platelet Disorders VCEP	Likely pathogenic	PM3_Strong, PP4_Moderate, PS3_Moderate	8	Likely pathogenic	Likely pathogenic
-	ITGA2B	Platelet Disorders VCEP	Likely pathogenic	PVS1_Strong, PP4_Moderate, PM2_Supporting	7	Likely pathogenic	Likely pathogenic
13565	ITGB3	Platelet Disorders VCEP	Pathogenic	PM3, PVS1_Strong, PS3_Supporting, PP4_Moderate, PM2_Supporting	10	Pathogenic	Pathogenic
-	ITGB3	Platelet Disorders VCEP	Pathogenic	PM3_Supporting, PVS1, PP4_Moderate, PM2_Supporting	12	Pathogenic	Pathogenic
-	ITGB3	Platelet Disorders VCEP	Pathogenic	PVS1, PP4_Moderate, PM2_Supporting	11	Pathogenic	Pathogenic
-	ITGB3	Platelet Disorders VCEP	Pathogenic	PP4_Strong, PVS1, PM2_Supporting	13	Pathogenic	Pathogenic
-	ITGB3	Platelet Disorders VCEP	Pathogenic	PP4_Strong, PM3_Supporting, PVS1, PM2_Supporting	14	Pathogenic	Pathogenic
-	ITGA2B	Platelet Disorders VCEP	Likely pathogenic	PP4_Strong, PM3_Supporting, PP3, PM2_Supporting	7	Likely pathogenic	Likely pathogenic
-	ITGA2B	Platelet Disorders VCEP	Uncertain significance	PP4_Moderate, PM2_Supporting	3	Uncertain significance	Uncertain significance
-	ITGA2B	Platelet Disorders VCEP	Pathogenic	PM3_Supporting, PVS1, PP4_Moderate, PM2_Supporting	12	Pathogenic	Pathogenic
-	ITGB3	Platelet Disorders VCEP	Pathogenic	PM3_Supporting, PVS1, PP4_Moderate, PM2_Supporting	12	Pathogenic	Pathogenic
-	ITGB3	Platelet Disorders VCEP	Pathogenic	PP4_Strong, PM3_Supporting, PVS1, PM2_Supporting	14	Pathogenic	Pathogenic
-	ITGB3	Platelet Disorders VCEP	Pathogenic	PP4_Strong, PM3_Supporting, PVS1, PM2_Supporting	14	Pathogenic	Pathogenic
-	ITGB3	Platelet Disorders VCEP	Pathogenic	PP4_Strong, PVS1, PM2_Supporting	13	Pathogenic	Pathogenic
13556	ITGB3	Platelet Disorders VCEP	Uncertain significance	PS3, PM2_Supporting	5	Uncertain significance	Uncertain significance
1330325	ITGA2B	Platelet Disorders VCEP	Uncertain significance	BP4, PM3_Supporting, PP4_Moderate, PM2_Supporting	3	Uncertain significance	Uncertain significance
1330326	ITGB3	Platelet Disorders VCEP	Uncertain significance	PM3_Supporting, BP7, PP4_Moderate, PM2_Supporting	3	Uncertain significance	Uncertain significance
1330327	ITGB3	Platelet Disorders VCEP	Uncertain significance	PM3_Supporting, PP4_Moderate, PP3, PM2_Supporting	5	Uncertain significance	Uncertain significance
-	ITGA2B	Platelet Disorders VCEP	Pathogenic	PP4_Strong, PM3_Supporting, PVS1, PM2_Supporting	14	Pathogenic	Pathogenic
-	ITGB3	Platelet Disorders VCEP	Pathogenic	PP4_Strong, PM3_Supporting, PVS1, PM2_Supporting	14	Pathogenic	Pathogenic
-	ITGB3	Platelet Disorders VCEP	Pathogenic	PP4_Strong, PM3_Supporting, PVS1, PM2_Supporting	14	Pathogenic	Pathogenic
1330333	ITGB3	Platelet Disorders VCEP	Likely pathogenic	PP4_Strong, PM3_Supporting, PP3, PM2_Supporting	7	Likely pathogenic	Likely pathogenic
-	ITGB3	Platelet Disorders VCEP	Pathogenic	PP4_Strong, PVS1, PM2_Supporting	13	Pathogenic	Pathogenic
1330335	ITGB3	Platelet Disorders VCEP	Likely pathogenic	PP4_Strong, PM3_Supporting, PP3, PM2_Supporting	7	Likely pathogenic	Likely pathogenic
13562	ITGB3	Platelet Disorders VCEP	Pathogenic	PP4_Strong, PM3_Strong, PP3, PP1, PM2_Supporting	11	Pathogenic	Pathogenic
-	ITGB3	Platelet Disorders VCEP	Pathogenic	PP4_Strong, PVS1, PP1, PM2_Supporting	14	Pathogenic	Pathogenic
1330339	ITGB3	Platelet Disorders VCEP	Pathogenic	PP4_Strong, PM3, PS1_Moderate, PP3, PM2_Supporting	10	Pathogenic	Pathogenic
-	ITGB3	Platelet Disorders VCEP	Pathogenic	PVS1, PP4_Moderate, PM2_Supporting	11	Pathogenic	Pathogenic
-	ITGB3	Platelet Disorders VCEP	Pathogenic	PP4_Strong, PM3_Supporting, PVS1, PM2_Supporting	14	Pathogenic	Pathogenic
-	ITGA2B	Platelet Disorders VCEP	Pathogenic	PP4_Strong, PVS1, PM2_Supporting	13	Pathogenic	Pathogenic
1330343	ITGA2B	Platelet Disorders VCEP	Likely pathogenic	PP4_Strong, PM3_Supporting, PM2_Supporting	6	Likely pathogenic	Likely pathogenic
1330344	ITGA2B	Platelet Disorders VCEP	Likely pathogenic	PP4_Strong, PM3_Supporting, PM2_Supporting	6	Likely pathogenic	Likely pathogenic
1330345	ITGA2B	Platelet Disorders VCEP	Likely pathogenic	PP4_Strong, PM3, PM2_Supporting	7	Likely pathogenic	Likely pathogenic
-	ITGA2B	Platelet Disorders VCEP	Pathogenic	PP4_Strong, PVS1, PM2_Supporting	13	Pathogenic	Pathogenic
-	ITGA2B	Platelet Disorders VCEP	Pathogenic	PM3_Supporting, PVS1, PP4_Moderate, PM2_Supporting	12	Pathogenic	Pathogenic
1330348	ITGA2B	Platelet Disorders VCEP	Uncertain significance	PP4_Strong, BP4, PM3_Supporting, PM2_Supporting	5	Uncertain significance	Likely pathogenic
1330350	ITGA2B	Platelet Disorders VCEP	Uncertain significance	PP4_Strong, PM2_Supporting	5	Uncertain significance	Uncertain significance
1330351	ITGB3	Platelet Disorders VCEP	Uncertain significance	PM3_Supporting, PP4_Moderate, PP3, PM2_Supporting	5	Uncertain significance	Uncertain significance
189776	MECP2	Rett and Angelman-like Disorders VCEP	Pathogenic	PP4, PVS1, PM6, PM2_Supporting	12	Pathogenic	Pathogenic
156051	MECP2	Rett and Angelman-like Disorders VCEP	Likely benign	BP4, BS1	-5	Likely benign	Likely benign
143396	MECP2	Rett and Angelman-like Disorders VCEP	Likely benign	BS2_Supporting, BP5, BS1	-6	Likely benign	Likely benign
143393	MECP2	Rett and Angelman-like Disorders VCEP	Benign	BA1	0	Benign	Benign
197244	MECP2	Rett and Angelman-like Disorders VCEP	Benign	BS2, BA1, BP7, BP5_Strong	-9	Benign	Benign
156661	MECP2	Rett and Angelman-like Disorders VCEP	Likely pathogenic	PM6_Strong, PM2_Supporting, PP4, PS4_Moderate	8	Likely pathogenic	Likely pathogenic
143496	MECP2	Rett and Angelman-like Disorders VCEP	Benign	BA1	0	Benign	Benign
143475	MECP2	Rett and Angelman-like Disorders VCEP	Likely benign	BS2	-4	Likely benign	Uncertain significance
143465	MECP2	Rett and Angelman-like Disorders VCEP	Benign	BS2, BS1	-8	Benign	Benign
143398	MECP2	Rett and Angelman-like Disorders VCEP	Benign	BS2, BS1	-8	Benign	Benign
143383	MECP2	Rett and Angelman-like Disorders VCEP	Benign	BS2, BS1	-8	Benign	Benign
143344	MECP2	Rett and Angelman-like Disorders VCEP	Benign	BA1	0	Benign	Benign
156671	MECP2	Rett and Angelman-like Disorders VCEP	Benign	BS2, BP5, BS1	-9	Benign	Benign
156628	MECP2	Rett and Angelman-like Disorders VCEP	Benign	BS2, BA1, BP5_Strong	-8	Benign	Benign
143574	MECP2	Rett and Angelman-like Disorders VCEP	Benign	PP3, BS2, BP5, BS1	-8	Benign	Benign
143612	MECP2	Rett and Angelman-like Disorders VCEP	Likely benign	BS2, BP4, BP7	-6	Likely benign	Likely benign
143700	MECP2	Rett and Angelman-like Disorders VCEP	Uncertain significance	PP3, BS2, BP5	-4	Likely benign	Likely benign
143716	MECP2	Rett and Angelman-like Disorders VCEP	Likely benign	BS2, BP2, BP5	-6	Likely benign	Likely benign
143563	MECP2	Rett and Angelman-like Disorders VCEP	Pathogenic	PP3, PP4, PS4_Moderate, PS2, PM5, PM1, PM2_Supporting	13	Pathogenic	Pathogenic
143505	MECP2	Rett and Angelman-like Disorders VCEP	Likely benign	BS2, BP5	-5	Likely benign	Likely benign
156059	MECP2	Rett and Angelman-like Disorders VCEP	Likely benign	BP5, BS1	-5	Likely benign	Likely benign
156055	MECP2	Rett and Angelman-like Disorders VCEP	Likely benign	BP4, BS1	-5	Likely benign	Likely benign
143679	MECP2	Rett and Angelman-like Disorders VCEP	Likely benign	BS2	-4	Likely benign	Uncertain significance
143557	MECP2	Rett and Angelman-like Disorders VCEP	Benign	BP4, BA1, BP7	-2	Benign	Benign
143501	MECP2	Rett and Angelman-like Disorders VCEP	Likely benign	BS1, BS2_Supporting	-5	Likely benign	Likely benign
143590	MECP2	Rett and Angelman-like Disorders VCEP	Pathogenic	PP3, PP4, PS3_Supporting, PM6, PS4_Moderate, PM5_Strong, PM2_Supporting	12	Pathogenic	Pathogenic
143583	MECP2	Rett and Angelman-like Disorders VCEP	Pathogenic	PP3, PS3_Supporting, PM2, PS4_Moderate, PM1, PM5, PM6_Strong	14	Pathogenic	Pathogenic
143579	MECP2	Rett and Angelman-like Disorders VCEP	Pathogenic	PS3_Supporting, PM1, PM5, PM2_Supporting, PP4, PP3, PS4, PM6_Very Strong	20	Pathogenic	Pathogenic
143564	MECP2	Rett and Angelman-like Disorders VCEP	Pathogenic	PP3, PP4, PS3_Supporting, PM6, PS4, PM1, PM2_Supporting	12	Pathogenic	Pathogenic
143559	MECP2	Rett and Angelman-like Disorders VCEP	Pathogenic	PP4, PP3, PS3_Supporting, PS2_Very Strong, PM5_Strong, PS4, PM1, PM2_Supporting	22	Pathogenic	Pathogenic
143552	MECP2	Rett and Angelman-like Disorders VCEP	Pathogenic	PP3, PP4, PS4, PM1, PM2_Supporting, PM6_Strong	13	Pathogenic	Pathogenic
143546	MECP2	Rett and Angelman-like Disorders VCEP	Pathogenic	PP3, PP4, PS2, PM1, PM2_Supporting, PS4_Supporting	10	Pathogenic	Pathogenic
143541	MECP2	Rett and Angelman-like Disorders VCEP	Uncertain significance	PM1, PM2_Supporting, PP3, BS2	0	Uncertain significance	Uncertain significance
522665	MECP2	Rett and Angelman-like Disorders VCEP	Benign	BS2, BA1, BP5	-5	Benign	Benign
1334145	HNF1A	Monogenic Diabetes VCEP	Uncertain significance	PM1_Supporting, PP4_Moderate, PP3, PM2_Supporting	5	Uncertain significance	Uncertain significance
1334147	HNF1A	Monogenic Diabetes VCEP	Uncertain significance	PM1_Supporting, PP3, PM2_Supporting	3	Uncertain significance	Uncertain significance
1173962	HNF1A	Monogenic Diabetes VCEP	Likely pathogenic	PM1_Supporting, PS3_Supporting, PP3, PP4, PM2_Supporting, PM5	7	Likely pathogenic	Likely pathogenic
1334148	HNF1A	Monogenic Diabetes VCEP	Pathogenic	PM5_Strong, PM1_Supporting, PP1_Strong, PP3, PM2_Supporting	11	Pathogenic	Pathogenic
1334149	HNF1A	Monogenic Diabetes VCEP	Likely pathogenic	PM5_Strong, PM1_Supporting, PP3, PM2_Supporting, PS2_Moderate	9	Likely pathogenic	Likely pathogenic
805632	HNF1A	Monogenic Diabetes VCEP	Pathogenic	PS4, PP1_Strong, PVS1, PP4_Moderate, PM2_Supporting, PS2_Moderate	21	Pathogenic	Pathogenic
586792	HNF1A	Monogenic Diabetes VCEP	Pathogenic	PS4, PP4_Moderate, PP3, PP1, PM2_Supporting, PM1	11	Pathogenic	Pathogenic
134505	HNF1A	Monogenic Diabetes VCEP	Benign	BP7, BA1	-1	Benign	Benign
1334141	HNF1A	Monogenic Diabetes VCEP	Likely benign	BS1, PP3	-3	Likely benign	Uncertain significance
36826	HNF1A	Monogenic Diabetes VCEP	Likely pathogenic	PM1_Supporting, PP1_Strong, PP4_Moderate, PP3, PM2_Supporting	9	Likely pathogenic	Likely pathogenic
420064	HNF1A	Monogenic Diabetes VCEP	Pathogenic	PS4, PP1_Strong, PVS1, PM2_Supporting	17	Pathogenic	Pathogenic
1334142	HNF1A	Monogenic Diabetes VCEP	Likely pathogenic	PM5_Strong, PM1_Supporting, PP4_Moderate, PP3, PM2_Supporting	9	Likely pathogenic	Likely pathogenic
1334143	HNF1A	Monogenic Diabetes VCEP	Likely pathogenic	PP4_Moderate, PP3, PM2_Supporting, PM1, PM5	8	Likely pathogenic	Likely pathogenic
1334144	HNF1A	Monogenic Diabetes VCEP	Pathogenic	PM1_Supporting, PS2, PS4_Moderate, PP4_Moderate, PP3, PM2_Supporting	11	Pathogenic	Pathogenic
972754	HNF1A	Monogenic Diabetes VCEP	Pathogenic	PS4_Moderate, PVS1, PP4_Moderate, PM2_Supporting	13	Pathogenic	Pathogenic
447499	HNF1A	Monogenic Diabetes VCEP	Uncertain significance	PM1_Supporting, PP3, PM2_Supporting	3	Uncertain significance	Uncertain significance
435424	HNF1A	Monogenic Diabetes VCEP	Likely pathogenic	PP4_Moderate, PVS1	10	Pathogenic	Likely pathogenic
972814	HNF1A	Monogenic Diabetes VCEP	Uncertain significance	PP1_Moderate, PP4_Moderate	4	Uncertain significance	Uncertain significance
835515	HNF1A	Monogenic Diabetes VCEP	Benign	BS1, BS2, BS3_Supporting	-9	Benign	Benign
805637	HNF1A	Monogenic Diabetes VCEP	Pathogenic	PP1_Moderate, PVS1, PP4	11	Pathogenic	Pathogenic
129226	HNF1A	Monogenic Diabetes VCEP	Uncertain significance	PM2	2	Uncertain significance	Uncertain significance
36796	HNF1A	Monogenic Diabetes VCEP	Pathogenic	PVS1, PP4, PM2_Supporting	10	Pathogenic	Pathogenic
435426	HNF1A	Monogenic Diabetes VCEP	Pathogenic	PS4, PP1_Strong, PVS1, PM2_Supporting	17	Pathogenic	Pathogenic
36797	HNF1A	Monogenic Diabetes VCEP	Uncertain significance		0	Uncertain significance	Uncertain significance
14928	HNF1A	Monogenic Diabetes VCEP	Pathogenic	PS4, PP1_Strong, PS2_Supporting, PP4, PP3, PM2_Supporting, PS3_Moderate	14	Pathogenic	Pathogenic
435427	HNF1A	Monogenic Diabetes VCEP	Likely pathogenic	PVS1, PM2_Supporting	9	Likely pathogenic	Uncertain significance
489311	HNF1A	Monogenic Diabetes VCEP	Pathogenic	PVS1, PP4, PM2_Supporting	10	Pathogenic	Pathogenic
449404	HNF1A	Monogenic Diabetes VCEP	Uncertain significance	BS1	-4	Likely benign	Uncertain significance
14947	HNF1A	Monogenic Diabetes VCEP	Uncertain significance		0	Uncertain significance	Uncertain significance
36808	HNF1A	Monogenic Diabetes VCEP	Likely benign	BP5, BS2, PM2_Supporting	-4	Likely benign	Likely benign
156667	MECP2	Rett and Angelman-like Disorders VCEP	Uncertain significance	PS3_Supporting, BS2	-3	Likely benign	Uncertain significance
440546	LDLR	Familial Hypercholesterolemia VCEP	Uncertain significance	PM2, PP3	3	Uncertain significance	Uncertain significance
440552	LDLR	Familial Hypercholesterolemia VCEP	Uncertain significance	PM5, PM2, PP3	5	Uncertain significance	Uncertain significance
161266	LDLR	Familial Hypercholesterolemia VCEP	Pathogenic	PS4, PP1_Strong, PM3, PM2, PP3, PP4, PS3_Moderate	16	Pathogenic	Pathogenic
251213	LDLR	Familial Hypercholesterolemia VCEP	Pathogenic	PP1_Strong, PM1, PM2, PP3, PP4, PS4_Supporting	11	Pathogenic	Pathogenic
251340	LDLR	Familial Hypercholesterolemia VCEP	Pathogenic	PVS1, PM2, PP4	11	Pathogenic	Pathogenic
430763	LDLR	Familial Hypercholesterolemia VCEP	Uncertain significance	PM2, PP4	3	Uncertain significance	Uncertain significance
161274	LDLR	Familial Hypercholesterolemia VCEP	Benign	BP4, BA1	-1	Benign	Benign
251471	LDLR	Familial Hypercholesterolemia VCEP	Pathogenic	PP1_Moderate, PS3_Supporting, PM2, PVS1, PP4, PS4_Supporting	15	Pathogenic	Pathogenic
631358	LDLR	Familial Hypercholesterolemia VCEP	Uncertain significance	BP4, PM2	1	Uncertain significance	Uncertain significance
252137	LDLR	Familial Hypercholesterolemia VCEP	Uncertain significance	PM2, PP3	3	Uncertain significance	Uncertain significance
161277	LDLR	Familial Hypercholesterolemia VCEP	Pathogenic	PS4, PP1_Strong, PM2, PP3, PP4	12	Pathogenic	Pathogenic
373430	LDLR	Familial Hypercholesterolemia VCEP	Uncertain significance	PM2, PP3	3	Uncertain significance	Uncertain significance
251739	LDLR	Familial Hypercholesterolemia VCEP	Uncertain significance	PM2, PP3, PP4, PS4_Supporting	5	Uncertain significance	Uncertain significance
251740	LDLR	Familial Hypercholesterolemia VCEP	Likely pathogenic	PS4_Moderate, PP1_Moderate, PM2, PP3, PP4	8	Likely pathogenic	Likely pathogenic
431524	LDLR	Familial Hypercholesterolemia VCEP	Uncertain significance	BP4, PM2	1	Uncertain significance	Uncertain significance
226313	LDLR	Familial Hypercholesterolemia VCEP	Pathogenic	PS4, PM5, PM3, PP1_Moderate, PM2, PP3, PP4	14	Pathogenic	Pathogenic
251107	LDLR	Familial Hypercholesterolemia VCEP	Pathogenic	PP1_Strong, PM5, PM2, PP3, PP4, PS4_Supporting	11	Pathogenic	Pathogenic
1334146	HNF1A	Monogenic Diabetes VCEP	Benign	BS1, BS2, PP4, BP2	-8	Benign	Benign
447505	HNF1A	Monogenic Diabetes VCEP	Likely benign	BS1, BS3_Supporting, BP2	-6	Likely benign	Likely benign
-	RYR1	Malignant Hyperthermia Susceptibility VCEP	Uncertain significance	PS4_Supporting	1	Uncertain significance	Uncertain significance
1330371	RYR1	Malignant Hyperthermia Susceptibility VCEP	Likely pathogenic	PP1, PS4_Supporting, PM1, PS2_Moderate, PP3_Moderate	8	Likely pathogenic	Likely pathogenic
133100	RYR1	Malignant Hyperthermia Susceptibility VCEP	Likely pathogenic	PM5, PM1_Supporting, PS4_Moderate, PP3_Moderate	7	Likely pathogenic	Likely pathogenic
65986	RYR1	Malignant Hyperthermia Susceptibility VCEP	Uncertain significance	PM5_Supporting, PS4_Supporting, PM1_Supporting, PP3_Moderate	5	Uncertain significance	Uncertain significance
93269	RYR1	Malignant Hyperthermia Susceptibility VCEP	Benign	BA1	0	Benign	Benign
1330372	RYR1	Malignant Hyperthermia Susceptibility VCEP	Uncertain significance	PS4_Supporting, PM1, PP3_Moderate	5	Uncertain significance	Uncertain significance
133073	RYR1	Malignant Hyperthermia Susceptibility VCEP	Likely benign	BS2_Supporting, BS3_Supporting, PS4_Supporting	-1	Likely benign	Likely benign
161366	RYR1	Malignant Hyperthermia Susceptibility VCEP	Uncertain significance		0	Uncertain significance	Uncertain significance
132990	RYR1	Malignant Hyperthermia Susceptibility VCEP	Likely benign	BS1	-4	Likely benign	Uncertain significance
133021	RYR1	Malignant Hyperthermia Susceptibility VCEP	Likely benign	BS1, PP3_Moderate	-2	Likely benign	Uncertain significance
133164	RYR1	Malignant Hyperthermia Susceptibility VCEP	Pathogenic	PP1_Moderate, PS3_Moderate, PM1, PS4_Moderate, PP3_Moderate	10	Pathogenic	Likely pathogenic
12984	RYR1	Malignant Hyperthermia Susceptibility VCEP	Pathogenic	PS3_Moderate, PM1_Supporting, PS4, PP1_Strong	11	Pathogenic	Pathogenic
374083	RYR1	Malignant Hyperthermia Susceptibility VCEP	Uncertain significance	PS4_Supporting, PP3_Moderate	3	Uncertain significance	Uncertain significance
12982	RYR1	Malignant Hyperthermia Susceptibility VCEP	Uncertain significance	BS2, PS4_Supporting, PS3_Moderate, PM1_Supporting, PP3_Moderate	2	Uncertain significance	Likely pathogenic
159865	RYR1	Malignant Hyperthermia Susceptibility VCEP	Uncertain significance		0	Uncertain significance	Uncertain significance
329095	RYR1	Malignant Hyperthermia Susceptibility VCEP	Uncertain significance	PS4_Supporting	1	Uncertain significance	Uncertain significance
12972	RYR1	Malignant Hyperthermia Susceptibility VCEP	Pathogenic	PS3_Moderate, PM1, PS4, PP1_Strong, PP3_Moderate	14	Pathogenic	Pathogenic
188773	GAA	Lysosomal Diseases VCEP	Pathogenic	PM3_Strong, PM5_Supporting, PS3_Supporting, PP4_Moderate, PP3, PM2_Supporting	10	Pathogenic	Pathogenic
371126	GAA	Lysosomal Diseases VCEP	Likely pathogenic	PM3_Strong, PS3_Supporting, PM5_Supporting, PP4_Moderate, PP3, PM2_Supporting	10	Pathogenic	Pathogenic
933520	GAA	Lysosomal Diseases VCEP	Pathogenic	PM3, PVS1, PP4_Moderate, PM2_Supporting	13	Pathogenic	Pathogenic
-	GAA	Lysosomal Diseases VCEP	Pathogenic	PP4_Moderate, PVS1, PM2_Supporting	11	Pathogenic	Pathogenic
12977	RYR1	Malignant Hyperthermia Susceptibility VCEP	Pathogenic	BS2, PS3_Moderate, PM5, PM1_Supporting, PS4, PP3_Moderate, PP1_Strong	11	Pathogenic	Pathogenic
12971	RYR1	Malignant Hyperthermia Susceptibility VCEP	Likely pathogenic	PS3_Moderate, PM5, PS4_Moderate, PM1_Supporting, PP3_Moderate	9	Likely pathogenic	Likely pathogenic
693067	MT-TV	Mitochondrial Diseases VCEP	Benign	BA1, BP4	-1	Benign	Benign
235361	MT-TS2	Mitochondrial Diseases VCEP	Benign	BP4, BA1	-1	Benign	Benign
42228	MT-TS1	Mitochondrial Diseases VCEP	Benign	BP4, BA1	-1	Benign	Benign
-	ITGA2B	Platelet Disorders VCEP	Pathogenic	PP4_Strong, PM3_Supporting, PVS1, PM2_Supporting	14	Pathogenic	Pathogenic
690193	MT-TL2	Mitochondrial Diseases VCEP	Benign	BA1	0	Benign	Benign
1342944	HNF1A	Monogenic Diabetes VCEP	Uncertain significance	PM2_Supporting	1	Uncertain significance	Uncertain significance
447502	HNF1A	Monogenic Diabetes VCEP	Uncertain significance	PM1_Supporting, PM4_Supporting, PM2_Supporting	3	Uncertain significance	Uncertain significance
251582	LDLR	Familial Hypercholesterolemia VCEP	Likely pathogenic	PM5, PM2, PP3, PP4	6	Likely pathogenic	Likely pathogenic
251812	LDLR	Familial Hypercholesterolemia VCEP	Likely pathogenic	PS3, PM2, PP4	7	Likely pathogenic	Likely pathogenic
548076	LDLR	Familial Hypercholesterolemia VCEP	Uncertain significance	PM5, PM2, PP3	5	Uncertain significance	Uncertain significance
440642	LDLR	Familial Hypercholesterolemia VCEP	Likely pathogenic	PM5, PM2, PP3, PP4	6	Likely pathogenic	Likely pathogenic
375840	LDLR	Familial Hypercholesterolemia VCEP	Uncertain significance	PM2, PP3	3	Uncertain significance	Uncertain significance
963080	LDLR	Familial Hypercholesterolemia VCEP	Uncertain significance	PM2, PP3	3	Uncertain significance	Uncertain significance
183126	LDLR	Familial Hypercholesterolemia VCEP	Pathogenic	PS4, PM5, PM3, PS3_Supporting, PM2, PP3, PP4	13	Pathogenic	Pathogenic
252029	LDLR	Familial Hypercholesterolemia VCEP	Likely pathogenic	PM5_Strong, PM2, PP3	7	Likely pathogenic	Likely pathogenic
293724	MYOC	Glaucoma VCEP	Benign	BA1, BP4, BP7	-2	Benign	Benign
7955	MYOC	Glaucoma VCEP	Likely benign	BS1	-4	Likely benign	Uncertain significance
193067	MYOC	Glaucoma VCEP	Likely benign	BP4, BP7, BS1	-6	Likely benign	Likely benign
293717	MYOC	Glaucoma VCEP	Benign	BP4, BA1, BP7	-2	Benign	Benign
293715	MYOC	Glaucoma VCEP	Likely benign	BP4, BP7, BS1	-6	Likely benign	Likely benign
196241	MYOC	Glaucoma VCEP	Benign	BP4, BA1, BP7	-2	Benign	Benign
1342952	HNF1A	Monogenic Diabetes VCEP	Likely pathogenic	PVS1, PM2_Supporting	9	Likely pathogenic	Uncertain significance
1342953	HNF1A	Monogenic Diabetes VCEP	Likely pathogenic	PVS1, PM2_Supporting	9	Likely pathogenic	Uncertain significance
1342954	HNF1A	Monogenic Diabetes VCEP	Uncertain significance	PP4, PM2_Supporting	2	Uncertain significance	Uncertain significance
1342955	HNF1A	Monogenic Diabetes VCEP	Likely pathogenic	PM1_Supporting, PS4, PP4_Moderate, PP3, PM2_Supporting	9	Likely pathogenic	Likely pathogenic
1342956	HNF1A	Monogenic Diabetes VCEP	Uncertain significance	PP4_Moderate	2	Uncertain significance	Uncertain significance
1342957	HNF1A	Monogenic Diabetes VCEP	Benign	PP3, BS3_Supporting, BA1	0	Benign	Benign
102812	PAH	Phenylketonuria VCEP	Uncertain significance	PM3_Supporting, PM2, PP3, PP4	5	Uncertain significance	Uncertain significance
102887	PAH	Phenylketonuria VCEP	Likely pathogenic	PM5, PM3, PM2, PP3, PP4	8	Likely pathogenic	Likely pathogenic
-	HNF1A	Monogenic Diabetes VCEP	Pathogenic	PM1_Supporting, PP1_Strong, PM5_Supporting, PP4_Moderate, PP3, PM2_Supporting	10	Pathogenic	Pathogenic
1342958	HNF1A	Monogenic Diabetes VCEP	Uncertain significance	PM1_Supporting, PP3, PP4, PM2_Supporting	4	Uncertain significance	Uncertain significance
-	PAH	Phenylketonuria VCEP	Uncertain significance	PM2, PP3, PP4	4	Uncertain significance	Uncertain significance
102923	PAH	Phenylketonuria VCEP	Likely pathogenic	PM3_Supporting, PM2, PP4_Moderate, PP3	6	Likely pathogenic	Likely pathogenic
102862	PAH	Phenylketonuria VCEP	Pathogenic	PM5, PM2, PP4_Moderate, PP3, PM3_Strong	11	Pathogenic	Pathogenic
-	PAH	Phenylketonuria VCEP	Pathogenic	PM5, PM2, PP3, PP4, PM3_Strong	10	Pathogenic	Pathogenic
102468	PAH	Phenylketonuria VCEP	Pathogenic	PM2, PP4_Moderate, PM3_Very Strong	12	Pathogenic	Pathogenic
102790	PAH	Phenylketonuria VCEP	Pathogenic	PM5, PM2, PP4_Moderate, PP3, PM3_Strong	11	Pathogenic	Pathogenic
102791	PAH	Phenylketonuria VCEP	Likely pathogenic	PM3_Supporting, PP3_Strong, PP4, PM2_Supporting	7	Likely pathogenic	Likely pathogenic
102801	PAH	Phenylketonuria VCEP	Likely pathogenic	PM5_Supporting, PP3_Strong, PM2_Supporting	6	Likely pathogenic	Likely pathogenic
102802	PAH	Phenylketonuria VCEP	Likely pathogenic	PM3, PM2, PP3, PP4	6	Likely pathogenic	Likely pathogenic
102809	PAH	Phenylketonuria VCEP	Pathogenic	PM5, PM2, PP3, PP4, PM3_Strong	10	Pathogenic	Pathogenic
1342195	MYOC	Glaucoma VCEP	Uncertain significance	BS3_Supporting, PM2_Supporting	0	Uncertain significance	Uncertain significance
874205	MYOC	Glaucoma VCEP	Likely benign	BP4, BS1, BP7	-6	Likely benign	Likely benign
1303146	MYOC	Glaucoma VCEP	Likely benign	BS3_Supporting	-1	Likely benign	Uncertain significance
874204	MYOC	Glaucoma VCEP	Likely benign	BS3_Supporting, BS1	-5	Likely benign	Likely benign
1342208	MYOC	Glaucoma VCEP	Uncertain significance	BS3_Supporting, PM2_Supporting	0	Uncertain significance	Uncertain significance
876020	MYOC	Glaucoma VCEP	Likely benign	BP4, BS1	-5	Likely benign	Likely benign
1342209	MYOC	Glaucoma VCEP	Uncertain significance	PP3, PM2_Supporting, PS4_Supporting	3	Uncertain significance	Uncertain significance
7959	MYOC	Glaucoma VCEP	Uncertain significance	PP3_Moderate, PP1, PM2_Supporting, PS4_Supporting	5	Uncertain significance	Uncertain significance
1342210	MYOC	Glaucoma VCEP	Likely pathogenic	PP3_Moderate, PP1_Moderate, PM2_Supporting, PS3_Moderate	7	Likely pathogenic	Likely pathogenic
1342196	MYOC	Glaucoma VCEP	Pathogenic	PP3_Moderate, PP1_Strong, PS2_Moderate, PS4_Supporting, PM2_Supporting	10	Pathogenic	Pathogenic
7960	MYOC	Glaucoma VCEP	Pathogenic	PP3_Moderate, PP1_Strong, PS3_Moderate, PM2_Supporting, PS4_Supporting	10	Pathogenic	Pathogenic
1342197	MYOC	Glaucoma VCEP	Likely pathogenic	PP3_Moderate, PS3_Moderate, PM2_Supporting, PS4_Supporting	6	Likely pathogenic	Likely pathogenic
874154	MYOC	Glaucoma VCEP	Likely benign	BP4, BP7, BS1	-6	Likely benign	Likely benign
876939	MYOC	Glaucoma VCEP	Likely benign	BS3_Supporting, BS1	-5	Likely benign	Likely benign
1342198	MYOC	Glaucoma VCEP	Likely pathogenic	PP1_Moderate, PP3_Strong, PM2_Supporting, PS3_Moderate	9	Likely pathogenic	Likely pathogenic
1111192	MYOC	Glaucoma VCEP	Likely benign	BS3_Supporting, BS1	-5	Likely benign	Likely benign
1342199	MYOC	Glaucoma VCEP	Uncertain significance	PP1_Moderate, PM4, PM2_Supporting	5	Uncertain significance	Uncertain significance
293709	MYOC	Glaucoma VCEP	Benign	BP4, BA1, BP7	-2	Benign	Benign
1013538	MYOC	Glaucoma VCEP	Likely benign	BS3_Supporting, BS1	-5	Likely benign	Likely benign
1342200	MYOC	Glaucoma VCEP	Uncertain significance	PM2_Supporting	1	Uncertain significance	Uncertain significance
7947	MYOC	Glaucoma VCEP	Pathogenic	PP1_Strong, PP3_Moderate, PS3_Moderate, PM2_Supporting, PS4_Supporting	10	Pathogenic	Pathogenic
1342201	MYOC	Glaucoma VCEP	Uncertain significance	PM4, PM2_Supporting	3	Uncertain significance	Uncertain significance
1342202	MYOC	Glaucoma VCEP	Pathogenic	PS4, PP3_Moderate, PP1_Strong, PM5_Supporting, PM2_Supporting, PS3_Moderate	14	Pathogenic	Pathogenic
1342203	MYOC	Glaucoma VCEP	Pathogenic	PS4_Moderate, PP1_Strong, PP3_Strong, PM5, PS3_Moderate, PM2_Supporting	15	Pathogenic	Pathogenic
1342204	MYOC	Glaucoma VCEP	Uncertain significance	PP3_Moderate, PS4_Supporting, PM2_Supporting	4	Uncertain significance	Uncertain significance
1342205	MYOC	Glaucoma VCEP	Likely pathogenic	PP3_Moderate, PP1_Strong, PM2_Supporting, PS4_Supporting	8	Likely pathogenic	Likely pathogenic
1342206	MYOC	Glaucoma VCEP	Uncertain significance	PP3_Strong, PM2_Supporting	5	Uncertain significance	Uncertain significance
806281	MYOC	Glaucoma VCEP	Likely benign	BP4, BP7, BS1	-6	Likely benign	Likely benign
1342207	MYOC	Glaucoma VCEP	Uncertain significance	PP3_Moderate	2	Uncertain significance	Uncertain significance
1076425	ACADVL	ACADVL VCEP	Likely pathogenic	PVS1, PM2_Supporting	9	Likely pathogenic	Uncertain significance
617952	ACADVL	ACADVL VCEP	Likely pathogenic	PVS1, PM2_Supporting	9	Likely pathogenic	Uncertain significance
447493	HNF1A	Monogenic Diabetes VCEP	Pathogenic	PVS1, PP4, PM2_Supporting	10	Pathogenic	Pathogenic
1342945	HNF1A	Monogenic Diabetes VCEP	Uncertain significance	PM1_Supporting, PP3, PM2_Supporting	3	Uncertain significance	Uncertain significance
189172	GAA	Lysosomal Diseases VCEP	Pathogenic	PS3_Supporting, PP4_Moderate, PP3, PM3_Very Strong, PM2_Supporting	13	Pathogenic	Pathogenic
558634	GAA	Lysosomal Diseases VCEP	Pathogenic	PM5_Supporting, PP4_Moderate, PM2_Supporting, PS3_Moderate, PM3_Very Strong	14	Pathogenic	Pathogenic
558604	GAA	Lysosomal Diseases VCEP	Pathogenic	PM3_Strong, PM5, PS3_Supporting, PP4_Moderate, PP3, PM2_Supporting	11	Pathogenic	Pathogenic
1342946	HNF1A	Monogenic Diabetes VCEP	Uncertain significance	PM1_Supporting, PP4_Moderate, PM2_Supporting	4	Uncertain significance	Uncertain significance
1342947	HNF1A	Monogenic Diabetes VCEP	Uncertain significance	PM1_Supporting, PP4	2	Uncertain significance	Uncertain significance
307454	HNF1A	Monogenic Diabetes VCEP	Uncertain significance		0	Uncertain significance	Uncertain significance
1342948	HNF1A	Monogenic Diabetes VCEP	Likely pathogenic	PVS1, PM2_Supporting	9	Likely pathogenic	Uncertain significance
36814	HNF1A	Monogenic Diabetes VCEP	Pathogenic	PP4_Moderate, PVS1, PM2_Supporting	11	Pathogenic	Pathogenic
502525	HNF1A	Monogenic Diabetes VCEP	Pathogenic	PVS1, PP4_Moderate, PM2_Supporting	11	Pathogenic	Pathogenic
1342949	HNF1A	Monogenic Diabetes VCEP	Pathogenic	PS4_Moderate, PVS1, PM2_Supporting	11	Pathogenic	Pathogenic
1342950	HNF1A	Monogenic Diabetes VCEP	Likely pathogenic	PM1_Supporting, PP4_Moderate, PP3, PM2_Supporting, PM5	7	Likely pathogenic	Likely pathogenic
1342951	HNF1A	Monogenic Diabetes VCEP	Pathogenic	PS4_Moderate, PM1_Supporting, PP1_Strong, PP4_Moderate, PM2_Supporting	10	Pathogenic	Pathogenic
876089	MYOC	Glaucoma VCEP	Likely benign	BS3_Supporting, BS1	-5	Likely benign	Likely benign
7958	MYOC	Glaucoma VCEP	Benign	BS3_Supporting, BP4, BS1	-6	Likely benign	Likely benign
631580	MYOC	Glaucoma VCEP	Likely benign	BS3_Supporting	-1	Likely benign	Uncertain significance
193066	MYOC	Glaucoma VCEP	Benign	BP4, BS3_Supporting, BA1	-2	Benign	Benign
806285	MYOC	Glaucoma VCEP	Likely benign	BS3_Supporting, BP4	-2	Likely benign	Likely benign
728934	MYOC	Glaucoma VCEP	Benign	BP4, BA1, BS3_Supporting, BP7	-3	Benign	Benign
1342967	MYOC	Glaucoma VCEP	Likely pathogenic	PP3_Moderate, PM5_Supporting, PS2_Moderate, PM2_Supporting, PS3_Moderate	8	Likely pathogenic	Likely pathogenic
1342968	MYOC	Glaucoma VCEP	Uncertain significance	PP3, PS3_Moderate	3	Uncertain significance	Uncertain significance
1342969	MYOC	Glaucoma VCEP	Likely pathogenic	PP1_Moderate, PP3, PS4_Supporting, PM2_Supporting, PS3_Moderate	7	Likely pathogenic	Likely pathogenic
293711	MYOC	Glaucoma VCEP	Benign	BA1, BS3_Supporting, BP4, BP7	-3	Benign	Benign
875955	MYOC	Glaucoma VCEP	Benign	BA1, BS3_Supporting	-1	Benign	Benign
1342962	MYOC	Glaucoma VCEP	Likely pathogenic	PP3_Moderate, PP1_Moderate, PM2_Supporting, PS4_Supporting, PS3_Moderate	8	Likely pathogenic	Likely pathogenic
1342963	MYOC	Glaucoma VCEP	Likely pathogenic	PM4_Supporting, PP1_Strong, PS3_Supporting, PS4_Supporting, PM2_Supporting	8	Likely pathogenic	Likely pathogenic
7949	MYOC	Glaucoma VCEP	Pathogenic	PS4, PP1_Strong, PM4, PS3_Moderate	12	Pathogenic	Pathogenic
7948	MYOC	Glaucoma VCEP	Pathogenic	PS3, PS4, PP1_Strong, PP3_Moderate, PM2_Supporting	15	Pathogenic	Pathogenic
7961	MYOC	Glaucoma VCEP	Likely pathogenic	PP1_Moderate, PP3_Strong, PM2_Supporting, PS3_Moderate	9	Likely pathogenic	Likely pathogenic
1342964	MYOC	Glaucoma VCEP	Likely pathogenic	PM5_Supporting, PP3_Strong, PM2_Supporting, PS3_Moderate	8	Likely pathogenic	Likely pathogenic
1342965	MYOC	Glaucoma VCEP	Likely pathogenic	PM5_Strong, PP3_Strong, PS3_Moderate, PM2_Supporting	11	Pathogenic	Pathogenic
1342966	MYOC	Glaucoma VCEP	Uncertain significance	PM4_Supporting, PP1, PS3_Moderate, PM2_Supporting	5	Uncertain significance	Uncertain significance
7946	MYOC	Glaucoma VCEP	Pathogenic	PS3, PS4_Moderate, PP1_Strong, PP3_Strong, PM2_Supporting	15	Pathogenic	Pathogenic
631578	MYOC	Glaucoma VCEP	Likely benign	BS3_Supporting	-1	Likely benign	Uncertain significance
-	ACADVL	ACADVL VCEP	Uncertain significance	PM4, PP4, PM2_Supporting	4	Uncertain significance	Uncertain significance
38798	ACADVL	ACADVL VCEP	Benign	BS3_Supporting, BA1, BP4	-2	Benign	Benign
21023	ACADVL	ACADVL VCEP	Benign	BA1, BP4	-1	Benign	Benign
166642	ACADVL	ACADVL VCEP	Benign	BA1, BP4	-1	Benign	Benign
21012	ACADVL	ACADVL VCEP	Benign	BP7, BA1, BP4	-2	Benign	Benign
554491	ACADVL	ACADVL VCEP	Likely pathogenic	PVS1, PM2_Supporting	9	Likely pathogenic	Uncertain significance
189159	ACADVL	ACADVL VCEP	Likely pathogenic	PVS1, PM2_Supporting	9	Likely pathogenic	Uncertain significance
474900	ACADVL	ACADVL VCEP	Likely pathogenic	PVS1, PM2_Supporting	9	Likely pathogenic	Uncertain significance
-	ACADVL	ACADVL VCEP	Pathogenic	PVS1, PP4_Moderate, PM2_Supporting, PM3_Supporting	12	Pathogenic	Pathogenic
386274	ACADVL	ACADVL VCEP	Likely benign	BP7, PM2_Supporting, BP4	-1	Likely benign	Likely benign
-	ACADVL	ACADVL VCEP	Uncertain significance	PP3, PM2_Supporting	2	Uncertain significance	Uncertain significance
811499	ACADVL	ACADVL VCEP	Benign	BA1, BP4	-1	Benign	Benign
141522	ATM	Hereditary Breast, Ovarian and Pancreatic Cancer VCEP	Likely pathogenic	PM2_Supporting, PVS1_Strong, PS1_Moderate	7	Likely pathogenic	Likely pathogenic
453341	ATM	Hereditary Breast, Ovarian and Pancreatic Cancer VCEP	Pathogenic	PM2_Supporting, PM5_Supporting, PVS1	10	Pathogenic	Pathogenic
583716	ATM	Hereditary Breast, Ovarian and Pancreatic Cancer VCEP	Likely pathogenic	PM2_Supporting, PM3, PVS1_Strong	7	Likely pathogenic	Likely pathogenic
453461	ATM	Hereditary Breast, Ovarian and Pancreatic Cancer VCEP	Uncertain significance	PM2_Supporting, BP4	0	Uncertain significance	Uncertain significance
231535	ATM	Hereditary Breast, Ovarian and Pancreatic Cancer VCEP	Pathogenic	PM2_Supporting, PM3_Strong, PVS1_Strong	9	Likely pathogenic	Pathogenic
3018	ATM	Hereditary Breast, Ovarian and Pancreatic Cancer VCEP	Pathogenic	PM3_Very Strong, PM2_Supporting, PP3	10	Pathogenic	Pathogenic
3033	ATM	Hereditary Breast, Ovarian and Pancreatic Cancer VCEP	Pathogenic	PM3_Very Strong, PM2_Supporting, PM5_Supporting, PVS1	18	Pathogenic	Pathogenic
818362	ATM	Hereditary Breast, Ovarian and Pancreatic Cancer VCEP	Pathogenic	PM2_Supporting, PM3, PM5_Supporting, PVS1	12	Pathogenic	Pathogenic
140818	ATM	Hereditary Breast, Ovarian and Pancreatic Cancer VCEP	Pathogenic	PM2_Supporting, PM3_Strong, PM5_Supporting, PVS1	14	Pathogenic	Pathogenic
407718	ATM	Hereditary Breast, Ovarian and Pancreatic Cancer VCEP	Pathogenic	PM2_Supporting, PM3_Strong, PVS1	13	Pathogenic	Pathogenic
929198	ATM	Hereditary Breast, Ovarian and Pancreatic Cancer VCEP	Uncertain significance	PM2_Supporting, PP3	2	Uncertain significance	Uncertain significance
184944	ATM	Hereditary Breast, Ovarian and Pancreatic Cancer VCEP	Likely benign	BP4, BP7	-2	Likely benign	Likely benign
220555	ATM	Hereditary Breast, Ovarian and Pancreatic Cancer VCEP	Pathogenic	PM2_Supporting, PM3_Very Strong, PVS1_Strong	13	Pathogenic	Pathogenic
142140	ATM	Hereditary Breast, Ovarian and Pancreatic Cancer VCEP	Benign	BP2_Strong, BP4, BA1, BP7	-6	Benign	Benign
453745	ATM	Hereditary Breast, Ovarian and Pancreatic Cancer VCEP	Likely benign	PM2_Supporting, BP4, BP7	-1	Likely benign	Likely benign
186558	ATM	Hereditary Breast, Ovarian and Pancreatic Cancer VCEP	Likely pathogenic	PM2_Supporting, PP3, PM3_Strong	6	Likely pathogenic	Likely pathogenic
231842	ATM	Hereditary Breast, Ovarian and Pancreatic Cancer VCEP	Uncertain significance	PM2_Supporting	1	Uncertain significance	Uncertain significance
3027	ATM	Hereditary Breast, Ovarian and Pancreatic Cancer VCEP	Benign	BP2_Strong, BP4, BA1	-5	Benign	Benign
490737	ATM	Hereditary Breast, Ovarian and Pancreatic Cancer VCEP	Likely pathogenic	PM2_Supporting, PS3_Moderate, PP3, PM3	6	Likely pathogenic	Likely pathogenic
3048	ATM	Hereditary Breast, Ovarian and Pancreatic Cancer VCEP	Benign	BP2_Strong, BA1	-4	Benign	Benign
133631	ATM	Hereditary Breast, Ovarian and Pancreatic Cancer VCEP	Benign	BP2_Strong, BA1, BP4	-5	Benign	Benign
127329	ATM	Hereditary Breast, Ovarian and Pancreatic Cancer VCEP	Benign	BP2_Strong, BP4, BS1	-9	Benign	Benign
3023	ATM	Hereditary Breast, Ovarian and Pancreatic Cancer VCEP	Pathogenic	PS3_Moderate, PM3_Very Strong, PP3, PP1, PS4	16	Pathogenic	Pathogenic
133641	ATM	Hereditary Breast, Ovarian and Pancreatic Cancer VCEP	Uncertain significance	PP3, BP2_Strong	-3	Likely benign	Uncertain significance
420799	ATM	Hereditary Breast, Ovarian and Pancreatic Cancer VCEP	Likely pathogenic	PM2_Supporting, PVS1	9	Likely pathogenic	Uncertain significance
140763	ATM	Hereditary Breast, Ovarian and Pancreatic Cancer VCEP	Benign	BP2_Strong, BA1, BP4	-5	Benign	Benign
3038	ATM	Hereditary Breast, Ovarian and Pancreatic Cancer VCEP	Benign	BP2_Strong, BS1	-8	Benign	Benign
187275	ATM	Hereditary Breast, Ovarian and Pancreatic Cancer VCEP	Pathogenic	PM2_Supporting, PM3_Very Strong, PVS1	17	Pathogenic	Pathogenic
141289	ATM	Hereditary Breast, Ovarian and Pancreatic Cancer VCEP	Uncertain significance	PM2_Supporting, PP3	2	Uncertain significance	Uncertain significance
127377	ATM	Hereditary Breast, Ovarian and Pancreatic Cancer VCEP	Benign	BP2_Strong, BP4, BS1	-9	Benign	Benign
3029	ATM	Hereditary Breast, Ovarian and Pancreatic Cancer VCEP	Pathogenic	PM3_Very Strong, PS3_Supporting, PVS1	17	Pathogenic	Pathogenic
-	PAH	Phenylketonuria VCEP	Uncertain significance	PM3_Supporting, PM2, PP4	4	Uncertain significance	Uncertain significance
102534	PAH	Phenylketonuria VCEP	Likely pathogenic	PM3, PM5, PP4_Moderate, PM2, PP3	9	Likely pathogenic	Likely pathogenic
-	PAH	Phenylketonuria VCEP	Uncertain significance	PM2, PP4_Moderate	4	Uncertain significance	Uncertain significance
-	PAH	Phenylketonuria VCEP	Likely pathogenic	PM3_Supporting, PM2, PP4_Moderate, PP3	6	Likely pathogenic	Likely pathogenic
102820	PAH	Phenylketonuria VCEP	Uncertain significance	PM2, PP3	3	Uncertain significance	Uncertain significance
102813	PAH	Phenylketonuria VCEP	Likely pathogenic	PM3_Supporting, PP3_Moderate, PP4_Moderate, PM2_Supporting	6	Likely pathogenic	Likely pathogenic
102822	PAH	Phenylketonuria VCEP	Likely pathogenic	PM3_Supporting, PM5, PM2, PP3, PP4	7	Likely pathogenic	Likely pathogenic
102830	PAH	Phenylketonuria VCEP	Pathogenic	PP4_Moderate, PM2, PP3, PM3_Very Strong	13	Pathogenic	Pathogenic
1693230	PAH	Phenylketonuria VCEP	Pathogenic	PM3_Supporting, PVS1, PM2, PP4	12	Pathogenic	Pathogenic
-	PAH	Phenylketonuria VCEP	Pathogenic	PM2, PVS1, PP4	11	Pathogenic	Pathogenic
650581	ACADVL	ACADVL VCEP	Pathogenic	PVS1, PP4_Moderate, PM2_Supporting, PM3_Supporting	12	Pathogenic	Pathogenic
133610	ATM	Hereditary Breast, Ovarian and Pancreatic Cancer VCEP	Benign	BP2_Strong, BP4, BA1	-5	Benign	Benign
453367	ATM	Hereditary Breast, Ovarian and Pancreatic Cancer VCEP	Pathogenic	PM2_Supporting, PM3_Strong, PM5_Supporting, PVS1	14	Pathogenic	Pathogenic
449521	RYR1	Malignant Hyperthermia Susceptibility VCEP	Uncertain significance	PM5_Supporting, PM1_Supporting, PP3_Moderate	4	Uncertain significance	Uncertain significance
562372	HNF1A	Monogenic Diabetes VCEP	Pathogenic	PS4_Moderate, PP1_Strong, PVS1, PM2_Supporting	15	Pathogenic	Pathogenic
40153	MT-ATP6	Mitochondrial Diseases VCEP	Likely pathogenic	PM6_Supporting, PS3_Supporting, PM2_Supporting, PP3	4	Uncertain significance	Uncertain significance
9650	MT-ATP6	Mitochondrial Diseases VCEP	Likely pathogenic	PP1_Moderate, PM5, PS4_Supporting, PM2_Supporting, PS3_Moderate, PP3	9	Likely pathogenic	Likely pathogenic
9645	MT-ATP6	Mitochondrial Diseases VCEP	Uncertain significance	PS3_Moderate, PS4_Supporting, PP3, PP1	5	Uncertain significance	Uncertain significance
9733	MT-ND1	Mitochondrial Diseases VCEP	Likely pathogenic	PS4_Moderate, PP1_Moderate, PS3_Supporting, PM2_Supporting	6	Likely pathogenic	Likely pathogenic
65519	MT-ND1	Mitochondrial Diseases VCEP	Uncertain significance	PS4_Supporting, PM2_Supporting, PP3	3	Uncertain significance	Uncertain significance
9736	MT-ND1	Mitochondrial Diseases VCEP	Uncertain significance	PS4_Moderate, PM2_Supporting, PP3	4	Uncertain significance	Uncertain significance
692900	MT-ATP6	Mitochondrial Diseases VCEP	Benign	BS1_Stand Alone	0	Benign	Benign
1676315	MT-CO1	Mitochondrial Diseases VCEP	Benign	BA1, BP7	-1	Benign	Benign
140592	MT-CYB	Mitochondrial Diseases VCEP	Benign	BA1, BP4	-1	Benign	Benign
692567	MT-ND2	Mitochondrial Diseases VCEP	Likely benign	BP2, BP4	-2	Likely benign	Likely benign
441150	MT-ND2	Mitochondrial Diseases VCEP	Benign	BA1, BP7	-1	Benign	Benign
690104	MT-TG	Mitochondrial Diseases VCEP	Benign	BA1, BP4	-1	Benign	Benign
1675057	HNF1A	Monogenic Diabetes VCEP	Uncertain significance	PP4_Moderate, PP3, PM2_Supporting, PM1_Supporting	5	Uncertain significance	Uncertain significance
1338407	HNF1A	Monogenic Diabetes VCEP	Likely pathogenic	PM1_Supporting, PP4_Moderate, PM2_Supporting, PM4	6	Likely pathogenic	Likely pathogenic
-	HNF1A	Monogenic Diabetes VCEP	Pathogenic	PS4_Moderate, PVS1, PM2_Supporting	11	Pathogenic	Pathogenic
994546	HNF1A	Monogenic Diabetes VCEP	Uncertain significance	PM1_Supporting, PP4_Moderate, PP3, PM2_Supporting	5	Uncertain significance	Uncertain significance
1675061	HNF1A	Monogenic Diabetes VCEP	Likely pathogenic	PS2, PM1_Supporting, PP4_Moderate, PM2_Supporting	8	Likely pathogenic	Likely pathogenic
307455	HNF1A	Monogenic Diabetes VCEP	Likely benign	BS1, BP4	-5	Likely benign	Likely benign
1675062	HNF1A	Monogenic Diabetes VCEP	Likely pathogenic	PM1_Supporting, PM5_Supporting, PP4_Moderate, PP3, PM2_Supporting	6	Likely pathogenic	Likely pathogenic
1675063	HNF1A	Monogenic Diabetes VCEP	Likely pathogenic	PM1_Supporting, PS4_Moderate, PP1_Moderate, PP4, PP3, PM2_Supporting	8	Likely pathogenic	Likely pathogenic
1675049	HNF1A	Monogenic Diabetes VCEP	Uncertain significance	PM1_Supporting, PM5_Supporting, PS3_Supporting, PP3, PM2_Supporting	5	Uncertain significance	Uncertain significance
435422	HNF1A	Monogenic Diabetes VCEP	Uncertain significance	PM1_Supporting, BS1, PM5_Supporting, PP4	-1	Likely benign	Uncertain significance
12976	RYR1	Malignant Hyperthermia Susceptibility VCEP	Pathogenic	PS3_Moderate, PM1, PS4, PP1_Strong, PP3_Moderate	14	Pathogenic	Pathogenic
12967	RYR1	Malignant Hyperthermia Susceptibility VCEP	Pathogenic	BS2_Supporting, PM5_Supporting, PS3, PS4, PM1_Supporting, PP1_Strong, PP3_Moderate	15	Pathogenic	Pathogenic
133029	RYR1	Malignant Hyperthermia Susceptibility VCEP	Pathogenic	PP1, PS3_Moderate, PM5, PS4_Moderate, PM1_Supporting, PP3_Moderate	10	Pathogenic	Likely pathogenic
133106	RYR1	Malignant Hyperthermia Susceptibility VCEP	Likely pathogenic	PP1, PS3_Moderate, PM1, PS4_Moderate	7	Likely pathogenic	Likely pathogenic
12974	RYR1	Malignant Hyperthermia Susceptibility VCEP	Pathogenic	BS2, PS3_Moderate, PM1, PS4, PP1_Strong, PP3_Moderate	10	Pathogenic	Pathogenic
1675050	HNF1A	Monogenic Diabetes VCEP	Uncertain significance	PM1_Supporting, PM5_Supporting, PP3, PM2_Supporting	4	Uncertain significance	Uncertain significance
1675051	HNF1A	Monogenic Diabetes VCEP	Likely pathogenic	PM1_Supporting, PM5_Supporting, PP4_Moderate, PP3, PM2_Supporting	6	Likely pathogenic	Likely pathogenic
1675052	HNF1A	Monogenic Diabetes VCEP	Uncertain significance	PM1_Supporting, PM2_Supporting	2	Uncertain significance	Uncertain significance
307456	HNF1A	Monogenic Diabetes VCEP	Benign	BP7, BP4, BA1	-2	Benign	Benign
251552	LDLR	Familial Hypercholesterolemia VCEP	Likely pathogenic	PS3_Supporting, PM2, PP4, PP1, PS4_Supporting	6	Likely pathogenic	Likely pathogenic
996231	LDLR	Familial Hypercholesterolemia VCEP	Uncertain significance	PM2, PP3	3	Uncertain significance	Uncertain significance
225097	LDLR	Familial Hypercholesterolemia VCEP	Likely pathogenic	PS4, PM2, PP4, PS3_Moderate	9	Likely pathogenic	Likely pathogenic
251747	LDLR	Familial Hypercholesterolemia VCEP	Uncertain significance	PM2, PP3, PP4, PS4_Supporting	5	Uncertain significance	Uncertain significance
183123	LDLR	Familial Hypercholesterolemia VCEP	Uncertain significance	BS3_Supporting, PM2, PP3, PP4, PS4_Supporting	4	Uncertain significance	Uncertain significance
251996	LDLR	Familial Hypercholesterolemia VCEP	Likely pathogenic	PP1_Strong, PM2, PP3, PP4	8	Likely pathogenic	Likely pathogenic
237867	LDLR	Familial Hypercholesterolemia VCEP	Uncertain significance	PM2, PP3, PP4, PS4_Supporting	5	Uncertain significance	Uncertain significance
-	HNF1A	Monogenic Diabetes VCEP	Pathogenic	PVS1, PP4_Moderate, PM2_Supporting	11	Pathogenic	Pathogenic
1675054	HNF1A	Monogenic Diabetes VCEP	Uncertain significance	PM1_Supporting, PP3, PM2_Supporting	3	Uncertain significance	Uncertain significance
1675055	HNF1A	Monogenic Diabetes VCEP	Uncertain significance	PM1_Supporting, PP3, PM2_Supporting	3	Uncertain significance	Uncertain significance
1675056	HNF1A	Monogenic Diabetes VCEP	Uncertain significance	PM1_Supporting, PP3, PP1, PM2_Supporting	4	Uncertain significance	Uncertain significance
972749	HNF1A	Monogenic Diabetes VCEP	Uncertain significance	PM1_Supporting, PP1_Moderate, PP3, PM2_Supporting	5	Uncertain significance	Uncertain significance
418252	HNF1A	Monogenic Diabetes VCEP	Uncertain significance	PM1_Supporting, PP3, PM2_Supporting	3	Uncertain significance	Uncertain significance
-	HNF1A	Monogenic Diabetes VCEP	Pathogenic	PVS1, PP1, PM2_Supporting	10	Pathogenic	Pathogenic
134506	HNF1A	Monogenic Diabetes VCEP	Uncertain significance	PM1_Supporting, PM2_Supporting	2	Uncertain significance	Uncertain significance
1675059	HNF1A	Monogenic Diabetes VCEP	Uncertain significance	PM1_Supporting, PM2_Supporting	2	Uncertain significance	Uncertain significance
1676683	HNF1A	Monogenic Diabetes VCEP	Likely pathogenic	PM1_Supporting, PP1_Moderate, PS2_Supporting, PP3, PP4, PM2_Supporting	7	Likely pathogenic	Likely pathogenic
1676692	HNF1A	Monogenic Diabetes VCEP	Uncertain significance	PM1_Supporting, PP3, PM2_Supporting	3	Uncertain significance	Uncertain significance
1676699	HNF1A	Monogenic Diabetes VCEP	Uncertain significance	PM1_Supporting, PP3, PM2_Supporting	3	Uncertain significance	Uncertain significance
-	HNF1A	Monogenic Diabetes VCEP	Pathogenic	PVS1, PP4, PM2_Supporting	10	Pathogenic	Pathogenic
1676707	HNF1A	Monogenic Diabetes VCEP	Likely pathogenic	PS4, PP4, PM2_Supporting	6	Likely pathogenic	Likely pathogenic
-	HNF1A	Monogenic Diabetes VCEP	Pathogenic	PP1_Strong, PVS1, PM2_Supporting	13	Pathogenic	Pathogenic
36798	HNF1A	Monogenic Diabetes VCEP	Pathogenic	PP1_Strong, PVS1, PP4, PM2_Supporting	14	Pathogenic	Pathogenic
1676720	HNF1A	Monogenic Diabetes VCEP	Uncertain significance	PP3, PM2_Supporting	2	Uncertain significance	Uncertain significance
882461	HNF1A	Monogenic Diabetes VCEP	Uncertain significance	BS3_Supporting	-1	Likely benign	Uncertain significance
1676684	HNF1A	Monogenic Diabetes VCEP	Uncertain significance	PM2_Supporting, BS3_Supporting	0	Uncertain significance	Uncertain significance
14938	HNF1A	Monogenic Diabetes VCEP	Pathogenic	PVS1, PP4, PM2_Supporting	10	Pathogenic	Pathogenic
-	HNF1A	Monogenic Diabetes VCEP	Pathogenic	PP1_Strong, PVS1, PP4, PM2_Supporting	14	Pathogenic	Pathogenic
36809	HNF1A	Monogenic Diabetes VCEP	Likely pathogenic	PVS1, PM2_Supporting	9	Likely pathogenic	Uncertain significance
-	HNF1A	Monogenic Diabetes VCEP	Pathogenic	PP1_Strong, PVS1, PP4_Moderate, PM2_Supporting	15	Pathogenic	Pathogenic
-	HNF1A	Monogenic Diabetes VCEP	Likely pathogenic	PVS1, PM2_Supporting	9	Likely pathogenic	Uncertain significance
1676688	HNF1A	Monogenic Diabetes VCEP	Uncertain significance	PP3, PM2_Supporting	2	Uncertain significance	Uncertain significance
-	HNF1A	Monogenic Diabetes VCEP	Pathogenic	PS4_Moderate, PP1_Strong, PP4_Moderate, PVS1, PM2_Supporting	17	Pathogenic	Pathogenic
1676690	HNF1A	Monogenic Diabetes VCEP	Uncertain significance	PP3	1	Uncertain significance	Uncertain significance
-	HNF1A	Monogenic Diabetes VCEP	Likely pathogenic	PVS1, PM2_Supporting	9	Likely pathogenic	Uncertain significance
1676693	HNF1A	Monogenic Diabetes VCEP	Uncertain significance		0	Uncertain significance	Uncertain significance
1676694	HNF1A	Monogenic Diabetes VCEP	Likely pathogenic	PVS1, PM2_Supporting	9	Likely pathogenic	Uncertain significance
251581	LDLR	Familial Hypercholesterolemia VCEP	Pathogenic	PS3, PP1_Strong, PM2, PP3, PP4, PS4_Supporting	13	Pathogenic	Pathogenic
3692	LDLR	Familial Hypercholesterolemia VCEP	Pathogenic	PS4, PP1_Strong, PM3, PM2, PP3, PP4, PS3_Moderate	16	Pathogenic	Pathogenic
440612	LDLR	Familial Hypercholesterolemia VCEP	Uncertain significance	PM5, PM2, PP3	5	Uncertain significance	Uncertain significance
226336	LDLR	Familial Hypercholesterolemia VCEP	Likely pathogenic	PM5, PM2, PP3, PP4, PS4_Supporting	7	Likely pathogenic	Likely pathogenic
251532	LDLR	Familial Hypercholesterolemia VCEP	Uncertain significance	PM3, PM2, PP4	5	Uncertain significance	Uncertain significance
251531	LDLR	Familial Hypercholesterolemia VCEP	Uncertain significance	PM2, PP3	3	Uncertain significance	Uncertain significance
251782	LDLR	Familial Hypercholesterolemia VCEP	Uncertain significance	PM5, PM2, PP3	5	Uncertain significance	Uncertain significance
251784	LDLR	Familial Hypercholesterolemia VCEP	Uncertain significance	PM5, PM2, PP3	5	Uncertain significance	Uncertain significance
189296	LDLR	Familial Hypercholesterolemia VCEP	Pathogenic	PS4, PVS1_Strong, PM3, PP1_Moderate, PM2, PP4, PS3_Moderate	17	Pathogenic	Pathogenic
200920	LDLR	Familial Hypercholesterolemia VCEP	Pathogenic	PS4, PM3, PM2, PP3, PP4	10	Pathogenic	Pathogenic
251505	LDLR	Familial Hypercholesterolemia VCEP	Uncertain significance	PM2, PP4, PS4_Supporting	4	Uncertain significance	Uncertain significance
441198	LDLR	Familial Hypercholesterolemia VCEP	Uncertain significance	PM2	2	Uncertain significance	Uncertain significance
441197	LDLR	Familial Hypercholesterolemia VCEP	Uncertain significance	BS3, PM2, PP3	-1	Likely benign	Uncertain significance
998053	LDLR	Familial Hypercholesterolemia VCEP	Uncertain significance	PM5, PM2, PP3	5	Uncertain significance	Uncertain significance
200923	LDLR	Familial Hypercholesterolemia VCEP	Likely pathogenic	PM2, PP4, PS4_Supporting, PS3_Moderate	6	Likely pathogenic	Likely pathogenic
251102	LDLR	Familial Hypercholesterolemia VCEP	Likely pathogenic	PM1, PM3, PM2, PP3, PP1, PP4, PS4_Supporting	10	Pathogenic	Likely pathogenic
541714	ACADVL	ACADVL VCEP	Likely pathogenic	PVS1, PM2_Supporting	9	Likely pathogenic	Uncertain significance
932830	ACADVL	ACADVL VCEP	Likely pathogenic	PVS1, PM2_Supporting	9	Likely pathogenic	Uncertain significance
552361	ACADVL	ACADVL VCEP	Likely pathogenic	PVS1, PM2_Supporting	9	Likely pathogenic	Uncertain significance
541718	ACADVL	ACADVL VCEP	Pathogenic	PM3, PVS1, PP4_Moderate, PM2_Supporting	13	Pathogenic	Pathogenic
857574	ACADVL	ACADVL VCEP	Likely pathogenic	PVS1, PM2_Supporting	9	Likely pathogenic	Uncertain significance
550796	ACADVL	ACADVL VCEP	Likely pathogenic	PVS1, PM2_Supporting	9	Likely pathogenic	Uncertain significance
203588	ACADVL	ACADVL VCEP	Likely pathogenic	PVS1, PM2_Supporting	9	Likely pathogenic	Uncertain significance
943198	ACADVL	ACADVL VCEP	Pathogenic	PVS1, PP4_Moderate, PM2_Supporting, PM3_Supporting	12	Pathogenic	Pathogenic
932733	ACADVL	ACADVL VCEP	Likely pathogenic	PVS1, PM2_Supporting	9	Likely pathogenic	Uncertain significance
569888	ACADVL	ACADVL VCEP	Likely pathogenic	PVS1, PM2_Supporting	9	Likely pathogenic	Uncertain significance
556238	ACADVL	ACADVL VCEP	Pathogenic	PVS1, PM3, PM2_Supporting	11	Pathogenic	Pathogenic
932734	ACADVL	ACADVL VCEP	Likely pathogenic	PVS1, PM2_Supporting	9	Likely pathogenic	Uncertain significance
189116	ACADVL	ACADVL VCEP	Pathogenic	PVS1, PP4, PM2_Supporting	10	Pathogenic	Pathogenic
474896	ACADVL	ACADVL VCEP	Pathogenic	PVS1, PP4_Moderate, PM2_Supporting	11	Pathogenic	Pathogenic
203594	ACADVL	ACADVL VCEP	Pathogenic	PVS1, PP4_Moderate, PM2_Supporting	11	Pathogenic	Pathogenic
1624	ACADVL	ACADVL VCEP	Pathogenic	PVS1, PP4, PM2_Supporting	10	Pathogenic	Pathogenic
932735	ACADVL	ACADVL VCEP	Likely pathogenic	PVS1, PM2_Supporting	9	Likely pathogenic	Uncertain significance
1074732	ACADVL	ACADVL VCEP	Likely pathogenic	PVS1, PM2_Supporting	9	Likely pathogenic	Uncertain significance
951288	ACADVL	ACADVL VCEP	Likely pathogenic	PVS1, PM2_Supporting	9	Likely pathogenic	Uncertain significance
676456	ACADVL	ACADVL VCEP	Benign	BA1	0	Benign	Benign
1676695	HNF1A	Monogenic Diabetes VCEP	Likely pathogenic	PVS1, PM2_Supporting	9	Likely pathogenic	Uncertain significance
36816	HNF1A	Monogenic Diabetes VCEP	Likely pathogenic	PP1_Strong, PP4_Moderate, PP3, PM2_Supporting	8	Likely pathogenic	Likely pathogenic
1676696	HNF1A	Monogenic Diabetes VCEP	Likely pathogenic	PVS1, PM2_Supporting	9	Likely pathogenic	Uncertain significance
36817	HNF1A	Monogenic Diabetes VCEP	Likely pathogenic	PVS1_Strong, PM2_Supporting	5	Uncertain significance	Uncertain significance
1676697	HNF1A	Monogenic Diabetes VCEP	Uncertain significance	PM1_Supporting, PP3, PM2_Supporting	3	Uncertain significance	Uncertain significance
447486	HNF1A	Monogenic Diabetes VCEP	Pathogenic	PVS1, PS1_Supporting, PM2_Supporting	10	Pathogenic	Pathogenic
-	HNF1A	Monogenic Diabetes VCEP	Uncertain significance	PP4_Moderate, PP3, PM2_Supporting	4	Uncertain significance	Uncertain significance
36819	HNF1A	Monogenic Diabetes VCEP	Uncertain significance	PP4_Moderate, PP3, PM2_Supporting	4	Uncertain significance	Uncertain significance
307458	HNF1A	Monogenic Diabetes VCEP	Uncertain significance	PM2_Supporting, BP4	0	Uncertain significance	Uncertain significance
806957	HNF1A	Monogenic Diabetes VCEP	Likely benign	BS1, BS3_Supporting	-5	Likely benign	Likely benign
1676700	HNF1A	Monogenic Diabetes VCEP	Uncertain significance	PM2_Supporting	1	Uncertain significance	Uncertain significance
1676701	HNF1A	Monogenic Diabetes VCEP	Uncertain significance	PM2_Supporting	1	Uncertain significance	Uncertain significance
14942	HNF1A	Monogenic Diabetes VCEP	Pathogenic	PS3, PS4_Moderate, PP1_Strong, PP4_Moderate, PP3, PM2_Supporting, PM1	16	Pathogenic	Pathogenic
1676702	HNF1A	Monogenic Diabetes VCEP	Uncertain significance	PM1_Supporting, PM5_Supporting, PP3, PM2_Supporting	4	Uncertain significance	Uncertain significance
36820	HNF1A	Monogenic Diabetes VCEP	Likely pathogenic	PM4_Supporting, PM1_Supporting, PP1_Strong, PP4_Moderate, PM2_Supporting	9	Likely pathogenic	Likely pathogenic
1676703	HNF1A	Monogenic Diabetes VCEP	Uncertain significance	PM5_Supporting, PP3, PM2_Supporting, PM1	5	Uncertain significance	Uncertain significance
447489	HNF1A	Monogenic Diabetes VCEP	Pathogenic	PS4_Moderate, PP1_Strong, PP3, PM2_Supporting, PM1	10	Pathogenic	Pathogenic
36821	HNF1A	Monogenic Diabetes VCEP	Uncertain significance	PP3, PM2_Supporting, PM1	4	Uncertain significance	Uncertain significance
1676704	HNF1A	Monogenic Diabetes VCEP	Likely pathogenic	PM1_Supporting, PM5_Strong, PP3, PM2_Supporting	7	Likely pathogenic	Likely pathogenic
447490	HNF1A	Monogenic Diabetes VCEP	Likely pathogenic	PM1_Supporting, PS4_Moderate, PP4_Moderate, PP3, PM2_Supporting	7	Likely pathogenic	Likely pathogenic
1317072	HNF1A	Monogenic Diabetes VCEP	Uncertain significance	PM1_Supporting, PP4_Moderate, PP3, PM2_Supporting	5	Uncertain significance	Uncertain significance
377965	HNF1A	Monogenic Diabetes VCEP	Pathogenic	PS4, PP1_Strong, PVS1, PP4_Moderate, PM2_Supporting, PM1	21	Pathogenic	Pathogenic
372380	HNF1A	Monogenic Diabetes VCEP	Pathogenic	PS4, PP1_Strong, PVS1, PP4_Moderate, PM2_Supporting	19	Pathogenic	Pathogenic
449035	HNF1A	Monogenic Diabetes VCEP	Pathogenic	PS4_Moderate, PP1_Strong, PVS1, PP4_Moderate, PM2_Supporting	17	Pathogenic	Pathogenic
36824	HNF1A	Monogenic Diabetes VCEP	Pathogenic	PS4, PP1_Strong, PP4_Moderate, PP3, PM2_Supporting, PM5	14	Pathogenic	Pathogenic
381588	HNF1A	Monogenic Diabetes VCEP	Pathogenic	PS4, PP1_Strong, PS3_Supporting, PP4_Moderate, PP3, PM2_Supporting	13	Pathogenic	Pathogenic
-	HNF1A	Monogenic Diabetes VCEP	Pathogenic	PM5_Strong, PP4_Moderate, PP3, PM2_Supporting, PM1	10	Pathogenic	Pathogenic
1338381	HNF1A	Monogenic Diabetes VCEP	Pathogenic	PS2, PS4, PP1_Strong, PP4_Moderate, PP3, PM2_Supporting, PM1, PM5	20	Pathogenic	Pathogenic
129235	HNF1A	Monogenic Diabetes VCEP	Pathogenic	PS4, PP1_Strong, PS3_Supporting, PP4_Moderate, PP3, PM2_Supporting, PM1	15	Pathogenic	Pathogenic
393434	HNF1A	Monogenic Diabetes VCEP	Likely pathogenic	PP4_Moderate, PP3, PM2_Supporting, PM1	6	Likely pathogenic	Likely pathogenic
36825	HNF1A	Monogenic Diabetes VCEP	Likely pathogenic	PM4_Supporting, PM1_Supporting, PS3_Supporting, PP4_Moderate, PP1, PM2_Supporting	7	Likely pathogenic	Likely pathogenic
435428	HNF1A	Monogenic Diabetes VCEP	Uncertain significance	PM1_Supporting, PM4_Supporting, PP4, PM2_Supporting	4	Uncertain significance	Uncertain significance
379904	HNF1A	Monogenic Diabetes VCEP	Pathogenic	PM1_Supporting, PS4, PP1_Strong, PS3_Supporting, PP4_Moderate, PP3, PM2_Supporting	14	Pathogenic	Pathogenic
-	HNF1A	Monogenic Diabetes VCEP	Pathogenic	PS4, PP1_Moderate, PP4_Moderate, PP3, PM2_Supporting, PM1, PM5	14	Pathogenic	Pathogenic
393456	HNF1A	Monogenic Diabetes VCEP	Pathogenic	PVS1, PP4_Moderate, PM2_Supporting	11	Pathogenic	Pathogenic
-	HNF1A	Monogenic Diabetes VCEP	Likely pathogenic	PVS1, PM2_Supporting	9	Likely pathogenic	Uncertain significance
447497	HNF1A	Monogenic Diabetes VCEP	Uncertain significance	PM1_Supporting, PP3, PM2_Supporting, PM5	5	Uncertain significance	Uncertain significance
1676710	HNF1A	Monogenic Diabetes VCEP	Likely pathogenic	PM1_Supporting, PS4_Moderate, PP1_Moderate, PP4_Moderate, PP3, PM2_Supporting, PM5	11	Pathogenic	Likely pathogenic
1676711	HNF1A	Monogenic Diabetes VCEP	Uncertain significance	PM4_Supporting, PM1_Supporting, PM2_Supporting	3	Uncertain significance	Uncertain significance
452526	HNF1A	Monogenic Diabetes VCEP	Likely pathogenic	PVS1, PM2_Supporting	9	Likely pathogenic	Uncertain significance
36828	HNF1A	Monogenic Diabetes VCEP	Uncertain significance	PM1_Supporting, PP3, PM2_Supporting	3	Uncertain significance	Uncertain significance
1676713	HNF1A	Monogenic Diabetes VCEP	Uncertain significance	PM1_Supporting, PP3, PM2_Supporting	3	Uncertain significance	Uncertain significance
838654	ACADVL	ACADVL VCEP	Uncertain significance	PP4_Moderate, PP3, PM2_Supporting, PM3_Supporting	5	Uncertain significance	Uncertain significance
203575	ACADVL	ACADVL VCEP	Uncertain significance	PP4_Moderate, PP3, PM2_Supporting, PM3_Supporting	5	Uncertain significance	Uncertain significance
1676714	HNF1A	Monogenic Diabetes VCEP	Uncertain significance	PM1_Supporting, PM2_Supporting	2	Uncertain significance	Uncertain significance
288582	HNF1A	Monogenic Diabetes VCEP	Benign	BP5, BA1	-1	Benign	Benign
1526008	HNF1A	Monogenic Diabetes VCEP	Uncertain significance	PM1_Supporting, PP3, PM2_Supporting	3	Uncertain significance	Uncertain significance
-	HNF1A	Monogenic Diabetes VCEP	Likely pathogenic	PVS1_Strong, PM2_Supporting	5	Uncertain significance	Uncertain significance
1676716	HNF1A	Monogenic Diabetes VCEP	Likely pathogenic	PM1_Supporting, PS4_Moderate, PP4_Moderate, PP3, PM2_Supporting	7	Likely pathogenic	Likely pathogenic
447498	HNF1A	Monogenic Diabetes VCEP	Uncertain significance	PM1_Supporting, PP3, PM2_Supporting	3	Uncertain significance	Uncertain significance
1676717	HNF1A	Monogenic Diabetes VCEP	Uncertain significance	PM1_Supporting, PP3, PM2_Supporting, BS3_Supporting	2	Uncertain significance	Uncertain significance
998237	HNF1A	Monogenic Diabetes VCEP	Uncertain significance	PS4, PM1_Supporting, PP1_Moderate, PP3, BS2, PM2_Supporting, BS3_Supporting	4	Uncertain significance	Uncertain significance
265436	HNF1A	Monogenic Diabetes VCEP	Pathogenic	PM1_Supporting, PS4, PP1_Strong, PP4_Moderate, PP3, PM2_Supporting, PS3_Moderate	15	Pathogenic	Pathogenic
562367	HNF1A	Monogenic Diabetes VCEP	Pathogenic	PS4, PP1_Strong, PS3_Supporting, PP4_Moderate, PP3, PM2_Supporting, PM1, PM5	17	Pathogenic	Pathogenic
379138	HNF1A	Monogenic Diabetes VCEP	Pathogenic	PS4, PP1_Strong, PS3_Supporting, PP4_Moderate, PP3, PM2_Supporting, PM1	15	Pathogenic	Pathogenic
-	HNF1A	Monogenic Diabetes VCEP	Pathogenic	PM5_Strong, PS3_Supporting, PP3, PP1, PM2_Supporting, PM1	10	Pathogenic	Pathogenic
36830	HNF1A	Monogenic Diabetes VCEP	Likely pathogenic	PP4_Moderate, PP3, PM2_Supporting, PM1	6	Likely pathogenic	Likely pathogenic
1338730	HNF1A	Monogenic Diabetes VCEP	Likely pathogenic	PM5_Strong, PP3, PM2_Supporting, PM1	8	Likely pathogenic	Likely pathogenic
265193	HNF1A	Monogenic Diabetes VCEP	Pathogenic	PS4, PP1_Strong, PS3_Supporting, PP4_Moderate, PP3, PM2_Supporting, PM1, PM5	17	Pathogenic	Pathogenic
447504	HNF1A	Monogenic Diabetes VCEP	Uncertain significance	PP3, PM2_Supporting, PM1	4	Uncertain significance	Uncertain significance
-	HNF1A	Monogenic Diabetes VCEP	Likely pathogenic	PVS1, PM2_Supporting	9	Likely pathogenic	Uncertain significance
1315612	HNF1A	Monogenic Diabetes VCEP	Uncertain significance	PM2_Supporting	1	Uncertain significance	Uncertain significance
1676721	HNF1A	Monogenic Diabetes VCEP	Uncertain significance	PM2_Supporting	1	Uncertain significance	Uncertain significance
972753	HNF1A	Monogenic Diabetes VCEP	Uncertain significance	PP4_Moderate, PM2_Supporting	3	Uncertain significance	Uncertain significance
14927	HNF1A	Monogenic Diabetes VCEP	Pathogenic	PP1_Strong, PVS1, PS2_Moderate	14	Pathogenic	Pathogenic
447503	HNF1A	Monogenic Diabetes VCEP	Pathogenic	PS4, PP1_Strong, PS3_Supporting, PP4_Moderate, PP3, PM2_Supporting, PM5, PM1	17	Pathogenic	Pathogenic
-	HNF1A	Monogenic Diabetes VCEP	Pathogenic	PM5_Strong, PP1_Strong, PP3, PM2_Supporting, PM1	12	Pathogenic	Pathogenic
449403	HNF1A	Monogenic Diabetes VCEP	Pathogenic	PS4, PP1_Strong, PP4_Moderate, PP3, PM2_Supporting, PM1	14	Pathogenic	Pathogenic
447501	HNF1A	Monogenic Diabetes VCEP	Uncertain significance	PP3, PM2_Supporting, PM1	4	Uncertain significance	Uncertain significance
447494	HNF1A	Monogenic Diabetes VCEP	Likely pathogenic	PS1_Moderate, PP4_Moderate, PP3, PM2_Supporting	6	Likely pathogenic	Likely pathogenic
1687075	HNF1A	Monogenic Diabetes VCEP	Uncertain significance	BS1	-4	Likely benign	Uncertain significance
-	HNF1A	Monogenic Diabetes VCEP	Pathogenic	PP1_Strong, PVS1, PM2_Supporting	13	Pathogenic	Pathogenic
435419	HNF1A	Monogenic Diabetes VCEP	Likely benign	BP5, BP7	-2	Likely benign	Likely benign
102631	PAH	Phenylketonuria VCEP	Likely pathogenic	PM3_Supporting, PS3_Supporting, PM2, PP4_Moderate, PP3	7	Likely pathogenic	Likely pathogenic
102599	PAH	Phenylketonuria VCEP	Likely pathogenic	PM3, PS3_Supporting, PM2, PP4_Moderate, PP3	8	Likely pathogenic	Likely pathogenic
102863	PAH	Phenylketonuria VCEP	Pathogenic	PS3_Supporting, PM2, PP4_Moderate, PP3, PM3_Strong	10	Pathogenic	Pathogenic
102836	PAH	Phenylketonuria VCEP	Likely pathogenic	PS3_Supporting, PM2, PP4_Moderate, PP3	6	Likely pathogenic	Likely pathogenic
-	PAH	Phenylketonuria VCEP	Uncertain significance	PM2, PP4_Moderate, PP3	5	Uncertain significance	Uncertain significance
102835	PAH	Phenylketonuria VCEP	Uncertain significance	PM2, PP3	3	Uncertain significance	Uncertain significance
102651	PAH	Phenylketonuria VCEP	Likely pathogenic	PM3, PP4_Moderate, PM2	6	Likely pathogenic	Likely pathogenic
624	PAH	Phenylketonuria VCEP	Pathogenic	PS3_Supporting, PM2, PP4_Moderate, PP3, PM3_Strong	10	Pathogenic	Pathogenic
-	PAH	Phenylketonuria VCEP	Uncertain significance	PM3_Supporting, PM2, PP3, PP4	5	Uncertain significance	Uncertain significance
-	PAH	Phenylketonuria VCEP	Likely pathogenic	PM3_Supporting, PM5, PM2, PP4_Moderate, PP3	8	Likely pathogenic	Likely pathogenic
430837	HNF1A	Monogenic Diabetes VCEP	Likely pathogenic	PVS1, PM2_Supporting	9	Likely pathogenic	Uncertain significance
1687088	HNF1A	Monogenic Diabetes VCEP	Likely benign	BS4, PP3, PM2_Supporting	-2	Likely benign	Uncertain significance
134513	HNF1A	Monogenic Diabetes VCEP	Likely pathogenic	PVS1, PM2_Supporting	9	Likely pathogenic	Uncertain significance
447484	HNF1A	Monogenic Diabetes VCEP	Uncertain significance		0	Uncertain significance	Uncertain significance
1687090	HNF1A	Monogenic Diabetes VCEP	Likely benign	BS2, PM2_Supporting, PVS1_Supporting	-2	Likely benign	Uncertain significance
1687067	HNF1A	Monogenic Diabetes VCEP	Uncertain significance	PM2_Supporting	1	Uncertain significance	Uncertain significance
1687068	HNF1A	Monogenic Diabetes VCEP	Uncertain significance		0	Uncertain significance	Uncertain significance
1687069	HNF1A	Monogenic Diabetes VCEP	Benign	BA1, BS3_Supporting	-1	Benign	Benign
1687074	HNF1A	Monogenic Diabetes VCEP	Uncertain significance	PM5_Supporting, PM2_Supporting	2	Uncertain significance	Uncertain significance
1687070	HNF1A	Monogenic Diabetes VCEP	Likely pathogenic	PVS1_Strong, PP4, PM2_Supporting	6	Likely pathogenic	Likely pathogenic
1687071	HNF1A	Monogenic Diabetes VCEP	Uncertain significance	PM5_Supporting, PM2_Supporting	2	Uncertain significance	Uncertain significance
1687072	HNF1A	Monogenic Diabetes VCEP	Pathogenic	PVS1, PS1_Supporting, PM2_Supporting	10	Pathogenic	Pathogenic
-	HNF1A	Monogenic Diabetes VCEP	Pathogenic	PVS1, PS1_Supporting, PM2_Supporting	10	Pathogenic	Pathogenic
447500	HNF1A	Monogenic Diabetes VCEP	Likely pathogenic	PVS1, PM2_Supporting	9	Likely pathogenic	Uncertain significance
36810	HNF1A	Monogenic Diabetes VCEP	Benign	BP5, BA1	-1	Benign	Benign
14945	HNF1A	Monogenic Diabetes VCEP	Pathogenic	PM1_Supporting, PP1_Strong, PS3_Supporting, PM5_Supporting, PP4_Moderate, PP3	10	Pathogenic	Pathogenic
1687076	HNF1A	Monogenic Diabetes VCEP	Likely pathogenic	PS3, PP3, PM2_Supporting	6	Likely pathogenic	Likely pathogenic
226368	LDLR	Familial Hypercholesterolemia VCEP	Likely benign	BS3_Supporting, BS1, PP1_Moderate	-3	Likely benign	Likely benign
252220	LDLR	Familial Hypercholesterolemia VCEP	Likely pathogenic	PS3, PM2, PP3, PP4, PS4_Supporting	9	Likely pathogenic	Likely pathogenic
252221	LDLR	Familial Hypercholesterolemia VCEP	Uncertain significance	PM2, PP4, PS4_Supporting	4	Uncertain significance	Uncertain significance
36823	HNF1A	Monogenic Diabetes VCEP	Likely pathogenic	PVS1, PM2_Supporting	9	Likely pathogenic	Uncertain significance
134509	HNF1A	Monogenic Diabetes VCEP	Uncertain significance	PP4_Moderate	2	Uncertain significance	Uncertain significance
918071	HNF1A	Monogenic Diabetes VCEP	Uncertain significance	PM1_Supporting, PS2_Supporting, PP3, PP1, PM2_Supporting	5	Uncertain significance	Uncertain significance
843407	LDLR	Familial Hypercholesterolemia VCEP	Uncertain significance	BP4, PM2	1	Uncertain significance	Uncertain significance
251435	LDLR	Familial Hypercholesterolemia VCEP	Uncertain significance	PM2, PP3, PP4	4	Uncertain significance	Uncertain significance
226351	LDLR	Familial Hypercholesterolemia VCEP	Pathogenic	PS3, PS4, PP1_Strong, PM2, PP3, PP4	16	Pathogenic	Pathogenic
226352	LDLR	Familial Hypercholesterolemia VCEP	Likely pathogenic	PM5, PM2, PP3, PP4, PP1, PS4_Supporting	8	Likely pathogenic	Likely pathogenic
250966	LDLR	Familial Hypercholesterolemia VCEP	Pathogenic	PS3, PVS1_Moderate, PP1_Moderate, PM2, PP4, PS4_Supporting	12	Pathogenic	Pathogenic
250967	LDLR	Familial Hypercholesterolemia VCEP	Likely pathogenic	PVS1_Moderate, PM5, PM2, PP4, PS4_Supporting	8	Likely pathogenic	Likely pathogenic
441174	LDLR	Familial Hypercholesterolemia VCEP	Likely pathogenic	PVS1_Moderate, PM5, PM2	6	Likely pathogenic	Likely pathogenic
440536	LDLR	Familial Hypercholesterolemia VCEP	Likely pathogenic	PVS1_Moderate, PM5, PM2	6	Likely pathogenic	Likely pathogenic
250969	LDLR	Familial Hypercholesterolemia VCEP	Likely pathogenic	PVS1_Moderate, PM5, PM2, PP1, PP4	8	Likely pathogenic	Likely pathogenic
3739	LDLR	Familial Hypercholesterolemia VCEP	Pathogenic	PS3, PS4, PP1_Strong, PM1, PM2, PP4, PP3	18	Pathogenic	Pathogenic
1687077	HNF1A	Monogenic Diabetes VCEP	Uncertain significance	PM2_Supporting, PM4	3	Uncertain significance	Uncertain significance
14935	HNF1A	Monogenic Diabetes VCEP	Uncertain significance	PP1_Strong, BS2, PP4, PM2_Supporting, BS3_Supporting	1	Uncertain significance	Uncertain significance
920048	LDLR	Familial Hypercholesterolemia VCEP	Uncertain significance	PM2, PP3	3	Uncertain significance	Uncertain significance
251580	LDLR	Familial Hypercholesterolemia VCEP	Likely pathogenic	PS4_Moderate, PS3_Supporting, PM1, PM2, PP3, PP4	9	Likely pathogenic	Likely pathogenic
440663	LDLR	Familial Hypercholesterolemia VCEP	Uncertain significance	PM2, PP3	3	Uncertain significance	Uncertain significance
252084	LDLR	Familial Hypercholesterolemia VCEP	Likely pathogenic	PS4_Moderate, PM2, PP3, PP4	6	Likely pathogenic	Likely pathogenic
252085	LDLR	Familial Hypercholesterolemia VCEP	Likely pathogenic	PM2, PP3, PP4, PP1, PS4_Supporting	6	Likely pathogenic	Likely pathogenic
250957	LDLR	Familial Hypercholesterolemia VCEP	Uncertain significance	PM2, PP4	3	Uncertain significance	Uncertain significance
251508	LDLR	Familial Hypercholesterolemia VCEP	Uncertain significance	PM2, PP4	3	Uncertain significance	Uncertain significance
251507	LDLR	Familial Hypercholesterolemia VCEP	Uncertain significance	PS3_Supporting, PM2, PP4, PS4_Supporting	5	Uncertain significance	Uncertain significance
36459	LDLR	Familial Hypercholesterolemia VCEP	Uncertain significance	PM2, PP4, PP3	4	Uncertain significance	Uncertain significance
252224	LDLR	Familial Hypercholesterolemia VCEP	Uncertain significance	PM2, PP4, PS4_Supporting	4	Uncertain significance	Uncertain significance
250933	LDLR	Familial Hypercholesterolemia VCEP	Pathogenic	PS4, PS3_Supporting, PP1_Moderate, PVS1, PM2, PP4	18	Pathogenic	Pathogenic
251611	LDLR	Familial Hypercholesterolemia VCEP	Pathogenic	PP1_Moderate, PM3, PVS1, PM2, PP4, PS4_Supporting	16	Pathogenic	Pathogenic
226342	LDLR	Familial Hypercholesterolemia VCEP	Pathogenic	PS4, PP1_Strong, PM2, PVS1, PP4	19	Pathogenic	Pathogenic
36451	LDLR	Familial Hypercholesterolemia VCEP	Benign	BS3_Supporting, BA1	-1	Benign	Benign
440627	LDLR	Familial Hypercholesterolemia VCEP	Uncertain significance	PM2, PP3	3	Uncertain significance	Uncertain significance
251693	LDLR	Familial Hypercholesterolemia VCEP	Uncertain significance	PM2, PP4	3	Uncertain significance	Uncertain significance
-	ACADVL	ACADVL VCEP	Pathogenic	PP4_Moderate, PVS1, PM2_Supporting	11	Pathogenic	Pathogenic
648624	ACADVL	ACADVL VCEP	Likely pathogenic	PVS1, PM2_Supporting	9	Likely pathogenic	Uncertain significance
181279	MYH7	Cardiomyopathy VCEP	Uncertain significance	PS4_Supporting, PP1_Moderate, PM2	5	Uncertain significance	Uncertain significance
181390	MYH7	Cardiomyopathy VCEP	Uncertain significance	PS4_Supporting, PM2	3	Uncertain significance	Uncertain significance
43095	MYH7	Cardiomyopathy VCEP	Likely pathogenic	PS4, PM2, PM1, PP1	9	Likely pathogenic	Likely pathogenic
953854	ACADVL	ACADVL VCEP	Likely pathogenic	PVS1, PM2_Supporting	9	Likely pathogenic	Uncertain significance
932736	ACADVL	ACADVL VCEP	Pathogenic	PP4_Moderate, PVS1, PM2_Supporting	11	Pathogenic	Pathogenic
250970	LDLR	Familial Hypercholesterolemia VCEP	Uncertain significance	PM2	2	Uncertain significance	Uncertain significance
251309	LDLR	Familial Hypercholesterolemia VCEP	Likely pathogenic	PM1, PP1_Moderate, PM2, PP3, PP4	8	Likely pathogenic	Likely pathogenic
3683	LDLR	Familial Hypercholesterolemia VCEP	Pathogenic	PS3, PS4, PP1_Strong, PM2, PVS1, PP4	23	Pathogenic	Pathogenic
3691	LDLR	Familial Hypercholesterolemia VCEP	Pathogenic	PS3, PS4, PP1_Strong, PM1, PM2, PP3, PP4	18	Pathogenic	Pathogenic
226333	LDLR	Familial Hypercholesterolemia VCEP	Pathogenic	PS3, PS4, PP1_Moderate, PM2, PVS1, PP4	21	Pathogenic	Pathogenic
251421	LDLR	Familial Hypercholesterolemia VCEP	Uncertain significance	PM2, PP4, PS4_Supporting	4	Uncertain significance	Uncertain significance
440613	LDLR	Familial Hypercholesterolemia VCEP	Uncertain significance	PM5, PM2, PP3	5	Uncertain significance	Uncertain significance
972765	HNF1A	Monogenic Diabetes VCEP	Benign	BS1, BS2, PP4	-7	Benign	Benign
-	HNF1A	Monogenic Diabetes VCEP	Pathogenic	PS4_Moderate, PP4_Moderate, PVS1, PP1, PM2_Supporting	14	Pathogenic	Pathogenic
256597	HNF1A	Monogenic Diabetes VCEP	Uncertain significance	PP3, PM2_Supporting	2	Uncertain significance	Uncertain significance
36829	HNF1A	Monogenic Diabetes VCEP	Uncertain significance	PM1_Supporting, PP4_Moderate, PP3, PM2_Supporting	5	Uncertain significance	Uncertain significance
134503	HNF1A	Monogenic Diabetes VCEP	Benign	BA1	0	Benign	Benign
1338571	HNF1A	Monogenic Diabetes VCEP	Uncertain significance	PP3, PM2_Supporting, PM1	4	Uncertain significance	Uncertain significance
36832	HNF1A	Monogenic Diabetes VCEP	Likely pathogenic	PM1_Supporting, PS4_Moderate, PM5_Supporting, PP4_Moderate, PP3, PM2_Supporting	8	Likely pathogenic	Likely pathogenic
382774	HNF1A	Monogenic Diabetes VCEP	Likely benign	BP7, BP4	-2	Likely benign	Likely benign
-	HNF1A	Monogenic Diabetes VCEP	Likely pathogenic	PVS1, PM2_Supporting	9	Likely pathogenic	Uncertain significance
36803	HNF1A	Monogenic Diabetes VCEP	Likely pathogenic	PVS1, PM2_Supporting	9	Likely pathogenic	Uncertain significance
256598	HNF1A	Monogenic Diabetes VCEP	Uncertain significance	PM2_Supporting, BP4	0	Uncertain significance	Uncertain significance
-	HNF1A	Monogenic Diabetes VCEP	Pathogenic	PVS1, PP1, PM2_Supporting	10	Pathogenic	Pathogenic
307462	HNF1A	Monogenic Diabetes VCEP	Uncertain significance	PM2_Supporting, BP4	0	Uncertain significance	Uncertain significance
36812	HNF1A	Monogenic Diabetes VCEP	Uncertain significance	PM2_Supporting, BP4	0	Uncertain significance	Uncertain significance
1687082	HNF1A	Monogenic Diabetes VCEP	Uncertain significance	PVS1_Strong, PM2_Supporting	5	Uncertain significance	Uncertain significance
1687083	HNF1A	Monogenic Diabetes VCEP	Uncertain significance	PVS1_Strong, PM2_Supporting	5	Uncertain significance	Uncertain significance
438709	HNF1A	Monogenic Diabetes VCEP	Uncertain significance	PVS1_Strong, PM2_Supporting	5	Uncertain significance	Uncertain significance
1687084	HNF1A	Monogenic Diabetes VCEP	Likely pathogenic	PVS1_Strong, PP4_Moderate, PM2_Supporting	7	Likely pathogenic	Likely pathogenic
134507	HNF1A	Monogenic Diabetes VCEP	Uncertain significance	PM2_Supporting, BP4	0	Uncertain significance	Uncertain significance
1687085	HNF1A	Monogenic Diabetes VCEP	Uncertain significance		0	Uncertain significance	Uncertain significance
1687086	HNF1A	Monogenic Diabetes VCEP	Pathogenic	PS4, PVS1_Strong, PP1_Strong, PP4_Moderate, PM2_Supporting	15	Pathogenic	Pathogenic
1687087	HNF1A	Monogenic Diabetes VCEP	Likely pathogenic	PVS1_Strong, PP4, PM2_Supporting	6	Likely pathogenic	Likely pathogenic
307474	HNF1A	Monogenic Diabetes VCEP	Uncertain significance	PM2_Supporting	1	Uncertain significance	Uncertain significance
376917	ACADVL	ACADVL VCEP	Likely pathogenic	PP4, PP3, PM2_Supporting, PS3	7	Likely pathogenic	Likely pathogenic
371068	ACADVL	ACADVL VCEP	Likely pathogenic	PVS1, PM2_Supporting	9	Likely pathogenic	Uncertain significance
373614	ACADVL	ACADVL VCEP	Likely pathogenic	PVS1, PM2_Supporting	9	Likely pathogenic	Uncertain significance
929167	GAA	Lysosomal Diseases VCEP	Likely pathogenic	PM3, PP4_Moderate, PP3, PS3_Moderate, PM2_Supporting	8	Likely pathogenic	Likely pathogenic
4025	GAA	Lysosomal Diseases VCEP	Likely pathogenic	PM5, PM3, PS3_Supporting, PP4_Moderate, PP3, PM2_Supporting	9	Likely pathogenic	Likely pathogenic
1693548	GAA	Lysosomal Diseases VCEP	Likely pathogenic	PP4_Moderate, PP3, PS3_Moderate, PM2_Supporting	6	Likely pathogenic	Likely pathogenic
180144	GAA	Lysosomal Diseases VCEP	Pathogenic	PS3, PM3, PP4_Moderate, PP3, PM2_Supporting	10	Pathogenic	Pathogenic
430167	GAA	Lysosomal Diseases VCEP	Uncertain significance	PM3_Supporting, PVS1_Moderate, PM2_Supporting	4	Uncertain significance	Uncertain significance
307467	HNF1A	Monogenic Diabetes VCEP	Uncertain significance		0	Uncertain significance	Uncertain significance
164870	OTOF	Hearing Loss VCEP	Benign	BA1, BP4	-1	Benign	Benign
21826	OTOF	Hearing Loss VCEP	Benign	BA1	0	Benign	Benign
48238	OTOF	Hearing Loss VCEP	Likely benign	BS1	-4	Likely benign	Uncertain significance
667141	OTOF	Hearing Loss VCEP	Likely benign	BS1	-4	Likely benign	Uncertain significance
48256	OTOF	Hearing Loss VCEP	Likely pathogenic	PP4, PM2_Supporting, PM3, PVS1_Moderate	6	Likely pathogenic	Likely pathogenic
6137	OTOF	Hearing Loss VCEP	Pathogenic	PP4, PM3_Very Strong, PVS1, PP1_Strong	21	Pathogenic	Pathogenic
21831	OTOF	Hearing Loss VCEP	Pathogenic	PP4, PVS1, PM3_Strong, PP1_Strong	17	Pathogenic	Pathogenic
48253	OTOF	Hearing Loss VCEP	Pathogenic	PP3, PP4, PM3_Very Strong, PP1_Strong	14	Pathogenic	Pathogenic
897955	OTOF	Hearing Loss VCEP	Uncertain significance	PP3, BS1_Supporting, PM3_Supporting	1	Uncertain significance	Uncertain significance
48235	OTOF	Hearing Loss VCEP	Uncertain significance	PP3, BS1_Supporting	0	Uncertain significance	Uncertain significance
500061	MYO15A	Hearing Loss VCEP	Likely pathogenic	PVS1, PM3	10	Pathogenic	Likely pathogenic
666995	MYO15A	Hearing Loss VCEP	Likely pathogenic	PVS1, PM3_Supporting	9	Likely pathogenic	Uncertain significance
505185	MYO15A	Hearing Loss VCEP	Pathogenic	PVS1, PM2_Supporting, PM3_Supporting	10	Pathogenic	Pathogenic
930033	MYO15A	Hearing Loss VCEP	Pathogenic	PM2_Supporting, PVS1, PM3_Supporting	10	Pathogenic	Pathogenic
423766	MYO15A	Hearing Loss VCEP	Likely benign	BP4, BS1_Supporting	-2	Likely benign	Likely benign
504630	MYO15A	Hearing Loss VCEP	Likely benign	BS2, BS1_Supporting	-5	Likely benign	Likely benign
226780	MYO15A	Hearing Loss VCEP	Benign	BP4, BA1	-1	Benign	Benign
45753	MYO15A	Hearing Loss VCEP	Benign	BA1	0	Benign	Benign
504629	MYO15A	Hearing Loss VCEP	Likely benign	BP4, BS1_Supporting	-2	Likely benign	Likely benign
164570	MYO15A	Hearing Loss VCEP	Likely benign	BS1	-4	Likely benign	Uncertain significance
632271	MYO15A	Hearing Loss VCEP	Pathogenic	PP3, PM3_Strong, PP1_Strong	9	Likely pathogenic	Pathogenic
623347	MYO15A	Hearing Loss VCEP	Pathogenic	PM2_Supporting, PVS1, PP1_Strong, PM3	15	Pathogenic	Pathogenic
449526	MYO15A	Hearing Loss VCEP	Pathogenic	PM2_Supporting, PVS1, PM3	11	Pathogenic	Pathogenic
6950	MYO15A	Hearing Loss VCEP	Likely pathogenic	PP3, PM2_Supporting, PP1_Strong	6	Likely pathogenic	Likely pathogenic
1693547	GAA	Lysosomal Diseases VCEP	Likely pathogenic	PM3_Supporting, PM5, PP4_Moderate, PP3, PM2_Supporting	7	Likely pathogenic	Likely pathogenic
-	GAA	Lysosomal Diseases VCEP	Pathogenic	PM3_Supporting, PP4_Moderate, PVS1, PM2_Supporting	12	Pathogenic	Pathogenic
370277	ACADVL	ACADVL VCEP	Likely pathogenic	PVS1, PM2_Supporting	9	Likely pathogenic	Uncertain significance
1686781	MYOC	Glaucoma VCEP	Uncertain significance	PM2_Supporting, PS4_Supporting	2	Uncertain significance	Uncertain significance
1686788	MYOC	Glaucoma VCEP	Likely pathogenic	PP1_Moderate, PP3, PS3_Moderate, PM2_Supporting	6	Likely pathogenic	Likely pathogenic
7952	MYOC	Glaucoma VCEP	Pathogenic	PS4, PP1_Strong, PP3_Moderate, PM2_Supporting, PS3_Moderate	13	Pathogenic	Pathogenic
1686795	MYOC	Glaucoma VCEP	Likely pathogenic	PM4_Supporting, PP1_Moderate, PS3_Moderate, PM2_Supporting	6	Likely pathogenic	Likely pathogenic
293708	MYOC	Glaucoma VCEP	Benign	BP4, BA1, BP7	-2	Benign	Benign
403218	MYOC	Glaucoma VCEP	Benign	BP4, BS3_Supporting, BS1	-6	Likely benign	Likely benign
1686796	MYOC	Glaucoma VCEP	Uncertain significance	BS3_Supporting, PP3, PM2_Supporting	1	Uncertain significance	Uncertain significance
1686797	MYOC	Glaucoma VCEP	Uncertain significance	BS3_Supporting, PP3, PM2_Supporting	1	Uncertain significance	Uncertain significance
7954	MYOC	Glaucoma VCEP	Pathogenic	PP1_Strong, PP3_Moderate, PM2_Supporting, PS3_Moderate, PS4_Supporting	10	Pathogenic	Pathogenic
1686782	MYOC	Glaucoma VCEP	Likely pathogenic	PP1_Strong, PP3, PM2_Supporting, PS4_Supporting, PS3_Moderate	9	Likely pathogenic	Likely pathogenic
1686783	MYOC	Glaucoma VCEP	Uncertain significance	PP3_Moderate, BS3_Supporting	1	Uncertain significance	Uncertain significance
7956	MYOC	Glaucoma VCEP	Pathogenic	PS4, PP1_Strong, PP3_Moderate, PM2_Supporting, PS3_Moderate	13	Pathogenic	Pathogenic
1686784	MYOC	Glaucoma VCEP	Uncertain significance	PM4_Supporting	1	Uncertain significance	Uncertain significance
30205	MYOC	Glaucoma VCEP	Likely pathogenic	PP1_Strong, PS3_Moderate, PM2_Supporting, PS4_Supporting	8	Likely pathogenic	Likely pathogenic
7950	MYOC	Glaucoma VCEP	Likely pathogenic	PP1_Moderate, PP3, PS3_Moderate, PM2_Supporting	6	Likely pathogenic	Likely pathogenic
7951	MYOC	Glaucoma VCEP	Pathogenic	PS4_Moderate, PS1, PP3_Moderate, PP1_Strong, PS3_Moderate, PM2_Supporting	15	Pathogenic	Pathogenic
1686785	MYOC	Glaucoma VCEP	Pathogenic	PS1, PP1_Strong, PP3_Moderate, PS3_Moderate, PS4_Supporting, PM2_Supporting	14	Pathogenic	Pathogenic
1686786	MYOC	Glaucoma VCEP	Uncertain significance	PP3, PM2_Supporting	2	Uncertain significance	Uncertain significance
1686787	MYOC	Glaucoma VCEP	Uncertain significance	PP3_Moderate, PS4_Supporting, PM2_Supporting	4	Uncertain significance	Uncertain significance
1686789	MYOC	Glaucoma VCEP	Likely pathogenic	PP3, PP1, PS3_Moderate, PS4_Supporting, PM2_Supporting	6	Likely pathogenic	Likely pathogenic
1686790	MYOC	Glaucoma VCEP	Uncertain significance	PP3_Moderate, PM5_Supporting, PM2_Supporting	4	Uncertain significance	Uncertain significance
1686791	MYOC	Glaucoma VCEP	Uncertain significance	BS3_Supporting, PM2_Supporting	0	Uncertain significance	Uncertain significance
1686792	MYOC	Glaucoma VCEP	Likely pathogenic	PP1_Moderate, PP3, PM2_Supporting, PS3_Moderate, PS4_Supporting	7	Likely pathogenic	Likely pathogenic
1686793	MYOC	Glaucoma VCEP	Likely pathogenic	PP3_Moderate, PM5_Supporting, PS3_Supporting, PS4_Supporting, PM2_Supporting	6	Likely pathogenic	Likely pathogenic
1686794	MYOC	Glaucoma VCEP	Likely pathogenic	PP1_Moderate, PP3, PS3_Moderate, PM2_Supporting	6	Likely pathogenic	Likely pathogenic
917405	HNF1A	Monogenic Diabetes VCEP	Uncertain significance	PS4_Moderate, PM1_Supporting, PP3, PM2_Supporting, BP2	4	Uncertain significance	Uncertain significance
871739	HNF1A	Monogenic Diabetes VCEP	Pathogenic	PP1_Strong, PVS1, PM2_Supporting	13	Pathogenic	Pathogenic
1693221	HNF1A	Monogenic Diabetes VCEP	Pathogenic	PS4, PP1_Strong, PP4_Moderate, PP3, PM2_Supporting	12	Pathogenic	Pathogenic
447485	HNF1A	Monogenic Diabetes VCEP	Benign	BP5, BA1	-1	Benign	Benign
420102	GAA	Lysosomal Diseases VCEP	Pathogenic	PP4_Moderate, PP3, PM2_Supporting, PM3_Very Strong	12	Pathogenic	Pathogenic
419722	GAA	Lysosomal Diseases VCEP	Likely pathogenic	PM3, PS1_Moderate, PP4_Moderate, PP3, PM2_Supporting, PS3_Moderate	10	Pathogenic	Likely pathogenic
1693551	GAA	Lysosomal Diseases VCEP	Likely pathogenic	PVS1, PM2_Supporting	9	Likely pathogenic	Uncertain significance
1072906	GAA	Lysosomal Diseases VCEP	Pathogenic	PVS1, PP4_Moderate, PM2_Supporting	11	Pathogenic	Pathogenic
371305	GAA	Lysosomal Diseases VCEP	Pathogenic	PP4_Moderate, PP3, PM3_Very Strong, PM2_Supporting, PS3_Moderate	14	Pathogenic	Pathogenic
403712	GAA	Lysosomal Diseases VCEP	Pathogenic	PM3_Strong, PP4_Moderate, PP3, PM2_Supporting, PS3_Moderate	10	Pathogenic	Pathogenic
-	GAA	Lysosomal Diseases VCEP	Pathogenic	PM3_Supporting, PVS1, PP4_Moderate, PM2_Supporting	12	Pathogenic	Pathogenic
934787	ACADVL	ACADVL VCEP	Likely pathogenic	PVS1, PM2_Supporting	9	Likely pathogenic	Uncertain significance
102819	PAH	Phenylketonuria VCEP	Uncertain significance	PM2, PP3, PP4	4	Uncertain significance	Uncertain significance
280984	PAH	Phenylketonuria VCEP	Uncertain significance	PM2, PP4_Moderate	4	Uncertain significance	Uncertain significance
-	HNF1A	Monogenic Diabetes VCEP	Pathogenic	PP4_Moderate, PVS1, PS1_Supporting, PM2_Supporting	12	Pathogenic	Pathogenic
1338520	HNF1A	Monogenic Diabetes VCEP	Pathogenic	PP4_Moderate, PVS1, PM2_Supporting, PS1_Supporting	12	Pathogenic	Pathogenic
-	HNF1A	Monogenic Diabetes VCEP	Pathogenic	PP1_Strong, PVS1, PP4, PM2_Supporting, PS1_Supporting	15	Pathogenic	Pathogenic
447491	HNF1A	Monogenic Diabetes VCEP	Pathogenic	PP1_Moderate, PVS1, PP4, PM2_Supporting	12	Pathogenic	Pathogenic
447496	HNF1A	Monogenic Diabetes VCEP	Pathogenic	PM1_Supporting, PS4_Moderate, PP1_Strong, PP4_Moderate, PP3, PM2_Supporting	11	Pathogenic	Pathogenic
102529	PAH	Phenylketonuria VCEP	Likely pathogenic	PM3, PP4_Moderate, PM2	6	Likely pathogenic	Likely pathogenic
1693234	PAH	Phenylketonuria VCEP	Pathogenic	PVS1, PM2, PP4_Moderate	12	Pathogenic	Pathogenic
102906	PAH	Phenylketonuria VCEP	Pathogenic	PM3, PM2, PVS1, PP4	13	Pathogenic	Pathogenic
102465	PAH	Phenylketonuria VCEP	Pathogenic	PM3_Supporting, PM2, PVS1, PP4	12	Pathogenic	Pathogenic
102470	PAH	Phenylketonuria VCEP	Pathogenic	PM3_Supporting, PM2, PVS1, PP4	12	Pathogenic	Pathogenic
1691455	ITGA2B	Platelet Disorders VCEP	Likely pathogenic	PP4_Strong, PM3_Supporting, PP3, PM2_Supporting	7	Likely pathogenic	Likely pathogenic
-	PAH	Phenylketonuria VCEP	Pathogenic	PM2, PVS1, PP4	11	Pathogenic	Pathogenic
1691466	ITGA2B	Platelet Disorders VCEP	Likely pathogenic	PP4_Strong, PP3, PM2_Supporting	6	Likely pathogenic	Likely pathogenic
-	ITGA2B	Platelet Disorders VCEP	Pathogenic	PP4_Strong, PVS1, PM2_Supporting	13	Pathogenic	Pathogenic
-	PAH	Phenylketonuria VCEP	Likely pathogenic	PM2, PVS1	10	Pathogenic	Likely pathogenic
102762	PAH	Phenylketonuria VCEP	Likely pathogenic	PM3, PP4_Moderate, PM2, PP3	7	Likely pathogenic	Likely pathogenic
1691484	ITGA2B	Platelet Disorders VCEP	Likely pathogenic	PP4_Strong, PM3_Supporting, PP3, PM2_Supporting	7	Likely pathogenic	Likely pathogenic
-	PAH	Phenylketonuria VCEP	Likely pathogenic	PP4_Moderate, PM2, PP3, PM3_Strong	9	Likely pathogenic	Likely pathogenic
-	ITGA2B	Platelet Disorders VCEP	Pathogenic	PP4_Strong, PVS1_Strong, PM2_Supporting	9	Likely pathogenic	Pathogenic
-	ITGA2B	Platelet Disorders VCEP	Pathogenic	PM3_Supporting, PVS1, PM2_Supporting	10	Pathogenic	Pathogenic
1691487	ITGB3	Platelet Disorders VCEP	Likely pathogenic	PP4_Strong, PM3_Supporting, PP3, PP1, PM2_Supporting	8	Likely pathogenic	Likely pathogenic
-	ITGA2B	Platelet Disorders VCEP	Likely pathogenic	PM4, PP4_Strong, PM3_Supporting, PM2_Supporting	8	Likely pathogenic	Likely pathogenic
1691489	ITGA2B	Platelet Disorders VCEP	Uncertain significance	PP4_Strong, PM3_Supporting, PM2_Supporting	6	Likely pathogenic	Likely pathogenic
1691456	ITGA2B	Platelet Disorders VCEP	Uncertain significance	PP4_Strong, PM2_Supporting	5	Uncertain significance	Uncertain significance
1691457	ITGB3	Platelet Disorders VCEP	Likely pathogenic	PP4_Strong, PP3, PM2_Supporting	6	Likely pathogenic	Likely pathogenic
1691458	ITGA2B	Platelet Disorders VCEP	Likely pathogenic	PM3, PP4_Strong, PM2_Supporting	7	Likely pathogenic	Likely pathogenic
1691459	ITGB3	Platelet Disorders VCEP	Likely pathogenic	PM3, PS3_Supporting, PP4_Moderate, PP3, PM2_Supporting	7	Likely pathogenic	Likely pathogenic
-	ITGB3	Platelet Disorders VCEP	Pathogenic	PP4_Strong, PM3_Supporting, PVS1, PM2_Supporting	14	Pathogenic	Pathogenic
1691461	ITGB3	Platelet Disorders VCEP	Likely pathogenic	PP4_Strong, PM3_Supporting, PM5_Supporting, PP3, PM2_Supporting	8	Likely pathogenic	Likely pathogenic
1691462	ITGA2B	Platelet Disorders VCEP	Likely pathogenic	PM4, PP4_Strong, PM3_Supporting, PM2_Supporting	8	Likely pathogenic	Likely pathogenic
-	ITGA2B	Platelet Disorders VCEP	Pathogenic	PP4_Strong, PVS1, PM2_Supporting	13	Pathogenic	Pathogenic
1691464	ITGB3	Platelet Disorders VCEP	Likely pathogenic	PVS1_Strong, PP4_Moderate, PM2_Supporting	7	Likely pathogenic	Likely pathogenic
1691465	ITGA2B	Platelet Disorders VCEP	Uncertain significance	PM3_Supporting, PP4_Moderate, PP3, PM2_Supporting	5	Uncertain significance	Uncertain significance
-	ITGB3	Platelet Disorders VCEP	Pathogenic	PM3_Supporting, PP4_Moderate, PVS1, PM2_Supporting	12	Pathogenic	Pathogenic
-	ITGA2B	Platelet Disorders VCEP	Pathogenic	PP4_Moderate, PVS1, PM2_Supporting	11	Pathogenic	Pathogenic
-	ITGA2B	Platelet Disorders VCEP	Pathogenic	PP4_Moderate, PVS1, PM2_Supporting	11	Pathogenic	Pathogenic
1691470	ITGB3	Platelet Disorders VCEP	Uncertain significance	PP4_Moderate, PP3, PM2_Supporting	4	Uncertain significance	Uncertain significance
-	ITGA2B	Platelet Disorders VCEP	Pathogenic	PM4, PP4_Strong, PM3_Supporting, PP3, PP1, PM2_Supporting	10	Pathogenic	Pathogenic
627290	ITGB3	Platelet Disorders VCEP	Uncertain significance	BP4, PM2_Supporting	0	Uncertain significance	Uncertain significance
1691472	ITGB3	Platelet Disorders VCEP	Uncertain significance	PM3_Supporting, PP4_Moderate, PM2_Supporting	4	Uncertain significance	Uncertain significance
812734	ITGA2B	Platelet Disorders VCEP	Pathogenic	PM3_Supporting, PVS1, PM2_Supporting	10	Pathogenic	Pathogenic
-	ITGA2B	Platelet Disorders VCEP	Pathogenic	PP4_Moderate, PVS1, PM2_Supporting	11	Pathogenic	Pathogenic
323551	ITGA2B	Platelet Disorders VCEP	Benign	BP4, BA1	-1	Benign	Benign
1691474	ITGB3	Platelet Disorders VCEP	Uncertain significance	PM3_Supporting, PP4_Moderate, PM2_Supporting	4	Uncertain significance	Uncertain significance
850885	ITGB3	Platelet Disorders VCEP	Uncertain significance	PM5, PP3, PM2_Supporting	4	Uncertain significance	Uncertain significance
1691476	ITGB3	Platelet Disorders VCEP	Pathogenic	PP4_Strong, PM3, PM5, PP3, PM2_Supporting	10	Pathogenic	Pathogenic
1691477	ITGA2B	Platelet Disorders VCEP	Likely pathogenic	PP4_Strong, PM3_Supporting, PM2_Supporting	6	Likely pathogenic	Likely pathogenic
696833	ITGB3	Platelet Disorders VCEP	Benign	BP4, BA1	-1	Benign	Benign
1691478	ITGA2B	Platelet Disorders VCEP	Likely pathogenic	PP4_Strong, PM3_Supporting, PP3, PM2_Supporting	7	Likely pathogenic	Likely pathogenic
626980	ITGA2B	Platelet Disorders VCEP	Likely pathogenic	PM4, PP4_Strong, PM3_Supporting, PM2_Supporting	8	Likely pathogenic	Likely pathogenic
-	ITGB3	Platelet Disorders VCEP	Pathogenic	PM3_Supporting, PP4_Moderate, PVS1, PM2_Supporting	12	Pathogenic	Pathogenic
1691480	ITGA2B	Platelet Disorders VCEP	Uncertain significance	PM3_Supporting, PP4_Moderate, PM2_Supporting	4	Uncertain significance	Uncertain significance
430539	ITGA2B	Platelet Disorders VCEP	Uncertain significance	PVS1_Moderate, PM2_Supporting	3	Uncertain significance	Uncertain significance
1691490	ITGA2B	Platelet Disorders VCEP	Likely pathogenic	PP4_Strong, PM3_Supporting, PM2_Supporting	6	Likely pathogenic	Likely pathogenic
1691491	ITGA2B	Platelet Disorders VCEP	Pathogenic	PM3_Supporting, PVS1, PM2_Supporting	10	Pathogenic	Pathogenic
-	ITGB3	Platelet Disorders VCEP	Pathogenic	PVS1, PP4_Moderate, PM2_Supporting	11	Pathogenic	Pathogenic
1691482	ITGB3	Platelet Disorders VCEP	Pathogenic	PM3, PP4_Strong, PP1_Moderate, PP3, PM2_Supporting	10	Pathogenic	Pathogenic
1691483	ITGB3	Platelet Disorders VCEP	Likely pathogenic	PM3, PP4_Moderate, PP3, PM2_Supporting	6	Likely pathogenic	Likely pathogenic
102737	PAH	Phenylketonuria VCEP	Likely pathogenic	PM3_Supporting, PS3_Supporting, PM2, PP4_Moderate, PP3	7	Likely pathogenic	Likely pathogenic
-	HNF1A	Monogenic Diabetes VCEP	Pathogenic	PP4_Moderate, PVS1, PM2_Supporting	11	Pathogenic	Pathogenic
-	HNF1A	Monogenic Diabetes VCEP	Likely pathogenic	PM1_Supporting, PM4_Supporting, PS3_Supporting, PP4_Moderate, PM2_Supporting	6	Likely pathogenic	Likely pathogenic
1013621	RUNX1	Myeloid Malignancy VCEP	Likely pathogenic	PVS1_Strong, PP1, PS4_Supporting, PM2_Supporting	7	Likely pathogenic	Likely pathogenic
1180228	RUNX1	Myeloid Malignancy VCEP	Benign	BP7, BA1, BP4, BP2	-3	Benign	Benign
988835	RUNX1	Myeloid Malignancy VCEP	Pathogenic	PVS1, PS4_Supporting, PM2_Supporting	10	Pathogenic	Pathogenic
898792	RUNX1	Myeloid Malignancy VCEP	Likely benign	BS1	-4	Likely benign	Uncertain significance
897095	RUNX1	Myeloid Malignancy VCEP	Likely benign	BS1	-4	Likely benign	Uncertain significance
812739	RUNX1	Myeloid Malignancy VCEP	Pathogenic	PS4_Moderate, PVS1, PM2_Supporting	11	Pathogenic	Pathogenic
1479078	HNF1A	Monogenic Diabetes VCEP	Likely pathogenic	PS4_Moderate, PM1_Supporting, PP3, PP1, PM2_Supporting	6	Likely pathogenic	Likely pathogenic
1693219	HNF1A	Monogenic Diabetes VCEP	Uncertain significance	PM1_Supporting, PM5_Supporting, PP3, PP4, PM2_Supporting	5	Uncertain significance	Uncertain significance
-	HNF1A	Monogenic Diabetes VCEP	Likely pathogenic	PVS1, PM2_Supporting	9	Likely pathogenic	Uncertain significance
95207	MECP2	Rett and Angelman-like Disorders VCEP	Likely benign	BP4, PM2_Supporting, BS2_Supporting, BP7	-2	Likely benign	Likely benign
143325	MECP2	Rett and Angelman-like Disorders VCEP	Benign	BS2, BP5, BS1	-9	Benign	Benign
138195	MECP2	Rett and Angelman-like Disorders VCEP	Benign	BS2, BS1	-8	Benign	Benign
138196	MECP2	Rett and Angelman-like Disorders VCEP	Likely benign	BP4, BP7, BP5	-3	Likely benign	Likely benign
138190	MECP2	Rett and Angelman-like Disorders VCEP	Benign	BS2, BA1	-4	Benign	Benign
95194	MECP2	Rett and Angelman-like Disorders VCEP	Benign	BS2, BA1	-4	Benign	Benign
95187	MECP2	Rett and Angelman-like Disorders VCEP	Benign	BS2, BA1	-4	Benign	Benign
95182	MECP2	Rett and Angelman-like Disorders VCEP	Benign	BA1	0	Benign	Benign
143485	MECP2	Rett and Angelman-like Disorders VCEP	Pathogenic	PP4, PVS1, PS4_Moderate, PM6_Strong, PM2_Supporting	16	Pathogenic	Pathogenic
143345	MECP2	Rett and Angelman-like Disorders VCEP	Pathogenic	PVS1, PS4_Supporting, PM2_Supporting	10	Pathogenic	Pathogenic
138188	MECP2	Rett and Angelman-like Disorders VCEP	Benign	BA1	0	Benign	Benign
143341	MECP2	Rett and Angelman-like Disorders VCEP	Benign	BS2, BS1	-8	Benign	Benign
11835	MECP2	Rett and Angelman-like Disorders VCEP	Pathogenic	PP3, PM6, PS4, PM1, PM2_Supporting	10	Pathogenic	Pathogenic
11831	MECP2	Rett and Angelman-like Disorders VCEP	Benign	BS2, BS1	-8	Benign	Benign
11809	MECP2	Rett and Angelman-like Disorders VCEP	Pathogenic	PP3, PS2_Very Strong, PS4, PM1, PM2_Supporting	16	Pathogenic	Pathogenic
95184	MECP2	Rett and Angelman-like Disorders VCEP	Benign	BS2, BA1	-4	Benign	Benign
156657	MECP2	Rett and Angelman-like Disorders VCEP	Likely benign	BP3, BS1	-5	Likely benign	Likely benign
156634	MECP2	Rett and Angelman-like Disorders VCEP	Benign	BS2, PS4_Supporting, BP5, BS1	-8	Benign	Benign
139211	SLC9A6	Rett and Angelman-like Disorders VCEP	Likely benign	BP7, BS1	-5	Likely benign	Likely benign
93556	MECP2	Rett and Angelman-like Disorders VCEP	Benign	BS2, BS1, BP5	-9	Benign	Benign
-	PAH	Phenylketonuria VCEP	Uncertain significance	PP4_Moderate, PM2	4	Uncertain significance	Uncertain significance
102537	PAH	Phenylketonuria VCEP	Likely pathogenic	PM3_Supporting, PM5, PM2, PP3, PP4	7	Likely pathogenic	Likely pathogenic
-	PAH	Phenylketonuria VCEP	Uncertain significance	PM3_Supporting, PM2, PP3, PP4	5	Uncertain significance	Uncertain significance
102920	PAH	Phenylketonuria VCEP	Uncertain significance	PM3, PM2, PP3	5	Uncertain significance	Uncertain significance
-	PAH	Phenylketonuria VCEP	Pathogenic	PM3_Supporting, PM2, PVS1, PP4	12	Pathogenic	Pathogenic
-	PAH	Phenylketonuria VCEP	Likely pathogenic	PM3_Supporting, PP4_Moderate, PM2, PP3	6	Likely pathogenic	Likely pathogenic
371373	PAH	Phenylketonuria VCEP	Pathogenic	PM3_Supporting, PM2, PVS1, PP4_Moderate	13	Pathogenic	Pathogenic
-	PAH	Phenylketonuria VCEP	Pathogenic	PM3_Supporting, PM2, PVS1, PP4_Moderate	13	Pathogenic	Pathogenic
102615	PAH	Phenylketonuria VCEP	Uncertain significance	PM3_Supporting, PM2, PP4_Moderate	5	Uncertain significance	Uncertain significance
102622	PAH	Phenylketonuria VCEP	Pathogenic	PM5, PM2, PP4_Moderate, PP3, PM3_Strong	11	Pathogenic	Pathogenic
1699992	HNF1A	Monogenic Diabetes VCEP	Uncertain significance	PM1_Supporting, PS3_Supporting, PP3, PM2_Supporting	4	Uncertain significance	Uncertain significance
1699999	HNF1A	Monogenic Diabetes VCEP	Likely benign	BP7, BP4	-2	Likely benign	Likely benign
189082	GAA	Lysosomal Diseases VCEP	Pathogenic	PS3_Supporting, PP4_Moderate, PP3, PM2_Supporting, PM3_Very Strong	13	Pathogenic	Pathogenic
1693549	GAA	Lysosomal Diseases VCEP	Uncertain significance	PM3_Supporting, PM5_Supporting, PM2_Supporting, PS3_Moderate, BP4	4	Uncertain significance	Uncertain significance
556117	GAA	Lysosomal Diseases VCEP	Likely pathogenic	PM3_Strong, PS3_Supporting, PP4_Moderate, PM2_Supporting, BP4	7	Likely pathogenic	Likely pathogenic
1693550	GAA	Lysosomal Diseases VCEP	Pathogenic	PM3_Strong, PP4_Moderate, PP3, PS3_Moderate, PM2_Supporting	10	Pathogenic	Pathogenic
988811	RUNX1	Myeloid Malignancy VCEP	Likely pathogenic	PS4_Moderate, PP3, PM2_Supporting, PM1	6	Likely pathogenic	Likely pathogenic
339853	RUNX1	Myeloid Malignancy VCEP	Benign	BP2, BA1	-1	Benign	Benign
898728	RUNX1	Myeloid Malignancy VCEP	Benign	BA1	0	Benign	Benign
1096297	RUNX1	Myeloid Malignancy VCEP	Likely benign	BP7, PM2_Supporting, BP4	-1	Likely benign	Likely benign
1147528	RUNX1	Myeloid Malignancy VCEP	Likely benign	BP7, PM2_Supporting, BP4	-1	Likely benign	Likely benign
1099061	RUNX1	Myeloid Malignancy VCEP	Likely benign	BP7, PM2_Supporting, BP4	-1	Likely benign	Likely benign
1396349	RUNX1	Myeloid Malignancy VCEP	Uncertain significance		0	Uncertain significance	Uncertain significance
339851	RUNX1	Myeloid Malignancy VCEP	Benign	BP2, BA1	-1	Benign	Benign
339855	RUNX1	Myeloid Malignancy VCEP	Benign	BA1, BP2	-1	Benign	Benign
339864	RUNX1	Myeloid Malignancy VCEP	Benign	BA1, BP2	-1	Benign	Benign
9647	MT-ATP6	Mitochondrial Diseases VCEP	Pathogenic	PS4, PP1_Moderate, PS3_Supporting, PM6, PM2_Supporting, PP3	11	Pathogenic	Pathogenic
156636	MECP2	Rett and Angelman-like Disorders VCEP	Likely benign	BS2, BP5	-5	Likely benign	Likely benign
156614	MECP2	Rett and Angelman-like Disorders VCEP	Likely benign	BS2, BP2, BP5	-6	Likely benign	Likely benign
137392	FOXG1	Rett and Angelman-like Disorders VCEP	Benign	BA1	0	Benign	Benign
9644	MT-ATP6	Mitochondrial Diseases VCEP	Pathogenic	PS4, PP1_Moderate, PS3_Supporting, PM5, PP3	10	Pathogenic	Pathogenic
36492	MECP2	Rett and Angelman-like Disorders VCEP	Likely benign	BS2, BP5	-5	Likely benign	Likely benign
425040	FOXG1	Rett and Angelman-like Disorders VCEP	Likely pathogenic	PP3, PM6, PM1, PM2_Supporting	6	Likely pathogenic	Likely pathogenic
207248	SLC9A6	Rett and Angelman-like Disorders VCEP	Pathogenic	PP1_Moderate, PS3, PS2, PM2_Supporting, PS4_Supporting	12	Pathogenic	Pathogenic
236302	MECP2	Rett and Angelman-like Disorders VCEP	Likely pathogenic	PM2_Supporting, PS4_Moderate, PS2	7	Likely pathogenic	Likely pathogenic
167092	FOXG1	Rett and Angelman-like Disorders VCEP	Likely pathogenic	PS3_Supporting, PM6, PP3, PM2_Supporting, PM1, PS4_Moderate	9	Likely pathogenic	Likely pathogenic
160079	TCF4	Rett and Angelman-like Disorders VCEP	Likely pathogenic	PP3, PM6, PM1, PS4_Supporting, PM2_Supporting	7	Likely pathogenic	Likely pathogenic
156656	MECP2	Rett and Angelman-like Disorders VCEP	Benign	BA1	0	Benign	Benign
9646	MT-ATP6	Mitochondrial Diseases VCEP	Likely pathogenic	PM6_Supporting, PM4, PM2_Supporting, PS4_Supporting	5	Uncertain significance	Uncertain significance
139404	TCF4	Rett and Angelman-like Disorders VCEP	Benign	BA1, BS2_Supporting	-1	Benign	Benign
339868	RUNX1	Myeloid Malignancy VCEP	Benign	BP2, BA1	-1	Benign	Benign
156642	CDKL5	Rett and Angelman-like Disorders VCEP	Benign	BA1, BS2_Supporting	-1	Benign	Benign
65921	MT-ND1	Mitochondrial Diseases VCEP	Uncertain significance	BP4, PS2_Supporting, PM2_Supporting	1	Uncertain significance	Uncertain significance
139210	SLC9A6	Rett and Angelman-like Disorders VCEP	Benign	BA1	0	Benign	Benign
137882	UBE3A	Rett and Angelman-like Disorders VCEP	Benign	BA1, BP4, BP7	-2	Benign	Benign
96264	UBE3A	Rett and Angelman-like Disorders VCEP	Benign	BA1, BP4, BP7	-2	Benign	Benign
986501	MT-ND5	Mitochondrial Diseases VCEP	Uncertain significance	PP3, PM2_Supporting	2	Uncertain significance	Uncertain significance
96263	UBE3A	Rett and Angelman-like Disorders VCEP	Benign	BA1	0	Benign	Benign
1091071	RUNX1	Myeloid Malignancy VCEP	Likely benign	BP7, BP4	-2	Likely benign	Likely benign
217366	UBE3A	Rett and Angelman-like Disorders VCEP	Uncertain significance	PP4, PS2	5	Uncertain significance	Uncertain significance
217365	UBE3A	Rett and Angelman-like Disorders VCEP	Pathogenic	PP4, PS2_Very Strong, PS4, PM4_Supporting, PM2_Supporting	15	Pathogenic	Pathogenic
758049	RUNX1	Myeloid Malignancy VCEP	Likely benign	BP7, PM2_Supporting, BP4	-1	Likely benign	Likely benign
160214	UBE3A	Rett and Angelman-like Disorders VCEP	Likely pathogenic	PM6, PP3, PM2_Supporting, PS4_Moderate	6	Likely pathogenic	Likely pathogenic
156677	UBE3A	Rett and Angelman-like Disorders VCEP	Uncertain significance	BP4	-1	Likely benign	Uncertain significance
156120	UBE3A	Rett and Angelman-like Disorders VCEP	Uncertain significance	PP4, PS4_Moderate, PM2_Supporting	4	Uncertain significance	Uncertain significance
1693553	MT-ND5	Mitochondrial Diseases VCEP	Uncertain significance	PP3, PM2_Supporting, PS4_Supporting	3	Uncertain significance	Uncertain significance
532687	RUNX1	Myeloid Malignancy VCEP	Likely benign	BP7, BP4	-2	Likely benign	Likely benign
143738	MECP2	Rett and Angelman-like Disorders VCEP	Pathogenic	PP3, PP4, PS4, PM1, PM5, PM6_Strong, PM2_Supporting	15	Pathogenic	Pathogenic
339806	RUNX1	Myeloid Malignancy VCEP	Likely benign	BS1	-4	Likely benign	Uncertain significance
339857	RUNX1	Myeloid Malignancy VCEP	Benign	BA1, BP2	-1	Benign	Benign
156132	UBE3A	Rett and Angelman-like Disorders VCEP	Benign	BA1, BP4	-1	Benign	Benign
156124	UBE3A	Rett and Angelman-like Disorders VCEP	Uncertain significance	BP4	-1	Likely benign	Uncertain significance
339860	RUNX1	Myeloid Malignancy VCEP	Benign	BA1, BP2	-1	Benign	Benign
463984	RUNX1	Myeloid Malignancy VCEP	Benign	BA1, BP4	-1	Benign	Benign
191364	MT-ATP6	Mitochondrial Diseases VCEP	Likely pathogenic	PP3, PM2_Supporting, PS4_Moderate, PS2_Moderate, PS3_Supporting, PP1_Moderate	9	Likely pathogenic	Likely pathogenic
1066009	RUNX1	Myeloid Malignancy VCEP	Likely pathogenic	PVS1, PM2_Supporting	9	Likely pathogenic	Uncertain significance
155881	MT-ND1	Mitochondrial Diseases VCEP	Likely pathogenic	PP3, PM2_Supporting, PS4_Moderate, PP1_Moderate, PS3_Supporting	7	Likely pathogenic	Likely pathogenic
137886	UBE3A	Rett and Angelman-like Disorders VCEP	Benign	BA1	0	Benign	Benign
137883	UBE3A	Rett and Angelman-like Disorders VCEP	Likely benign	BP4, BP7	-2	Likely benign	Likely benign
9698	MT-ND5	Mitochondrial Diseases VCEP	Likely pathogenic	PP3, PM2_Supporting, PS4_Moderate, PS2_Moderate	6	Likely pathogenic	Likely pathogenic
9691	MT-ND6	Mitochondrial Diseases VCEP	Likely pathogenic	PP3, PM2_Supporting, PS4_Supporting, PP1_Moderate	5	Uncertain significance	Uncertain significance
65515	MT-ND6	Mitochondrial Diseases VCEP	Likely pathogenic	PS4_Moderate, PP1_Moderate, PM2_Supporting, PP3	6	Likely pathogenic	Likely pathogenic
9732	MT-ND1	Mitochondrial Diseases VCEP	Uncertain significance	PP3, PM2_Supporting, PS4_Moderate	4	Uncertain significance	Uncertain significance
155889	MT-ND5	Mitochondrial Diseases VCEP	Likely pathogenic	PP3, PM2_Supporting, PS4_Moderate, PM6_Supporting, PM5, PS3_Supporting	8	Likely pathogenic	Likely pathogenic
9693	MT-ND6	Mitochondrial Diseases VCEP	Likely pathogenic	PP3, PM2_Supporting, PS4_Moderate, PM5	6	Likely pathogenic	Likely pathogenic
9711	MT-ND4	Mitochondrial Diseases VCEP	Likely pathogenic	PP3, PP1, PM2_Supporting, PS4_Moderate, PM5, PS3_Supporting	8	Likely pathogenic	Likely pathogenic
9685	MT-CYB	Mitochondrial Diseases VCEP	Uncertain significance	PP3, PM2_Supporting	2	Uncertain significance	Uncertain significance
9692	MT-ND6	Mitochondrial Diseases VCEP	Likely pathogenic	PP3, PM6_Strong, PM2_Supporting, PS4_Moderate	8	Likely pathogenic	Likely pathogenic
9548	MT-TV	Mitochondrial Diseases VCEP	Uncertain significance	PP3, PM2_Supporting, PM6_Supporting, PS3_Supporting	4	Uncertain significance	Uncertain significance
9576	MT-TF	Mitochondrial Diseases VCEP	Likely pathogenic	PP3, PM2_Supporting, PS4_Moderate, PP1_Moderate	6	Likely pathogenic	Likely pathogenic
9731	MT-ND1	Mitochondrial Diseases VCEP	Likely pathogenic	PM6_Strong, PM2_Supporting, PS3_Moderate, PS4_Moderate	9	Likely pathogenic	Likely pathogenic
9703	MT-ND5	Mitochondrial Diseases VCEP	Likely pathogenic	PP3, PM2_Supporting, PS4_Moderate, PP1_Moderate	6	Likely pathogenic	Likely pathogenic
690280	MT-ATP6	Mitochondrial Diseases VCEP	Likely pathogenic	PP3, PM2_Supporting, PS3_Moderate, PS4_Moderate	6	Likely pathogenic	Likely pathogenic
9708	MT-ND4	Mitochondrial Diseases VCEP	Pathogenic	PP3, PS4, PP1_Moderate, PS3_Supporting	8	Likely pathogenic	Likely pathogenic
9640	MT-ATP8	Mitochondrial Diseases VCEP	Likely pathogenic	PP3, PP1, PM2_Supporting, PS4_Moderate	5	Uncertain significance	Uncertain significance
988857	RUNX1	Myeloid Malignancy VCEP	Uncertain significance	PM1_Supporting, PS4_Moderate, PP3, PM2_Supporting	5	Uncertain significance	Uncertain significance
1106924	RUNX1	Myeloid Malignancy VCEP	Likely benign	BP7, BP4	-2	Likely benign	Likely benign
339859	RUNX1	Myeloid Malignancy VCEP	Benign	BP2, BA1	-1	Benign	Benign
258181	RUNX1	Myeloid Malignancy VCEP	Benign	BP2, BA1	-1	Benign	Benign
226334	LDLR	Familial Hypercholesterolemia VCEP	Pathogenic	PM5_Strong, PS4, PM2, PP3, PP1, PP4, PS3_Moderate	15	Pathogenic	Pathogenic
251456	LDLR	Familial Hypercholesterolemia VCEP	Pathogenic	PM5_Strong, PP1_Moderate, PM2, PP3, PP4	10	Pathogenic	Pathogenic
251457	LDLR	Familial Hypercholesterolemia VCEP	Likely pathogenic	PM5_Strong, PM2, PP3, PP4, PS4_Supporting	9	Likely pathogenic	Likely pathogenic
251458	LDLR	Familial Hypercholesterolemia VCEP	Likely pathogenic	PM5_Strong, PM2, PP3	7	Likely pathogenic	Likely pathogenic
251488	LDLR	Familial Hypercholesterolemia VCEP	Likely pathogenic	PM2, PP3, PP1, PP4, PS4_Supporting	6	Likely pathogenic	Likely pathogenic
183101	LDLR	Familial Hypercholesterolemia VCEP	Uncertain significance	BP4, PM2	1	Uncertain significance	Uncertain significance
251903	LDLR	Familial Hypercholesterolemia VCEP	Uncertain significance	PM2, PP3, PP4	4	Uncertain significance	Uncertain significance
496019	LDLR	Familial Hypercholesterolemia VCEP	Uncertain significance	PM2, PP3	3	Uncertain significance	Uncertain significance
251904	LDLR	Familial Hypercholesterolemia VCEP	Uncertain significance	PM2, PP3	3	Uncertain significance	Uncertain significance
431531	LDLR	Familial Hypercholesterolemia VCEP	Uncertain significance	PM2, PP3	3	Uncertain significance	Uncertain significance
3686	LDLR	Familial Hypercholesterolemia VCEP	Pathogenic	PS3, PS4, PP1_Strong, BS4, PM1, PM3, PM2, PP3, PP4	16	Pathogenic	Pathogenic
226329	LDLR	Familial Hypercholesterolemia VCEP	Pathogenic	PS4, PP1_Strong, PM4, PM2, PP4, PS3_Moderate	15	Pathogenic	Pathogenic
251356	LDLR	Familial Hypercholesterolemia VCEP	Pathogenic	PS4_Moderate, PS3, PP1_Strong, PM1, PM2, PP3, PP4	16	Pathogenic	Pathogenic
183092	LDLR	Familial Hypercholesterolemia VCEP	Pathogenic	PS4, PP1_Strong, BS4, PM1, PM3, PM2, PP3, PP4, PS3_Moderate	14	Pathogenic	Pathogenic
926358	LDLR	Familial Hypercholesterolemia VCEP	Likely benign	BP4, PM2, BS2	-3	Likely benign	Likely benign
161286	LDLR	Familial Hypercholesterolemia VCEP	Uncertain significance	PM2, PP4, PS4_Supporting	4	Uncertain significance	Uncertain significance
586794	HNF1A	Monogenic Diabetes VCEP	Likely pathogenic	PS4_Moderate, PM1_Supporting, PP3, PP4, PM2_Supporting	6	Likely pathogenic	Likely pathogenic
1700000	HNF1A	Monogenic Diabetes VCEP	Uncertain significance	PM1_Supporting, PP3, PP1, PM2_Supporting	4	Uncertain significance	Uncertain significance
-	HNF1A	Monogenic Diabetes VCEP	Pathogenic	PS4, PP1_Strong, PVS1, PP4_Moderate, PM2_Supporting	19	Pathogenic	Pathogenic
1700002	HNF1A	Monogenic Diabetes VCEP	Benign	PM5_Supporting, BA1	1	Benign	Benign
1315998	HNF1A	Monogenic Diabetes VCEP	Pathogenic	PS4, PP1_Strong, PP3, PP4, PM2_Supporting	11	Pathogenic	Pathogenic
1700003	HNF1A	Monogenic Diabetes VCEP	Likely pathogenic	PVS1_Strong, PP4, PM2_Supporting	6	Likely pathogenic	Likely pathogenic
14931	HNF1A	Monogenic Diabetes VCEP	Pathogenic	PS4, PP1_Strong, PS3_Supporting, PP3, PM2_Supporting, PM1	13	Pathogenic	Pathogenic
258183	RUNX1	Myeloid Malignancy VCEP	Likely benign	BP7, BP4	-2	Likely benign	Likely benign
239051	RUNX1	Myeloid Malignancy VCEP	Benign	BP7, BS1, BP4	-6	Likely benign	Likely benign
627101	RUNX1	Myeloid Malignancy VCEP	Pathogenic	PM5_Supporting, PVS1, PM2_Supporting	10	Pathogenic	Pathogenic
239049	RUNX1	Myeloid Malignancy VCEP	Likely benign	BP7, BP4	-2	Likely benign	Likely benign
532684	RUNX1	Myeloid Malignancy VCEP	Likely benign	BP7, BP4	-2	Likely benign	Likely benign
561257	RUNX1	Myeloid Malignancy VCEP	Likely benign	BP7, BP4	-2	Likely benign	Likely benign
258182	RUNX1	Myeloid Malignancy VCEP	Likely benign	BP7, PM2_Supporting, BP4	-1	Likely benign	Likely benign
739793	RUNX1	Myeloid Malignancy VCEP	Likely benign	BP7, BP4	-2	Likely benign	Likely benign
1148255	RUNX1	Myeloid Malignancy VCEP	Likely benign	BP7, BP4	-2	Likely benign	Likely benign
770248	RUNX1	Myeloid Malignancy VCEP	Likely benign	BP7, BP4	-2	Likely benign	Likely benign
1130934	RUNX1	Myeloid Malignancy VCEP	Likely benign	BP7, PM2_Supporting, BP4	-1	Likely benign	Likely benign
561235	RUNX1	Myeloid Malignancy VCEP	Likely pathogenic	PVS1, PM2_Supporting	9	Likely pathogenic	Uncertain significance
1194557	RUNX1	Myeloid Malignancy VCEP	Pathogenic	PS4, PVS1_Strong, PM5_Supporting, PP1, PM2_Supporting	11	Pathogenic	Pathogenic
1142251	RUNX1	Myeloid Malignancy VCEP	Likely benign	BP7, BP4	-2	Likely benign	Likely benign
1153275	RUNX1	Myeloid Malignancy VCEP	Likely benign	BP7, PM2_Supporting, BP4	-1	Likely benign	Likely benign
1129441	RUNX1	Myeloid Malignancy VCEP	Likely benign	BP7, BP4	-2	Likely benign	Likely benign
755769	RUNX1	Myeloid Malignancy VCEP	Likely benign	BP7, PM2_Supporting, BP4	-1	Likely benign	Likely benign
1091365	RUNX1	Myeloid Malignancy VCEP	Likely benign	BP7, BP4	-2	Likely benign	Likely benign
339867	RUNX1	Myeloid Malignancy VCEP	Benign	BA1	0	Benign	Benign
339873	RUNX1	Myeloid Malignancy VCEP	Likely benign	BS1	-4	Likely benign	Uncertain significance
339870	RUNX1	Myeloid Malignancy VCEP	Likely benign	BS1	-4	Likely benign	Uncertain significance
579565	RUNX1	Myeloid Malignancy VCEP	Likely benign	BS1, BP4	-5	Likely benign	Likely benign
1488717	RUNX1	Myeloid Malignancy VCEP	Uncertain significance	PVS1_Strong, PM2_Supporting	5	Uncertain significance	Uncertain significance
1073521	RUNX1	Myeloid Malignancy VCEP	Likely pathogenic	PVS1, PM2_Supporting	9	Likely pathogenic	Uncertain significance
943551	RUNX1	Myeloid Malignancy VCEP	Likely pathogenic	PVS1, PM2_Supporting	9	Likely pathogenic	Uncertain significance
561225	RUNX1	Myeloid Malignancy VCEP	Uncertain significance	PVS1_Strong, PM5_Supporting	5	Uncertain significance	Uncertain significance
1459069	RUNX1	Myeloid Malignancy VCEP	Pathogenic	PVS1, PS4_Supporting, PM2_Supporting	10	Pathogenic	Pathogenic
666187	RUNX1	Myeloid Malignancy VCEP	Uncertain significance	PM2_Supporting	1	Uncertain significance	Uncertain significance
532666	RUNX1	Myeloid Malignancy VCEP	Uncertain significance	PM2_Supporting, BP4	0	Uncertain significance	Uncertain significance
660838	RUNX1	Myeloid Malignancy VCEP	Uncertain significance		0	Uncertain significance	Uncertain significance
843935	RUNX1	Myeloid Malignancy VCEP	Uncertain significance	BP4	-1	Likely benign	Uncertain significance
861043	RUNX1	Myeloid Malignancy VCEP	Uncertain significance	PM1_Supporting	1	Uncertain significance	Uncertain significance
898729	RUNX1	Myeloid Malignancy VCEP	Uncertain significance	PM2_Supporting	1	Uncertain significance	Uncertain significance
897627	RUNX1	Myeloid Malignancy VCEP	Likely benign	BS1	-4	Likely benign	Uncertain significance
747644	RUNX1	Myeloid Malignancy VCEP	Uncertain significance	PP3, PM2_Supporting	2	Uncertain significance	Uncertain significance
1078219	RUNX1	Myeloid Malignancy VCEP	Benign	BS1, BP7, BP4	-6	Likely benign	Likely benign
701629	RUNX1	Myeloid Malignancy VCEP	Likely benign	BP7, BP4	-2	Likely benign	Likely benign
760480	RUNX1	Myeloid Malignancy VCEP	Likely benign	BP7, BP4	-2	Likely benign	Likely benign
1154966	RUNX1	Myeloid Malignancy VCEP	Likely benign	BP7, PM2_Supporting, BP4	-1	Likely benign	Likely benign
1158650	RUNX1	Myeloid Malignancy VCEP	Likely benign	BP7, PM2_Supporting, BP4	-1	Likely benign	Likely benign
1095395	RUNX1	Myeloid Malignancy VCEP	Likely benign	BP7, PM2_Supporting, BP4	-1	Likely benign	Likely benign
1090114	RUNX1	Myeloid Malignancy VCEP	Likely benign	BP7, PM2_Supporting, BP4	-1	Likely benign	Likely benign
1153047	RUNX1	Myeloid Malignancy VCEP	Likely benign	BP7, PM2_Supporting, BP4	-1	Likely benign	Likely benign
1159445	RUNX1	Myeloid Malignancy VCEP	Likely benign	BP7, BP4	-2	Likely benign	Likely benign
1069299	RUNX1	Myeloid Malignancy VCEP	Pathogenic	PM5_Supporting, PVS1, PM2_Supporting	10	Pathogenic	Pathogenic
1076589	RUNX1	Myeloid Malignancy VCEP	Pathogenic	PM5_Supporting, PVS1, PM2_Supporting	10	Pathogenic	Pathogenic
767539	RUNX1	Myeloid Malignancy VCEP	Likely benign	BP7, BP4	-2	Likely benign	Likely benign
1124345	RUNX1	Myeloid Malignancy VCEP	Likely benign	BP7, PM2_Supporting, BP4	-1	Likely benign	Likely benign
239058	RUNX1	Myeloid Malignancy VCEP	Uncertain significance	BP4	-1	Likely benign	Uncertain significance
1099856	RUNX1	Myeloid Malignancy VCEP	Likely benign	BP7, PM2_Supporting, BP4	-1	Likely benign	Likely benign
1142684	RUNX1	Myeloid Malignancy VCEP	Likely benign	BP7, PM2_Supporting, BP4	-1	Likely benign	Likely benign
1088939	RUNX1	Myeloid Malignancy VCEP	Likely benign	BP7, PM2_Supporting, BP4	-1	Likely benign	Likely benign
1144056	RUNX1	Myeloid Malignancy VCEP	Likely benign	BP7, PM2_Supporting, BP4	-1	Likely benign	Likely benign
761366	RUNX1	Myeloid Malignancy VCEP	Likely benign	BP7, PM2_Supporting, BP4	-1	Likely benign	Likely benign
1165599	RUNX1	Myeloid Malignancy VCEP	Uncertain significance	BP4	-1	Likely benign	Uncertain significance
896108	RUNX1	Myeloid Malignancy VCEP	Benign	BP7, BS1, BP4	-6	Likely benign	Likely benign
812740	RUNX1	Myeloid Malignancy VCEP	Likely pathogenic	PP3, PP1, PS4_Supporting, PM2_Supporting, PM1	6	Likely pathogenic	Likely pathogenic
532661	RUNX1	Myeloid Malignancy VCEP	Likely benign	BS1, BP4	-5	Likely benign	Likely benign
409820	RUNX1	Myeloid Malignancy VCEP	Likely benign	BS1, BP4	-5	Likely benign	Likely benign
1013620	RUNX1	Myeloid Malignancy VCEP	Pathogenic	PM5_Supporting, PVS1, PM2_Supporting	10	Pathogenic	Pathogenic
707307	RUNX1	Myeloid Malignancy VCEP	Likely benign	BP7, BP4	-2	Likely benign	Likely benign
580539	RUNX1	Myeloid Malignancy VCEP	Uncertain significance		0	Uncertain significance	Uncertain significance
561227	RUNX1	Myeloid Malignancy VCEP	Benign	BP7, BS1, BP2, BP4	-7	Benign	Likely benign
941820	RUNX1	Myeloid Malignancy VCEP	Uncertain significance	BP4	-1	Likely benign	Uncertain significance
1000131	RUNX1	Myeloid Malignancy VCEP	Uncertain significance	BP4	-1	Likely benign	Uncertain significance
532685	RUNX1	Myeloid Malignancy VCEP	Likely benign	BP7, PM2_Supporting, BP4	-1	Likely benign	Likely benign
532673	RUNX1	Myeloid Malignancy VCEP	Benign	BP4, BA1	-1	Benign	Benign
464000	RUNX1	Myeloid Malignancy VCEP	Likely benign	BP7, PM2_Supporting, BP4	-1	Likely benign	Likely benign
532680	RUNX1	Myeloid Malignancy VCEP	Likely benign	BP7, BP4	-2	Likely benign	Likely benign
463995	RUNX1	Myeloid Malignancy VCEP	Likely benign	BP7, PM2_Supporting, BP4	-1	Likely benign	Likely benign
532676	RUNX1	Myeloid Malignancy VCEP	Likely benign	BP7, BP4	-2	Likely benign	Likely benign
1142095	RUNX1	Myeloid Malignancy VCEP	Likely benign	BP7, PM2_Supporting, BP4	-1	Likely benign	Likely benign
463976	RUNX1	Myeloid Malignancy VCEP	Uncertain significance	BP4	-1	Likely benign	Uncertain significance
258187	RUNX1	Myeloid Malignancy VCEP	Likely benign	BP7, BP4	-2	Likely benign	Likely benign
463991	RUNX1	Myeloid Malignancy VCEP	Likely benign	BP7, PM2_Supporting, BP4	-1	Likely benign	Likely benign
415835	RUNX1	Myeloid Malignancy VCEP	Likely benign	BP7, PM2_Supporting, BP4	-1	Likely benign	Likely benign
463981	RUNX1	Myeloid Malignancy VCEP	Likely benign	BP7, PM2_Supporting, BP4	-1	Likely benign	Likely benign
706138	RUNX1	Myeloid Malignancy VCEP	Uncertain significance	BP4	-1	Likely benign	Uncertain significance
339807	RUNX1	Myeloid Malignancy VCEP	Likely benign	BS1, BP2	-5	Likely benign	Likely benign
1012038	RUNX1	Myeloid Malignancy VCEP	Uncertain significance	PM1_Supporting, PP3	2	Uncertain significance	Uncertain significance
1116571	RUNX1	Myeloid Malignancy VCEP	Likely benign	BP7, PM2_Supporting, BP4	-1	Likely benign	Likely benign
1135117	RUNX1	Myeloid Malignancy VCEP	Likely benign	BP7, PM2_Supporting, BP4	-1	Likely benign	Likely benign
627081	RUNX1	Myeloid Malignancy VCEP	Likely pathogenic	PVS1, PM2_Supporting	9	Likely pathogenic	Uncertain significance
4468	DICER1	DICER1 and miRNA-Processing Gene VCEP	Likely pathogenic	PP1_Moderate, PS3_Supporting, PP3, PM2_Supporting, PS4_Supporting	6	Likely pathogenic	Likely pathogenic
690480	DICER1	DICER1 and miRNA-Processing Gene VCEP	Pathogenic	PS3_Supporting, PS2_Very Strong, PP3, PM2_Supporting, PS4_Moderate, PM1	15	Pathogenic	Pathogenic
412119	DICER1	DICER1 and miRNA-Processing Gene VCEP	Pathogenic	PS3_Supporting, PP3, PP4, PM2_Supporting, PS4, PM1_Supporting, PP1_Strong	13	Pathogenic	Pathogenic
254350	DICER1	DICER1 and miRNA-Processing Gene VCEP	Likely pathogenic	PS3_Supporting, PP3, PM2_Supporting, PM1_Supporting, PS4_Moderate	6	Likely pathogenic	Likely pathogenic
690454	DICER1	DICER1 and miRNA-Processing Gene VCEP	Likely pathogenic	PS3_Supporting, PS2_Supporting, PP3, PM2_Supporting, PM1	6	Likely pathogenic	Likely pathogenic
254344	DICER1	DICER1 and miRNA-Processing Gene VCEP	Pathogenic	PVS1, PS4_Supporting, PM2_Supporting	10	Pathogenic	Pathogenic
254287	DICER1	DICER1 and miRNA-Processing Gene VCEP	Pathogenic	PVS1, PP4, PS4_Supporting, PM2_Supporting	11	Pathogenic	Pathogenic
429113	DICER1	DICER1 and miRNA-Processing Gene VCEP	Pathogenic	PVS1, PP4, PS4_Supporting, PM2_Supporting	11	Pathogenic	Pathogenic
254298	DICER1	DICER1 and miRNA-Processing Gene VCEP	Pathogenic	PVS1, PP1, PS4_Supporting, PM2_Supporting	11	Pathogenic	Pathogenic
254355	DICER1	DICER1 and miRNA-Processing Gene VCEP	Pathogenic	PVS1, PP4, PS4_Supporting, PM2_Supporting	11	Pathogenic	Pathogenic
1120421	RUNX1	Myeloid Malignancy VCEP	Likely benign	BP7, PM2_Supporting, BP4	-1	Likely benign	Likely benign
254310	DICER1	DICER1 and miRNA-Processing Gene VCEP	Pathogenic	PVS1, PM2_Supporting, PS4_Moderate	11	Pathogenic	Pathogenic
429148	DICER1	DICER1 and miRNA-Processing Gene VCEP	Pathogenic	PVS1, PM6, PS4_Supporting, PM2_Supporting	12	Pathogenic	Pathogenic
429116	DICER1	DICER1 and miRNA-Processing Gene VCEP	Pathogenic	PVS1, PM2_Supporting, PS4_Moderate, PS2	15	Pathogenic	Pathogenic
477261	DICER1	DICER1 and miRNA-Processing Gene VCEP	Pathogenic	PVS1, PS4_Supporting, PM2_Supporting	10	Pathogenic	Pathogenic
133967	DICER1	DICER1 and miRNA-Processing Gene VCEP	Benign	BS1, BS2, BP4, BS3_Supporting	-10	Benign	Benign
242127	DICER1	DICER1 and miRNA-Processing Gene VCEP	Benign	BS1, BS2, BP4	-9	Benign	Benign
794388	DICER1	DICER1 and miRNA-Processing Gene VCEP	Likely benign	BS1, BP4	-5	Likely benign	Likely benign
220594	DICER1	DICER1 and miRNA-Processing Gene VCEP	Benign	BS1, BS2, BP4	-9	Benign	Benign
133965	DICER1	DICER1 and miRNA-Processing Gene VCEP	Benign	BS2, BA1, BP4	-5	Benign	Benign
242151	DICER1	DICER1 and miRNA-Processing Gene VCEP	Benign	BS2, BA1, BP4	-5	Benign	Benign
436614	RUNX1	Myeloid Malignancy VCEP	Uncertain significance		0	Uncertain significance	Uncertain significance
627384	RUNX1	Myeloid Malignancy VCEP	Pathogenic	PM5_Supporting, PVS1, PS4_Supporting, PM2_Supporting	11	Pathogenic	Pathogenic
575111	RUNX1	Myeloid Malignancy VCEP	Uncertain significance	PM1_Supporting, PP3, PM2_Supporting	3	Uncertain significance	Uncertain significance
1695375	RUNX1	Myeloid Malignancy VCEP	Uncertain significance	PM1_Supporting, PP3, PM2_Supporting	3	Uncertain significance	Uncertain significance
464008	RUNX1	Myeloid Malignancy VCEP	Uncertain significance	BP4	-1	Likely benign	Uncertain significance
574330	RUNX1	Myeloid Malignancy VCEP	Uncertain significance	PM2_Supporting	1	Uncertain significance	Uncertain significance
133964	DICER1	DICER1 and miRNA-Processing Gene VCEP	Benign	BS1, BS2, BP4	-9	Benign	Benign
242128	DICER1	DICER1 and miRNA-Processing Gene VCEP	Likely benign	BP7, BS1, BP4	-6	Likely benign	Likely benign
751425	DICER1	DICER1 and miRNA-Processing Gene VCEP	Likely benign	BP7, BP4	-2	Likely benign	Likely benign
417113	DICER1	DICER1 and miRNA-Processing Gene VCEP	Likely benign	BP7, BS2, BP4	-6	Likely benign	Likely benign
477262	DICER1	DICER1 and miRNA-Processing Gene VCEP	Likely benign	BP7, PM2_Supporting, BP4	-1	Likely benign	Likely benign
315107	DICER1	DICER1 and miRNA-Processing Gene VCEP	Likely benign	BP7, BS2, BP4	-6	Likely benign	Likely benign
580203	DICER1	DICER1 and miRNA-Processing Gene VCEP	Pathogenic	PP4, PM2_Supporting, PS3, PS4	10	Pathogenic	Pathogenic
650411	RUNX1	Myeloid Malignancy VCEP	Uncertain significance		0	Uncertain significance	Uncertain significance
566588	DICER1	DICER1 and miRNA-Processing Gene VCEP	Uncertain significance	PM2_Supporting, PM4_Supporting	2	Uncertain significance	Uncertain significance
543697	DICER1	DICER1 and miRNA-Processing Gene VCEP	Likely benign	BP7, BP4	-2	Likely benign	Likely benign
649946	DICER1	DICER1 and miRNA-Processing Gene VCEP	Likely pathogenic	PVS1, PM2_Supporting	9	Likely pathogenic	Uncertain significance
392183	RUNX1	Myeloid Malignancy VCEP	Uncertain significance	BP4	-1	Likely benign	Uncertain significance
133974	DICER1	DICER1 and miRNA-Processing Gene VCEP	Benign	BS1, BS2, BP4, PM1_Supporting	-8	Benign	Benign
242130	DICER1	DICER1 and miRNA-Processing Gene VCEP	Uncertain significance	PP3, PM1_Supporting	2	Uncertain significance	Uncertain significance
242100	DICER1	DICER1 and miRNA-Processing Gene VCEP	Likely benign	BS2, PM4_Supporting	-3	Likely benign	Uncertain significance
315099	DICER1	DICER1 and miRNA-Processing Gene VCEP	Likely benign	BS2_Supporting, BP4	-2	Likely benign	Likely benign
947388	DICER1	DICER1 and miRNA-Processing Gene VCEP	Uncertain significance	PM2_Supporting, PVS1_Moderate	3	Uncertain significance	Uncertain significance
412120	DICER1	DICER1 and miRNA-Processing Gene VCEP	Uncertain significance		0	Uncertain significance	Uncertain significance
820285	DICER1	DICER1 and miRNA-Processing Gene VCEP	Likely benign	BS3, PM2_Supporting	-3	Likely benign	Uncertain significance
242076	DICER1	DICER1 and miRNA-Processing Gene VCEP	Uncertain significance	PM2_Supporting, PM4_Supporting	2	Uncertain significance	Uncertain significance
477260	DICER1	DICER1 and miRNA-Processing Gene VCEP	Uncertain significance	PM2_Supporting, PM1_Supporting	2	Uncertain significance	Uncertain significance
690445	DICER1	DICER1 and miRNA-Processing Gene VCEP	Likely pathogenic	PS3_Supporting, PP3, PP1, PP4, PS4_Supporting, PM2_Supporting	6	Likely pathogenic	Uncertain significance
339794	RUNX1	Myeloid Malignancy VCEP	Likely benign	BS1	-4	Likely benign	Uncertain significance
133202	RYR1	Malignant Hyperthermia Susceptibility VCEP	Pathogenic	PP1, PS3_Moderate, PM5, PM1_Supporting, PS4_Moderate, PP3_Moderate	10	Pathogenic	Likely pathogenic
478159	RYR1	Malignant Hyperthermia Susceptibility VCEP	Uncertain significance	PM5_Supporting, PS4_Supporting, PP3_Moderate	4	Uncertain significance	Uncertain significance
133174	RYR1	Malignant Hyperthermia Susceptibility VCEP	Pathogenic	PS3_Moderate, PM1, PS4, PP1_Strong, PP3_Moderate	14	Pathogenic	Pathogenic
65981	RYR1	Malignant Hyperthermia Susceptibility VCEP	Likely pathogenic	PM5_Supporting, PS4_Moderate, PS3, PP3_Moderate	9	Likely pathogenic	Likely pathogenic
133028	RYR1	Malignant Hyperthermia Susceptibility VCEP	Uncertain significance	PM5, PM1_Supporting, PP3_Moderate	5	Uncertain significance	Uncertain significance
133012	RYR1	Malignant Hyperthermia Susceptibility VCEP	Likely pathogenic	BS2_Supporting, PS4_Moderate, PP3_Moderate, PP1_Strong	7	Likely pathogenic	Likely pathogenic
133098	RYR1	Malignant Hyperthermia Susceptibility VCEP	Pathogenic	PP1, PS3_Moderate, PM1_Supporting, PS4, PP3_Moderate	10	Pathogenic	Pathogenic
133074	RYR1	Malignant Hyperthermia Susceptibility VCEP	Likely pathogenic	PS3_Supporting, PS4_Moderate, PM1_Supporting, PP3_Moderate	6	Likely pathogenic	Likely pathogenic
133072	RYR1	Malignant Hyperthermia Susceptibility VCEP	Likely pathogenic	PP1_Moderate, PS3_Moderate, PS4_Moderate, PM1_Supporting, PP3_Moderate	9	Likely pathogenic	Likely pathogenic
12978	RYR1	Malignant Hyperthermia Susceptibility VCEP	Pathogenic	PM1_Supporting, PS4, PS3, PP1_Strong, PP3_Moderate	15	Pathogenic	Pathogenic
133240	RYR1	Malignant Hyperthermia Susceptibility VCEP	Likely pathogenic	PP1_Moderate, PS3_Moderate, PS4_Moderate, PP3_Moderate	8	Likely pathogenic	Likely pathogenic
65980	RYR1	Malignant Hyperthermia Susceptibility VCEP	Pathogenic	BS2_Supporting, PS3_Moderate, PM1, PS4, PP1_Strong, PP3_Moderate	13	Pathogenic	Pathogenic
65979	RYR1	Malignant Hyperthermia Susceptibility VCEP	Likely pathogenic	PP1_Moderate, PS3_Moderate, PM1, PS4_Moderate	8	Likely pathogenic	Likely pathogenic
12966	RYR1	Malignant Hyperthermia Susceptibility VCEP	Pathogenic	PS3_Moderate, PM1, PS4, PP3_Moderate, PP1_Strong	14	Pathogenic	Pathogenic
12970	RYR1	Malignant Hyperthermia Susceptibility VCEP	Pathogenic	BS2, PM1, PS4, PS3, PP1_Strong, PP3_Moderate	12	Pathogenic	Pathogenic
133189	RYR1	Malignant Hyperthermia Susceptibility VCEP	Pathogenic	PP1_Moderate, PS3_Moderate, PM1, PS4_Moderate, PP3_Moderate	10	Pathogenic	Likely pathogenic
133183	RYR1	Malignant Hyperthermia Susceptibility VCEP	Pathogenic	PS3_Moderate, PM1, PS4, PP1_Strong, PP3_Moderate	14	Pathogenic	Pathogenic
133180	RYR1	Malignant Hyperthermia Susceptibility VCEP	Likely pathogenic	PP1, PS3_Moderate, PM1, PS4_Moderate	7	Likely pathogenic	Likely pathogenic
12965	RYR1	Malignant Hyperthermia Susceptibility VCEP	Likely pathogenic	BS2_Supporting, PP1, PS3_Moderate, PM1, PS4, PP3_Moderate	10	Pathogenic	Pathogenic
198090	RYR1	Malignant Hyperthermia Susceptibility VCEP	Uncertain significance	PM1, PS4_Moderate	4	Uncertain significance	Uncertain significance
448981	ACADVL	ACADVL VCEP	Likely pathogenic	PVS1, PM2_Supporting	9	Likely pathogenic	Uncertain significance
932849	ACADVL	ACADVL VCEP	Likely pathogenic	PVS1, PM2_Supporting	9	Likely pathogenic	Uncertain significance
932850	ACADVL	ACADVL VCEP	Likely pathogenic	PVS1, PM2_Supporting	9	Likely pathogenic	Uncertain significance
840694	ACADVL	ACADVL VCEP	Likely pathogenic	PM3, PP4_Moderate, PP3, PM2_Supporting	6	Likely pathogenic	Likely pathogenic
703885	ACADVL	ACADVL VCEP	Likely benign	BP7, BP4	-2	Likely benign	Likely benign
-	ACADVL	ACADVL VCEP	Uncertain significance	PP3, PM2_Supporting	2	Uncertain significance	Uncertain significance
-	PAH	Phenylketonuria VCEP	Pathogenic	PM3_Supporting, PM2, PVS1, PP4	12	Pathogenic	Pathogenic
-	PAH	Phenylketonuria VCEP	Likely pathogenic	PVS1, PM2	10	Pathogenic	Likely pathogenic
102522	PAH	Phenylketonuria VCEP	Pathogenic	PM3_Supporting, PVS1, PM2, PP4	12	Pathogenic	Pathogenic
102524	PAH	Phenylketonuria VCEP	Pathogenic	PM3_Supporting, PVS1, PP4_Moderate, PM2	13	Pathogenic	Pathogenic
102548	PAH	Phenylketonuria VCEP	Likely pathogenic	PM5, PM2, PP3, PP4	6	Likely pathogenic	Likely pathogenic
-	PAH	Phenylketonuria VCEP	Likely pathogenic	PM5, PM2, PP4_Moderate	6	Likely pathogenic	Likely pathogenic
-	PAH	Phenylketonuria VCEP	Uncertain significance	PP4_Moderate, PM2, PP3	5	Uncertain significance	Uncertain significance
102855	PAH	Phenylketonuria VCEP	Pathogenic	PM5, PM2, PP4_Moderate, PP3, PM3_Very Strong	15	Pathogenic	Pathogenic
-	PAH	Phenylketonuria VCEP	Likely pathogenic	PM3, PM2, PP3, PP4	6	Likely pathogenic	Likely pathogenic
-	PAH	Phenylketonuria VCEP	Likely pathogenic	PM3, PM2, PP3, PP4	6	Likely pathogenic	Likely pathogenic
164401	MYH7	Cardiomyopathy VCEP	Pathogenic	PS4, PM5_Supporting, PP3, PP1_Strong, PM2_Supporting	11	Pathogenic	Pathogenic
43098	MYH7	Cardiomyopathy VCEP	Likely pathogenic	PM6_Supporting, PM2, PP3, PP1, PS4_Moderate	7	Likely pathogenic	Likely pathogenic
177627	MYH7	Cardiomyopathy VCEP	Likely pathogenic	PM2, PM1, PP3, PP1, PS4_Moderate	8	Likely pathogenic	Likely pathogenic
181267	MYH7	Cardiomyopathy VCEP	Uncertain significance	PP1_Moderate, PS4_Supporting, PP3, PM2_Supporting	5	Uncertain significance	Uncertain significance
42834	MYH7	Cardiomyopathy VCEP	Uncertain significance	PS4_Supporting, PM1, PP3, PM2_Supporting	5	Uncertain significance	Uncertain significance
228918	MYH7	Cardiomyopathy VCEP	Uncertain significance	PM1, PS4_Moderate, PM2_Supporting	5	Uncertain significance	Uncertain significance
181349	MYH7	Cardiomyopathy VCEP	Uncertain significance	PM1, PS4_Moderate, PM2_Supporting	5	Uncertain significance	Uncertain significance
42912	MYH7	Cardiomyopathy VCEP	Uncertain significance	PS4_Supporting, PP1, PM1, PM2_Supporting	5	Uncertain significance	Uncertain significance
181202	MYH7	Cardiomyopathy VCEP	Uncertain significance	PS4_Supporting, PP3, PM1, PM2_Supporting	5	Uncertain significance	Uncertain significance
164351	MYH7	Cardiomyopathy VCEP	Uncertain significance	PM1, PP3, PP1, PM2_Supporting	5	Uncertain significance	Uncertain significance
43110	MYH7	Cardiomyopathy VCEP	Uncertain significance	PS4_Supporting, PM1, PP3, PM2_Supporting	5	Uncertain significance	Uncertain significance
181324	MYH7	Cardiomyopathy VCEP	Uncertain significance	PS4_Supporting, PM1, PP3, PM2_Supporting	5	Uncertain significance	Uncertain significance
264607	MYH7	Cardiomyopathy VCEP	Uncertain significance	PP1, PP3, PS4_Moderate, PM2_Supporting	5	Uncertain significance	Uncertain significance
43196	MYO7A	Hearing Loss VCEP	Likely pathogenic	PP4, PP1, PM2_Supporting, PM3_Strong	7	Likely pathogenic	Likely pathogenic
-	OTOF	Hearing Loss VCEP	Likely pathogenic	PP3, PP4, PM2_Supporting, PM5, PM3	7	Likely pathogenic	Likely pathogenic
1699993	HNF1A	Monogenic Diabetes VCEP	Uncertain significance	PS3_Supporting, PP3, PM2_Supporting, PM1	5	Uncertain significance	Uncertain significance
1699994	HNF1A	Monogenic Diabetes VCEP	Uncertain significance	PM5_Supporting, PP3, PM2_Supporting, PM1	5	Uncertain significance	Uncertain significance
1699995	HNF1A	Monogenic Diabetes VCEP	Likely pathogenic	PM1_Supporting, PP4_Moderate, PP3, PM2_Supporting, PM5	7	Likely pathogenic	Likely pathogenic
1090205	RUNX1	Myeloid Malignancy VCEP	Likely benign	BP7, BP4	-2	Likely benign	Likely benign
1699996	HNF1A	Monogenic Diabetes VCEP	Uncertain significance	PM1_Supporting, PP3, PM2_Supporting	3	Uncertain significance	Uncertain significance
1699997	HNF1A	Monogenic Diabetes VCEP	Uncertain significance	PS4_Moderate, PM1_Supporting, PP3, PM2_Supporting	5	Uncertain significance	Uncertain significance
1699998	HNF1A	Monogenic Diabetes VCEP	Uncertain significance	PM1_Supporting, PP3, PP4, PM2_Supporting	4	Uncertain significance	Uncertain significance
-	HNF1A	Monogenic Diabetes VCEP	Pathogenic	PP1_Strong, PVS1, PM2_Supporting	13	Pathogenic	Pathogenic
36833	HNF1A	Monogenic Diabetes VCEP	Benign	BA1	0	Benign	Benign
-	HNF1A	Monogenic Diabetes VCEP	Pathogenic	PVS1, PP4, PM2_Supporting	10	Pathogenic	Pathogenic
1804171	HNF1A	Monogenic Diabetes VCEP	Uncertain significance	PP4_Moderate, PP3, PP1, PM2_Supporting	5	Uncertain significance	Uncertain significance
203585	ACADVL	ACADVL VCEP	Pathogenic	PP4_Moderate, PM1, PP3, PM2_Supporting, PM3_Strong	10	Pathogenic	Pathogenic
371449	ACADVL	ACADVL VCEP	Pathogenic	PM4, PM1, PP4_Moderate, PM2_Supporting, PM3_Strong	11	Pathogenic	Pathogenic
-	ACADVL	ACADVL VCEP	Likely pathogenic	PS3_Supporting, PM3, PP4_Moderate, PP3, PM2_Supporting	7	Likely pathogenic	Likely pathogenic
21025	ACADVL	ACADVL VCEP	Pathogenic	PS3_Supporting, PP4_Moderate, PM1, PP3, PM3_Strong	10	Pathogenic	Pathogenic
92275	ACADVL	ACADVL VCEP	Likely pathogenic	PVS1, PM2_Supporting	9	Likely pathogenic	Uncertain significance
440555	LDLR	Familial Hypercholesterolemia VCEP	Likely pathogenic	PM5_Strong, PM2, PP3, PP4	8	Likely pathogenic	Likely pathogenic
251105	LDLR	Familial Hypercholesterolemia VCEP	Pathogenic	PM5_Strong, PS4_Moderate, PP1_Moderate, PM2, PP4, PS3_Moderate	13	Pathogenic	Pathogenic
251699	LDLR	Familial Hypercholesterolemia VCEP	Pathogenic	PS4_Moderate, PP1_Strong, PM3, PM2, PVS1, PP4	19	Pathogenic	Pathogenic
3695	LDLR	Familial Hypercholesterolemia VCEP	Pathogenic	PS3, PS4, PP1_Strong, PM3, PM2, PP3, PP4	18	Pathogenic	Pathogenic
36454	LDLR	Familial Hypercholesterolemia VCEP	Likely pathogenic	PM5, PM3, PM2, PP3, PP4	8	Likely pathogenic	Likely pathogenic
162499	LDLR	Familial Hypercholesterolemia VCEP	Pathogenic	PS4, PP1_Strong, PS3_Supporting, PVS1, PM2, PP4	20	Pathogenic	Pathogenic
226363	LDLR	Familial Hypercholesterolemia VCEP	Pathogenic	PS4, PP1_Strong, PS3_Supporting, PM3, PM2, PP3, PP4	15	Pathogenic	Pathogenic
251938	LDLR	Familial Hypercholesterolemia VCEP	Likely pathogenic	PM5, PM2, PP3, PP4	6	Likely pathogenic	Likely pathogenic
251085	LDLR	Familial Hypercholesterolemia VCEP	Uncertain significance	PM2, PP3, PP4, PS4_Supporting	5	Uncertain significance	Uncertain significance
251436	LDLR	Familial Hypercholesterolemia VCEP	Pathogenic	PM3, PVS1, PM2, PP4	13	Pathogenic	Pathogenic
375806	LDLR	Familial Hypercholesterolemia VCEP	Likely pathogenic	PM2, PP3, PP1, PP4, PS4_Supporting	6	Likely pathogenic	Likely pathogenic
373769	LDLR	Familial Hypercholesterolemia VCEP	Likely pathogenic	PM5, PM2, PP3, PP4, PS4_Supporting	7	Likely pathogenic	Likely pathogenic
252302	LDLR	Familial Hypercholesterolemia VCEP	Pathogenic	PVS1_Strong, PP1_Moderate, PM2, PP4, PS4_Supporting	10	Pathogenic	Pathogenic
250954	LDLR	Familial Hypercholesterolemia VCEP	Uncertain significance	PM2, PP4, PS3_Moderate	5	Uncertain significance	Uncertain significance
250980	LDLR	Familial Hypercholesterolemia VCEP	Uncertain significance	PM2	2	Uncertain significance	Uncertain significance
250981	LDLR	Familial Hypercholesterolemia VCEP	Likely pathogenic	PM2, PP4, PS3_Moderate, PS4_Supporting	6	Likely pathogenic	Likely pathogenic
251926	LDLR	Familial Hypercholesterolemia VCEP	Pathogenic	PM2, PVS1, PP4, PS4_Supporting	12	Pathogenic	Pathogenic
252330	LDLR	Familial Hypercholesterolemia VCEP	Pathogenic	PS4, PP1_Strong, PVS1, PM2, PP4	19	Pathogenic	Pathogenic
1703212	MYOC	Glaucoma VCEP	Uncertain significance	BP4, PM2_Supporting	0	Uncertain significance	Uncertain significance
1703218	MYOC	Glaucoma VCEP	Uncertain significance	PS4_Supporting, PM2_Supporting	2	Uncertain significance	Uncertain significance
1703219	MYOC	Glaucoma VCEP	Uncertain significance	BP4, PM2_Supporting	0	Uncertain significance	Uncertain significance
1703220	MYOC	Glaucoma VCEP	Uncertain significance	BP4, PS4_Supporting, PM2_Supporting	1	Uncertain significance	Uncertain significance
1703221	MYOC	Glaucoma VCEP	Uncertain significance	BP4, PM2_Supporting	0	Uncertain significance	Uncertain significance
1703222	MYOC	Glaucoma VCEP	Likely benign	BP4, BS1	-5	Likely benign	Likely benign
1703223	MYOC	Glaucoma VCEP	Uncertain significance	BP4, BP7, PM2_Supporting, PS4_Supporting	0	Uncertain significance	Likely benign
1703224	MYOC	Glaucoma VCEP	Uncertain significance	BP4, BP7, PM2_Supporting	-1	Likely benign	Likely benign
1703225	MYOC	Glaucoma VCEP	Uncertain significance	BP4, BP7, PM2_Supporting	-1	Likely benign	Likely benign
1698724	MYOC	Glaucoma VCEP	Uncertain significance	PM2_Supporting	1	Uncertain significance	Uncertain significance
1703213	MYOC	Glaucoma VCEP	Uncertain significance	PM2_Supporting	1	Uncertain significance	Uncertain significance
1703214	MYOC	Glaucoma VCEP	Uncertain significance	BP4, PM2_Supporting	0	Uncertain significance	Uncertain significance
1703215	MYOC	Glaucoma VCEP	Uncertain significance	BP4, PM2_Supporting, PS3_Moderate	2	Uncertain significance	Uncertain significance
1703216	MYOC	Glaucoma VCEP	Uncertain significance	BP4, PM2_Supporting	0	Uncertain significance	Uncertain significance
1703217	MYOC	Glaucoma VCEP	Uncertain significance	BP4, BP7, PM2_Supporting	-1	Likely benign	Likely benign
9712	MT-TW	Mitochondrial Diseases VCEP	Pathogenic	PP3, PM6_Strong, PM2_Supporting, PS4, PS3_Supporting	11	Pathogenic	Pathogenic
986458	MT-TL1	Mitochondrial Diseases VCEP	Uncertain significance	PP3, PS4_Supporting, PM2_Supporting, PS3_Supporting	4	Uncertain significance	Uncertain significance
693516	MT-ND5	Mitochondrial Diseases VCEP	Pathogenic	PP3, PS3_Moderate, PM2_Supporting, PS4, PM6_Supporting, PP1_Moderate	11	Pathogenic	Pathogenic
9715	MT-ND3	Mitochondrial Diseases VCEP	Pathogenic	PM6, PP3, PM2_Supporting, PS4, PS3_Supporting, PP1_Moderate	11	Pathogenic	Pathogenic
65518	MT-ND1	Mitochondrial Diseases VCEP	Likely pathogenic	PP3, PM2_Supporting, PS4, PS3_Supporting	7	Likely pathogenic	Likely pathogenic
986454	MT-TL1	Mitochondrial Diseases VCEP	Likely pathogenic	PP3, PP1, PS4_Supporting, PM2_Supporting, PS3_Supporting	5	Uncertain significance	Uncertain significance
11505	CDKL5	Rett and Angelman-like Disorders VCEP	Uncertain significance	PM6, PS4_Supporting, PM2_Supporting	4	Uncertain significance	Uncertain significance
96256	UBE3A	Rett and Angelman-like Disorders VCEP	Benign	BA1, BP7	-1	Benign	Benign
95269	FOXG1	Rett and Angelman-like Disorders VCEP	Likely benign	BS2, BP4	-5	Likely benign	Likely benign
95267	FOXG1	Rett and Angelman-like Disorders VCEP	Likely benign	BS2, BP4, BP5	-6	Likely benign	Likely benign
95266	FOXG1	Rett and Angelman-like Disorders VCEP	Likely benign	BS2, PM2, BP4	-3	Likely benign	Likely benign
94115	CDKL5	Rett and Angelman-like Disorders VCEP	Likely benign	BS2, BP7	-5	Likely benign	Likely benign
94108	CDKL5	Rett and Angelman-like Disorders VCEP	Likely benign	BS2, BP4, BP5	-6	Likely benign	Likely benign
929426	CDKL5	Rett and Angelman-like Disorders VCEP	Likely pathogenic	PS2, PM2_Supporting, PP4	6	Likely pathogenic	Likely pathogenic
748686	CDKL5	Rett and Angelman-like Disorders VCEP	Benign	BS2, BP7, BS1	-9	Benign	Benign
489299	CDKL5	Rett and Angelman-like Disorders VCEP	Pathogenic	PS2_Very Strong, PVS1, PM2_Supporting	17	Pathogenic	Pathogenic
432427	CDKL5	Rett and Angelman-like Disorders VCEP	Benign	BS1, BS2	-8	Benign	Benign
156141	UBE3A	Rett and Angelman-like Disorders VCEP	Benign	BS2, BP4, BS1	-9	Benign	Benign
143786	CDKL5	Rett and Angelman-like Disorders VCEP	Benign	BS2, BA1, BP2	-5	Benign	Benign
143778	CDKL5	Rett and Angelman-like Disorders VCEP	Benign	BS2, BP4, BS1	-9	Benign	Benign
137389	FOXG1	Rett and Angelman-like Disorders VCEP	Benign	BA1, BP7	-1	Benign	Benign
95265	FOXG1	Rett and Angelman-like Disorders VCEP	Benign	BS2, BP3, BS1	-9	Benign	Benign
94112	RS1	Rett and Angelman-like Disorders VCEP	Benign	BS2, BA1	-4	Benign	Benign
94111	RS1	Rett and Angelman-like Disorders VCEP	Benign	BS2, BA1	-4	Benign	Benign
643438	CDKL5	Rett and Angelman-like Disorders VCEP	Pathogenic	PVS1, PS2, PM2_Supporting	13	Pathogenic	Pathogenic
487576	CDKL5	Rett and Angelman-like Disorders VCEP	Uncertain significance	PM1, PM2_Supporting	3	Uncertain significance	Uncertain significance
143749	MECP2	Rett and Angelman-like Disorders VCEP	Pathogenic	PP4, PS2_Very Strong, PS4, PM2_Supporting	14	Pathogenic	Pathogenic
156615	MECP2	Rett and Angelman-like Disorders VCEP	Uncertain significance	PVS1, PM2_Supporting, BS2_Supporting, BP5	7	Likely pathogenic	Likely benign
143754	MECP2	Rett and Angelman-like Disorders VCEP	Pathogenic	PP4, PS4, PM5, PM2_Supporting, PM6_Strong	12	Pathogenic	Pathogenic
133026	RYR1	Malignant Hyperthermia Susceptibility VCEP	Likely pathogenic	BS3_Supporting, PS4, PP1_Strong	7	Likely pathogenic	Pathogenic
650932	RYR1	Malignant Hyperthermia Susceptibility VCEP	Uncertain significance	BS3_Supporting, PS4_Supporting, PS2_Moderate, PP3_Moderate	4	Uncertain significance	Uncertain significance
65996	RYR1	Malignant Hyperthermia Susceptibility VCEP	Uncertain significance	BS3_Supporting, PM1_Supporting, PP3_Moderate	2	Uncertain significance	Uncertain significance
803557	RYR1	Malignant Hyperthermia Susceptibility VCEP	Uncertain significance	PS4_Supporting, PM1_Supporting, PP3_Moderate	4	Uncertain significance	Uncertain significance
133027	RYR1	Malignant Hyperthermia Susceptibility VCEP	Pathogenic	PS3_Moderate, PS4, PP1_Strong	10	Pathogenic	Pathogenic
590582	RYR1	Malignant Hyperthermia Susceptibility VCEP	Likely pathogenic	PS4_Supporting, PM5, PM1_Supporting, PP3_Moderate	6	Likely pathogenic	Likely pathogenic
803555	RYR1	Malignant Hyperthermia Susceptibility VCEP	Uncertain significance		0	Uncertain significance	Uncertain significance
133203	RYR1	Malignant Hyperthermia Susceptibility VCEP	Pathogenic	PP1_Moderate, PS3_Moderate, PS1, PS4_Moderate, PM1_Supporting, PP3_Moderate	13	Pathogenic	Pathogenic
803556	RYR1	Malignant Hyperthermia Susceptibility VCEP	Uncertain significance		0	Uncertain significance	Uncertain significance
938242	ACADVL	ACADVL VCEP	Likely pathogenic	PVS1, PM2_Supporting	9	Likely pathogenic	Uncertain significance
4021	GAA	Lysosomal Diseases VCEP	Pathogenic	PS3_Supporting, PP4_Moderate, PP3, PM3_Very Strong, PM2_Supporting	13	Pathogenic	Pathogenic
456391	GAA	Lysosomal Diseases VCEP	Uncertain significance	PP3	1	Uncertain significance	Uncertain significance
286469	GAA	Lysosomal Diseases VCEP	Likely pathogenic	PM5, PM3, PP4_Moderate, PP3, PM2_Supporting	8	Likely pathogenic	Likely pathogenic
371226	GAA	Lysosomal Diseases VCEP	Likely pathogenic	PM3, PP4_Moderate, PP3, PM2_Supporting	6	Likely pathogenic	Likely pathogenic
-	GAA	Lysosomal Diseases VCEP	Pathogenic	PP4_Moderate, PVS1, PM2_Supporting	11	Pathogenic	Pathogenic
188786	GAA	Lysosomal Diseases VCEP	Pathogenic	PS3_Supporting, PP4_Moderate, PP3, PM2_Supporting, PM3_Very Strong	13	Pathogenic	Pathogenic
935199	GAA	Lysosomal Diseases VCEP	Likely pathogenic	PM3, PM5_Supporting, PP4_Moderate, PP3, PM2_Supporting	7	Likely pathogenic	Likely pathogenic
392862	GAA	Lysosomal Diseases VCEP	Uncertain significance	PM5_Supporting, PP3, PM2_Supporting	3	Uncertain significance	Uncertain significance
432217	GAA	Lysosomal Diseases VCEP	Uncertain significance	PM2_Supporting	1	Uncertain significance	Uncertain significance
552527	GAA	Lysosomal Diseases VCEP	Likely pathogenic	PM3_Supporting, PP3, PP4, PS3_Moderate, PM2_Supporting	6	Likely pathogenic	Likely pathogenic
843677	GAA	Lysosomal Diseases VCEP	Uncertain significance	PM2_Supporting	1	Uncertain significance	Uncertain significance
554339	GAA	Lysosomal Diseases VCEP	Pathogenic	PM3, PVS1, PP4_Moderate, PM2_Supporting	13	Pathogenic	Pathogenic
856881	ACADVL	ACADVL VCEP	Likely pathogenic	PVS1, PM2_Supporting	9	Likely pathogenic	Uncertain significance
1073045	ACADVL	ACADVL VCEP	Likely pathogenic	PVS1, PM2_Supporting	9	Likely pathogenic	Uncertain significance
618506	ACADVL	ACADVL VCEP	Likely pathogenic	PVS1, PM2_Supporting	9	Likely pathogenic	Uncertain significance
846935	ACADVL	ACADVL VCEP	Likely pathogenic	PVS1, PM2_Supporting	9	Likely pathogenic	Uncertain significance
1626	ACADVL	ACADVL VCEP	Pathogenic	PM4, PP4, PM2_Supporting, PM3_Strong, PS3	12	Pathogenic	Pathogenic
422995	ACADVL	ACADVL VCEP	Pathogenic	PVS1, PP4, PM2_Supporting	10	Pathogenic	Pathogenic
932787	ACADVL	ACADVL VCEP	Uncertain significance	PP3, PP4, PM2_Supporting	3	Uncertain significance	Uncertain significance
370686	ACADVL	ACADVL VCEP	Pathogenic	PVS1, PP4, PM2_Supporting	10	Pathogenic	Pathogenic
203580	ACADVL	ACADVL VCEP	Likely pathogenic	PM3, PM1, PP4, PP3, PM2_Supporting	7	Likely pathogenic	Likely pathogenic
324980	DLG4	ACADVL VCEP	Benign	BP4, BA1	-1	Benign	Benign
-	ACADVL	ACADVL VCEP	Pathogenic	PP4_Moderate, PVS1, PM2_Supporting	11	Pathogenic	Pathogenic
21015	ACADVL	ACADVL VCEP	Benign	BA1, BP4, BP2	-2	Benign	Benign
254701	ACADVL	ACADVL VCEP	Benign	BA1	0	Benign	Benign
21022	ACADVL	ACADVL VCEP	Benign	BA1, BP4	-1	Benign	Benign
166638	ACADVL	ACADVL VCEP	Pathogenic	PS3_Supporting, PM3, PP4_Moderate, PVS1, PM2_Supporting	14	Pathogenic	Pathogenic
557575	ACADVL	ACADVL VCEP	Uncertain significance	PP3, PP4, PM2_Supporting, PM3_Supporting	4	Uncertain significance	Uncertain significance
370482	ACADVL	ACADVL VCEP	Likely pathogenic	PVS1, PM2_Supporting	9	Likely pathogenic	Uncertain significance
567061	ACADVL	ACADVL VCEP	Uncertain significance	PP4, PP3, PM2_Supporting, PM3_Supporting	4	Uncertain significance	Uncertain significance
203593	ACADVL	ACADVL VCEP	Likely pathogenic	PP4_Moderate, PP1, PM2_Supporting, PVS1_Moderate, PM3_Supporting	7	Likely pathogenic	Likely pathogenic
509396	ACADVL	ACADVL VCEP	Likely benign	BS1, BP4	-5	Likely benign	Likely benign
581398	ACADVL	ACADVL VCEP	Likely pathogenic	PVS1, PM2_Supporting	9	Likely pathogenic	Uncertain significance
932848	ACADVL	ACADVL VCEP	Likely pathogenic	PVS1, PM2_Supporting	9	Likely pathogenic	Uncertain significance
-	ACADVL	ACADVL VCEP	Likely pathogenic	PVS1, PM2_Supporting	9	Likely pathogenic	Uncertain significance
-	ACADVL	ACADVL VCEP	Uncertain significance	PP3, PP4, PM2_Supporting	3	Uncertain significance	Uncertain significance
-	ACADVL	ACADVL VCEP	Uncertain significance	PM4, PM2_Supporting	3	Uncertain significance	Uncertain significance
193541	ACADVL	ACADVL VCEP	Uncertain significance	PP4, BA1	1	Benign	Benign
203570	ACADVL	ACADVL VCEP	Uncertain significance	PP3, PP4, PM2_Supporting, PM3_Supporting	4	Uncertain significance	Uncertain significance
254700	ACADVL	ACADVL VCEP	Uncertain significance	PP4_Moderate, BP4, BA1	1	Benign	Benign
553583	ACADVL	ACADVL VCEP	Likely pathogenic	PVS1, PM2_Supporting	9	Likely pathogenic	Uncertain significance
216422	PTEN	PTEN VCEP	Likely pathogenic	PS3, PM2, PP2	7	Likely pathogenic	Likely pathogenic
419119	PTEN	PTEN VCEP	Likely benign	BS1	-4	Likely benign	Uncertain significance
279878	PTEN	PTEN VCEP	Pathogenic	PS4_Moderate, PS2_Very Strong, PM2_Supporting, PP2, PP3	13	Pathogenic	Pathogenic
420491	PTEN	PTEN VCEP	Uncertain significance	PM2	2	Uncertain significance	Uncertain significance
-	OTOF	Hearing Loss VCEP	Likely pathogenic	PVS1, PM2_Supporting	9	Likely pathogenic	Uncertain significance
370279	ACADVL	ACADVL VCEP	Pathogenic	PVS1, PP4_Moderate, PM2_Supporting, PM3_Supporting	12	Pathogenic	Pathogenic
412802	PTEN	PTEN VCEP	Uncertain significance	PM2	2	Uncertain significance	Uncertain significance
127676	PTEN	PTEN VCEP	Uncertain significance	BS1_Supporting	-1	Likely benign	Uncertain significance
127682	PTEN	PTEN VCEP	Uncertain significance		0	Uncertain significance	Uncertain significance
234695	PTEN	PTEN VCEP	Uncertain significance	PM2_Supporting	1	Uncertain significance	Uncertain significance
468719	PTEN	PTEN VCEP	Uncertain significance	PM2, BS3, PP2	-1	Likely benign	Uncertain significance
141717	PTEN	PTEN VCEP	Uncertain significance	PM2_Supporting	1	Uncertain significance	Uncertain significance
404144	PTEN	PTEN VCEP	Uncertain significance	BP4, PM2	1	Uncertain significance	Uncertain significance
140783	PTEN	PTEN VCEP	Uncertain significance	BS1_Supporting	-1	Likely benign	Uncertain significance
825730	PTEN	PTEN VCEP	Pathogenic	PS3, PS2, PM2, PS4_Supporting, PP2	12	Pathogenic	Pathogenic
428199	PTEN	PTEN VCEP	Uncertain significance	PM2, PS4_Supporting	3	Uncertain significance	Uncertain significance
481156	PTEN	PTEN VCEP	Likely benign	BP4, PM2, BP7	0	Uncertain significance	Likely benign
644390	PTEN	PTEN VCEP	Pathogenic	PS4_Moderate, PS3_Supporting, PS2_Very Strong, PM2, PP2	14	Pathogenic	Pathogenic
224542	PTEN	PTEN VCEP	Uncertain significance	BS3_Supporting, PM2, PP2	2	Uncertain significance	Uncertain significance
619908	PTEN	PTEN VCEP	Likely pathogenic	PP1_Moderate, PM2, PS4_Supporting, PP2, PP3	7	Likely pathogenic	Likely pathogenic
484605	PTEN	PTEN VCEP	Pathogenic	PS4_Moderate, PS2, PS3_Supporting, PM2, PP2	10	Pathogenic	Pathogenic
492332	PTEN	PTEN VCEP	Uncertain significance	BP4, PM2	1	Uncertain significance	Uncertain significance
316200	GATM	Cerebral Creatine Deficiency Syndromes VCEP	Benign	BA1	0	Benign	Benign
316202	GATM	Cerebral Creatine Deficiency Syndromes VCEP	Benign	BA1	0	Benign	Benign
316203	GATM	Cerebral Creatine Deficiency Syndromes VCEP	Benign	BA1	0	Benign	Benign
316205	GATM	Cerebral Creatine Deficiency Syndromes VCEP	Benign	BA1	0	Benign	Benign
316206	GATM	Cerebral Creatine Deficiency Syndromes VCEP	Benign	BA1	0	Benign	Benign
316208	GATM	Cerebral Creatine Deficiency Syndromes VCEP	Uncertain significance	PM2_Supporting	1	Uncertain significance	Uncertain significance
316209	GATM	Cerebral Creatine Deficiency Syndromes VCEP	Benign	BA1	0	Benign	Benign
589915	GATM	Cerebral Creatine Deficiency Syndromes VCEP	Uncertain significance	BP4, PM2_Supporting	0	Uncertain significance	Uncertain significance
509542	GATM	Cerebral Creatine Deficiency Syndromes VCEP	Likely benign	BP4, BP7, PM2_Supporting	-1	Likely benign	Likely benign
129137	GATM	Cerebral Creatine Deficiency Syndromes VCEP	Benign	BA1, BP4, BP7	-2	Benign	Benign
386277	GATM	Cerebral Creatine Deficiency Syndromes VCEP	Likely benign	BP4, PM2, BP7	0	Uncertain significance	Likely benign
225921	GATM	Cerebral Creatine Deficiency Syndromes VCEP	Benign	BA1, BS3_Supporting	-1	Benign	Benign
137451	GATM	Cerebral Creatine Deficiency Syndromes VCEP	Benign	BA1, BP4, BP7	-2	Benign	Benign
598112	GATM	Cerebral Creatine Deficiency Syndromes VCEP	Likely pathogenic	PM3, PP4_Strong, PS3_Supporting, PM5_Supporting, PM2_Supporting	9	Likely pathogenic	Likely pathogenic
625953	GATM	Cerebral Creatine Deficiency Syndromes VCEP	Uncertain significance		0	Uncertain significance	Uncertain significance
510409	GATM	Cerebral Creatine Deficiency Syndromes VCEP	Likely benign	BP4, BP7, PM2_Supporting	-1	Likely benign	Likely benign
570204	GATM	Cerebral Creatine Deficiency Syndromes VCEP	Uncertain significance	PVS1_Strong, PM2_Supporting	5	Uncertain significance	Uncertain significance
513891	GATM	Cerebral Creatine Deficiency Syndromes VCEP	Likely benign	BP4, BP7, PM2_Supporting	-1	Likely benign	Likely benign
654184	GATM	Cerebral Creatine Deficiency Syndromes VCEP	Uncertain significance	BP4, PM2_Supporting	0	Uncertain significance	Uncertain significance
316210	GATM	Cerebral Creatine Deficiency Syndromes VCEP	Likely benign	BP4, BP7	-2	Likely benign	Likely benign
55918	GATM	Cerebral Creatine Deficiency Syndromes VCEP	Pathogenic	PP4_Strong, PVS1_Strong, PM3_Supporting, PM2_Supporting	10	Pathogenic	Pathogenic
205617	GATM	Cerebral Creatine Deficiency Syndromes VCEP	Likely pathogenic	PVS1, PM2_Supporting	9	Likely pathogenic	Uncertain significance
55919	GATM	Cerebral Creatine Deficiency Syndromes VCEP	Pathogenic	PM3_Supporting, PVS1, PP4, PM2_Supporting	11	Pathogenic	Pathogenic
7302	GATM	Cerebral Creatine Deficiency Syndromes VCEP	Pathogenic	PP4_Strong, PM3_Supporting, PVS1, PM2_Supporting	14	Pathogenic	Pathogenic
55921	GATM	Cerebral Creatine Deficiency Syndromes VCEP	Likely pathogenic	PP4_Strong, PM3_Supporting, PS3_Supporting, PM2_Supporting	7	Likely pathogenic	Likely pathogenic
21299	GATM	Cerebral Creatine Deficiency Syndromes VCEP	Pathogenic	PM3_Supporting, PVS1, PP4, PM2_Supporting	11	Pathogenic	Pathogenic
572733	GATM	Cerebral Creatine Deficiency Syndromes VCEP	Likely pathogenic	PVS1, PM2_Supporting	9	Likely pathogenic	Uncertain significance
680743	GATM	Cerebral Creatine Deficiency Syndromes VCEP	Benign	BA1, BP4	-1	Benign	Benign
21065	GAMT	Cerebral Creatine Deficiency Syndromes VCEP	Pathogenic	PP3, PM2_Supporting, PM3_Very Strong, PP4_Strong, PS3	18	Pathogenic	Pathogenic
204598	GAMT	Cerebral Creatine Deficiency Syndromes VCEP	Benign	BP7, BS2, BA1, BP4	-6	Benign	Benign
205596	GAMT	Cerebral Creatine Deficiency Syndromes VCEP	Uncertain significance	PM2_Supporting	1	Uncertain significance	Uncertain significance
544252	GAMT	Cerebral Creatine Deficiency Syndromes VCEP	Uncertain significance	PM2_Supporting, BP4	0	Uncertain significance	Uncertain significance
205595	GAMT	Cerebral Creatine Deficiency Syndromes VCEP	Uncertain significance	PM2_Supporting	1	Uncertain significance	Uncertain significance
205594	GAMT	Cerebral Creatine Deficiency Syndromes VCEP	Uncertain significance	PM2_Supporting	1	Uncertain significance	Uncertain significance
445930	GAMT	Cerebral Creatine Deficiency Syndromes VCEP	Uncertain significance	PVS1_Moderate, PM2_Supporting	3	Uncertain significance	Uncertain significance
205569	GAMT	Cerebral Creatine Deficiency Syndromes VCEP	Uncertain significance		0	Uncertain significance	Uncertain significance
205592	GAMT	Cerebral Creatine Deficiency Syndromes VCEP	Uncertain significance	PP3, PM2_Supporting	2	Uncertain significance	Uncertain significance
21068	GAMT	Cerebral Creatine Deficiency Syndromes VCEP	Benign	BS2, BA1, BP4	-5	Benign	Benign
577478	GAMT	Cerebral Creatine Deficiency Syndromes VCEP	Uncertain significance	PM5_Supporting, PM2_Supporting, BP4	1	Uncertain significance	Uncertain significance
544261	GAMT	Cerebral Creatine Deficiency Syndromes VCEP	Uncertain significance	PM5_Supporting, PM2_Supporting, BP4	1	Uncertain significance	Uncertain significance
205590	GAMT	Cerebral Creatine Deficiency Syndromes VCEP	Uncertain significance	PM2_Supporting, BP4	0	Uncertain significance	Uncertain significance
205584	GAMT	Cerebral Creatine Deficiency Syndromes VCEP	Pathogenic	PVS1_Strong, PM2_Supporting, PP4_Strong, PM3	11	Pathogenic	Pathogenic
431959	GAMT	Cerebral Creatine Deficiency Syndromes VCEP	Likely pathogenic	PM2_Supporting, PM4, PM3, PP4_Strong	9	Likely pathogenic	Likely pathogenic
495685	GAMT	Cerebral Creatine Deficiency Syndromes VCEP	Pathogenic	PVS1_Strong, PM3_Supporting, PM2_Supporting, PP4_Strong	10	Pathogenic	Pathogenic
205581	GAMT	Cerebral Creatine Deficiency Syndromes VCEP	Likely pathogenic	PP3_Moderate, PP4, PM2_Supporting, PM3	6	Likely pathogenic	Likely pathogenic
513151	GAMT	Cerebral Creatine Deficiency Syndromes VCEP	Uncertain significance	BP4, BP7, PM2_Supporting	-1	Likely benign	Likely benign
225369	GAMT	Cerebral Creatine Deficiency Syndromes VCEP	Likely pathogenic	PVS1, PM2_Supporting	9	Likely pathogenic	Uncertain significance
137436	GAMT	Cerebral Creatine Deficiency Syndromes VCEP	Benign	BS2, BA1, BP4	-5	Benign	Benign
664123	GAMT	Cerebral Creatine Deficiency Syndromes VCEP	Pathogenic	PVS1, PP4, PM2_Supporting	10	Pathogenic	Pathogenic
205580	GAMT	Cerebral Creatine Deficiency Syndromes VCEP	Likely pathogenic	PP3_Moderate, PM3_Supporting, PS3_Supporting, PM2_Supporting, PP4_Strong	9	Likely pathogenic	Likely pathogenic
566624	GAMT	Cerebral Creatine Deficiency Syndromes VCEP	Pathogenic	PVS1, PM2_Supporting, PP4_Strong	13	Pathogenic	Pathogenic
8302	GAMT	Cerebral Creatine Deficiency Syndromes VCEP	Pathogenic	PVS1, PM2_Supporting, PP4_Strong, PM3	15	Pathogenic	Pathogenic
674232	GAMT	Cerebral Creatine Deficiency Syndromes VCEP	Benign	BS2, BA1	-4	Benign	Benign
544263	GAMT	Cerebral Creatine Deficiency Syndromes VCEP	Likely benign	BP7, PM2_Supporting, BP4	-1	Likely benign	Likely benign
21066	GAMT	Cerebral Creatine Deficiency Syndromes VCEP	Uncertain significance	BP7, PM2_Supporting, BP2, BP4	-2	Likely benign	Likely benign
137434	GAMT	Cerebral Creatine Deficiency Syndromes VCEP	Benign	BP7, BA1, BP4	-2	Benign	Benign
699986	GAMT	Cerebral Creatine Deficiency Syndromes VCEP	Likely benign	BP7, PM2_Supporting, BP4	-1	Likely benign	Likely benign
696471	GAMT	Cerebral Creatine Deficiency Syndromes VCEP	Likely benign	BP7, PM2_Supporting, BP4	-1	Likely benign	Likely benign
666596	SLC6A8	Cerebral Creatine Deficiency Syndromes VCEP	Uncertain significance	PP3, PM2_Supporting	2	Uncertain significance	Uncertain significance
666588	SLC6A8	Cerebral Creatine Deficiency Syndromes VCEP	Likely pathogenic	PM2_Supporting, PVS1	9	Likely pathogenic	Uncertain significance
571505	SLC6A8	Cerebral Creatine Deficiency Syndromes VCEP	Likely benign	BP4, BS1	-5	Likely benign	Likely benign
392671	SLC6A8	Cerebral Creatine Deficiency Syndromes VCEP	Uncertain significance	BP4, PM2_Supporting	0	Uncertain significance	Uncertain significance
533702	SLC6A8	Cerebral Creatine Deficiency Syndromes VCEP	Likely pathogenic	PM2_Supporting, PVS1	9	Likely pathogenic	Uncertain significance
655315	SLC6A8	Cerebral Creatine Deficiency Syndromes VCEP	Benign	BP4, BA1	-1	Benign	Benign
432463	SLC6A8	Cerebral Creatine Deficiency Syndromes VCEP	Uncertain significance	BP4, PM2_Supporting	0	Uncertain significance	Uncertain significance
465148	SLC6A8	Cerebral Creatine Deficiency Syndromes VCEP	Uncertain significance	BP4	-1	Likely benign	Uncertain significance
643295	SLC6A8	Cerebral Creatine Deficiency Syndromes VCEP	Benign	BA1, BP4	-1	Benign	Benign
380589	SLC6A8	Cerebral Creatine Deficiency Syndromes VCEP	Benign	BA1	0	Benign	Benign
650071	SLC6A8	Cerebral Creatine Deficiency Syndromes VCEP	Uncertain significance	BP4	-1	Likely benign	Uncertain significance
572616	SLC6A8	Cerebral Creatine Deficiency Syndromes VCEP	Benign	BP4, BA1	-1	Benign	Benign
410221	SLC6A8	Cerebral Creatine Deficiency Syndromes VCEP	Uncertain significance	BP4, PM2_Supporting	0	Uncertain significance	Uncertain significance
658337	SLC6A8	Cerebral Creatine Deficiency Syndromes VCEP	Uncertain significance	BP4, PM2_Supporting	0	Uncertain significance	Uncertain significance
21448	SLC6A8	Cerebral Creatine Deficiency Syndromes VCEP	Pathogenic	PM2_Supporting, PP4_Strong, PM4, PS4, PP1_Moderate	13	Pathogenic	Pathogenic
511340	SLC6A8	Cerebral Creatine Deficiency Syndromes VCEP	Likely benign	BP4, PM2_Supporting, BP7	-1	Likely benign	Likely benign
652028	SLC6A8	Cerebral Creatine Deficiency Syndromes VCEP	Uncertain significance		0	Uncertain significance	Uncertain significance
465147	SLC6A8	Cerebral Creatine Deficiency Syndromes VCEP	Benign	BP4, BS2, BS1	-9	Benign	Benign
516199	SLC6A8	Cerebral Creatine Deficiency Syndromes VCEP	Likely benign	BP4, BS3_Supporting, BS2	-6	Likely benign	Likely benign
449366	SLC6A8	Cerebral Creatine Deficiency Syndromes VCEP	Pathogenic	PM2_Supporting, PP4_Strong, PVS1	13	Pathogenic	Pathogenic
635461	SLC6A8	Cerebral Creatine Deficiency Syndromes VCEP	Pathogenic	PM2_Supporting, PP4_Strong, PVS1	13	Pathogenic	Pathogenic
384841	SLC6A8	Cerebral Creatine Deficiency Syndromes VCEP	Benign	BP4, BS2, BS1	-9	Benign	Benign
452407	SLC6A8	Cerebral Creatine Deficiency Syndromes VCEP	Likely pathogenic	PM2_Supporting, PVS1	9	Likely pathogenic	Uncertain significance
416002	SLC6A8	Cerebral Creatine Deficiency Syndromes VCEP	Benign	BA1	0	Benign	Benign
388608	SLC6A8	Cerebral Creatine Deficiency Syndromes VCEP	Benign	BP4, BS2, BS1	-9	Benign	Benign
383888	SLC6A8	Cerebral Creatine Deficiency Syndromes VCEP	Benign	BS2, BS1	-8	Benign	Benign
633583	SLC6A8	Cerebral Creatine Deficiency Syndromes VCEP	Pathogenic	PM2_Supporting, PVS1, PP4_Moderate	11	Pathogenic	Pathogenic
586615	SLC6A8	Cerebral Creatine Deficiency Syndromes VCEP	Likely pathogenic	PM2_Supporting, PVS1	9	Likely pathogenic	Uncertain significance
379398	SLC6A8	Cerebral Creatine Deficiency Syndromes VCEP	Benign	BA1, BP4	-1	Benign	Benign
669127	SLC6A8	Cerebral Creatine Deficiency Syndromes VCEP	Likely benign	BP4, PM2_Supporting, BP7	-1	Likely benign	Likely benign
21017	ACADVL	ACADVL VCEP	Likely pathogenic	PS3_Supporting, PP4_Moderate, PM1, PM3, PP3, PM2_Supporting	9	Likely pathogenic	Likely pathogenic
92276	ACADVL	ACADVL VCEP	Likely pathogenic	PM5_Supporting, PP4_Moderate, PM3, PM1, PP3, PM2_Supporting	9	Likely pathogenic	Likely pathogenic
986472	MT-ATP6	Mitochondrial Diseases VCEP	Likely pathogenic	PM6, PP3, PM2_Supporting, PS4_Moderate	6	Likely pathogenic	Likely pathogenic
9632	MT-RNR1	Mitochondrial Diseases VCEP	Likely pathogenic	PS4, PM5_Supporting, PS3_Supporting	6	Likely pathogenic	Likely pathogenic
9606	MT-TI	Mitochondrial Diseases VCEP	Likely pathogenic	PP3, PM2_Supporting, PS4_Moderate, PP1_Moderate	6	Likely pathogenic	Likely pathogenic
689875	MT-TI	Mitochondrial Diseases VCEP	Uncertain significance	PP3, PM2_Supporting, PS4_Supporting, PM6_Supporting	4	Uncertain significance	Uncertain significance
9556	MT-TW	Mitochondrial Diseases VCEP	Likely pathogenic	PP3, PM2_Supporting, PS3_Moderate, PS4_Moderate	6	Likely pathogenic	Likely pathogenic
223247	MT-TL1	Mitochondrial Diseases VCEP	Likely pathogenic	PM6, PP3, PM2_Supporting, PS4_Moderate, PP1_Moderate, PS3_Supporting	9	Likely pathogenic	Likely pathogenic
9707	MT-TL1	Mitochondrial Diseases VCEP	Likely pathogenic	PP3, PM2_Supporting, PS4_Moderate, PS3_Supporting	5	Uncertain significance	Uncertain significance
9591	MT-TL1	Mitochondrial Diseases VCEP	Likely pathogenic	PP3, PP1, PM2_Supporting, PS4_Moderate, PS3_Supporting	6	Likely pathogenic	Likely pathogenic
102551	PAH	Phenylketonuria VCEP	Likely pathogenic	PVS1_Strong, PM3, PM2, PP4	9	Likely pathogenic	Likely pathogenic
102652	PAH	Phenylketonuria VCEP	Pathogenic	PM3_Supporting, PVS1, PM2, PP4	12	Pathogenic	Pathogenic
102663	PAH	Phenylketonuria VCEP	Pathogenic	PM2, PP4_Moderate, PVS1, PM3_Strong	16	Pathogenic	Pathogenic
-	PAH	Phenylketonuria VCEP	Pathogenic	PVS1, PM2, PP4_Moderate, PM3_Strong	16	Pathogenic	Pathogenic
102718	PAH	Phenylketonuria VCEP	Pathogenic	PM3, PM2, PVS1, PP4_Moderate	14	Pathogenic	Pathogenic
102664	PAH	Phenylketonuria VCEP	Pathogenic	PM2, PVS1, PP4	11	Pathogenic	Pathogenic
-	PAH	Phenylketonuria VCEP	Uncertain significance	PM3, PM2, PP4	5	Uncertain significance	Uncertain significance
657348	GAA	Lysosomal Diseases VCEP	Pathogenic	PM3_Strong, PM1, PS3_Supporting, PP4_Moderate, PP3, PM2_Supporting	11	Pathogenic	Pathogenic
431990	GAA	Lysosomal Diseases VCEP	Uncertain significance	PP3, PM2_Supporting	2	Uncertain significance	Uncertain significance
92483	GAA	Lysosomal Diseases VCEP	Pathogenic	PM3_Strong, PP4_Moderate, PP3, PM2_Supporting, PS3_Moderate	10	Pathogenic	Pathogenic
498117	GAA	Lysosomal Diseases VCEP	Uncertain significance	PM2_Supporting, BS3_Supporting	0	Uncertain significance	Uncertain significance
370130	GAA	Lysosomal Diseases VCEP	Pathogenic	PM3_Strong, PM1, PP4_Moderate, PP3, PS3_Moderate, PM2_Supporting	12	Pathogenic	Pathogenic
412159	DICER1	DICER1 and miRNA-Processing Gene VCEP	Likely benign	BS2, BS3_Supporting	-5	Likely benign	Likely benign
933090	DICER1	DICER1 and miRNA-Processing Gene VCEP	Uncertain significance	PS3_Supporting, PP3, PM2_Supporting, PM1	5	Uncertain significance	Uncertain significance
690461	DICER1	DICER1 and miRNA-Processing Gene VCEP	Likely pathogenic	PS3_Supporting, PP3, PP4, PM2_Supporting, PS4_Moderate	6	Likely pathogenic	Likely pathogenic
1722520	DICER1	DICER1 and miRNA-Processing Gene VCEP	Uncertain significance	PP3, PM2_Supporting, PS4_Supporting	3	Uncertain significance	Uncertain significance
479636	DICER1	DICER1 and miRNA-Processing Gene VCEP	Uncertain significance	PP3	1	Uncertain significance	Uncertain significance
429125	DICER1	DICER1 and miRNA-Processing Gene VCEP	Likely pathogenic	PP3, PP1, PM2_Supporting, PM1_Supporting, PS4_Moderate	6	Likely pathogenic	Likely pathogenic
824918	DICER1	DICER1 and miRNA-Processing Gene VCEP	Uncertain significance	PM2_Supporting, BP4	0	Uncertain significance	Uncertain significance
1722521	DICER1	DICER1 and miRNA-Processing Gene VCEP	Uncertain significance	PP3, PP4, PM2_Supporting, PS4_Supporting	4	Uncertain significance	Uncertain significance
1722522	DICER1	DICER1 and miRNA-Processing Gene VCEP	Uncertain significance	PP3, PM2_Supporting	2	Uncertain significance	Uncertain significance
825925	DICER1	DICER1 and miRNA-Processing Gene VCEP	Uncertain significance	PM2_Supporting, BP4	0	Uncertain significance	Uncertain significance
653922	DICER1	DICER1 and miRNA-Processing Gene VCEP	Uncertain significance	PM2_Supporting	1	Uncertain significance	Uncertain significance
933126	DICER1	DICER1 and miRNA-Processing Gene VCEP	Uncertain significance	PS3_Supporting, PP3, PM2_Supporting, PM1_Supporting	4	Uncertain significance	Uncertain significance
825934	DICER1	DICER1 and miRNA-Processing Gene VCEP	Uncertain significance	BP4	-1	Likely benign	Uncertain significance
1723160	MYOC	Glaucoma VCEP	Uncertain significance	BP4, PM2_Supporting	0	Uncertain significance	Uncertain significance
1723167	MYOC	Glaucoma VCEP	Likely benign	BP4, BP7	-2	Likely benign	Likely benign
1723168	MYOC	Glaucoma VCEP	Likely benign	BP4, BS3_Supporting, PM2_Supporting	-1	Likely benign	Likely benign
1723169	MYOC	Glaucoma VCEP	Uncertain significance	PM2_Supporting	1	Uncertain significance	Uncertain significance
1723170	MYOC	Glaucoma VCEP	Likely benign	BP4, BP7	-2	Likely benign	Likely benign
1723171	MYOC	Glaucoma VCEP	Uncertain significance	PM2_Supporting	1	Uncertain significance	Uncertain significance
1723172	MYOC	Glaucoma VCEP	Uncertain significance	BP4, BP7, PM2_Supporting	-1	Likely benign	Likely benign
1723173	MYOC	Glaucoma VCEP	Likely benign	BP4	-1	Likely benign	Uncertain significance
1723174	MYOC	Glaucoma VCEP	Uncertain significance	PM2_Supporting	1	Uncertain significance	Uncertain significance
1723161	MYOC	Glaucoma VCEP	Uncertain significance	BP4, PM2_Supporting	0	Uncertain significance	Uncertain significance
1723162	MYOC	Glaucoma VCEP	Uncertain significance	PP3, PS4_Supporting, PM2_Supporting	3	Uncertain significance	Uncertain significance
1723163	MYOC	Glaucoma VCEP	Uncertain significance	PP3_Moderate, PS4_Supporting, PM2_Supporting	4	Uncertain significance	Uncertain significance
1723164	MYOC	Glaucoma VCEP	Uncertain significance	PP3, PM2_Supporting, PS4_Supporting	3	Uncertain significance	Uncertain significance
1723165	MYOC	Glaucoma VCEP	Likely benign	BP4, BP7	-2	Likely benign	Likely benign
1723166	MYOC	Glaucoma VCEP	Likely benign	BP4, BP7	-2	Likely benign	Likely benign
4036	GAA	Lysosomal Diseases VCEP	Pathogenic	PM3_Strong, PP4_Moderate, PP3, PS3_Moderate, PM2_Supporting	10	Pathogenic	Pathogenic
550327	GAA	Lysosomal Diseases VCEP	Pathogenic	PS3_Supporting, PP4_Moderate, PP3, PM2_Supporting, PM3_Very Strong	13	Pathogenic	Pathogenic
526518	GAA	Lysosomal Diseases VCEP	Likely pathogenic	PM4_Supporting, PM3, PP4_Moderate, PM2_Supporting	6	Likely pathogenic	Likely pathogenic
289361	GAA	Lysosomal Diseases VCEP	Likely pathogenic	PM5, PM3, PP4_Moderate, PP3, PM2_Supporting, PS3_Moderate	10	Pathogenic	Likely pathogenic
-	FBN1	FBN1 VCEP	Pathogenic	PP4, PM2_Supporting, PS2, PM4, PM1	10	Pathogenic	Pathogenic
200100	FBN1	FBN1 VCEP	Likely pathogenic	PP1_Strong, PP2, PP3, PM2_Supporting, PS4_Moderate	9	Likely pathogenic	Likely pathogenic
-	FBN1	FBN1 VCEP	Pathogenic	PP4, PS4_Supporting, PM2_Supporting, PVS1	11	Pathogenic	Pathogenic
200041	FBN1	FBN1 VCEP	Uncertain significance	BS1	-4	Likely benign	Uncertain significance
1325453	FBN1	FBN1 VCEP	Pathogenic	PP4, PM2_Supporting, PVS1	10	Pathogenic	Pathogenic
-	FBN1	FBN1 VCEP	Uncertain significance	BS4, PM2_Supporting, BP4, PM1	-2	Likely benign	Likely benign
549232	FBN1	FBN1 VCEP	Pathogenic	PP1_Strong, PP2, PP3, PP4, PM2_Supporting, PM1, PS4	14	Pathogenic	Pathogenic
-	FBN1	FBN1 VCEP	Likely pathogenic	PM2_Supporting, PVS1	9	Likely pathogenic	Uncertain significance
42325	FBN1	FBN1 VCEP	Likely benign	BP5, BS1, BP2	-6	Likely benign	Likely benign
42334	FBN1	FBN1 VCEP	Benign	BS1, BS4	-8	Benign	Benign
161245	FBN1	FBN1 VCEP	Uncertain significance	BS1, BP2	-5	Likely benign	Likely benign
549394	FBN1	FBN1 VCEP	Pathogenic	PP1_Moderate, PP4, PM2_Supporting, PVS1	12	Pathogenic	Pathogenic
135665	HNF1A	Monogenic Diabetes VCEP	Benign	BA1	0	Benign	Benign
200064	FBN1	FBN1 VCEP	Uncertain significance	BP2	-1	Likely benign	Uncertain significance
263789	FBN1	FBN1 VCEP	Likely benign	BS4, BP2	-5	Likely benign	Likely benign
143490	MECP2	Rett and Angelman-like Disorders VCEP	Pathogenic	PM2_Supporting, PM4_Strong, PS4_Moderate, PS2	11	Pathogenic	Pathogenic
143549	MECP2	Rett and Angelman-like Disorders VCEP	Pathogenic	PS3_Supporting, PM6, PS1, PM2_Supporting, PM1	10	Pathogenic	Pathogenic
143550	MECP2	Rett and Angelman-like Disorders VCEP	Pathogenic	PS2, PS1, PM2_Supporting, PM1	11	Pathogenic	Pathogenic
143560	MECP2	Rett and Angelman-like Disorders VCEP	Pathogenic	PP3, PP4, PS3_Supporting, PM6, PM5_Strong, PM2_Supporting, PS4_Supporting	11	Pathogenic	Pathogenic
143585	MECP2	Rett and Angelman-like Disorders VCEP	Likely pathogenic	PP3, PS3_Supporting, PM6, PS4_Moderate, PM5, PM1, PM2_Supporting	11	Pathogenic	Likely pathogenic
143589	MECP2	Rett and Angelman-like Disorders VCEP	Pathogenic	PP3, PP4, PS4_Moderate, PS1, PM5, PM1, PM2_Supporting	13	Pathogenic	Pathogenic
143742	MECP2	Rett and Angelman-like Disorders VCEP	Likely pathogenic	PP3, PS3_Supporting, PM5_Strong, PM2_Supporting, PS4_Supporting	8	Likely pathogenic	Likely pathogenic
143340	MECP2	Rett and Angelman-like Disorders VCEP	Uncertain significance	BS2, PS4_Moderate	-2	Likely benign	Uncertain significance
143390	MECP2	Rett and Angelman-like Disorders VCEP	Benign	BP2, BA1	-1	Benign	Benign
143450	MECP2	Rett and Angelman-like Disorders VCEP	Benign	BS2, BS1	-8	Benign	Benign
143494	MECP2	Rett and Angelman-like Disorders VCEP	Benign	BA1	0	Benign	Benign
143504	MECP2	Rett and Angelman-like Disorders VCEP	Benign	BA1	0	Benign	Benign
143638	MECP2	Rett and Angelman-like Disorders VCEP	Benign	BS2, BS1, BP5_Strong	-12	Benign	Benign
143656	MECP2	Rett and Angelman-like Disorders VCEP	Uncertain significance	PM2_Supporting, BS2_Supporting	0	Uncertain significance	Uncertain significance
189732	MECP2	Rett and Angelman-like Disorders VCEP	Likely pathogenic	PM4_Strong, PS4_Supporting, PM1	7	Likely pathogenic	Likely pathogenic
189754	MECP2	Rett and Angelman-like Disorders VCEP	Uncertain significance	PP1, PM4_Strong	5	Uncertain significance	Uncertain significance
36491	MECP2	Rett and Angelman-like Disorders VCEP	Benign	BS2, BS1	-8	Benign	Benign
143608	MECP2	Rett and Angelman-like Disorders VCEP	Likely benign	BS2, BP5	-5	Likely benign	Likely benign
-	ITGA2B	Platelet Disorders VCEP	Pathogenic	PM3_Supporting, PVS1, PP4_Moderate, PP1, PM2_Supporting	13	Pathogenic	Pathogenic
-	ITGA2B	Platelet Disorders VCEP	Pathogenic	PM3_Supporting, PVS1, PP4_Moderate, PM2_Supporting	12	Pathogenic	Pathogenic
255541	ITGB3	Platelet Disorders VCEP	Benign	BP4, BA1, BP7	-2	Benign	Benign
1684418	ITGB3	Platelet Disorders VCEP	Pathogenic	PP4_Strong, PM3_Supporting, PVS1, PM2_Supporting	14	Pathogenic	Pathogenic
-	ITGA2B	Platelet Disorders VCEP	Pathogenic	PP4_Strong, PM3_Supporting, PVS1, PM2_Supporting	14	Pathogenic	Pathogenic
-	ITGA2B	Platelet Disorders VCEP	Pathogenic	PM3_Supporting, PVS1, PM2_Supporting	10	Pathogenic	Pathogenic
-	ITGB3	Platelet Disorders VCEP	Pathogenic	PM3_Supporting, PVS1, PP4_Moderate, PM2_Supporting	12	Pathogenic	Pathogenic
1879057	ITGB3	Platelet Disorders VCEP	Uncertain significance	PP3, PM2_Supporting	2	Uncertain significance	Uncertain significance
-	ITGA2B	Platelet Disorders VCEP	Uncertain significance	PM3_Supporting, PP4_Moderate, PM2_Supporting	4	Uncertain significance	Uncertain significance
1703874	ITGB3	Platelet Disorders VCEP	Uncertain significance	BP4, PM2_Supporting	0	Uncertain significance	Uncertain significance
-	ITGA2B	Platelet Disorders VCEP	Pathogenic	PM3, PVS1, PP4_Moderate	12	Pathogenic	Pathogenic
13563	ITGB3	Platelet Disorders VCEP	Pathogenic	PM3_Strong, PVS1_Strong, PP4_Moderate, PP1, PM2_Supporting	12	Pathogenic	Pathogenic
-	ITGB3	Platelet Disorders VCEP	Pathogenic	PM3_Supporting, PVS1, PM2_Supporting	10	Pathogenic	Pathogenic
-	ITGA2B	Platelet Disorders VCEP	Pathogenic	PP4_Strong, PVS1, PM2_Supporting	13	Pathogenic	Pathogenic
-	ITGA2B	Platelet Disorders VCEP	Pathogenic	PP4_Strong, PM3_Supporting, PVS1, PM2_Supporting	14	Pathogenic	Pathogenic
-	ITGA2B	Platelet Disorders VCEP	Pathogenic	PM3_Supporting, PVS1, PP4_Moderate, PM2_Supporting	12	Pathogenic	Pathogenic
-	ITGA2B	Platelet Disorders VCEP	Pathogenic	PP4_Strong, PM3_Supporting, PVS1, PM2_Supporting	14	Pathogenic	Pathogenic
-	ITGA2B	Platelet Disorders VCEP	Pathogenic	PP4_Strong, PM3, PS3, PM2_Supporting	11	Pathogenic	Pathogenic
1703869	ITGA2B	Platelet Disorders VCEP	Likely pathogenic	PP4_Strong, PM3_Supporting, PP3, PM2_Supporting	7	Likely pathogenic	Likely pathogenic
1879045	ITGB3	Platelet Disorders VCEP	Pathogenic	PM3, PS3, PP4_Moderate, PP3, PM2_Supporting	10	Pathogenic	Pathogenic
1879044	ITGA2B	Platelet Disorders VCEP	Likely pathogenic	PP4_Strong, PM3_Supporting, PP3, PM2_Supporting	7	Likely pathogenic	Likely pathogenic
-	ITGB3	Platelet Disorders VCEP	Pathogenic	PP4_Strong, PM3, PP3, PS3_Moderate, PM2_Supporting	10	Pathogenic	Pathogenic
1879042	ITGB3	Platelet Disorders VCEP	Likely pathogenic	PP4_Strong, PM3_Supporting, PP3, PM2_Supporting	7	Likely pathogenic	Likely pathogenic
-	ITGB3	Platelet Disorders VCEP	Pathogenic	PP4_Strong, PVS1, PM2_Supporting	13	Pathogenic	Pathogenic
1879040	ITGA2B	Platelet Disorders VCEP	Likely pathogenic	PP4_Strong, PM4, PM3, PM2_Supporting	9	Likely pathogenic	Likely pathogenic
-	ITGA2B	Platelet Disorders VCEP	Pathogenic	PP4_Strong, PVS1, PM2_Supporting	13	Pathogenic	Pathogenic
1879046	ITGA2B	Platelet Disorders VCEP	Uncertain significance	PP4_Moderate, PP3, PM2_Supporting	4	Uncertain significance	Uncertain significance
1879048	ITGA2B	Platelet Disorders VCEP	Uncertain significance	PM5, PP4_Moderate, PM2_Supporting	5	Uncertain significance	Uncertain significance
1879039	ITGB3	Platelet Disorders VCEP	Uncertain significance	PM3_Supporting, PP4_Moderate, PP3, PM2_Supporting	5	Uncertain significance	Uncertain significance
-	ITGA2B	Platelet Disorders VCEP	Pathogenic	PP4_Strong, PM3_Supporting, PVS1_Strong, PM2_Supporting	10	Pathogenic	Pathogenic
-	ITGA2B	Platelet Disorders VCEP	Pathogenic	PP4_Strong, PVS1, PM2_Supporting	13	Pathogenic	Pathogenic
-	ITGA2B	Platelet Disorders VCEP	Pathogenic	PP4_Strong, PVS1, PM2_Supporting	13	Pathogenic	Pathogenic
1879034	ITGA2B	Platelet Disorders VCEP	Likely pathogenic	PVS1, PM2_Supporting	9	Likely pathogenic	Uncertain significance
627151	ITGB3	Platelet Disorders VCEP	Likely pathogenic	PP4_Strong, PM3_Supporting, PP3, PM2_Supporting	7	Likely pathogenic	Likely pathogenic
1879033	ITGA2B	Platelet Disorders VCEP	Likely pathogenic	PS3, PM3_Supporting, PP3, PM2_Supporting	7	Likely pathogenic	Likely pathogenic
1879032	ITGB3	Platelet Disorders VCEP	Likely pathogenic	PM5, PP4_Moderate, PP3, PM2_Supporting	6	Likely pathogenic	Likely pathogenic
977126	ITGA2B	Platelet Disorders VCEP	Likely pathogenic	PM3_Supporting, PM5_Supporting, PP4_Moderate, PP3, PM2_Supporting	6	Likely pathogenic	Likely pathogenic
-	ITGA2B	Platelet Disorders VCEP	Pathogenic	PM3_Supporting, PVS1, PP4_Moderate, PM2_Supporting	12	Pathogenic	Pathogenic
1879030	ITGA2B	Platelet Disorders VCEP	Likely pathogenic	PM3_Supporting, PVS1_Moderate, PP4_Moderate, PM2_Supporting	6	Likely pathogenic	Likely pathogenic
1879029	ITGA2B	Platelet Disorders VCEP	Uncertain significance	PM3_Supporting, PP4_Moderate, PP3, PM2_Supporting	5	Uncertain significance	Uncertain significance
1879028	ITGA2B	Platelet Disorders VCEP	Likely benign	BP4, BP7, PM2_Supporting	-1	Likely benign	Likely benign
977131	ITGB3	Platelet Disorders VCEP	Pathogenic	PP4_Strong, PM3_Supporting, PVS1, PM2_Supporting	14	Pathogenic	Pathogenic
-	ITGB3	Platelet Disorders VCEP	Pathogenic	PM3_Supporting, PVS1, PP4_Moderate, PM2_Supporting	12	Pathogenic	Pathogenic
-	ITGA2B	Platelet Disorders VCEP	Pathogenic	PM3_Supporting, PVS1, PP4_Moderate, PM2_Supporting	12	Pathogenic	Pathogenic
1879025	ITGB3	Platelet Disorders VCEP	Uncertain significance	PP3, PP1, PM2_Supporting	3	Uncertain significance	Uncertain significance
1879024	ITGA2B	Platelet Disorders VCEP	Uncertain significance	PP3, PM2_Supporting	2	Uncertain significance	Uncertain significance
-	ITGA2B	Platelet Disorders VCEP	Pathogenic	PVS1, PP4_Moderate, PM2_Supporting	11	Pathogenic	Pathogenic
-	ITGA2B	Platelet Disorders VCEP	Pathogenic	PM3_Supporting, PVS1, PP4_Moderate, PM2_Supporting	12	Pathogenic	Pathogenic
1879022	ITGB3	Platelet Disorders VCEP	Uncertain significance	PM3_Supporting, PP1, PM2_Supporting	3	Uncertain significance	Uncertain significance
-	ITGB3	Platelet Disorders VCEP	Pathogenic	PM3_Supporting, PVS1, PP4_Moderate, PM2_Supporting	12	Pathogenic	Pathogenic
1879020	ITGA2B	Platelet Disorders VCEP	Uncertain significance	PM4, PM3_Supporting, PM2_Supporting	4	Uncertain significance	Uncertain significance
1879019	ITGA2B	Platelet Disorders VCEP	Uncertain significance	PM3_Supporting, PVS1_Moderate, PM2_Supporting	4	Uncertain significance	Uncertain significance
1879018	ITGA2B	Platelet Disorders VCEP	Likely pathogenic	PM3_Supporting, PP4_Moderate, PP3, PM2_Supporting, PS3_Moderate	7	Likely pathogenic	Likely pathogenic
891157	ITGA2B	Platelet Disorders VCEP	Uncertain significance	PM2_Supporting	1	Uncertain significance	Uncertain significance
-	ITGB3	Platelet Disorders VCEP	Pathogenic	PM3_Supporting, PVS1, PM2_Supporting	10	Pathogenic	Pathogenic
-	ITGB3	Platelet Disorders VCEP	Pathogenic	PP4_Strong, PVS1, PM2_Supporting	13	Pathogenic	Pathogenic
1879014	ITGA2B	Platelet Disorders VCEP	Uncertain significance	PM3_Supporting, PM2_Supporting	2	Uncertain significance	Uncertain significance
-	ITGA2B	Platelet Disorders VCEP	Pathogenic	PM3_Supporting, PVS1, PM2_Supporting	10	Pathogenic	Pathogenic
1879012	ITGA2B	Platelet Disorders VCEP	Uncertain significance	PM3_Supporting, PM2_Supporting	2	Uncertain significance	Uncertain significance
1879011	ITGA2B	Platelet Disorders VCEP	Uncertain significance	PM3_Supporting, PP4_Moderate, PM2_Supporting	4	Uncertain significance	Uncertain significance
1879010	ITGA2B	Platelet Disorders VCEP	Uncertain significance	PP4_Moderate, PM2_Supporting	3	Uncertain significance	Uncertain significance
-	ITGB3	Platelet Disorders VCEP	Pathogenic	PP4_Strong, PM3, PS3, PP3, PM2_Supporting	12	Pathogenic	Pathogenic
-	ITGA2B	Platelet Disorders VCEP	Pathogenic	PP4_Strong, PS3, PP1_Strong, PM3_Supporting, PP3, PM2_Supporting	15	Pathogenic	Pathogenic
-	ITGA2B	Platelet Disorders VCEP	Pathogenic	PM3_Supporting, PVS1, PM2_Supporting	10	Pathogenic	Pathogenic
-	ITGA2B	Platelet Disorders VCEP	Pathogenic	PM3, PVS1, PP4_Moderate, PM2_Supporting	13	Pathogenic	Pathogenic
-	ITGB3	Platelet Disorders VCEP	Pathogenic	PM3_Supporting, PVS1, PM2_Supporting	10	Pathogenic	Pathogenic
-	ITGA2B	Platelet Disorders VCEP	Pathogenic	PM3_Supporting, PVS1, PM2_Supporting	10	Pathogenic	Pathogenic
100811	ITGA2B	Platelet Disorders VCEP	Likely pathogenic	PVS1, PM2_Supporting	9	Likely pathogenic	Uncertain significance
759891	ITGB3	Platelet Disorders VCEP	Likely benign	BP4, BP7, PM2_Supporting	-1	Likely benign	Likely benign
-	ITGB3	Platelet Disorders VCEP	Pathogenic	PM3_Supporting, PVS1, PM2_Supporting	10	Pathogenic	Pathogenic
1879008	ITGB3	Platelet Disorders VCEP	Likely pathogenic	PVS1, PM2_Supporting	9	Likely pathogenic	Uncertain significance
225919	GATM	Cerebral Creatine Deficiency Syndromes VCEP	Uncertain significance	BP4, PS3_Supporting, PM2_Supporting	1	Uncertain significance	Uncertain significance
-	PAH	Phenylketonuria VCEP	Likely pathogenic	PM3, PM2, PP3, PP4	6	Likely pathogenic	Likely pathogenic
-	PAH	Phenylketonuria VCEP	Pathogenic	PM3, PVS1, PM2, PP4	13	Pathogenic	Pathogenic
-	PAH	Phenylketonuria VCEP	Pathogenic	PM3, PM2, PVS1, PP4	13	Pathogenic	Pathogenic
-	PAH	Phenylketonuria VCEP	Likely pathogenic	PVS1_Strong, PM3, PM2, PP4	9	Likely pathogenic	Likely pathogenic
-	PAH	Phenylketonuria VCEP	Pathogenic	PM3_Supporting, PVS1, PM2, PP4	12	Pathogenic	Pathogenic
102564	PAH	Phenylketonuria VCEP	Likely pathogenic	PM3_Supporting, PVS1_Strong, PM2, PP4	8	Likely pathogenic	Likely pathogenic
102653	PAH	Phenylketonuria VCEP	Likely pathogenic	PM2, PVS1	10	Pathogenic	Likely pathogenic
102574	PAH	Phenylketonuria VCEP	Likely pathogenic	PVS1, PM2	10	Pathogenic	Likely pathogenic
-	PAH	Phenylketonuria VCEP	Uncertain significance	PM3_Supporting, BP7, PM2, PP4	3	Uncertain significance	Uncertain significance
167413	PAH	Phenylketonuria VCEP	Benign	BP7, BA1	-1	Benign	Benign
102673	PAH	Phenylketonuria VCEP	Benign	BP7, BA1	-1	Benign	Benign
102603	PAH	Phenylketonuria VCEP	Likely pathogenic	PM4, PM3, PM2, PP4	7	Likely pathogenic	Likely pathogenic
102730	PAH	Phenylketonuria VCEP	Likely pathogenic	PM2, PP4_Moderate, PP3, PM3_Strong	9	Likely pathogenic	Likely pathogenic
417917	ACADVL	ACADVL VCEP	Likely pathogenic	PVS1, PM2_Supporting	9	Likely pathogenic	Uncertain significance
854401	ACADVL	ACADVL VCEP	Likely pathogenic	PP1_Moderate, PM4, PM1, PM3, PP4_Moderate, PM2_Supporting	11	Pathogenic	Likely pathogenic
474895	ACADVL	ACADVL VCEP	Uncertain significance	PP4_Moderate, PM3, PM2_Supporting	5	Uncertain significance	Uncertain significance
971356	ACADVL	ACADVL VCEP	Uncertain significance	PM2_Supporting, PVS1_Moderate	3	Uncertain significance	Uncertain significance
555644	ACADVL	ACADVL VCEP	Likely pathogenic	PP4_Moderate, PM2_Supporting, PM3_Supporting, PVS1_Moderate	6	Likely pathogenic	Likely pathogenic
661308	ACADVL	ACADVL VCEP	Likely pathogenic	PVS1, PM2_Supporting	9	Likely pathogenic	Uncertain significance
1632	ACADVL	ACADVL VCEP	Likely pathogenic	PS3_Supporting, PP3, PP4, PM2_Supporting, PM3_Strong	8	Likely pathogenic	Likely pathogenic
203592	ACADVL	ACADVL VCEP	Likely pathogenic	PVS1, PM2_Supporting	9	Likely pathogenic	Uncertain significance
839947	ACADVL	ACADVL VCEP	Likely pathogenic	PVS1, PM2_Supporting	9	Likely pathogenic	Uncertain significance
92290	ACADVL	ACADVL VCEP	Likely pathogenic	PM3, PP4_Moderate, PM2_Supporting, PVS1_Moderate	7	Likely pathogenic	Likely pathogenic
21016	ACADVL	ACADVL VCEP	Pathogenic	PM1, PM2, PP4_Moderate, PP3, PM3_Strong	11	Pathogenic	Pathogenic
1634	ACADVL	ACADVL VCEP	Likely pathogenic	PP3, PP4, PM2_Supporting, PM3_Strong	7	Likely pathogenic	Likely pathogenic
21019	ACADVL	ACADVL VCEP	Likely pathogenic	PS3_Supporting, PP4_Moderate, PM2_Supporting, PM3_Strong	8	Likely pathogenic	Likely pathogenic
-	ACADVL	ACADVL VCEP	Uncertain significance	PM2_Supporting, PVS1_Moderate	3	Uncertain significance	Uncertain significance
166641	ACADVL	ACADVL VCEP	Likely pathogenic	PP4_Moderate, PM3, PP3, PM2_Supporting	6	Likely pathogenic	Likely pathogenic
807359	ACADVL	ACADVL VCEP	Likely pathogenic	PP4_Moderate, PM2, PP3, PM3_Supporting	6	Likely pathogenic	Likely pathogenic
370717	ACADVL	ACADVL VCEP	Pathogenic	PVS1, PP4, PM2_Supporting	10	Pathogenic	Pathogenic
581080	ACADVL	ACADVL VCEP	Likely pathogenic	PVS1, PM2_Supporting	9	Likely pathogenic	Uncertain significance
92283	ACADVL	ACADVL VCEP	Uncertain significance	PP3, PP4, PM2_Supporting, PM3_Supporting	4	Uncertain significance	Uncertain significance
-	ACADVL	ACADVL VCEP	Pathogenic	PS3_Supporting, PVS1, PP4_Moderate, PM3, PM2_Supporting	14	Pathogenic	Pathogenic
370770	ACADVL	ACADVL VCEP	Likely pathogenic	PVS1, PM2_Supporting	9	Likely pathogenic	Uncertain significance
166646	ACADVL	ACADVL VCEP	Likely pathogenic	PVS1, PM2_Supporting	9	Likely pathogenic	Uncertain significance
254695	ACADVL	ACADVL VCEP	Likely benign	BP7, BP4	-2	Likely benign	Likely benign
932835	ACADVL	ACADVL VCEP	Pathogenic	PVS1, PP4, PM2_Supporting	10	Pathogenic	Pathogenic
557136	ACADVL	ACADVL VCEP	Pathogenic	PVS1, PP4, PM2_Supporting	10	Pathogenic	Pathogenic
418698	ACADVL	ACADVL VCEP	Uncertain significance	PM2_Supporting, PVS1_Moderate	3	Uncertain significance	Uncertain significance
1075156	ACADVL	ACADVL VCEP	Uncertain significance	PM2_Supporting, PVS1_Moderate	3	Uncertain significance	Uncertain significance
1622	ACADVL	ACADVL VCEP	Likely pathogenic	PP4_Moderate, PM2_Supporting, PM3_Supporting, PVS1_Moderate	6	Likely pathogenic	Likely pathogenic
932851	ACADVL	ACADVL VCEP	Pathogenic	PVS1, PM2_Supporting, PS1	13	Pathogenic	Pathogenic
810875	ACADVL	ACADVL VCEP	Pathogenic	PVS1, PP4_Moderate, PM2_Supporting	11	Pathogenic	Pathogenic
812785	ACADVL	ACADVL VCEP	Pathogenic	PVS1, PP4_Moderate, PM2_Supporting	11	Pathogenic	Pathogenic
203595	ACADVL	ACADVL VCEP	Likely pathogenic	PM3, PP4_Moderate, PP3, PM2_Supporting	6	Likely pathogenic	Likely pathogenic
932788	ACADVL	ACADVL VCEP	Uncertain significance	PP4_Moderate, PP3, PM2_Supporting	4	Uncertain significance	Uncertain significance
439361	ACADVL	ACADVL VCEP	Likely pathogenic	PM3, PP4_Moderate, PP3, PM2_Supporting	6	Likely pathogenic	Likely pathogenic
1073505	ACADVL	ACADVL VCEP	Likely pathogenic	PVS1, PM2_Supporting	9	Likely pathogenic	Uncertain significance
876022	MYOC	Glaucoma VCEP	Uncertain significance	BP4	-1	Likely benign	Uncertain significance
1810373	MYOC	Glaucoma VCEP	Uncertain significance	PP3_Moderate, PM2_Supporting	3	Uncertain significance	Uncertain significance
1810374	MYOC	Glaucoma VCEP	Uncertain significance		0	Uncertain significance	Uncertain significance
1810375	MYOC	Glaucoma VCEP	Uncertain significance	BP4, PM2_Supporting	0	Uncertain significance	Uncertain significance
1810376	MYOC	Glaucoma VCEP	Uncertain significance	PP3_Moderate, PM2_Supporting	3	Uncertain significance	Uncertain significance
1306862	MYOC	Glaucoma VCEP	Uncertain significance		0	Uncertain significance	Uncertain significance
1810377	MYOC	Glaucoma VCEP	Uncertain significance	PM2_Supporting	1	Uncertain significance	Uncertain significance
1803197	MYOC	Glaucoma VCEP	Uncertain significance		0	Uncertain significance	Uncertain significance
1810378	MYOC	Glaucoma VCEP	Likely pathogenic	PP3_Moderate, PP1_Moderate, PS4_Supporting, PM2_Supporting	6	Likely pathogenic	Likely pathogenic
1810365	MYOC	Glaucoma VCEP	Uncertain significance	PP3_Moderate, PM5, PM2_Supporting	5	Uncertain significance	Uncertain significance
1684936	MYOC	Glaucoma VCEP	Uncertain significance	BS3_Supporting, PP3	0	Uncertain significance	Uncertain significance
1810366	MYOC	Glaucoma VCEP	Uncertain significance	PM2_Supporting, PS4_Supporting	2	Uncertain significance	Uncertain significance
1810367	MYOC	Glaucoma VCEP	Uncertain significance		0	Uncertain significance	Uncertain significance
1810368	MYOC	Glaucoma VCEP	Likely benign	BP4, BP7	-2	Likely benign	Likely benign
1810369	MYOC	Glaucoma VCEP	Uncertain significance	BP4, BP7, PM2_Supporting	-1	Likely benign	Likely benign
1810370	MYOC	Glaucoma VCEP	Uncertain significance	PP3_Moderate	2	Uncertain significance	Uncertain significance
1810371	MYOC	Glaucoma VCEP	Uncertain significance	PM2_Supporting	1	Uncertain significance	Uncertain significance
7957	MYOC	Glaucoma VCEP	Likely pathogenic	PP1_Moderate, PP3_Strong, PM2_Supporting, PS4_Supporting	8	Likely pathogenic	Likely pathogenic
1810372	MYOC	Glaucoma VCEP	Uncertain significance	BP4, BP7, PM2_Supporting	-1	Likely benign	Likely benign
1073342	ACADVL	ACADVL VCEP	Pathogenic	PVS1, PP4, PM2_Supporting	10	Pathogenic	Pathogenic
1628	ACADVL	ACADVL VCEP	Likely pathogenic	PS3_Supporting, PP4_Moderate, PM3, PM1, PP3, PM2_Supporting	9	Likely pathogenic	Likely pathogenic
818026	ACADVL	ACADVL VCEP	Pathogenic	PM1, PVS1, PM2_Supporting	11	Pathogenic	Pathogenic
936835	ACADVL	ACADVL VCEP	Likely pathogenic	PVS1, PM2_Supporting	9	Likely pathogenic	Uncertain significance
557078	ACADVL	ACADVL VCEP	Likely pathogenic	PVS1, PM2_Supporting	9	Likely pathogenic	Uncertain significance
550315	ACADVL	ACADVL VCEP	Uncertain significance	PM3, PP4, PM2_Supporting	4	Uncertain significance	Uncertain significance
380058	ACADVL	ACADVL VCEP	Likely benign	BP7, PM2_Supporting, BP4	-1	Likely benign	Likely benign
516249	ACADVL	ACADVL VCEP	Likely benign	BP7, BP4	-2	Likely benign	Likely benign
474901	ACADVL	ACADVL VCEP	Likely pathogenic	PP4_Moderate, PM1, PM3, PP3, PM2_Supporting	8	Likely pathogenic	Likely pathogenic
383052	ACADVL	ACADVL VCEP	Likely benign	BP7, BS1, BP4	-6	Likely benign	Likely benign
203591	ACADVL	ACADVL VCEP	Likely pathogenic	PVS1, PM2_Supporting	9	Likely pathogenic	Uncertain significance
595610	ACADVL	ACADVL VCEP	Likely pathogenic	PVS1, PM2_Supporting	9	Likely pathogenic	Uncertain significance
194317	ACADVL	ACADVL VCEP	Pathogenic	PM3, PVS1, PM2_Supporting	11	Pathogenic	Pathogenic
429730	ACADVL	ACADVL VCEP	Likely pathogenic	PVS1, PM2_Supporting	9	Likely pathogenic	Uncertain significance
932833	ACADVL	ACADVL VCEP	Likely pathogenic	PVS1, PM2_Supporting	9	Likely pathogenic	Uncertain significance
379145	ACADVL	ACADVL VCEP	Likely pathogenic	PP4_Moderate, PM3, PM2_Supporting, PVS1_Moderate	7	Likely pathogenic	Likely pathogenic
4035	GAA	Lysosomal Diseases VCEP	Uncertain significance	PM3_Supporting, PP4_Moderate, PM2_Supporting	4	Uncertain significance	Uncertain significance
972747	GAA	Lysosomal Diseases VCEP	Pathogenic	PM3_Strong, PP4_Moderate, PP3, PS3_Moderate, PM2_Supporting	10	Pathogenic	Pathogenic
198393	GAA	Lysosomal Diseases VCEP	Uncertain significance	PM3, PP4_Moderate, PM2_Supporting	5	Uncertain significance	Uncertain significance
930445	GAA	Lysosomal Diseases VCEP	Likely pathogenic	PM3_Supporting, PVS1_Strong, PP4_Moderate, PM2_Supporting	8	Likely pathogenic	Likely pathogenic
495664	GAA	Lysosomal Diseases VCEP	Pathogenic	PM3_Strong, PP4_Moderate, PP3, PS3_Moderate, PM2_Supporting	10	Pathogenic	Pathogenic
550825	GAA	Lysosomal Diseases VCEP	Pathogenic	PS3_Supporting, PP4_Moderate, PP3, PM2_Supporting, PM3_Very Strong	13	Pathogenic	Pathogenic
283230	GAA	Lysosomal Diseases VCEP	Pathogenic	PM3_Strong, PP4_Moderate, PP3, PM2_Supporting, PS3_Moderate	10	Pathogenic	Pathogenic
557811	GAA	Lysosomal Diseases VCEP	Uncertain significance	PVS1_Strong, PM2_Supporting	5	Uncertain significance	Uncertain significance
1308288	GAA	Lysosomal Diseases VCEP	Likely pathogenic	PM3_Supporting, PVS1_Moderate, PP4_Moderate, PM2_Supporting	6	Likely pathogenic	Likely pathogenic
597944	GAA	Lysosomal Diseases VCEP	Pathogenic	PVS1, PP4_Moderate, PM2_Supporting	11	Pathogenic	Pathogenic
237861	LDLR	Familial Hypercholesterolemia VCEP	Uncertain significance	PM2, PP4, PS4_Supporting	4	Uncertain significance	Uncertain significance
251895	LDLR	Familial Hypercholesterolemia VCEP	Uncertain significance	BP4, PM2, PP4, PS4_Supporting	3	Uncertain significance	Uncertain significance
252294	LDLR	Familial Hypercholesterolemia VCEP	Uncertain significance	PM2, PP3	3	Uncertain significance	Uncertain significance
252295	LDLR	Familial Hypercholesterolemia VCEP	Uncertain significance	PP3	1	Uncertain significance	Uncertain significance
251138	LDLR	Familial Hypercholesterolemia VCEP	Uncertain significance	PS3_Supporting, PM2, PP4	4	Uncertain significance	Uncertain significance
251876	LDLR	Familial Hypercholesterolemia VCEP	Uncertain significance	PM2, PP3	3	Uncertain significance	Uncertain significance
251808	LDLR	Familial Hypercholesterolemia VCEP	Likely pathogenic	PS3_Supporting, PP1_Moderate, PM2, PP4, PS4_Supporting	7	Likely pathogenic	Likely pathogenic
226382	LDLR	Familial Hypercholesterolemia VCEP	Likely pathogenic	PP1_Strong, PM2, PP4, PS4_Supporting	8	Likely pathogenic	Likely pathogenic
183129	LDLR	Familial Hypercholesterolemia VCEP	Uncertain significance	PM2	2	Uncertain significance	Uncertain significance
927435	LDLR	Familial Hypercholesterolemia VCEP	Uncertain significance	BP4, PM2	1	Uncertain significance	Uncertain significance
430743	LDLR	Familial Hypercholesterolemia VCEP	Uncertain significance	PM2, PP4, PS4_Supporting	4	Uncertain significance	Uncertain significance
252325	LDLR	Familial Hypercholesterolemia VCEP	Uncertain significance	PM4, PM2, PP4	5	Uncertain significance	Uncertain significance
252110	LDLR	Familial Hypercholesterolemia VCEP	Uncertain significance	PM2, PP3, PP4	4	Uncertain significance	Uncertain significance
252109	LDLR	Familial Hypercholesterolemia VCEP	Uncertain significance	PM2, PP3	3	Uncertain significance	Uncertain significance
438327	LDLR	Familial Hypercholesterolemia VCEP	Uncertain significance	PM2, PP4, PP3	4	Uncertain significance	Uncertain significance
250946	LDLR	Familial Hypercholesterolemia VCEP	Likely pathogenic	PS4, PP1_Moderate, PM2, PP4	9	Likely pathogenic	Likely pathogenic
251097	LDLR	Familial Hypercholesterolemia VCEP	Uncertain significance	BP4, PM4, PM2, PP4	4	Uncertain significance	Uncertain significance
252258	LDLR	Familial Hypercholesterolemia VCEP	Pathogenic	PM2, PVS1, PP4	11	Pathogenic	Pathogenic
403628	LDLR	Familial Hypercholesterolemia VCEP	Uncertain significance	PM2, PP4	3	Uncertain significance	Uncertain significance
224620	LDLR	Familial Hypercholesterolemia VCEP	Likely benign	BP4, BP7, BS1	-6	Likely benign	Likely benign
250982	LDLR	Familial Hypercholesterolemia VCEP	Uncertain significance	PM2, PP4, PS4_Supporting	4	Uncertain significance	Uncertain significance
919564	LDLR	Familial Hypercholesterolemia VCEP	Uncertain significance	BP4, PM2	1	Uncertain significance	Uncertain significance
252065	LDLR	Familial Hypercholesterolemia VCEP	Uncertain significance	PM2, PP3, PP4	4	Uncertain significance	Uncertain significance
251040	LDLR	Familial Hypercholesterolemia VCEP	Uncertain significance	PM2, PP3, PP4	4	Uncertain significance	Uncertain significance
523722	LDLR	Familial Hypercholesterolemia VCEP	Uncertain significance	PM2, PP3	3	Uncertain significance	Uncertain significance
251087	LDLR	Familial Hypercholesterolemia VCEP	Uncertain significance	BP4, PM2	1	Uncertain significance	Uncertain significance
923296	LDLR	Familial Hypercholesterolemia VCEP	Uncertain significance	BP4, PM2	1	Uncertain significance	Uncertain significance
430774	LDLR	Familial Hypercholesterolemia VCEP	Uncertain significance	BP4, BP7, PM2	0	Uncertain significance	Likely benign
183115	LDLR	Familial Hypercholesterolemia VCEP	Uncertain significance	BP4, PM2, PP4	2	Uncertain significance	Uncertain significance
252022	LDLR	Familial Hypercholesterolemia VCEP	Uncertain significance	BP4	-1	Likely benign	Uncertain significance
441222	LDLR	Familial Hypercholesterolemia VCEP	Uncertain significance	BP4, PM2	1	Uncertain significance	Uncertain significance
183125	LDLR	Familial Hypercholesterolemia VCEP	Uncertain significance	BP4, PM2	1	Uncertain significance	Uncertain significance
252036	LDLR	Familial Hypercholesterolemia VCEP	Uncertain significance	PM2, PP4	3	Uncertain significance	Uncertain significance
424578	MECP2	Rett and Angelman-like Disorders VCEP	Uncertain significance	PM6, BP5, BS2_Supporting	0	Uncertain significance	Likely benign
156669	MECP2	Rett and Angelman-like Disorders VCEP	Likely benign	BS2, BP5	-5	Likely benign	Likely benign
156670	MECP2	Rett and Angelman-like Disorders VCEP	Benign	BS2, BA1	-4	Benign	Benign
158882	MECP2	Rett and Angelman-like Disorders VCEP	Benign	BS2, BA1	-4	Benign	Benign
189763	MECP2	Rett and Angelman-like Disorders VCEP	Benign	BS2, BA1	-4	Benign	Benign
196572	UBE3A	Rett and Angelman-like Disorders VCEP	Benign	BP7, BS1	-5	Likely benign	Likely benign
158880	MECP2	Rett and Angelman-like Disorders VCEP	Benign	BS2, BS1	-8	Benign	Benign
189768	MECP2	Rett and Angelman-like Disorders VCEP	Benign	BS2, BP5_Strong	-8	Benign	Benign
193163	MECP2	Rett and Angelman-like Disorders VCEP	Benign	BA1, BS2_Supporting	-1	Benign	Benign
197246	MECP2	Rett and Angelman-like Disorders VCEP	Likely benign	BS2_Supporting, BS1	-5	Likely benign	Likely benign
211453	MECP2	Rett and Angelman-like Disorders VCEP	Benign	BA1, BS2_Supporting	-1	Benign	Benign
211454	MECP2	Rett and Angelman-like Disorders VCEP	Likely benign	BS2_Supporting, BS1	-5	Likely benign	Likely benign
211459	MECP2	Rett and Angelman-like Disorders VCEP	Benign	BS2, BA1, BP5	-5	Benign	Benign
189751	MECP2	Rett and Angelman-like Disorders VCEP	Benign	BS2, BP5, BS1	-9	Benign	Benign
456652	LDLR	Familial Hypercholesterolemia VCEP	Uncertain significance	BP4	-1	Likely benign	Uncertain significance
68104	LDLR	Familial Hypercholesterolemia VCEP	Likely benign	BP4, BP2, PS3_Supporting	-1	Likely benign	Likely benign
252071	LDLR	Familial Hypercholesterolemia VCEP	Uncertain significance	PM3, PM2	4	Uncertain significance	Uncertain significance
251774	LDLR	Familial Hypercholesterolemia VCEP	Pathogenic	PS4, PP1_Strong, PM3, PM2, PP4	13	Pathogenic	Pathogenic
251773	LDLR	Familial Hypercholesterolemia VCEP	Likely pathogenic	PM5, PM2, PP4, PS4_Supporting	6	Likely pathogenic	Likely pathogenic
251775	LDLR	Familial Hypercholesterolemia VCEP	Uncertain significance	BP4, BP2, PM5, PM2, PP4	3	Uncertain significance	Likely benign
496018	LDLR	Familial Hypercholesterolemia VCEP	Uncertain significance	PM5, PM2	4	Uncertain significance	Uncertain significance
251510	LDLR	Familial Hypercholesterolemia VCEP	Likely pathogenic	PS3, PM2	6	Likely pathogenic	Likely pathogenic
430742	LDLR	Familial Hypercholesterolemia VCEP	Uncertain significance	PM2, PP4	3	Uncertain significance	Uncertain significance
924646	LDLR	Familial Hypercholesterolemia VCEP	Uncertain significance	BP4, PM2	1	Uncertain significance	Uncertain significance
251704	LDLR	Familial Hypercholesterolemia VCEP	Likely pathogenic	PM3, PP1_Moderate, PM2, PP3, PP4, PS4_Supporting	9	Likely pathogenic	Likely pathogenic
870321	LDLR	Familial Hypercholesterolemia VCEP	Uncertain significance	PM2, PP3, PP4	4	Uncertain significance	Uncertain significance
440630	LDLR	Familial Hypercholesterolemia VCEP	Uncertain significance	PM2	2	Uncertain significance	Uncertain significance
924165	LDLR	Familial Hypercholesterolemia VCEP	Uncertain significance	PM2	2	Uncertain significance	Uncertain significance
250949	LDLR	Familial Hypercholesterolemia VCEP	Uncertain significance	PM2, PS3_Moderate	4	Uncertain significance	Uncertain significance
250952	LDLR	Familial Hypercholesterolemia VCEP	Uncertain significance	PS3_Supporting, PM2	3	Uncertain significance	Uncertain significance
430745	LDLR	Familial Hypercholesterolemia VCEP	Uncertain significance	BP4	-1	Likely benign	Uncertain significance
252046	LDLR	Familial Hypercholesterolemia VCEP	Uncertain significance		0	Uncertain significance	Uncertain significance
226304	LDLR	Familial Hypercholesterolemia VCEP	Pathogenic	PS4, PM1, PM2, PP3, PP4, PP1, PS3_Moderate	13	Pathogenic	Pathogenic
183108	LDLR	Familial Hypercholesterolemia VCEP	Likely pathogenic	PS4_Moderate, PP1_Moderate, PM3, PM2, PP3, PP4	10	Pathogenic	Likely pathogenic
250971	LDLR	Familial Hypercholesterolemia VCEP	Uncertain significance	PM2, PP4	3	Uncertain significance	Uncertain significance
36461	LDLR	Familial Hypercholesterolemia VCEP	Benign	BP4, BA1	-1	Benign	Benign
183094	LDLR	Familial Hypercholesterolemia VCEP	Uncertain significance	PM2	2	Uncertain significance	Uncertain significance
927149	LDLR	Familial Hypercholesterolemia VCEP	Uncertain significance	BP4, PM2	1	Uncertain significance	Uncertain significance
440602	LDLR	Familial Hypercholesterolemia VCEP	Uncertain significance	PM2	2	Uncertain significance	Uncertain significance
251447	LDLR	Familial Hypercholesterolemia VCEP	Uncertain significance	PM2	2	Uncertain significance	Uncertain significance
456412	GAA	Lysosomal Diseases VCEP	Uncertain significance	PP3	1	Uncertain significance	Uncertain significance
143526	MECP2	Rett and Angelman-like Disorders VCEP	Pathogenic	PP3, PM5_Strong, PS4, PM2_Supporting	10	Pathogenic	Pathogenic
690207	MT-TE	Mitochondrial Diseases VCEP	Uncertain significance	PP3, PM2_Supporting, PS4_Supporting, PS3_Supporting	4	Uncertain significance	Uncertain significance
9586	MT-TL2	Mitochondrial Diseases VCEP	Likely pathogenic	PP3, PM2_Supporting, PS4_Moderate, PM6_Supporting, PS3_Supporting	6	Likely pathogenic	Likely pathogenic
42226	MT-TS1	Mitochondrial Diseases VCEP	Pathogenic	PS4, PS3_Supporting, PP1_Moderate	7	Likely pathogenic	Likely pathogenic
689871	MT-TL1	Mitochondrial Diseases VCEP	Likely pathogenic	PP3, PP1, PM2_Supporting, PS4_Moderate, PS3_Supporting	6	Likely pathogenic	Likely pathogenic
9612	MT-TG	Mitochondrial Diseases VCEP	Uncertain significance	PP3, PM2_Supporting, PS4_Moderate, PS3_Supporting	5	Uncertain significance	Uncertain significance
9624	MT-TA	Mitochondrial Diseases VCEP	Likely pathogenic	PP1, PP3, PM2_Supporting, PS3_Moderate, PS4_Supporting	6	Likely pathogenic	Likely pathogenic
986494	MT-TL2	Mitochondrial Diseases VCEP	Uncertain significance	PS4_Supporting, PM2_Supporting, PM6_Supporting, PS3_Supporting	4	Uncertain significance	Uncertain significance
986422	MT-TK	Mitochondrial Diseases VCEP	Uncertain significance	PP3, PM2_Supporting, PS4_Supporting, PS3_Supporting	4	Uncertain significance	Uncertain significance
9566	MT-TS1	Mitochondrial Diseases VCEP	Likely pathogenic	PP3, PS3_Moderate, PS4_Moderate	5	Uncertain significance	Uncertain significance
932827	ACADVL	ACADVL VCEP	Pathogenic	PVS1, PP4_Moderate, PM2_Supporting, PM3_Supporting	12	Pathogenic	Pathogenic
935797	ACADVL	ACADVL VCEP	Likely pathogenic	PVS1, PM2_Supporting	9	Likely pathogenic	Uncertain significance
932845	ACADVL	ACADVL VCEP	Likely pathogenic	PVS1, PM2_Supporting	9	Likely pathogenic	Uncertain significance
690181	MT-TL2	Mitochondrial Diseases VCEP	Likely pathogenic	PP3, PM2_Supporting, PS4_Moderate, PM6_Supporting, PS3_Supporting	6	Likely pathogenic	Likely pathogenic
586015	HNF4A	Monogenic Diabetes VCEP	Likely benign	BP7, BP4	-2	Likely benign	Likely benign
338426	HNF4A	Monogenic Diabetes VCEP	Likely benign	BP7, BP4	-2	Likely benign	Likely benign
586013	HNF4A	Monogenic Diabetes VCEP	Likely benign	BP7, BP4	-2	Likely benign	Likely benign
586010	HNF4A	Monogenic Diabetes VCEP	Likely benign	BP7, BS2, BP4	-6	Likely benign	Likely benign
-	HNF4A	Monogenic Diabetes VCEP	Likely benign	BP7, BS1, PP4, BP4	-5	Likely benign	Likely benign
416004	SLC6A8	Cerebral Creatine Deficiency Syndromes VCEP	Likely benign	BP4, BP7	-2	Likely benign	Likely benign
689874	MT-TI	Mitochondrial Diseases VCEP	Uncertain significance	PP3, PM2_Supporting, PS4_Supporting, PS3_Supporting	4	Uncertain significance	Uncertain significance
379889	GJB2	Hearing Loss VCEP	Uncertain significance	PM3, PS3_Supporting	3	Uncertain significance	Uncertain significance
205613	GATM	Cerebral Creatine Deficiency Syndromes VCEP	Benign	BP4, BA1, BS3_Supporting	-2	Benign	Benign
137454	GATM	Cerebral Creatine Deficiency Syndromes VCEP	Benign	BP4, BA1	-1	Benign	Benign
137449	GATM	Cerebral Creatine Deficiency Syndromes VCEP	Benign	BP4, BA1, BP7	-2	Benign	Benign
225920	GATM	Cerebral Creatine Deficiency Syndromes VCEP	Uncertain significance	BP4, PS3_Supporting, PM2_Supporting	1	Uncertain significance	Uncertain significance
225916	GATM	Cerebral Creatine Deficiency Syndromes VCEP	Uncertain significance	PS3_Supporting, PM2_Supporting	2	Uncertain significance	Uncertain significance
225913	GATM	Cerebral Creatine Deficiency Syndromes VCEP	Uncertain significance	BP4, PS3_Supporting, PM2_Supporting	1	Uncertain significance	Uncertain significance
917494	GATM	Cerebral Creatine Deficiency Syndromes VCEP	Uncertain significance	BP4, PM2_Supporting	0	Uncertain significance	Uncertain significance
917493	GATM	Cerebral Creatine Deficiency Syndromes VCEP	Uncertain significance	PM2_Supporting	1	Uncertain significance	Uncertain significance
225918	GATM	Cerebral Creatine Deficiency Syndromes VCEP	Uncertain significance	PS3_Supporting, PM2_Supporting	2	Uncertain significance	Uncertain significance
225915	GATM	Cerebral Creatine Deficiency Syndromes VCEP	Uncertain significance	PP3_Moderate, PS3_Supporting	3	Uncertain significance	Uncertain significance
225914	GATM	Cerebral Creatine Deficiency Syndromes VCEP	Uncertain significance	PS3_Supporting, PM2_Supporting	2	Uncertain significance	Uncertain significance
1478699	GATM	Cerebral Creatine Deficiency Syndromes VCEP	Likely pathogenic	PP4_Strong, PM3_Supporting, PS3_Supporting, PM2_Supporting	7	Likely pathogenic	Likely pathogenic
-	GATM	Cerebral Creatine Deficiency Syndromes VCEP	Pathogenic	PM3_Supporting, PVS1, PP4_Moderate, PM2_Supporting	12	Pathogenic	Pathogenic
2446453	GAMT	Cerebral Creatine Deficiency Syndromes VCEP	Likely pathogenic	PP3_Moderate, PM3_Supporting, PS3_Supporting, PP4, PM2_Supporting	6	Likely pathogenic	Likely pathogenic
556882	PAH	Phenylketonuria VCEP	Pathogenic	PM3, PP4_Moderate, PM2, PP3, PS3	11	Pathogenic	Pathogenic
1487846	DICER1	DICER1 and miRNA-Processing Gene VCEP	Likely pathogenic	PP3, PP1, PS4_Supporting, PM2_Supporting, PS3	8	Likely pathogenic	Likely pathogenic
263832	FBN1	FBN1 VCEP	Benign	BA1	0	Benign	Benign
549475	FBN1	FBN1 VCEP	Likely benign	BS1, BP4	-5	Likely benign	Likely benign
-	FBN1	FBN1 VCEP	Likely pathogenic	PVS1, PM2	10	Pathogenic	Likely pathogenic
16451	FBN1	FBN1 VCEP	Benign	BP5, BP2, BA1	-2	Benign	Benign
-	FBN1	FBN1 VCEP	Likely pathogenic	PM2, PVS1	10	Pathogenic	Likely pathogenic
2429790	DICER1	DICER1 and miRNA-Processing Gene VCEP	Uncertain significance	PP3, PM2_Supporting, PS4_Supporting	3	Uncertain significance	Uncertain significance
645957	DICER1	DICER1 and miRNA-Processing Gene VCEP	Likely pathogenic	PP3, PM2_Supporting, PS4_Supporting, PS3	7	Likely pathogenic	Likely pathogenic
429154	DICER1	DICER1 and miRNA-Processing Gene VCEP	Uncertain significance	BP4	-1	Likely benign	Uncertain significance
644129	DICER1	DICER1 and miRNA-Processing Gene VCEP	Uncertain significance	PM2_Supporting, BP4	0	Uncertain significance	Uncertain significance
483408	DICER1	DICER1 and miRNA-Processing Gene VCEP	Uncertain significance	PM2_Supporting, BP4	0	Uncertain significance	Uncertain significance
825868	DICER1	DICER1 and miRNA-Processing Gene VCEP	Uncertain significance	PM2_Supporting, BP4	0	Uncertain significance	Uncertain significance
375463	CDH23	Hearing Loss VCEP	Uncertain significance	PP3, PP4, PM2_Supporting, PM3	5	Uncertain significance	Uncertain significance
866837	MYO7A	Hearing Loss VCEP	Likely pathogenic	PP3, PP4, PM2_Supporting, PM3_Strong	7	Likely pathogenic	Likely pathogenic
-	ACADVL	ACADVL VCEP	Likely pathogenic	PVS1, PM2_Supporting	9	Likely pathogenic	Uncertain significance
-	ACADVL	ACADVL VCEP	Likely benign	BP7, PM2_Supporting, BP4	-1	Likely benign	Likely benign
92289	ACADVL	ACADVL VCEP	Likely pathogenic	PM1, PP4_Moderate, PP3, PM2_Supporting, PM3_Supporting	7	Likely pathogenic	Likely pathogenic
474878	ACADVL	ACADVL VCEP	Likely pathogenic	PP4_Moderate, PM3, PP3, PP1, PM2_Supporting	7	Likely pathogenic	Likely pathogenic
941106	ACADVL	ACADVL VCEP	Likely pathogenic	PS3_Supporting, PP4_Moderate, PP3, PM2_Supporting, PM3_Supporting	6	Likely pathogenic	Likely pathogenic
932838	ACADVL	ACADVL VCEP	Uncertain significance	PM2_Supporting, PVS1_Moderate	3	Uncertain significance	Uncertain significance
1684937	MYOC	Glaucoma VCEP	Likely benign	BP4, BS1	-5	Likely benign	Likely benign
2429755	MYOC	Glaucoma VCEP	Uncertain significance	BP4, PM2_Supporting, PS4_Supporting	1	Uncertain significance	Uncertain significance
2442270	MYOC	Glaucoma VCEP	Uncertain significance	BP4, BP7, PM2_Supporting	-1	Likely benign	Likely benign
2442281	MYOC	Glaucoma VCEP	Uncertain significance	BP4, BP7, PM2_Supporting	-1	Likely benign	Likely benign
2442285	MYOC	Glaucoma VCEP	Likely benign	BP4, BP7	-2	Likely benign	Likely benign
2442286	MYOC	Glaucoma VCEP	Uncertain significance	PM2_Supporting	1	Uncertain significance	Uncertain significance
2429759	MYOC	Glaucoma VCEP	Uncertain significance	PP1_Moderate, PM2_Supporting	3	Uncertain significance	Uncertain significance
2442287	MYOC	Glaucoma VCEP	Uncertain significance	BP4, BP7, PS4_Supporting, PM2_Supporting	0	Uncertain significance	Likely benign
2442288	MYOC	Glaucoma VCEP	Uncertain significance	BP4, PM2_Supporting	0	Uncertain significance	Uncertain significance
2442289	MYOC	Glaucoma VCEP	Likely benign	BP4, BP7	-2	Likely benign	Likely benign
2442290	MYOC	Glaucoma VCEP	Uncertain significance	BP4, BP7, PM2_Supporting	-1	Likely benign	Likely benign
2442263	MYOC	Glaucoma VCEP	Uncertain significance	PM2_Supporting	1	Uncertain significance	Uncertain significance
2442264	MYOC	Glaucoma VCEP	Uncertain significance	BP4	-1	Likely benign	Uncertain significance
293718	MYOC	Glaucoma VCEP	Likely benign	BP4, BS1	-5	Likely benign	Likely benign
2442265	MYOC	Glaucoma VCEP	Uncertain significance	BP4, PM2_Supporting	0	Uncertain significance	Uncertain significance
1313921	MYOC	Glaucoma VCEP	Likely benign	BP4	-1	Likely benign	Uncertain significance
293716	MYOC	Glaucoma VCEP	Uncertain significance	BP4, PM2_Supporting	0	Uncertain significance	Uncertain significance
2429760	MYOC	Glaucoma VCEP	Likely pathogenic	PP1_Moderate, PP3_Strong, PM2_Supporting	7	Likely pathogenic	Likely pathogenic
2442266	MYOC	Glaucoma VCEP	Uncertain significance	PM4, PM2_Supporting	3	Uncertain significance	Uncertain significance
2442267	MYOC	Glaucoma VCEP	Uncertain significance	BP4, BP7, PM2_Supporting	-1	Likely benign	Likely benign
2442268	MYOC	Glaucoma VCEP	Uncertain significance	PM2_Supporting	1	Uncertain significance	Uncertain significance
2429761	MYOC	Glaucoma VCEP	Uncertain significance	PP1_Moderate, PS4_Supporting, PM2_Supporting	4	Uncertain significance	Uncertain significance
2442269	MYOC	Glaucoma VCEP	Uncertain significance	PP3_Moderate, BS3_Supporting, PP1, PM2_Supporting	3	Uncertain significance	Uncertain significance
2442271	MYOC	Glaucoma VCEP	Uncertain significance	PM2_Supporting	1	Uncertain significance	Uncertain significance
2442272	MYOC	Glaucoma VCEP	Uncertain significance	PP3_Moderate, BS3, PM2_Supporting, PS4_Supporting	0	Uncertain significance	Uncertain significance
2442273	MYOC	Glaucoma VCEP	Uncertain significance	PP3	1	Uncertain significance	Uncertain significance
2442274	MYOC	Glaucoma VCEP	Uncertain significance	PP3, PM2_Supporting	2	Uncertain significance	Uncertain significance
2442275	MYOC	Glaucoma VCEP	Uncertain significance	BP4, PM2_Supporting	0	Uncertain significance	Uncertain significance
2442276	MYOC	Glaucoma VCEP	Uncertain significance	PM2_Supporting	1	Uncertain significance	Uncertain significance
2429762	MYOC	Glaucoma VCEP	Uncertain significance	PP3_Moderate, PP1_Moderate, PM2_Supporting	5	Uncertain significance	Uncertain significance
2442277	MYOC	Glaucoma VCEP	Uncertain significance	PP3, PM2_Supporting, PS4_Supporting	3	Uncertain significance	Uncertain significance
2442278	MYOC	Glaucoma VCEP	Uncertain significance	BP4, BP7, PM2_Supporting	-1	Likely benign	Likely benign
2429763	MYOC	Glaucoma VCEP	Likely benign	BP4, BP7	-2	Likely benign	Likely benign
2442279	MYOC	Glaucoma VCEP	Uncertain significance	PP3, PM2_Supporting	2	Uncertain significance	Uncertain significance
2429764	MYOC	Glaucoma VCEP	Likely pathogenic	PP3_Strong, PM2_Supporting, PS4_Supporting	6	Likely pathogenic	Likely pathogenic
2429765	MYOC	Glaucoma VCEP	Uncertain significance	BP4, PM2_Supporting	0	Uncertain significance	Uncertain significance
2442280	MYOC	Glaucoma VCEP	Uncertain significance	PP3, PS4_Supporting, PM2_Supporting	3	Uncertain significance	Uncertain significance
2442282	MYOC	Glaucoma VCEP	Uncertain significance		0	Uncertain significance	Uncertain significance
1439558	MYOC	Glaucoma VCEP	Pathogenic	PS3, PS4_Moderate, PP1_Strong, PP3_Moderate, PM2_Supporting	13	Pathogenic	Pathogenic
2442283	MYOC	Glaucoma VCEP	Uncertain significance	PM2_Supporting	1	Uncertain significance	Uncertain significance
2442284	MYOC	Glaucoma VCEP	Uncertain significance	PP3_Strong, PM2_Supporting	5	Uncertain significance	Uncertain significance
2429756	MYOC	Glaucoma VCEP	Uncertain significance	PP3_Strong, PM2_Supporting	5	Uncertain significance	Uncertain significance
2429757	MYOC	Glaucoma VCEP	Likely pathogenic	PP1_Strong, PP3, PM2_Supporting, PS4_Supporting	7	Likely pathogenic	Likely pathogenic
2429758	MYOC	Glaucoma VCEP	Likely benign	BP4, BP7	-2	Likely benign	Likely benign
412160	DICER1	DICER1 and miRNA-Processing Gene VCEP	Likely benign	BS2_Supporting, BP4	-2	Likely benign	Likely benign
-	ITGA2B	Platelet Disorders VCEP	Pathogenic	PM3_Supporting, PVS1, PP4_Moderate, PM2_Supporting	12	Pathogenic	Pathogenic
2498355	ITGA2B	Platelet Disorders VCEP	Uncertain significance	PP4_Moderate	2	Uncertain significance	Uncertain significance
-	ITGA2B	Platelet Disorders VCEP	Pathogenic	PM3_Supporting, PVS1, PP4_Moderate, PM2_Supporting	12	Pathogenic	Pathogenic
-	ITGB3	Platelet Disorders VCEP	Pathogenic	PM3_Supporting, PVS1, PM2_Supporting	10	Pathogenic	Pathogenic
255537	ITGB3	Platelet Disorders VCEP	Benign	BA1, BP4, BP7	-2	Benign	Benign
890710	ITGB3	Platelet Disorders VCEP	Uncertain significance	BP4, PM2_Supporting	0	Uncertain significance	Uncertain significance
323570	ITGA2B	Platelet Disorders VCEP	Likely benign	BP4, BP7	-2	Likely benign	Likely benign
890713	ITGB3	Platelet Disorders VCEP	Uncertain significance		0	Uncertain significance	Uncertain significance
-	ITGB3	Platelet Disorders VCEP	Pathogenic	PVS1, PP4_Moderate, PM2_Supporting	11	Pathogenic	Pathogenic
2498348	ITGB3	Platelet Disorders VCEP	Likely pathogenic	PM3, PP4_Moderate, PP3, PM2_Supporting	6	Likely pathogenic	Likely pathogenic
-	ITGA2B	Platelet Disorders VCEP	Pathogenic	PS3, PVS1_Moderate, PP4_Moderate, PP1, PM2_Supporting	10	Pathogenic	Pathogenic
-	ITGB3	Platelet Disorders VCEP	Pathogenic	PS3_Supporting, PVS1, PM2_Supporting	10	Pathogenic	Pathogenic
2498351	ITGB3	Platelet Disorders VCEP	Uncertain significance	BP4, PM2_Supporting	0	Uncertain significance	Uncertain significance
696041	ITGB3	Platelet Disorders VCEP	Likely benign	BA1, PP3	1	Benign	Benign
9628	MT-RNR1	Mitochondrial Diseases VCEP	Pathogenic	PP3, PS3_Moderate, PS4	7	Likely pathogenic	Likely pathogenic
731417	ITGA2B	Platelet Disorders VCEP	Likely benign	BP4, BP7, PM2_Supporting	-1	Likely benign	Likely benign
-	ITGA2B	Platelet Disorders VCEP	Pathogenic	PM3_Supporting, PVS1, PP4_Moderate, PM2_Supporting	12	Pathogenic	Pathogenic
-	ITGB3	Platelet Disorders VCEP	Pathogenic	PM3_Supporting, PVS1, PM2_Supporting	10	Pathogenic	Pathogenic
892353	ITGA2B	Platelet Disorders VCEP	Uncertain significance	PM2_Supporting	1	Uncertain significance	Uncertain significance
-	ITGA2B	Platelet Disorders VCEP	Pathogenic	PP4_Strong, PS3, PM3_Supporting, PP3, PM2_Supporting	11	Pathogenic	Pathogenic
242484	ITGA2B	Platelet Disorders VCEP	Benign	BP4, BA1	-1	Benign	Benign
323874	ITGB3	Platelet Disorders VCEP	Likely benign	BP4, BP7	-2	Likely benign	Likely benign
2498356	ITGB3	Platelet Disorders VCEP	Pathogenic	PM3_Supporting, PVS1, PM2_Supporting	10	Pathogenic	Pathogenic
143603	MECP2	Rett and Angelman-like Disorders VCEP	Pathogenic	PS2_Very Strong, PM2_Supporting, PP1_Strong	13	Pathogenic	Pathogenic
324982	ACADVL	ACADVL VCEP	Uncertain significance	PM2_Supporting, BP4	0	Uncertain significance	Uncertain significance
1087851	ACADVL	ACADVL VCEP	Likely benign	BP7, BP4	-2	Likely benign	Likely benign
371464	ACADVL	ACADVL VCEP	Likely pathogenic	PVS1, PM2_Supporting	9	Likely pathogenic	Uncertain significance
555732	ACADVL	ACADVL VCEP	Likely benign	BP7, BP4	-2	Likely benign	Likely benign
1676595	DICER1	DICER1 and miRNA-Processing Gene VCEP	Likely pathogenic	PP3, PP4, PM2_Supporting, PS4_Supporting, PS3	8	Likely pathogenic	Likely pathogenic
825824	DICER1	DICER1 and miRNA-Processing Gene VCEP	Uncertain significance	BP4	-1	Likely benign	Uncertain significance
543574	DICER1	DICER1 and miRNA-Processing Gene VCEP	Uncertain significance	PP3, PP1, PS4_Supporting, PM2_Supporting	4	Uncertain significance	Uncertain significance
570456	DICER1	DICER1 and miRNA-Processing Gene VCEP	Uncertain significance	PP3, PP4, PM2_Supporting, PS4_Supporting	4	Uncertain significance	Uncertain significance
1687567	DICER1	DICER1 and miRNA-Processing Gene VCEP	Likely pathogenic	PVS1, PM2_Supporting	9	Likely pathogenic	Uncertain significance
648917	DICER1	DICER1 and miRNA-Processing Gene VCEP	Uncertain significance	PM2_Supporting, PVS1_Moderate	3	Uncertain significance	Uncertain significance
1067574	GAA	Lysosomal Diseases VCEP	Likely pathogenic	PM3, PM5_Supporting, PP3, PP4, PM2_Supporting, PS3_Moderate	8	Likely pathogenic	Likely pathogenic
972790	GAA	Lysosomal Diseases VCEP	Likely pathogenic	PM3, PP4_Moderate, PP3, PS3_Moderate, PM2_Supporting	8	Likely pathogenic	Likely pathogenic
982297	GAA	Lysosomal Diseases VCEP	Likely pathogenic	PM3_Strong, PM5_Supporting, PP4_Moderate, PP3, PM2_Supporting	9	Likely pathogenic	Likely pathogenic
1037598	GAA	Lysosomal Diseases VCEP	Likely pathogenic	PM3, PS3_Supporting, PP4_Moderate, PM2_Supporting	6	Likely pathogenic	Likely pathogenic
92465	GAA	Lysosomal Diseases VCEP	Pathogenic	PP4_Moderate, PP3, PM2_Supporting, PM3_Very Strong, PS3_Moderate	14	Pathogenic	Pathogenic
-	GAA	Lysosomal Diseases VCEP	Pathogenic	PVS1, PP4_Moderate, PM2_Supporting	11	Pathogenic	Pathogenic
4020	GAA	Lysosomal Diseases VCEP	Benign	BA1, BP4	-1	Benign	Benign
1353052	GAA	Lysosomal Diseases VCEP	Pathogenic	PM3, PP4_Moderate, PVS1, PM2_Supporting	13	Pathogenic	Pathogenic
11699	SLC6A8	Cerebral Creatine Deficiency Syndromes VCEP	Pathogenic	PM2_Supporting, PVS1	9	Likely pathogenic	Uncertain significance
520792	SLC6A8	Cerebral Creatine Deficiency Syndromes VCEP	Pathogenic	PP4, PM2_Supporting, PVS1	10	Pathogenic	Pathogenic
205593	GAMT	Cerebral Creatine Deficiency Syndromes VCEP	Likely benign	PM2_Supporting, BS3_Supporting, BP4	-1	Likely benign	Likely benign
205606	GAMT	Cerebral Creatine Deficiency Syndromes VCEP	Benign	BS1, BS2	-8	Benign	Benign
430374	GAMT	Cerebral Creatine Deficiency Syndromes VCEP	Uncertain significance	PP3_Moderate, PM2_Supporting	3	Uncertain significance	Uncertain significance
844968	GAMT	Cerebral Creatine Deficiency Syndromes VCEP	Pathogenic	PVS1, PM2_Supporting, PP4_Strong, PM3	15	Pathogenic	Pathogenic
916122	GAMT	Cerebral Creatine Deficiency Syndromes VCEP	Likely pathogenic	PM3_Supporting, PP4_Moderate, PP3_Strong, PM2_Supporting	8	Likely pathogenic	Likely pathogenic
849693	GAMT	Cerebral Creatine Deficiency Syndromes VCEP	Likely pathogenic	PVS1, PM2_Supporting	9	Likely pathogenic	Uncertain significance
939992	GAMT	Cerebral Creatine Deficiency Syndromes VCEP	Likely pathogenic	PVS1, PM2_Supporting	9	Likely pathogenic	Uncertain significance
167131	GAMT	Cerebral Creatine Deficiency Syndromes VCEP	Benign	BA1, BS3_Supporting	-1	Benign	Benign
205598	GAMT	Cerebral Creatine Deficiency Syndromes VCEP	Likely benign	BS2, BS3_Supporting	-5	Likely benign	Likely benign
2446451	GATM	Cerebral Creatine Deficiency Syndromes VCEP	Likely pathogenic	PP4_Strong, PS3_Supporting, PM2_Supporting	6	Likely pathogenic	Likely pathogenic
-	SLC6A8	Cerebral Creatine Deficiency Syndromes VCEP	Likely pathogenic	PP3, PM2_Supporting, PP4_Strong	6	Likely pathogenic	Likely pathogenic
1211026	SLC6A8	Cerebral Creatine Deficiency Syndromes VCEP	Likely pathogenic	PM2_Supporting, PP4_Strong, PS3_Supporting	6	Likely pathogenic	Likely pathogenic
-	SLC6A8	Cerebral Creatine Deficiency Syndromes VCEP	Pathogenic	PM2_Supporting, PP4_Strong, PVS1	13	Pathogenic	Pathogenic
-	SLC6A8	Cerebral Creatine Deficiency Syndromes VCEP	Pathogenic	PM2_Supporting, PP4_Strong, PVS1	13	Pathogenic	Pathogenic
2446447	SLC6A8	Cerebral Creatine Deficiency Syndromes VCEP	Pathogenic	PP4, PM2_Supporting, PVS1	10	Pathogenic	Pathogenic
-	SLC6A8	Cerebral Creatine Deficiency Syndromes VCEP	Pathogenic	PM2_Supporting, PP4_Strong, PVS1	13	Pathogenic	Pathogenic
1012671	SLC6A8	Cerebral Creatine Deficiency Syndromes VCEP	Likely benign	BP4, BS2	-5	Likely benign	Likely benign
392462	GAMT	Cerebral Creatine Deficiency Syndromes VCEP	Likely pathogenic	PVS1, PM2_Supporting	9	Likely pathogenic	Uncertain significance
689840	MT-TV	Mitochondrial Diseases VCEP	Uncertain significance	PS3_Supporting, PM2_Supporting, PS4_Supporting, PP3, PP4	5	Uncertain significance	Uncertain significance
9573	MT-TF	Mitochondrial Diseases VCEP	Uncertain significance	PP3, PS4_Supporting, PM2_Supporting, PS3_Supporting	4	Uncertain significance	Uncertain significance
689856	MT-TL1	Mitochondrial Diseases VCEP	Likely pathogenic	PP3, PM2_Supporting, PS3_Moderate, PS4_Moderate, PM5_Supporting	7	Likely pathogenic	Likely pathogenic
9683	MT-CYB	Mitochondrial Diseases VCEP	Uncertain significance	PP3, PM2_Supporting, PS3_Supporting	3	Uncertain significance	Uncertain significance
628229	APC	InSiGHT Hereditary Colorectal Cancer/Polyposis VCEP	Uncertain significance	PM2_Supporting	1	Uncertain significance	Uncertain significance
631238	APC	InSiGHT Hereditary Colorectal Cancer/Polyposis VCEP	Likely benign	BP7, BP4, PM2_Supporting	-1	Likely benign	Likely benign
628873	APC	InSiGHT Hereditary Colorectal Cancer/Polyposis VCEP	Likely benign	BS2_Supporting, BP1, PM2_Supporting	-1	Likely benign	Likely benign
135695	APC	InSiGHT Hereditary Colorectal Cancer/Polyposis VCEP	Benign	BP5, BS1, BP1, BP2, BS2	-11	Benign	Benign
41529	APC	InSiGHT Hereditary Colorectal Cancer/Polyposis VCEP	Likely benign	BP1, BP2, BS2, PM2_Supporting	-5	Likely benign	Likely benign
824698	APC	InSiGHT Hereditary Colorectal Cancer/Polyposis VCEP	Likely pathogenic	PS4_Moderate, PP3, PM2_Supporting, PS3_Moderate	6	Likely pathogenic	Likely pathogenic
217982	APC	InSiGHT Hereditary Colorectal Cancer/Polyposis VCEP	Uncertain significance	PM2_Supporting, PS4_Supporting	2	Uncertain significance	Uncertain significance
181781	APC	InSiGHT Hereditary Colorectal Cancer/Polyposis VCEP	Benign	BA1, BP4, BS3_Supporting	-2	Benign	Benign
804	APC	InSiGHT Hereditary Colorectal Cancer/Polyposis VCEP	Pathogenic	PS4, PP1_Moderate, PVS1, PM2_Supporting	15	Pathogenic	Pathogenic
411469	APC	InSiGHT Hereditary Colorectal Cancer/Polyposis VCEP	Pathogenic	PS3, PS4_Moderate, PP3, PM2_Supporting	8	Likely pathogenic	Likely pathogenic
218000	APC	InSiGHT Hereditary Colorectal Cancer/Polyposis VCEP	Likely pathogenic	PS4, PVS1_Moderate, PM2_Supporting	7	Likely pathogenic	Likely pathogenic
215569	APC	InSiGHT Hereditary Colorectal Cancer/Polyposis VCEP	Likely benign	BP7, BS2_Supporting, BP4, PM2_Supporting	-2	Likely benign	Likely benign
92349	APC	InSiGHT Hereditary Colorectal Cancer/Polyposis VCEP	Benign	BP7, BP4, BA1, BS2	-6	Benign	Benign
220329	APC	InSiGHT Hereditary Colorectal Cancer/Polyposis VCEP	Benign	BS1, BP1, BS2	-9	Benign	Benign
827113	APC	InSiGHT Hereditary Colorectal Cancer/Polyposis VCEP	Uncertain significance	BP1, PM2_Supporting	0	Uncertain significance	Uncertain significance
418007	APC	InSiGHT Hereditary Colorectal Cancer/Polyposis VCEP	Likely pathogenic	PS4_Moderate, PP3, PM2_Supporting, PS3_Moderate	6	Likely pathogenic	Likely pathogenic
184999	APC	InSiGHT Hereditary Colorectal Cancer/Polyposis VCEP	Pathogenic	PS4, PP1_Strong, PVS1, PM2_Supporting	17	Pathogenic	Pathogenic
187754	APC	InSiGHT Hereditary Colorectal Cancer/Polyposis VCEP	Benign	BS1, BP1, BS2	-9	Benign	Benign
822187	APC	InSiGHT Hereditary Colorectal Cancer/Polyposis VCEP	Uncertain significance	PM2_Supporting	1	Uncertain significance	Uncertain significance
797	APC	InSiGHT Hereditary Colorectal Cancer/Polyposis VCEP	Benign	BA1, BP1, BP2, BS2	-6	Benign	Benign
438864	APC	InSiGHT Hereditary Colorectal Cancer/Polyposis VCEP	Likely pathogenic	PVS1, PM2_Supporting	9	Likely pathogenic	Uncertain significance
215553	APC	InSiGHT Hereditary Colorectal Cancer/Polyposis VCEP	Benign	BP7, BS1, BP4, BS2	-10	Benign	Benign
826	APC	InSiGHT Hereditary Colorectal Cancer/Polyposis VCEP	Pathogenic	PS2, PS4, PVS1, PM2_Supporting	17	Pathogenic	Pathogenic
42238	APC	InSiGHT Hereditary Colorectal Cancer/Polyposis VCEP	Benign	BP7, BA1, BP4	-2	Benign	Benign
482257	APC	InSiGHT Hereditary Colorectal Cancer/Polyposis VCEP	Likely benign	BP1, BS2, PM2_Supporting	-4	Likely benign	Likely benign
140764	APC	InSiGHT Hereditary Colorectal Cancer/Polyposis VCEP	Benign	BS1, BS3, BP4, BS2	-13	Benign	Benign
230944	APC	InSiGHT Hereditary Colorectal Cancer/Polyposis VCEP	Likely pathogenic	PVS1, PM2_Supporting	9	Likely pathogenic	Uncertain significance
411555	APC	InSiGHT Hereditary Colorectal Cancer/Polyposis VCEP	Likely pathogenic	PS4_Moderate, PP3, PM2_Supporting, PS3_Moderate	6	Likely pathogenic	Likely pathogenic
649594	APC	InSiGHT Hereditary Colorectal Cancer/Polyposis VCEP	Likely pathogenic	PVS1_Strong, PM2_Supporting, PS4_Supporting	6	Likely pathogenic	Likely pathogenic
490221	APC	InSiGHT Hereditary Colorectal Cancer/Polyposis VCEP	Uncertain significance	BP1, PS3_Moderate, PM2_Supporting	2	Uncertain significance	Uncertain significance
42239	APC	InSiGHT Hereditary Colorectal Cancer/Polyposis VCEP	Benign	BP7, BA1, BP4	-2	Benign	Benign
231116	APC	InSiGHT Hereditary Colorectal Cancer/Polyposis VCEP	Benign	BP7, BS1, BP4, BS2	-10	Benign	Benign
-	APC	InSiGHT Hereditary Colorectal Cancer/Polyposis VCEP	Pathogenic	PM6_Supporting, PVS1, PM2_Supporting	10	Pathogenic	Pathogenic
419202	APC	InSiGHT Hereditary Colorectal Cancer/Polyposis VCEP	Likely pathogenic	PS3, PM2_Supporting, PS4_Supporting	6	Likely pathogenic	Likely pathogenic
142010	APC	InSiGHT Hereditary Colorectal Cancer/Polyposis VCEP	Benign	BA1, BP1	-1	Benign	Benign
428167	APC	InSiGHT Hereditary Colorectal Cancer/Polyposis VCEP	Uncertain significance	PM5_Supporting, PM2_Supporting, PS4_Supporting	3	Uncertain significance	Uncertain significance
1393312	APC	InSiGHT Hereditary Colorectal Cancer/Polyposis VCEP	Likely pathogenic	PS4_Moderate, PP1_Strong, PS3_Supporting, PM2_Supporting	8	Likely pathogenic	Likely pathogenic
428186	APC	InSiGHT Hereditary Colorectal Cancer/Polyposis VCEP	Likely pathogenic	PS4_Moderate, PM5_Supporting, PP1_Moderate, PM2_Supporting	6	Likely pathogenic	Likely pathogenic
469904	APC	InSiGHT Hereditary Colorectal Cancer/Polyposis VCEP	Likely pathogenic	PS4, PM5_Supporting, PM2_Supporting	6	Likely pathogenic	Likely pathogenic
233215	APC	InSiGHT Hereditary Colorectal Cancer/Polyposis VCEP	Likely pathogenic	PS4_Moderate, PP1_Moderate, PS3_Supporting, PM5_Supporting, PM2_Supporting	7	Likely pathogenic	Likely pathogenic
862543	APC	InSiGHT Hereditary Colorectal Cancer/Polyposis VCEP	Uncertain significance	PS1_Moderate, PM5_Supporting, PM2_Supporting	4	Uncertain significance	Uncertain significance
816	APC	InSiGHT Hereditary Colorectal Cancer/Polyposis VCEP	Pathogenic	PS4, PVS1, PM6_Strong	16	Pathogenic	Pathogenic
411419	APC	InSiGHT Hereditary Colorectal Cancer/Polyposis VCEP	Benign	BP5, BS1, BS3_Supporting, BP1, BS2	-11	Benign	Benign
133530	APC	InSiGHT Hereditary Colorectal Cancer/Polyposis VCEP	Benign	BA1, BS3_Supporting, BP1	-2	Benign	Benign
140839	APC	InSiGHT Hereditary Colorectal Cancer/Polyposis VCEP	Uncertain significance	PS4, BS3_Supporting, BP1	2	Uncertain significance	Likely benign
486786	APC	InSiGHT Hereditary Colorectal Cancer/Polyposis VCEP	Pathogenic	PVS1, PM2_Supporting, PS4_Supporting	10	Pathogenic	Pathogenic
183069	APC	InSiGHT Hereditary Colorectal Cancer/Polyposis VCEP	Likely benign	BP2, BP1, BS2, PM2_Supporting	-5	Likely benign	Likely benign
21030	APC	InSiGHT Hereditary Colorectal Cancer/Polyposis VCEP	Benign	BA1, BP1	-1	Benign	Benign
411472	APC	InSiGHT Hereditary Colorectal Cancer/Polyposis VCEP	Uncertain significance	BS2_Supporting, PS3_Supporting, BP1, PM2_Supporting	0	Uncertain significance	Likely benign
140994	APC	InSiGHT Hereditary Colorectal Cancer/Polyposis VCEP	Benign	BS1, BS2	-8	Benign	Benign
371858	APC	InSiGHT Hereditary Colorectal Cancer/Polyposis VCEP	Uncertain significance	BS2_Supporting, PM2_Supporting	0	Uncertain significance	Uncertain significance
41516	APC	InSiGHT Hereditary Colorectal Cancer/Polyposis VCEP	Benign	BA1, BP1, BS2	-5	Benign	Benign
411374	APC	InSiGHT Hereditary Colorectal Cancer/Polyposis VCEP	Likely benign	BS2_Supporting, BP1, PM2_Supporting	-1	Likely benign	Likely benign
486740	APC	InSiGHT Hereditary Colorectal Cancer/Polyposis VCEP	Uncertain significance	PS4_Moderate, PM2_Supporting	3	Uncertain significance	Uncertain significance
950642	APC	InSiGHT Hereditary Colorectal Cancer/Polyposis VCEP	Uncertain significance	PM2_Supporting	1	Uncertain significance	Uncertain significance
537703	APC	InSiGHT Hereditary Colorectal Cancer/Polyposis VCEP	Uncertain significance	PM2_Supporting	1	Uncertain significance	Uncertain significance
429040	APC	InSiGHT Hereditary Colorectal Cancer/Polyposis VCEP	Pathogenic	PS4, PS3, PP1_Strong, PM6, PM2_Supporting	15	Pathogenic	Pathogenic
642643	APC	InSiGHT Hereditary Colorectal Cancer/Polyposis VCEP	Likely pathogenic	PVS1, PM2_Supporting	9	Likely pathogenic	Uncertain significance
9618	MT-TE	Mitochondrial Diseases VCEP	Likely pathogenic	PP3, PS4, PS3_Supporting	6	Likely pathogenic	Likely pathogenic
9610	MT-TH	Mitochondrial Diseases VCEP	Likely pathogenic	PM6, PP3, PM2_Supporting, PS4_Supporting, PS3_Supporting	6	Likely pathogenic	Likely pathogenic
9580	MT-TK	Mitochondrial Diseases VCEP	Likely pathogenic	PP3, PS4_Supporting, PM2_Supporting, PP1_Moderate, PS3_Supporting	6	Likely pathogenic	Likely pathogenic
986496	MT-TL2	Mitochondrial Diseases VCEP	Uncertain significance	PP3, PS4_Supporting, PM2_Supporting, PS3_Supporting	4	Uncertain significance	Uncertain significance
9616	MT-TQ	Mitochondrial Diseases VCEP	Uncertain significance	PP3, PM2_Supporting, PS3_Supporting	3	Uncertain significance	Uncertain significance
9617	MT-TE	Mitochondrial Diseases VCEP	Likely pathogenic	PP3, PM2_Supporting, PS4, PP1_Moderate, PS3_Supporting	9	Likely pathogenic	Likely pathogenic
102628	PAH	Phenylketonuria VCEP	Likely pathogenic	PM3, PP4_Moderate, PM2	6	Likely pathogenic	Likely pathogenic
1460083	PAH	Phenylketonuria VCEP	Likely pathogenic	PM3, PM2, PP3, PP4	6	Likely pathogenic	Likely pathogenic
-	PAH	Phenylketonuria VCEP	Likely pathogenic	PM3_Supporting, PP4_Moderate, PM2, PP3	6	Likely pathogenic	Likely pathogenic
986440	MT-TM	Mitochondrial Diseases VCEP	Likely pathogenic	PP3, PS4_Supporting, PM2_Supporting, PS2_Moderate, PS3_Supporting	6	Likely pathogenic	Likely pathogenic
-	PAH	Phenylketonuria VCEP	Uncertain significance	PM2, PP3, PP4	4	Uncertain significance	Uncertain significance
102746	PAH	Phenylketonuria VCEP	Pathogenic	PVS1, PM2, PP4_Moderate, PM3_Strong	16	Pathogenic	Pathogenic
576828	PAH	Phenylketonuria VCEP	Pathogenic	PVS1, PM2, PP4	11	Pathogenic	Pathogenic
2573215	PAH	Phenylketonuria VCEP	Pathogenic	PM2, PVS1, PP4	11	Pathogenic	Pathogenic
557365	PAH	Phenylketonuria VCEP	Likely pathogenic	PVS1, PM2	10	Pathogenic	Likely pathogenic
595611	PAH	Phenylketonuria VCEP	Likely pathogenic	PVS1_Strong, PP4_Moderate, PM2	8	Likely pathogenic	Likely pathogenic
102625	PAH	Phenylketonuria VCEP	Pathogenic	PM2, PP4_Moderate, PP3, PM3_Very Strong	13	Pathogenic	Pathogenic
9565	MT-TS1	Mitochondrial Diseases VCEP	Likely pathogenic	PP3, PM2_Supporting, PS4_Moderate, PP1_Moderate	6	Likely pathogenic	Likely pathogenic
9581	MT-TK	Mitochondrial Diseases VCEP	Likely pathogenic	PP3, PM2_Supporting, PS4_Moderate, PP1_Moderate, PS3_Supporting	7	Likely pathogenic	Likely pathogenic
2498357	ITGA2B	Platelet Disorders VCEP	Uncertain significance		0	Uncertain significance	Uncertain significance
2498358	ITGA2B	Platelet Disorders VCEP	Likely pathogenic	PP4_Strong, PM3_Supporting, PP3, PM2_Supporting	7	Likely pathogenic	Likely pathogenic
2498360	ITGA2B	Platelet Disorders VCEP	Likely pathogenic	PP4_Strong, PM3_Supporting, PM2_Supporting	6	Likely pathogenic	Likely pathogenic
323863	ITGB3	Platelet Disorders VCEP	Benign	BA1, BP4	-1	Benign	Benign
2498361	ITGB3	Platelet Disorders VCEP	Uncertain significance	PM2_Supporting	1	Uncertain significance	Uncertain significance
323862	ITGB3	Platelet Disorders VCEP	Benign	BA1, BP4, BP7	-2	Benign	Benign
-	ITGB3	Platelet Disorders VCEP	Pathogenic	PM3_Supporting, PP4_Moderate, PVS1, PM2_Supporting	12	Pathogenic	Pathogenic
738411	ITGB3	Platelet Disorders VCEP	Likely benign	BP4, BP7, PM2_Supporting	-1	Likely benign	Likely benign
2498363	ITGB3	Platelet Disorders VCEP	Uncertain significance	PM2_Supporting	1	Uncertain significance	Uncertain significance
627094	ITGB3	Platelet Disorders VCEP	Pathogenic	PM3_Supporting, PVS1, PM2_Supporting	10	Pathogenic	Pathogenic
634433	ITGA2B	Platelet Disorders VCEP	Uncertain significance		0	Uncertain significance	Uncertain significance
-	PAH	Phenylketonuria VCEP	Uncertain significance	PM3, PM2, BP4, PP4	4	Uncertain significance	Uncertain significance
-	HNF4A	Monogenic Diabetes VCEP	Likely pathogenic	PP4, PM2_Supporting, PVS1_Strong	6	Likely pathogenic	Likely pathogenic
-	HNF4A	Monogenic Diabetes VCEP	Uncertain significance	PS3_Supporting, PP3, PM2_Supporting, PM1	5	Uncertain significance	Uncertain significance
-	HNF4A	Monogenic Diabetes VCEP	Likely pathogenic	PP4_Moderate, PP3, PM2_Supporting, PM1, PM5, PS2_Moderate	10	Pathogenic	Likely pathogenic
660424	ACADVL	ACADVL VCEP	Likely pathogenic	PVS1, PM2_Supporting	9	Likely pathogenic	Uncertain significance
932842	ACADVL	ACADVL VCEP	Uncertain significance	PS3_Supporting, PM2_Supporting	2	Uncertain significance	Uncertain significance
932852	ACADVL	ACADVL VCEP	Likely pathogenic	PVS1, PM2_Supporting	9	Likely pathogenic	Uncertain significance
932834	ACADVL	ACADVL VCEP	Likely pathogenic	PVS1, PM2_Supporting	9	Likely pathogenic	Uncertain significance
932176	ACADVL	ACADVL VCEP	Likely pathogenic	PVS1, PM2_Supporting	9	Likely pathogenic	Uncertain significance
373427	ACADVL	ACADVL VCEP	Likely pathogenic	PVS1, PM2_Supporting	9	Likely pathogenic	Uncertain significance
-	ACADVL	ACADVL VCEP	Pathogenic	PVS1, PP4_Moderate, PM2_Supporting	11	Pathogenic	Pathogenic
618219	MT-TN	Mitochondrial Diseases VCEP	Uncertain significance	BP4	-1	Likely benign	Uncertain significance
618216	MT-CYB	Mitochondrial Diseases VCEP	Uncertain significance	BP4	-1	Likely benign	Uncertain significance
65513	MT-ND6	Mitochondrial Diseases VCEP	Likely pathogenic	PP3, PM2_Supporting, PS1, PM5	8	Likely pathogenic	Likely pathogenic
9694	MT-ND6	Mitochondrial Diseases VCEP	Pathogenic	PP3, PM2_Supporting, PS3_Moderate, PS4, PP1_Moderate	10	Pathogenic	Pathogenic
544251	GAMT	Cerebral Creatine Deficiency Syndromes VCEP	Pathogenic	PM3_Supporting, PP3, PM2_Supporting, PP4_Strong, PS3	11	Pathogenic	Pathogenic
137433	GAMT	Cerebral Creatine Deficiency Syndromes VCEP	Likely benign	BS1, BP4	-5	Likely benign	Likely benign
1402763	GAMT	Cerebral Creatine Deficiency Syndromes VCEP	Pathogenic	PVS1, PM2_Supporting, PM3, PP4_Strong	15	Pathogenic	Pathogenic
8305	GAMT	Cerebral Creatine Deficiency Syndromes VCEP	Likely pathogenic	PP4_Strong, PM3_Supporting, PP3_Moderate, PS3_Supporting, PM2_Supporting	9	Likely pathogenic	Likely pathogenic
2446454	GAMT	Cerebral Creatine Deficiency Syndromes VCEP	Likely pathogenic	PP3_Moderate, PM3_Supporting, PM2_Supporting, PP4_Strong	8	Likely pathogenic	Likely pathogenic
2446455	GAMT	Cerebral Creatine Deficiency Syndromes VCEP	Uncertain significance	PP3, PM2_Supporting	2	Uncertain significance	Uncertain significance
2446456	GAMT	Cerebral Creatine Deficiency Syndromes VCEP	Likely pathogenic	PM3_Supporting, PS3_Supporting, PP3_Strong, PP4_Moderate, PM2_Supporting	9	Likely pathogenic	Likely pathogenic
2446457	GAMT	Cerebral Creatine Deficiency Syndromes VCEP	Likely pathogenic	PP3_Moderate, PS3_Supporting, PP4_Moderate, PM2_Supporting, PM3	8	Likely pathogenic	Likely pathogenic
2446458	GAMT	Cerebral Creatine Deficiency Syndromes VCEP	Pathogenic	PP3_Strong, PM2_Supporting, PP4_Strong	9	Likely pathogenic	Pathogenic
2446459	GAMT	Cerebral Creatine Deficiency Syndromes VCEP	Pathogenic	PM3_Supporting, PP3_Strong, PM2_Supporting, PP4_Strong, PM5	12	Pathogenic	Pathogenic
2446460	GAMT	Cerebral Creatine Deficiency Syndromes VCEP	Likely pathogenic	PM3_Supporting, PP3_Moderate, PS3_Supporting, PP4_Moderate, PM2_Supporting	7	Likely pathogenic	Likely pathogenic
1335317	GAMT	Cerebral Creatine Deficiency Syndromes VCEP	Likely pathogenic	PM3_Supporting, PS3_Supporting, PP3_Strong, PP4_Moderate, PM2_Supporting	9	Likely pathogenic	Likely pathogenic
1409758	GAMT	Cerebral Creatine Deficiency Syndromes VCEP	Pathogenic	PVS1_Strong, PM2_Supporting, PP4_Strong	9	Likely pathogenic	Pathogenic
1328978	GAMT	Cerebral Creatine Deficiency Syndromes VCEP	Uncertain significance	PP4_Strong, PM2_Supporting	5	Uncertain significance	Uncertain significance
9583	MT-TK	Mitochondrial Diseases VCEP	Likely pathogenic	PP3, PM2_Supporting, PS4_Supporting, PM6_Supporting, PS3_Supporting	5	Uncertain significance	Uncertain significance
9622	MT-TN	Mitochondrial Diseases VCEP	Likely pathogenic	PM6, PP3, PS4_Supporting, PM2_Supporting, PS3_Supporting	6	Likely pathogenic	Likely pathogenic
9620	MT-TN	Mitochondrial Diseases VCEP	Pathogenic	PP3, PM2_Supporting, PM6_Strong, PS4_Moderate, PS3_Supporting	9	Likely pathogenic	Likely pathogenic
986477	MT-TN	Mitochondrial Diseases VCEP	Likely pathogenic	PP3, PM2_Supporting, PS4_Supporting, PS3_Supporting	4	Uncertain significance	Uncertain significance
9592	MT-TL1	Mitochondrial Diseases VCEP	Likely pathogenic	PP3, PM2_Supporting, PS4, PP1_Moderate, PS3_Supporting	9	Likely pathogenic	Likely pathogenic
36490	MECP2	Rett and Angelman-like Disorders VCEP	Benign	BS2, PM6, BP5, BS1	-7	Benign	Benign
680382	CDKL5	Rett and Angelman-like Disorders VCEP	Benign	BS2, BS1, BP5_Strong	-12	Benign	Benign
590093	RS1	Rett and Angelman-like Disorders VCEP	Benign	BA1, BP4	-1	Benign	Benign
434667	RS1	Rett and Angelman-like Disorders VCEP	Likely benign	BP4, BP5	-2	Likely benign	Likely benign
434666	CDKL5	Rett and Angelman-like Disorders VCEP	Likely benign	BP4, BS2	-5	Likely benign	Likely benign
434664	CDKL5	Rett and Angelman-like Disorders VCEP	Benign	BS2, BP5, BS1	-9	Benign	Benign
423478	CDKL5	Rett and Angelman-like Disorders VCEP	Benign	BS2, BS1, BP5	-9	Benign	Benign
210643	CDKL5	Rett and Angelman-like Disorders VCEP	Benign	BA1, BP7	-1	Benign	Benign
393097	CDKL5	Rett and Angelman-like Disorders VCEP	Uncertain significance	PM2_Supporting	1	Uncertain significance	Uncertain significance
422765	CDKL5	Rett and Angelman-like Disorders VCEP	Benign	BS2, BS1	-8	Benign	Benign
210642	CDKL5	Rett and Angelman-like Disorders VCEP	Benign	BA1, BP7, BS2_Supporting	-2	Benign	Benign
194499	CDKL5	Rett and Angelman-like Disorders VCEP	Benign	BA1, BS2_Supporting	-1	Benign	Benign
440665	LDLR	Familial Hypercholesterolemia VCEP	Uncertain significance	BP4, BP7, PM2	0	Uncertain significance	Likely benign
251094	LDLR	Familial Hypercholesterolemia VCEP	Uncertain significance	PM2, PP4	3	Uncertain significance	Uncertain significance
251095	LDLR	Familial Hypercholesterolemia VCEP	Uncertain significance	PM2, PP4	3	Uncertain significance	Uncertain significance
226310	LDLR	Familial Hypercholesterolemia VCEP	Uncertain significance	PP1_Moderate, PM2, PP4	5	Uncertain significance	Uncertain significance
440592	LDLR	Familial Hypercholesterolemia VCEP	Uncertain significance	BP4, BP7, PM2	0	Uncertain significance	Likely benign
189298	LDLR	Familial Hypercholesterolemia VCEP	Pathogenic	PS4, PM3, PM2, PVS1, PP1, PP4	18	Pathogenic	Pathogenic
251805	LDLR	Familial Hypercholesterolemia VCEP	Uncertain significance	PS3_Supporting, PM2, PP4	4	Uncertain significance	Uncertain significance
183128	LDLR	Familial Hypercholesterolemia VCEP	Likely pathogenic	PS4_Moderate, PM2, PP1, PP4	6	Likely pathogenic	Likely pathogenic
252127	LDLR	Familial Hypercholesterolemia VCEP	Likely pathogenic	PS3, PM2, PP3, PP4	8	Likely pathogenic	Likely pathogenic
252128	LDLR	Familial Hypercholesterolemia VCEP	Uncertain significance	PM2, PP3	3	Uncertain significance	Uncertain significance
251727	LDLR	Familial Hypercholesterolemia VCEP	Likely pathogenic	PS4, PM4, PM2, PP4	9	Likely pathogenic	Likely pathogenic
252306	LDLR	Familial Hypercholesterolemia VCEP	Uncertain significance	PM2, PP3, PP4, PS4_Supporting	5	Uncertain significance	Uncertain significance
252340	LDLR	Familial Hypercholesterolemia VCEP	Likely pathogenic	PM5, PM2, PP3, PP4, PS4_Supporting	7	Likely pathogenic	Likely pathogenic
252341	LDLR	Familial Hypercholesterolemia VCEP	Pathogenic	PS3, PS4, PP1_Strong, PM2, PP3, PP4	16	Pathogenic	Pathogenic
161265	LDLR	Familial Hypercholesterolemia VCEP	Likely pathogenic	PS1, PM2, PP3, PP4, PS4_Supporting	9	Likely pathogenic	Likely pathogenic
440701	LDLR	Familial Hypercholesterolemia VCEP	Uncertain significance	PM2, PP3	3	Uncertain significance	Uncertain significance
256365	LDLR	Familial Hypercholesterolemia VCEP	Likely benign	BP4, BP7	-2	Likely benign	Likely benign
252141	LDLR	Familial Hypercholesterolemia VCEP	Uncertain significance	BS3, PM2	-2	Likely benign	Uncertain significance
430757	LDLR	Familial Hypercholesterolemia VCEP	Likely pathogenic	PM1, PM2, PP3, PP4	6	Likely pathogenic	Likely pathogenic
224619	LDLR	Familial Hypercholesterolemia VCEP	Benign	BA1, BP4, BS2	-5	Benign	Benign
250942	LDLR	Familial Hypercholesterolemia VCEP	Uncertain significance	PS3_Supporting, PM2, PP4, PS4_Supporting	5	Uncertain significance	Uncertain significance
440600	LDLR	Familial Hypercholesterolemia VCEP	Uncertain significance	PM2, PP3	3	Uncertain significance	Uncertain significance
431538	LDLR	Familial Hypercholesterolemia VCEP	Uncertain significance	BP4, PM2	1	Uncertain significance	Uncertain significance
440670	LDLR	Familial Hypercholesterolemia VCEP	Uncertain significance	BP4, PM2	1	Uncertain significance	Uncertain significance
251489	LDLR	Familial Hypercholesterolemia VCEP	Pathogenic	PS4, PP1_Strong, PM2, PP3, PP4	12	Pathogenic	Pathogenic
375809	LDLR	Familial Hypercholesterolemia VCEP	Uncertain significance	PM2, PP3, PP4	4	Uncertain significance	Uncertain significance
237869	LDLR	Familial Hypercholesterolemia VCEP	Benign	BA1, BS3_Supporting, BP4, BP7	-3	Benign	Benign
251606	LDLR	Familial Hypercholesterolemia VCEP	Likely pathogenic	PM5_Strong, PM2, PP3, PP4	8	Likely pathogenic	Likely pathogenic
-	PAH	Phenylketonuria VCEP	Likely pathogenic	PM3, PP4_Moderate, PM2, PP3	7	Likely pathogenic	Likely pathogenic
102810	PAH	Phenylketonuria VCEP	Pathogenic	PM3, PS3_Supporting, PM2, PP3, PP4	7	Likely pathogenic	Likely pathogenic
9563	MT-TS1	Mitochondrial Diseases VCEP	Pathogenic	PM2_Supporting, PS4, PS3_Supporting	6	Likely pathogenic	Likely pathogenic
9688	MT-ND6	Mitochondrial Diseases VCEP	Pathogenic	PP3, PS3_Moderate, PS4, PM6_Supporting, PM5	10	Pathogenic	Pathogenic
9570	MT-TP	Mitochondrial Diseases VCEP	Likely pathogenic	PM6, PM2_Supporting, PS4_Supporting, PS3_Supporting	5	Uncertain significance	Uncertain significance
9560	MT-TS2	Mitochondrial Diseases VCEP	Likely pathogenic	PP3, PM2_Supporting, PS4_Supporting, PS3_Supporting, PP1_Moderate	6	Likely pathogenic	Likely pathogenic
2498105	MYOC	Glaucoma VCEP	Uncertain significance	BP4, BP7, PM2_Supporting	-1	Likely benign	Likely benign
2498110	MYOC	Glaucoma VCEP	Uncertain significance	PP3, PM2_Supporting	2	Uncertain significance	Uncertain significance
2498111	MYOC	Glaucoma VCEP	Likely benign	BP4, BP7	-2	Likely benign	Likely benign
2498112	MYOC	Glaucoma VCEP	Uncertain significance	PP3_Moderate, PM2_Supporting	3	Uncertain significance	Uncertain significance
2498113	MYOC	Glaucoma VCEP	Uncertain significance	PP3_Moderate, PM2_Supporting, PS4_Supporting	4	Uncertain significance	Uncertain significance
2498114	MYOC	Glaucoma VCEP	Uncertain significance	BP4, PM2_Supporting	0	Uncertain significance	Uncertain significance
1698837	MYOC	Glaucoma VCEP	Uncertain significance	PP3_Moderate, PP1, PS4_Supporting, PM2_Supporting	5	Uncertain significance	Uncertain significance
2498115	MYOC	Glaucoma VCEP	Uncertain significance	BP4, BP7, PM2_Supporting	-1	Likely benign	Likely benign
2498116	MYOC	Glaucoma VCEP	Uncertain significance	BP4, PM2_Supporting	0	Uncertain significance	Uncertain significance
2498106	MYOC	Glaucoma VCEP	Uncertain significance	PM2_Supporting	1	Uncertain significance	Uncertain significance
2498107	MYOC	Glaucoma VCEP	Uncertain significance	PM4_Supporting, PM2_Supporting	2	Uncertain significance	Uncertain significance
2498108	MYOC	Glaucoma VCEP	Uncertain significance	PP3, PM2_Supporting	2	Uncertain significance	Uncertain significance
2498109	MYOC	Glaucoma VCEP	Uncertain significance	BP4, PM2_Supporting	0	Uncertain significance	Uncertain significance
875083	MYOC	Glaucoma VCEP	Likely benign	BP4, BP7	-2	Likely benign	Likely benign
293712	MYOC	Glaucoma VCEP	Uncertain significance	PM2_Supporting	1	Uncertain significance	Uncertain significance
133063	RYR1	Malignant Hyperthermia Susceptibility VCEP	Uncertain significance	PM1	2	Uncertain significance	Uncertain significance
133059	RYR1	Malignant Hyperthermia Susceptibility VCEP	Uncertain significance	PS4_Supporting, PM1_Supporting, PP3_Moderate	4	Uncertain significance	Uncertain significance
133069	RYR1	Malignant Hyperthermia Susceptibility VCEP	Uncertain significance	PS4_Supporting, PM1_Supporting, PP3_Moderate	4	Uncertain significance	Uncertain significance
1213826	RYR1	Malignant Hyperthermia Susceptibility VCEP	Uncertain significance	BP4, PS4_Supporting	0	Uncertain significance	Uncertain significance
224402	RYR1	Malignant Hyperthermia Susceptibility VCEP	Likely benign	BP4, BS2	-5	Likely benign	Likely benign
1018682	RYR1	Malignant Hyperthermia Susceptibility VCEP	Uncertain significance	PM1	2	Uncertain significance	Uncertain significance
141972	PALB2	Hereditary Breast, Ovarian and Pancreatic Cancer VCEP	Uncertain significance	BP1	-1	Likely benign	Uncertain significance
126630	PALB2	Hereditary Breast, Ovarian and Pancreatic Cancer VCEP	Benign	BA1, BP1	-1	Benign	Benign
830187	PALB2	Hereditary Breast, Ovarian and Pancreatic Cancer VCEP	Uncertain significance	BP1	-1	Likely benign	Uncertain significance
126726	PALB2	Hereditary Breast, Ovarian and Pancreatic Cancer VCEP	Benign	BA1	0	Benign	Benign
232594	PALB2	Hereditary Breast, Ovarian and Pancreatic Cancer VCEP	Pathogenic	PVS1, PM2_Supporting, PM5_Supporting	10	Pathogenic	Pathogenic
492220	PALB2	Hereditary Breast, Ovarian and Pancreatic Cancer VCEP	Uncertain significance	PM2_Supporting, BP1	0	Uncertain significance	Uncertain significance
944799	PALB2	Hereditary Breast, Ovarian and Pancreatic Cancer VCEP	Uncertain significance	PM2_Supporting, PVS1_Strong	5	Uncertain significance	Uncertain significance
580962	PALB2	Hereditary Breast, Ovarian and Pancreatic Cancer VCEP	Pathogenic	PVS1, PM2_Supporting, PM5_Supporting	10	Pathogenic	Pathogenic
241572	PALB2	Hereditary Breast, Ovarian and Pancreatic Cancer VCEP	Uncertain significance	PM2_Supporting, BP1	0	Uncertain significance	Uncertain significance
657328	PALB2	Hereditary Breast, Ovarian and Pancreatic Cancer VCEP	Uncertain significance	PP1, PM2_Supporting, BP1	1	Uncertain significance	Uncertain significance
818335	PALB2	Hereditary Breast, Ovarian and Pancreatic Cancer VCEP	Likely pathogenic	PVS1, PM2_Supporting	9	Likely pathogenic	Uncertain significance
185108	PALB2	Hereditary Breast, Ovarian and Pancreatic Cancer VCEP	Uncertain significance	BP1	-1	Likely benign	Uncertain significance
230997	PALB2	Hereditary Breast, Ovarian and Pancreatic Cancer VCEP	Likely benign	BP4, BP7	-2	Likely benign	Likely benign
126609	PALB2	Hereditary Breast, Ovarian and Pancreatic Cancer VCEP	Pathogenic	PVS1, PS4, PP1_Strong, PM5_Supporting	17	Pathogenic	Pathogenic
482029	PALB2	Hereditary Breast, Ovarian and Pancreatic Cancer VCEP	Uncertain significance	PM2_Supporting, PVS1_Strong	5	Uncertain significance	Uncertain significance
219588	PALB2	Hereditary Breast, Ovarian and Pancreatic Cancer VCEP	Likely benign	BP4, BP7, BS1	-6	Likely benign	Likely benign
142310	PALB2	Hereditary Breast, Ovarian and Pancreatic Cancer VCEP	Benign	BS2, BP1, BA1	-5	Benign	Benign
143966	PALB2	Hereditary Breast, Ovarian and Pancreatic Cancer VCEP	Likely pathogenic	PVS1, PM5_Supporting	9	Likely pathogenic	Uncertain significance
126634	PALB2	Hereditary Breast, Ovarian and Pancreatic Cancer VCEP	Likely benign	BP4, BP7	-2	Likely benign	Likely benign
186990	PALB2	Hereditary Breast, Ovarian and Pancreatic Cancer VCEP	Pathogenic	PVS1, PM2_Supporting, PM5_Supporting	10	Pathogenic	Pathogenic
126660	PALB2	Hereditary Breast, Ovarian and Pancreatic Cancer VCEP	Likely pathogenic	PVS1, PM5_Supporting	9	Likely pathogenic	Uncertain significance
2498117	PALB2	Hereditary Breast, Ovarian and Pancreatic Cancer VCEP	Uncertain significance	PM2_Supporting, BP1	0	Uncertain significance	Uncertain significance
1453402	PALB2	Hereditary Breast, Ovarian and Pancreatic Cancer VCEP	Pathogenic	PVS1, PM2_Supporting, PM5_Supporting	10	Pathogenic	Pathogenic
187262	PALB2	Hereditary Breast, Ovarian and Pancreatic Cancer VCEP	Uncertain significance	PM2_Supporting, BP1	0	Uncertain significance	Uncertain significance
126708	PALB2	Hereditary Breast, Ovarian and Pancreatic Cancer VCEP	Benign	BS2, BP1, BA1	-5	Benign	Benign
232977	PALB2	Hereditary Breast, Ovarian and Pancreatic Cancer VCEP	Uncertain significance	PM2_Supporting, BP1, BS2_Supporting	-1	Likely benign	Likely benign
126711	PALB2	Hereditary Breast, Ovarian and Pancreatic Cancer VCEP	Pathogenic	PVS1, PS4, PM5_Supporting	13	Pathogenic	Pathogenic
126737	PALB2	Hereditary Breast, Ovarian and Pancreatic Cancer VCEP	Likely pathogenic	PVS1, PM3	10	Pathogenic	Likely pathogenic
126739	PALB2	Hereditary Breast, Ovarian and Pancreatic Cancer VCEP	Likely pathogenic	PVS1, PM5_Supporting	9	Likely pathogenic	Uncertain significance
2498118	PALB2	Hereditary Breast, Ovarian and Pancreatic Cancer VCEP	Uncertain significance	PM2_Supporting, PVS1_Strong	5	Uncertain significance	Uncertain significance
128144	PALB2	Hereditary Breast, Ovarian and Pancreatic Cancer VCEP	Pathogenic	PVS1, PM3_Strong, PP1_Strong	16	Pathogenic	Pathogenic
186820	PALB2	Hereditary Breast, Ovarian and Pancreatic Cancer VCEP	Uncertain significance	PM2_Supporting, PVS1_Moderate	3	Uncertain significance	Uncertain significance
461007	PALB2	Hereditary Breast, Ovarian and Pancreatic Cancer VCEP	Pathogenic	PVS1, PM2_Supporting, PP1_Moderate, PM5_Supporting	12	Pathogenic	Pathogenic
484222	PALB2	Hereditary Breast, Ovarian and Pancreatic Cancer VCEP	Pathogenic	PVS1, PM2_Supporting, PM5_Supporting	10	Pathogenic	Pathogenic
126765	PALB2	Hereditary Breast, Ovarian and Pancreatic Cancer VCEP	Benign	BP2_Strong, BS2, BP1, BA1	-9	Benign	Benign
241571	PALB2	Hereditary Breast, Ovarian and Pancreatic Cancer VCEP	Pathogenic	PVS1, PM2_Supporting, PM5_Supporting	10	Pathogenic	Pathogenic
410148	PALB2	Hereditary Breast, Ovarian and Pancreatic Cancer VCEP	Uncertain significance	PM2_Supporting, BP1	0	Uncertain significance	Uncertain significance
480243	PALB2	Hereditary Breast, Ovarian and Pancreatic Cancer VCEP	Pathogenic	PVS1, PM2_Supporting, PM5_Supporting	10	Pathogenic	Pathogenic
695750	ITGB3	Platelet Disorders VCEP	Likely benign	BA1, PP3	1	Benign	Benign
-	ITGA2B	Platelet Disorders VCEP	Pathogenic	PVS1, PP4_Moderate, PM2_Supporting	11	Pathogenic	Pathogenic
2498366	ITGA2B	Platelet Disorders VCEP	Uncertain significance	PM3_Supporting, PP4_Moderate, PM2_Supporting	4	Uncertain significance	Uncertain significance
2498367	ITGA2B	Platelet Disorders VCEP	Likely pathogenic	PS3, PP4_Moderate, PP3, PM2_Supporting	8	Likely pathogenic	Likely pathogenic
255539	ITGB3	Platelet Disorders VCEP	Benign	BA1, BP4, BP7	-2	Benign	Benign
374016	ITGB3	Platelet Disorders VCEP	Likely pathogenic	PM3, PP4_Moderate, PP3, PM2_Supporting	6	Likely pathogenic	Likely pathogenic
374015	ITGB3	Platelet Disorders VCEP	Pathogenic	PVS1, PP4_Moderate, PM2_Supporting	11	Pathogenic	Pathogenic
2498368	ITGB3	Platelet Disorders VCEP	Likely pathogenic	PM3, PM4, PP4_Moderate, PM2_Supporting	7	Likely pathogenic	Likely pathogenic
2498369	ITGB3	Platelet Disorders VCEP	Uncertain significance	PM3_Supporting, PVS1_Moderate, PM2_Supporting	4	Uncertain significance	Uncertain significance
2498370	ITGB3	Platelet Disorders VCEP	Uncertain significance	PM3_Supporting, PP3, PM2_Supporting	3	Uncertain significance	Uncertain significance
2498371	ITGB3	Platelet Disorders VCEP	Uncertain significance	PP3	1	Uncertain significance	Uncertain significance
2498372	ITGB3	Platelet Disorders VCEP	Uncertain significance	PM4, PM2_Supporting	3	Uncertain significance	Uncertain significance
133058	RYR1	Malignant Hyperthermia Susceptibility VCEP	Uncertain significance	PS4_Supporting, PM1_Supporting	2	Uncertain significance	Uncertain significance
474888	ACADVL	ACADVL VCEP	Likely pathogenic	PM1, PP4_Moderate, PP3, PP1, PM2_Supporting, PM3_Supporting	8	Likely pathogenic	Likely pathogenic
255353	GAA	Lysosomal Diseases VCEP	Likely benign	BS1, BP4	-5	Likely benign	Likely benign
-	GAA	Lysosomal Diseases VCEP	Uncertain significance	PM3_Supporting, PP3, PM2_Supporting, PS1_Supporting	4	Uncertain significance	Uncertain significance
932828	ACADVL	ACADVL VCEP	Likely pathogenic	PS3_Supporting, PM3, PP3, PP4, PM2_Supporting	6	Likely pathogenic	Likely pathogenic
932840	ACADVL	ACADVL VCEP	Benign	BA1	0	Benign	Benign
252000	LDLR	Familial Hypercholesterolemia VCEP	Pathogenic	PS3, PP1_Moderate, PM2, PP3, PP4, PS4_Supporting	11	Pathogenic	Pathogenic
406163	LDLR	Familial Hypercholesterolemia VCEP	Uncertain significance	PM5, PM2, PP3	5	Uncertain significance	Uncertain significance
226343	LDLR	Familial Hypercholesterolemia VCEP	Likely pathogenic	PP1_Moderate, PM2, PP4, PS3_Moderate, PS4_Supporting	8	Likely pathogenic	Likely pathogenic
689349	LDLR	Familial Hypercholesterolemia VCEP	Uncertain significance	BP4, BS3, PM2, PP4	-2	Likely benign	Likely benign
440698	LDLR	Familial Hypercholesterolemia VCEP	Uncertain significance	BP4, PM2	1	Uncertain significance	Uncertain significance
440697	LDLR	Familial Hypercholesterolemia VCEP	Uncertain significance	PM2	2	Uncertain significance	Uncertain significance
252321	LDLR	Familial Hypercholesterolemia VCEP	Likely pathogenic	PM2, PVS1	10	Pathogenic	Likely pathogenic
251850	LDLR	Familial Hypercholesterolemia VCEP	Uncertain significance	PM2, PP3, PP4	4	Uncertain significance	Uncertain significance
440645	LDLR	Familial Hypercholesterolemia VCEP	Uncertain significance	PM2, PP3	3	Uncertain significance	Uncertain significance
251847	LDLR	Familial Hypercholesterolemia VCEP	Uncertain significance	PM2, PP3, PP4, PS4_Supporting	5	Uncertain significance	Uncertain significance
440646	LDLR	Familial Hypercholesterolemia VCEP	Uncertain significance	PM2, PP3	3	Uncertain significance	Uncertain significance
430740	LDLR	Familial Hypercholesterolemia VCEP	Uncertain significance	PM2	2	Uncertain significance	Uncertain significance
251649	LDLR	Familial Hypercholesterolemia VCEP	Likely pathogenic	PS4_Moderate, PM3, PM2, PP3, PP4	8	Likely pathogenic	Likely pathogenic
431519	LDLR	Familial Hypercholesterolemia VCEP	Uncertain significance	PM2, PP3	3	Uncertain significance	Uncertain significance
251651	LDLR	Familial Hypercholesterolemia VCEP	Uncertain significance	PM2, PP3, PP4, PS4_Supporting	5	Uncertain significance	Uncertain significance
431508	LDLR	Familial Hypercholesterolemia VCEP	Likely pathogenic	PVS1_Strong, PM2, PP4, PS4_Supporting	8	Likely pathogenic	Likely pathogenic
251127	LDLR	Familial Hypercholesterolemia VCEP	Uncertain significance	PM2, PP4	3	Uncertain significance	Uncertain significance
251537	LDLR	Familial Hypercholesterolemia VCEP	Likely pathogenic	PM1, PM2, PP3, PP4, PS4_Supporting	7	Likely pathogenic	Likely pathogenic
161280	LDLR	Familial Hypercholesterolemia VCEP	Uncertain significance	PM5, PM2, PP3	5	Uncertain significance	Uncertain significance
251519	LDLR	Familial Hypercholesterolemia VCEP	Uncertain significance	PM2, PP1, PP4, PS4_Supporting	5	Uncertain significance	Uncertain significance
1437514	LDLR	Familial Hypercholesterolemia VCEP	Uncertain significance	PM2, PP3	3	Uncertain significance	Uncertain significance
251521	LDLR	Familial Hypercholesterolemia VCEP	Uncertain significance	PM2, PP3, PP4	4	Uncertain significance	Uncertain significance
251081	LDLR	Familial Hypercholesterolemia VCEP	Uncertain significance	BS3, PP1_Moderate, PM2, PP3, PP4, PS4_Supporting	3	Uncertain significance	Likely pathogenic
1331775	LDLR	Familial Hypercholesterolemia VCEP	Uncertain significance	PP3, PS3_Moderate	3	Uncertain significance	Uncertain significance
251362	LDLR	Familial Hypercholesterolemia VCEP	Likely pathogenic	PM1, PM2, PP3, PP4, PS3_Moderate, PS4_Supporting	9	Likely pathogenic	Likely pathogenic
440599	LDLR	Familial Hypercholesterolemia VCEP	Uncertain significance	PM2	2	Uncertain significance	Uncertain significance
417370	LDLR	Familial Hypercholesterolemia VCEP	Pathogenic	PVS1_Strong, PM3, PM2, PP4, PS4_Supporting	10	Pathogenic	Pathogenic
369855	LDLR	Familial Hypercholesterolemia VCEP	Uncertain significance	BP2, PM2, PP4	2	Uncertain significance	Uncertain significance
431513	LDLR	Familial Hypercholesterolemia VCEP	Likely pathogenic	PVS1_Strong, PM2, PP4	7	Likely pathogenic	Likely pathogenic
251223	LDLR	Familial Hypercholesterolemia VCEP	Likely pathogenic	PM1, PS3_Supporting, PM2, PP3	6	Likely pathogenic	Likely pathogenic
68102	LDLR	Familial Hypercholesterolemia VCEP	Likely benign	BP4, BP2, BP7, PP1	-2	Likely benign	Likely benign
183098	LDLR	Familial Hypercholesterolemia VCEP	Likely pathogenic	PS3_Supporting, PM2, PP3, PP4, PS4_Supporting	6	Likely pathogenic	Likely pathogenic
977996	LDLR	Familial Hypercholesterolemia VCEP	Uncertain significance	PM2, PP3	3	Uncertain significance	Uncertain significance
977997	LDLR	Familial Hypercholesterolemia VCEP	Uncertain significance	PM2, PP3	3	Uncertain significance	Uncertain significance
1466547	LDLR	Familial Hypercholesterolemia VCEP	Uncertain significance	PM2, PP3	3	Uncertain significance	Uncertain significance
431547	LDLR	Familial Hypercholesterolemia VCEP	Likely pathogenic	PVS1_Strong, PM2	6	Likely pathogenic	Likely pathogenic
251691	LDLR	Familial Hypercholesterolemia VCEP	Uncertain significance	BP4, PM2, PP4	2	Uncertain significance	Uncertain significance
440626	LDLR	Familial Hypercholesterolemia VCEP	Uncertain significance	PM2, PP3	3	Uncertain significance	Uncertain significance
251692	LDLR	Familial Hypercholesterolemia VCEP	Uncertain significance	PM2, PP4	3	Uncertain significance	Uncertain significance
251702	LDLR	Familial Hypercholesterolemia VCEP	Likely benign	BP4, BP7, PM2	0	Uncertain significance	Likely benign
252072	LDLR	Familial Hypercholesterolemia VCEP	Likely benign	BP4, BP2, PM2	0	Uncertain significance	Likely benign
252120	LDLR	Familial Hypercholesterolemia VCEP	Likely pathogenic	PS3, PM2, PP4	7	Likely pathogenic	Likely pathogenic
431533	LDLR	Familial Hypercholesterolemia VCEP	Benign	BA1, BP4	-1	Benign	Benign
183106	LDLR	Familial Hypercholesterolemia VCEP	Pathogenic	PS3, PS4, PP1_Strong, BS4, PM5, PM3, PM2, PP3, PP4	16	Pathogenic	Pathogenic
440618	LDLR	Familial Hypercholesterolemia VCEP	Likely pathogenic	PM5_Strong, PM2, PP3	7	Likely pathogenic	Likely pathogenic
251605	LDLR	Familial Hypercholesterolemia VCEP	Pathogenic	PP1_Strong, PM5, PM3, PM2, PP3, PP4	12	Pathogenic	Pathogenic
251406	LDLR	Familial Hypercholesterolemia VCEP	Uncertain significance	BP4	-1	Likely benign	Uncertain significance
251548	LDLR	Familial Hypercholesterolemia VCEP	Benign	BA1, BP4	-1	Benign	Benign
440623	LDLR	Familial Hypercholesterolemia VCEP	Likely pathogenic	PM5, PM2, PP3, PP4, PS4_Supporting	7	Likely pathogenic	Likely pathogenic
251645	LDLR	Familial Hypercholesterolemia VCEP	Likely pathogenic	PM5, PM2, PP3, PP1, PP4	7	Likely pathogenic	Likely pathogenic
183114	LDLR	Familial Hypercholesterolemia VCEP	Uncertain significance	PM2, PP3	3	Uncertain significance	Uncertain significance
226332	LDLR	Familial Hypercholesterolemia VCEP	Likely pathogenic	PM1, PM3, PM2, PP4, PP3, PS4_Supporting	9	Likely pathogenic	Likely pathogenic
251735	LDLR	Familial Hypercholesterolemia VCEP	Uncertain significance	PM2, PP3, PP4	4	Uncertain significance	Uncertain significance
431523	LDLR	Familial Hypercholesterolemia VCEP	Uncertain significance	PM2	2	Uncertain significance	Uncertain significance
369861	LDLR	Familial Hypercholesterolemia VCEP	Uncertain significance	BP4	-1	Likely benign	Uncertain significance
252033	LDLR	Familial Hypercholesterolemia VCEP	Uncertain significance	PM2, PP4, PS4_Supporting	4	Uncertain significance	Uncertain significance
252032	LDLR	Familial Hypercholesterolemia VCEP	Uncertain significance	BP4, PM2, PP4	2	Uncertain significance	Uncertain significance
226402	LDLR	Familial Hypercholesterolemia VCEP	Pathogenic	PS4_Moderate, PM2, PVS1, PP1, PP4	14	Pathogenic	Pathogenic
251425	LDLR	Familial Hypercholesterolemia VCEP	Likely pathogenic	PM1, PM2, PP3, PP4, PS4_Supporting	7	Likely pathogenic	Likely pathogenic
251121	LDLR	Familial Hypercholesterolemia VCEP	Likely pathogenic	PM3, PM2, PP3, PP4, PP1, PS4_Supporting	8	Likely pathogenic	Likely pathogenic
251122	LDLR	Familial Hypercholesterolemia VCEP	Likely pathogenic	PM2, PP3, PP1, PP4, PS4_Supporting	6	Likely pathogenic	Likely pathogenic
440556	LDLR	Familial Hypercholesterolemia VCEP	Uncertain significance	PM2, PP4, PS4_Supporting	4	Uncertain significance	Uncertain significance
251583	LDLR	Familial Hypercholesterolemia VCEP	Uncertain significance	PM2, PP3, PP4, PS4_Supporting	5	Uncertain significance	Uncertain significance
918325	LDLR	Familial Hypercholesterolemia VCEP	Uncertain significance	PM2, PP3, PP4	4	Uncertain significance	Uncertain significance
403665	LDLR	Familial Hypercholesterolemia VCEP	Uncertain significance	PM2, PP4	3	Uncertain significance	Uncertain significance
36452	LDLR	Familial Hypercholesterolemia VCEP	Uncertain significance	PS4_Moderate, PM2, PP4	5	Uncertain significance	Uncertain significance
183083	LDLR	Familial Hypercholesterolemia VCEP	Likely pathogenic	PS3_Supporting, PM2, PP3, PP4, PS4_Supporting	6	Likely pathogenic	Likely pathogenic
251088	LDLR	Familial Hypercholesterolemia VCEP	Uncertain significance	PM2, PP4	3	Uncertain significance	Uncertain significance
924271	LDLR	Familial Hypercholesterolemia VCEP	Uncertain significance	PM2	2	Uncertain significance	Uncertain significance
251828	LDLR	Familial Hypercholesterolemia VCEP	Uncertain significance	PM2, PP3, PP4	4	Uncertain significance	Uncertain significance
251894	LDLR	Familial Hypercholesterolemia VCEP	Uncertain significance	PM2, PP4, PP1	4	Uncertain significance	Uncertain significance
224618	LDLR	Familial Hypercholesterolemia VCEP	Likely benign	BP4, BP7	-2	Likely benign	Likely benign
183105	LDLR	Familial Hypercholesterolemia VCEP	Likely pathogenic	PS3_Supporting, PM2, PP3, PP4, PS4_Supporting	6	Likely pathogenic	Likely pathogenic
926520	LDLR	Familial Hypercholesterolemia VCEP	Uncertain significance	PM2, PP3	3	Uncertain significance	Uncertain significance
225181	LDLR	Familial Hypercholesterolemia VCEP	Uncertain significance	PM2, PP3	3	Uncertain significance	Uncertain significance
251587	LDLR	Familial Hypercholesterolemia VCEP	Uncertain significance	PM2, PP3, PP4	4	Uncertain significance	Uncertain significance
226299	LDLR	Familial Hypercholesterolemia VCEP	Uncertain significance	BP2, PS3_Supporting, PM2, PP4, PP1, PS4_Supporting	5	Uncertain significance	Likely pathogenic
1395739	LDLR	Familial Hypercholesterolemia VCEP	Likely pathogenic	PM2, PP3, PP4, PS3_Moderate	6	Likely pathogenic	Likely pathogenic
2500830	MYOC	Glaucoma VCEP	Likely benign	BP4, BS3_Supporting, PM2_Supporting	-1	Likely benign	Likely benign
2500836	MYOC	Glaucoma VCEP	Uncertain significance	PM2_Supporting	1	Uncertain significance	Uncertain significance
2500835	MYOC	Glaucoma VCEP	Likely pathogenic	PP3_Moderate, PP1, PS3_Moderate, PM2_Supporting	6	Likely pathogenic	Likely pathogenic
2500837	MYOC	Glaucoma VCEP	Likely pathogenic	PP3_Moderate, PP1_Moderate, PS4_Supporting, PM2_Supporting	6	Likely pathogenic	Likely pathogenic
806282	MYOC	Glaucoma VCEP	Uncertain significance	BP4, BP7, PS4_Supporting, PM2_Supporting	0	Uncertain significance	Likely benign
2500839	MYOC	Glaucoma VCEP	Likely pathogenic	PP3_Strong, PM5, PM2_Supporting	7	Likely pathogenic	Likely pathogenic
2500840	MYOC	Glaucoma VCEP	Uncertain significance	PP3, PS4_Supporting, PM2_Supporting	3	Uncertain significance	Uncertain significance
2500841	MYOC	Glaucoma VCEP	Uncertain significance		0	Uncertain significance	Uncertain significance
875032	MYOC	Glaucoma VCEP	Uncertain significance	PP3, PM2_Supporting, PS4_Supporting	3	Uncertain significance	Uncertain significance
1173106	MYOC	Glaucoma VCEP	Likely pathogenic	PP3_Strong, PM2_Supporting, PS4_Supporting	6	Likely pathogenic	Likely pathogenic
2500831	MYOC	Glaucoma VCEP	Likely benign	BP4, BP7, BS1	-6	Likely benign	Likely benign
2500832	MYOC	Glaucoma VCEP	Uncertain significance	BP4, BP7, PS4_Supporting, PM2_Supporting	0	Uncertain significance	Likely benign
2500833	MYOC	Glaucoma VCEP	Uncertain significance	PM4_Supporting, PP1_Moderate, PM2_Supporting	4	Uncertain significance	Uncertain significance
1048923	MYOC	Glaucoma VCEP	Uncertain significance	BP4, PM2_Supporting	0	Uncertain significance	Uncertain significance
1302992	MYOC	Glaucoma VCEP	Uncertain significance	BP4, PM2_Supporting	0	Uncertain significance	Uncertain significance
877000	MYOC	Glaucoma VCEP	Uncertain significance	BP4, BP7, PM2_Supporting	-1	Likely benign	Likely benign
2500834	MYOC	Glaucoma VCEP	Uncertain significance	PP3_Moderate, PM2_Supporting	3	Uncertain significance	Uncertain significance
431972	GCK	Monogenic Diabetes VCEP	Pathogenic	PS4, PP2, PP3, PP4, PM2_Supporting, PP1_Strong	12	Pathogenic	Pathogenic
133976	DICER1	DICER1 and miRNA-Processing Gene VCEP	Likely benign	BS2, BP4, PM1_Supporting	-4	Likely benign	Likely benign
242139	DICER1	DICER1 and miRNA-Processing Gene VCEP	Uncertain significance	BS2_Supporting, PP3, PM1_Supporting	1	Uncertain significance	Uncertain significance
479634	DICER1	DICER1 and miRNA-Processing Gene VCEP	Uncertain significance	BS2_Supporting, BP4, PM1_Supporting	-1	Likely benign	Likely benign
825798	DICER1	DICER1 and miRNA-Processing Gene VCEP	Uncertain significance	PM2_Supporting, PM1_Supporting	2	Uncertain significance	Uncertain significance
825790	DICER1	DICER1 and miRNA-Processing Gene VCEP	Uncertain significance	PM1_Supporting	1	Uncertain significance	Uncertain significance
825823	DICER1	DICER1 and miRNA-Processing Gene VCEP	Uncertain significance	PM2_Supporting, BP4	0	Uncertain significance	Uncertain significance
479625	DICER1	DICER1 and miRNA-Processing Gene VCEP	Uncertain significance	BS2_Supporting, PM1_Supporting	0	Uncertain significance	Uncertain significance
2506404	ITGA2B	Platelet Disorders VCEP	Likely pathogenic	PVS1, PM2_Supporting	9	Likely pathogenic	Uncertain significance
2506405	ITGA2B	Platelet Disorders VCEP	Uncertain significance	PM2_Supporting	1	Uncertain significance	Uncertain significance
-	ITGA2B	Platelet Disorders VCEP	Pathogenic	PS3, PVS1_Moderate, PM3_Supporting, PP4_Moderate, PM2_Supporting	10	Pathogenic	Pathogenic
2506407	ITGA2B	Platelet Disorders VCEP	Likely pathogenic	PM3_Supporting, PP4_Moderate, PM2_Supporting, PS3_Moderate	6	Likely pathogenic	Likely pathogenic
-	ITGA2B	Platelet Disorders VCEP	Pathogenic	PVS1, PP4_Moderate, PM2_Supporting	11	Pathogenic	Pathogenic
2506409	ITGA2B	Platelet Disorders VCEP	Uncertain significance	PM3_Supporting, PP4_Moderate, PM2_Supporting	4	Uncertain significance	Uncertain significance
2506410	ITGB3	Platelet Disorders VCEP	Uncertain significance	PP4_Strong, PM2_Supporting	5	Uncertain significance	Uncertain significance
2506411	ITGB3	Platelet Disorders VCEP	Uncertain significance	PP4_Strong, BP4, PM2_Supporting	4	Uncertain significance	Uncertain significance
2506412	ITGB3	Platelet Disorders VCEP	Likely pathogenic	PM3_Supporting, PM5_Supporting, PP4_Moderate, PP3, PM2_Supporting	6	Likely pathogenic	Likely pathogenic
9590	MT-ND5	Mitochondrial Diseases VCEP	Pathogenic	PP3, PS3_Moderate, PM2_Supporting, PS4, PP1_Moderate	10	Pathogenic	Pathogenic
30004	MT-TH	Mitochondrial Diseases VCEP	Likely pathogenic	PP3, PM2_Supporting, PS3_Moderate, PS4_Supporting, PP1_Moderate	7	Likely pathogenic	Likely pathogenic
9569	MT-TS1	Mitochondrial Diseases VCEP	Likely pathogenic	PM2, PP3, PS4_Supporting, PS3_Supporting, PP1_Moderate	7	Likely pathogenic	Likely pathogenic
693062	MT-ATP6	Mitochondrial Diseases VCEP	Uncertain significance	BP4	-1	Likely benign	Uncertain significance
65510	MT-ND5	Mitochondrial Diseases VCEP	Benign	BA1, BP4	-1	Benign	Benign
9722	MT-ND1	Mitochondrial Diseases VCEP	Pathogenic	PP3, PS3_Moderate, PS4, PM6_Supporting, PP1_Moderate	10	Pathogenic	Pathogenic
133144	RYR1	Malignant Hyperthermia Susceptibility VCEP	Likely pathogenic	BP4, PS4, PP1_Strong	7	Likely pathogenic	Pathogenic
932844	ACADVL	ACADVL VCEP	Likely pathogenic	PM2_Supporting, PS1, PVS1_Moderate	7	Likely pathogenic	Likely pathogenic
810628	GAMT	Cerebral Creatine Deficiency Syndromes VCEP	Pathogenic	PVS1_Strong, PM2_Supporting, PM3, PP4_Strong	11	Pathogenic	Pathogenic
1312506	GAMT	Cerebral Creatine Deficiency Syndromes VCEP	Pathogenic	PM3_Supporting, PS3_Supporting, PP3_Strong, PM2_Supporting, PP4_Strong	11	Pathogenic	Pathogenic
8304	GAMT	Cerebral Creatine Deficiency Syndromes VCEP	Likely pathogenic	PS3_Supporting, PP3, PM2_Supporting, PP4_Strong, PM3	9	Likely pathogenic	Likely pathogenic
1067935	GAMT	Cerebral Creatine Deficiency Syndromes VCEP	Likely pathogenic	PVS1_Strong, PP4_Moderate, PM2_Supporting	7	Likely pathogenic	Likely pathogenic
2570636	GAMT	Cerebral Creatine Deficiency Syndromes VCEP	Likely pathogenic	PP3, PM2_Supporting, PM3, PP4_Strong	8	Likely pathogenic	Likely pathogenic
939221	GAMT	Cerebral Creatine Deficiency Syndromes VCEP	Likely pathogenic	PS3_Supporting, PM2_Supporting, PM3, PP4_Strong	8	Likely pathogenic	Likely pathogenic
-	GAMT	Cerebral Creatine Deficiency Syndromes VCEP	Pathogenic	PVS1, PP4_Strong, PM3	14	Pathogenic	Pathogenic
2570638	GAMT	Cerebral Creatine Deficiency Syndromes VCEP	Pathogenic	PP3_Moderate, PS3_Supporting, PM2_Supporting, PP4_Strong, PM3	10	Pathogenic	Pathogenic
2570639	GAMT	Cerebral Creatine Deficiency Syndromes VCEP	Likely pathogenic	PVS1_Moderate, PM3_Supporting, PP4_Moderate, PM2_Supporting	6	Likely pathogenic	Likely pathogenic
2570640	GAMT	Cerebral Creatine Deficiency Syndromes VCEP	Likely pathogenic	PVS1_Moderate, PM3_Supporting, PM2_Supporting, PP4_Strong	8	Likely pathogenic	Likely pathogenic
8303	GAMT	Cerebral Creatine Deficiency Syndromes VCEP	Pathogenic	PS3_Supporting, PP3, PP4_Strong, PM3_Strong	10	Pathogenic	Pathogenic
947458	GAMT	Cerebral Creatine Deficiency Syndromes VCEP	Pathogenic	PVS1, PM2_Supporting, PP4_Strong	13	Pathogenic	Pathogenic
449690	GAMT	Cerebral Creatine Deficiency Syndromes VCEP	Uncertain significance	PS3_Supporting, PP3, PM2_Supporting	3	Uncertain significance	Uncertain significance
1361089	SLC6A8	Cerebral Creatine Deficiency Syndromes VCEP	Pathogenic	PP3, PM2_Supporting, PP4_Strong, PP1_Strong	10	Pathogenic	Pathogenic
2136533	GCK	Monogenic Diabetes VCEP	Uncertain significance	PP4_Moderate, PP3, PM2_Supporting	4	Uncertain significance	Uncertain significance
-	GCK	Monogenic Diabetes VCEP	Likely pathogenic	PM5_Strong, PP4, PP2, PM2_Supporting	7	Likely pathogenic	Likely pathogenic
-	GCK	Monogenic Diabetes VCEP	Likely pathogenic	PM5_Strong, PP2, PP3, PP4, PM2_Supporting	8	Likely pathogenic	Likely pathogenic
36224	GCK	Monogenic Diabetes VCEP	Pathogenic	PS4_Moderate, PS3, PP3, PM2_Supporting, PP1_Strong	12	Pathogenic	Pathogenic
-	GCK	Monogenic Diabetes VCEP	Pathogenic	PVS1, PP1_Moderate, PP4, PM2_Supporting, PS1_Supporting	13	Pathogenic	Pathogenic
-	GCK	Monogenic Diabetes VCEP	Likely pathogenic	PVS1, PM2_Supporting	9	Likely pathogenic	Uncertain significance
2503894	GCK	Monogenic Diabetes VCEP	Likely pathogenic	PP4_Moderate, PM4, PM2_Supporting, PS3_Moderate	7	Likely pathogenic	Likely pathogenic
1299751	HNF4A	Monogenic Diabetes VCEP	Likely pathogenic	PP4_Moderate, PM2_Supporting, PVS1_Strong	7	Likely pathogenic	Likely pathogenic
1299750	HNF4A	Monogenic Diabetes VCEP	Pathogenic	PS3_Supporting, PP4, PM2_Supporting, PM1, PS4, PP1_Strong	13	Pathogenic	Pathogenic
-	HNF4A	Monogenic Diabetes VCEP	Uncertain significance	PP3, PM2_Supporting, PM1	4	Uncertain significance	Uncertain significance
393110	HNF4A	Monogenic Diabetes VCEP	Pathogenic	PP4_Moderate, PVS1, PM2_Supporting	11	Pathogenic	Pathogenic
338425	HNF4A	Monogenic Diabetes VCEP	Benign	BP5, BA1, BP4	-2	Benign	Benign
447515	HNF4A	Monogenic Diabetes VCEP	Uncertain significance	PP3, PM1_Supporting	2	Uncertain significance	Uncertain significance
36348	HNF4A	Monogenic Diabetes VCEP	Likely pathogenic	PVS1, PM2_Supporting	9	Likely pathogenic	Uncertain significance
-	HNF4A	Monogenic Diabetes VCEP	Likely pathogenic	PP3, PM2_Supporting, PM1_Supporting, PP1_Strong	7	Likely pathogenic	Likely pathogenic
36349	HNF4A	Monogenic Diabetes VCEP	Likely benign	BS1, BP5	-5	Likely benign	Likely benign
-	HNF4A	Monogenic Diabetes VCEP	Likely pathogenic	PP4_Moderate, PP1, PM2_Supporting, PVS1_Strong	8	Likely pathogenic	Likely pathogenic
211146	HNF4A	Monogenic Diabetes VCEP	Likely benign	BS1, BP4	-5	Likely benign	Likely benign
9215	HNF4A	Monogenic Diabetes VCEP	Pathogenic	PVS1, PP4, PM2_Supporting	10	Pathogenic	Pathogenic
36356	HNF4A	Monogenic Diabetes VCEP	Likely pathogenic	PVS1, PM2_Supporting	9	Likely pathogenic	Uncertain significance
1700660	HNF4A	Monogenic Diabetes VCEP	Likely pathogenic	PS3_Supporting, PP4_Moderate, PP3, PM2_Supporting, PP1_Strong	9	Likely pathogenic	Likely pathogenic
586021	HNF4A	Monogenic Diabetes VCEP	Uncertain significance	PM5_Supporting, PP4_Moderate, PP3, PM2_Supporting	5	Uncertain significance	Uncertain significance
972810	HNF4A	Monogenic Diabetes VCEP	Likely pathogenic	PP1_Moderate, PM5_Supporting, PP4_Moderate, PP3, PM2_Supporting, PM1_Supporting, PS4_Moderate	10	Pathogenic	Likely pathogenic
435440	HNF4A	Monogenic Diabetes VCEP	Benign	BS1, BS2	-8	Benign	Benign
36344	HNF4A	Monogenic Diabetes VCEP	Uncertain significance	PM2_Supporting	1	Uncertain significance	Uncertain significance
-	HNF4A	Monogenic Diabetes VCEP	Uncertain significance	PM2_Supporting, PVS1_Supporting	2	Uncertain significance	Uncertain significance
36345	HNF4A	Monogenic Diabetes VCEP	Benign	BP5, BS4, PP4_Moderate, BS3_Supporting, BA1	-4	Benign	Benign
875084	MYOC	Glaucoma VCEP	Uncertain significance	PM2_Supporting	1	Uncertain significance	Uncertain significance
2505289	MYOC	Glaucoma VCEP	Uncertain significance	BP4, BP7, PM2_Supporting	-1	Likely benign	Likely benign
2505288	MYOC	Glaucoma VCEP	Likely benign	BP4, BP7	-2	Likely benign	Likely benign
293710	MYOC	Glaucoma VCEP	Uncertain significance		0	Uncertain significance	Uncertain significance
2505287	MYOC	Glaucoma VCEP	Likely pathogenic	PP3_Strong, PM2_Supporting, PS4_Supporting	6	Likely pathogenic	Likely pathogenic
2505286	MYOC	Glaucoma VCEP	Uncertain significance	BP4, BP7, PM2_Supporting	-1	Likely benign	Likely benign
2505295	MYOC	Glaucoma VCEP	Likely pathogenic	PS3, PP1_Moderate, PP3, PM2_Supporting	8	Likely pathogenic	Likely pathogenic
2505294	MYOC	Glaucoma VCEP	Uncertain significance	PM4_Supporting, PM2_Supporting	2	Uncertain significance	Uncertain significance
2505293	MYOC	Glaucoma VCEP	Uncertain significance	PM4_Supporting, PM2_Supporting	2	Uncertain significance	Uncertain significance
2505292	MYOC	Glaucoma VCEP	Uncertain significance	BP4, BP7, PM2_Supporting	-1	Likely benign	Likely benign
2505291	MYOC	Glaucoma VCEP	Likely benign	BP4, BP7	-2	Likely benign	Likely benign
2505290	MYOC	Glaucoma VCEP	Uncertain significance	PM4, PM2_Supporting	3	Uncertain significance	Uncertain significance
877041	MYOC	Glaucoma VCEP	Uncertain significance	BP4, PM2_Supporting	0	Uncertain significance	Uncertain significance
876021	MYOC	Glaucoma VCEP	Likely benign	BP4, BS3_Supporting, BP7	-3	Likely benign	Likely benign
1324771	MYOC	Glaucoma VCEP	Uncertain significance	PM4, PM2_Supporting	3	Uncertain significance	Uncertain significance
701285	ITGB3	Platelet Disorders VCEP	Likely benign	BP4, BP7, PM2_Supporting	-1	Likely benign	Likely benign
627234	ITGB3	Platelet Disorders VCEP	Pathogenic	PM3_Supporting, PVS1, PM2_Supporting	10	Pathogenic	Pathogenic
2506413	ITGA2B	Platelet Disorders VCEP	Likely pathogenic	PP4_Strong, PP3, PM2_Supporting	6	Likely pathogenic	Likely pathogenic
-	ITGB3	Platelet Disorders VCEP	Pathogenic	PP4_Strong, PVS1_Strong, PM2_Supporting	9	Likely pathogenic	Pathogenic
-	ITGA2B	Platelet Disorders VCEP	Pathogenic	PM4, PS3, PM3_Supporting, PP4_Moderate, PP3, PM2_Supporting	11	Pathogenic	Pathogenic
2181112	ITGB3	Platelet Disorders VCEP	Uncertain significance	PM2_Supporting	1	Uncertain significance	Uncertain significance
-	ITGA2B	Platelet Disorders VCEP	Pathogenic	PVS1, PP4_Moderate, PM2_Supporting	11	Pathogenic	Pathogenic
-	ITGA2B	Platelet Disorders VCEP	Pathogenic	PP4_Moderate, PVS1, PM2_Supporting	11	Pathogenic	Pathogenic
892302	ITGA2B	Platelet Disorders VCEP	Uncertain significance	BP4	-1	Likely benign	Uncertain significance
889446	ITGB3	Platelet Disorders VCEP	Likely benign	BP4, BP7	-2	Likely benign	Likely benign
435535	ITGB3	Platelet Disorders VCEP	Likely benign	BP4, BP7	-2	Likely benign	Likely benign
889447	ITGB3	Platelet Disorders VCEP	Likely benign	BP4, BP7, PM2_Supporting	-1	Likely benign	Likely benign
983532	SLC6A8	Cerebral Creatine Deficiency Syndromes VCEP	Likely pathogenic	PP3, PM2_Supporting, PM4, PP4_Strong	8	Likely pathogenic	Likely pathogenic
-	SLC6A8	Cerebral Creatine Deficiency Syndromes VCEP	Benign	BP4, BA1	-1	Benign	Benign
573140	GAMT	Cerebral Creatine Deficiency Syndromes VCEP	Pathogenic	PS3_Supporting, PM5_Supporting, PP3, PM2_Supporting, PM3, PP4_Strong	10	Pathogenic	Pathogenic
932829	ACADVL	ACADVL VCEP	Likely pathogenic	PM3, PP4_Moderate, PP3, PM2_Supporting	6	Likely pathogenic	Likely pathogenic
189008	ACADVL	ACADVL VCEP	Likely pathogenic	PVS1, PM2_Supporting	9	Likely pathogenic	Uncertain significance
2058739	ACADVL	ACADVL VCEP	Uncertain significance	PM3, PP4_Moderate, PM2_Supporting	5	Uncertain significance	Uncertain significance
1623	ACADVL	ACADVL VCEP	Likely pathogenic	PS3_Supporting, PP4_Moderate, PM3, PP3, PM2_Supporting	7	Likely pathogenic	Likely pathogenic
406374	FBN1	FBN1 VCEP	Likely pathogenic	PVS1, PM2	10	Pathogenic	Likely pathogenic
42420	FBN1	FBN1 VCEP	Pathogenic	PM6_Supporting, PP4, PVS1, PM2, PS4	16	Pathogenic	Pathogenic
426140	FBN1	FBN1 VCEP	Likely pathogenic	PP2, PP3, PM2, PS4_Moderate, PM1	8	Likely pathogenic	Likely pathogenic
-	FBN1	FBN1 VCEP	Likely pathogenic	PP4, PM2, PM4, PM1	7	Likely pathogenic	Likely pathogenic
42367	FBN1	FBN1 VCEP	Benign	BA1	0	Benign	Benign
-	FBN1	FBN1 VCEP	Pathogenic	PP4, PP1, PM2_Supporting, PVS1	11	Pathogenic	Pathogenic
200198	FBN1	FBN1 VCEP	Likely pathogenic	PP2, PP3, PM2_Supporting, PS4	7	Likely pathogenic	Likely pathogenic
431935	FBN1	FBN1 VCEP	Likely pathogenic	PP2, PP3, PP4, PM2_Supporting, PM6, PM1, PM5	10	Pathogenic	Likely pathogenic
406332	FBN1	FBN1 VCEP	Likely pathogenic	PM6_Supporting, PP3, PP4, PM2_Supporting, PS4_Moderate	6	Likely pathogenic	Likely pathogenic
373598	FBN1	FBN1 VCEP	Uncertain significance	PP2, PM2, PM5	5	Uncertain significance	Uncertain significance
377094	CDKL5	Rett and Angelman-like Disorders VCEP	Likely benign	BS2, BP4	-5	Likely benign	Likely benign
156693	RS1	Rett and Angelman-like Disorders VCEP	Likely benign	BS2, BP4	-5	Likely benign	Likely benign
166822	RS1	Rett and Angelman-like Disorders VCEP	Likely benign	BS2, BP4	-5	Likely benign	Likely benign
193305	FOXG1	Rett and Angelman-like Disorders VCEP	Benign	BA1, BP3, BS2	-5	Benign	Benign
189623	FOXG1	Rett and Angelman-like Disorders VCEP	Uncertain significance	PM1, PP3, PM2_Supporting	4	Uncertain significance	Uncertain significance
217360	CDKL5	Rett and Angelman-like Disorders VCEP	Likely pathogenic	PM5, PS2, PP3, PS4_Supporting, PM2_Supporting	9	Likely pathogenic	Likely pathogenic
286706	CDKL5	Rett and Angelman-like Disorders VCEP	Likely pathogenic	PS2, PS4_Supporting, PM2_Supporting	6	Likely pathogenic	Likely pathogenic
452682	FOXG1	Rett and Angelman-like Disorders VCEP	Likely pathogenic	PM1, PM5, PP3, PM2_Supporting	6	Likely pathogenic	Likely pathogenic
547390	FOXG1	Rett and Angelman-like Disorders VCEP	Likely pathogenic	PM1, PM5, PP3, PM2_Supporting	6	Likely pathogenic	Likely pathogenic
658951	CDKL5	Rett and Angelman-like Disorders VCEP	Likely pathogenic	PM5, PM6, PP3, PM2_Supporting	6	Likely pathogenic	Likely pathogenic
803714	CDKL5	Rett and Angelman-like Disorders VCEP	Likely pathogenic	PM1, PM5, PP3, PM2_Supporting	6	Likely pathogenic	Likely pathogenic
870171	CDKL5	Rett and Angelman-like Disorders VCEP	Likely pathogenic	PS2, PP3, PM2_Supporting	6	Likely pathogenic	Likely pathogenic
156690	CDKL5	Rett and Angelman-like Disorders VCEP	Benign	BA1	0	Benign	Benign
158184	CDKL5	Rett and Angelman-like Disorders VCEP	Benign	BA1	0	Benign	Benign
158585	FOXG1	Rett and Angelman-like Disorders VCEP	Benign	BA1	0	Benign	Benign
158595	FOXG1	Rett and Angelman-like Disorders VCEP	Benign	BA1	0	Benign	Benign
158597	FOXG1	Rett and Angelman-like Disorders VCEP	Benign	BA1	0	Benign	Benign
166821	CDKL5	Rett and Angelman-like Disorders VCEP	Likely benign	BP5, BS2	-5	Likely benign	Likely benign
158592	FOXG1	Rett and Angelman-like Disorders VCEP	Benign	BA1, BP3, BS2	-5	Benign	Benign
167090	FOXG1	Rett and Angelman-like Disorders VCEP	Likely benign	BP3, BP5, BS2	-6	Likely benign	Likely benign
985267	FOXG1	Rett and Angelman-like Disorders VCEP	Likely pathogenic	PM1, PS2, PP3, PM2_Supporting	8	Likely pathogenic	Likely pathogenic
-	GCK	Monogenic Diabetes VCEP	Likely pathogenic	PVS1, PM2_Supporting	9	Likely pathogenic	Uncertain significance
-	GCK	Monogenic Diabetes VCEP	Likely pathogenic	PVS1, PM2_Supporting	9	Likely pathogenic	Uncertain significance
-	GCK	Monogenic Diabetes VCEP	Pathogenic	PVS1, PP4_Moderate, PM2_Supporting	11	Pathogenic	Pathogenic
-	GCK	Monogenic Diabetes VCEP	Uncertain significance	PP1_Moderate, PM4, PM2_Supporting	5	Uncertain significance	Uncertain significance
-	GCK	Monogenic Diabetes VCEP	Likely pathogenic	PVS1, PM2_Supporting	9	Likely pathogenic	Uncertain significance
-	GCK	Monogenic Diabetes VCEP	Likely pathogenic	PVS1, PM2_Supporting	9	Likely pathogenic	Uncertain significance
1708917	GCK	Monogenic Diabetes VCEP	Likely pathogenic	PVS1, PM2_Supporting	9	Likely pathogenic	Uncertain significance
36197	GCK	Monogenic Diabetes VCEP	Likely pathogenic	PVS1, PM2_Supporting	9	Likely pathogenic	Uncertain significance
-	GCK	Monogenic Diabetes VCEP	Uncertain significance	PP2, PP3, PM2_Supporting	3	Uncertain significance	Uncertain significance
-	GCK	Monogenic Diabetes VCEP	Uncertain significance	PM4_Supporting, PM2_Supporting	2	Uncertain significance	Uncertain significance
-	GCK	Monogenic Diabetes VCEP	Likely pathogenic	PVS1, PM2_Supporting	9	Likely pathogenic	Uncertain significance
36192	GCK	Monogenic Diabetes VCEP	Likely benign	BP7, BP4, BP2	-3	Likely benign	Likely benign
36191	GCK	Monogenic Diabetes VCEP	Likely pathogenic	PVS1, PM2_Supporting	9	Likely pathogenic	Uncertain significance
1301411	GCK	Monogenic Diabetes VCEP	Likely pathogenic	PVS1, PM2_Supporting	9	Likely pathogenic	Uncertain significance
-	GCK	Monogenic Diabetes VCEP	Likely pathogenic	PVS1, PM2_Supporting	9	Likely pathogenic	Uncertain significance
817706	GCK	Monogenic Diabetes VCEP	Likely pathogenic	PVS1, PM2_Supporting	9	Likely pathogenic	Uncertain significance
211076	GCK	Monogenic Diabetes VCEP	Benign	BP5, PP2, BA1	0	Benign	Benign
597013	UBE3A	Rett and Angelman-like Disorders VCEP	Uncertain significance		0	Uncertain significance	Uncertain significance
654347	UBE3A	Rett and Angelman-like Disorders VCEP	Uncertain significance	BS1	-4	Likely benign	Uncertain significance
650099	UBE3A	Rett and Angelman-like Disorders VCEP	Likely benign	BP7, BP4	-2	Likely benign	Likely benign
581141	UBE3A	Rett and Angelman-like Disorders VCEP	Likely benign	BP7, BP4	-2	Likely benign	Likely benign
500854	UBE3A	Rett and Angelman-like Disorders VCEP	Likely benign	BS1, BP7, BP4	-6	Likely benign	Likely benign
499413	UBE3A	Rett and Angelman-like Disorders VCEP	Likely benign	BP7, BP4	-2	Likely benign	Likely benign
437189	UBE3A	Rett and Angelman-like Disorders VCEP	Likely benign	BP7, BS1, BP4	-6	Likely benign	Likely benign
390176	UBE3A	Rett and Angelman-like Disorders VCEP	Likely benign	BP7, BS2, PM2_Supporting, BP4	-5	Likely benign	Likely benign
378843	UBE3A	Rett and Angelman-like Disorders VCEP	Likely benign	BP7, BP4	-2	Likely benign	Likely benign
281397	UBE3A	Rett and Angelman-like Disorders VCEP	Likely benign	BP7, BS1, BP4	-6	Likely benign	Likely benign
850340	UBE3A	Rett and Angelman-like Disorders VCEP	Uncertain significance	BP4	-1	Likely benign	Uncertain significance
418562	UBE3A	Rett and Angelman-like Disorders VCEP	Uncertain significance	PP3, PM2_Supporting, PS4_Supporting	3	Uncertain significance	Uncertain significance
289734	MECP2	Rett and Angelman-like Disorders VCEP	Likely benign	BP7, BS1, BP4	-6	Likely benign	Likely benign
211465	MECP2	Rett and Angelman-like Disorders VCEP	Likely benign	BP7, BS1, BP4	-6	Likely benign	Likely benign
196403	MECP2	Rett and Angelman-like Disorders VCEP	Benign	BP7, BA1, BP4	-2	Benign	Benign
156633	MECP2	Rett and Angelman-like Disorders VCEP	Likely benign	BS2	-4	Likely benign	Uncertain significance
156630	MECP2	Rett and Angelman-like Disorders VCEP	Benign	BS2, BS1	-8	Benign	Benign
211455	MECP2	Rett and Angelman-like Disorders VCEP	Uncertain significance	BP5, PM2_Supporting	0	Uncertain significance	Uncertain significance
804844	GCK	Monogenic Diabetes VCEP	Pathogenic	PS4_Moderate, PP4_Moderate, PVS1, PM2_Supporting, PP1_Strong	17	Pathogenic	Pathogenic
-	GCK	Monogenic Diabetes VCEP	Pathogenic	PS4_Moderate, PVS1, PP4, PP1, PM2_Supporting	13	Pathogenic	Pathogenic
393448	GCK	Monogenic Diabetes VCEP	Pathogenic	PS4_Moderate, PVS1, PP4_Moderate, PP1_Moderate, PM2_Supporting	15	Pathogenic	Pathogenic
-	GCK	Monogenic Diabetes VCEP	Pathogenic	PVS1, PP4_Moderate, PM2_Supporting	11	Pathogenic	Pathogenic
-	GCK	Monogenic Diabetes VCEP	Pathogenic	PVS1, PP4_Moderate, PM2_Supporting	11	Pathogenic	Pathogenic
421604	GCK	Monogenic Diabetes VCEP	Pathogenic	PS4_Moderate, PVS1, PM2_Supporting	11	Pathogenic	Pathogenic
-	GCK	Monogenic Diabetes VCEP	Pathogenic	PVS1, PP1_Moderate, PP4, PM2_Supporting	12	Pathogenic	Pathogenic
1320655	GCK	Monogenic Diabetes VCEP	Pathogenic	PS4, PP4_Moderate, PP2, PP3, PS3_Moderate, PM2_Supporting	11	Pathogenic	Pathogenic
435298	GCK	Monogenic Diabetes VCEP	Uncertain significance	PM5_Supporting, PP2, PP3, PP4, PM2_Supporting	5	Uncertain significance	Uncertain significance
-	GCK	Monogenic Diabetes VCEP	Pathogenic	PVS1, PP4_Moderate, PP1, PM2_Supporting	12	Pathogenic	Pathogenic
-	GCK	Monogenic Diabetes VCEP	Pathogenic	PS4, PVS1, PP4_Moderate, PM2_Supporting, PP1_Strong	19	Pathogenic	Pathogenic
-	GCK	Monogenic Diabetes VCEP	Pathogenic	PS4_Moderate, PVS1, PP4_Moderate, PM2_Supporting	13	Pathogenic	Pathogenic
-	GCK	Monogenic Diabetes VCEP	Pathogenic	PS4_Moderate, PP4_Moderate, PVS1, PM2_Supporting, PP1_Strong	17	Pathogenic	Pathogenic
-	GCK	Monogenic Diabetes VCEP	Pathogenic	PVS1, PP4, PM2_Supporting	10	Pathogenic	Pathogenic
-	GCK	Monogenic Diabetes VCEP	Pathogenic	PVS1, PP4, PM2_Supporting	10	Pathogenic	Pathogenic
-	GCK	Monogenic Diabetes VCEP	Likely pathogenic	PP4_Moderate, PP2, PP3, PS3_Moderate, PM2_Supporting	7	Likely pathogenic	Likely pathogenic
-	GCK	Monogenic Diabetes VCEP	Pathogenic	PS4_Moderate, PP4_Moderate, PM3, PM2_Supporting, PVS1_Strong	11	Pathogenic	Pathogenic
-	GCK	Monogenic Diabetes VCEP	Uncertain significance	PM5_Supporting, PP2, PP3, PM2_Supporting	4	Uncertain significance	Uncertain significance
252467	GAA	Lysosomal Diseases VCEP	Uncertain significance	BP4	-1	Likely benign	Uncertain significance
-	GCK	Monogenic Diabetes VCEP	Pathogenic	PVS1, PP4, PM2_Supporting, PS1_Supporting	11	Pathogenic	Pathogenic
36188	GCK	Monogenic Diabetes VCEP	Pathogenic	PS4, PM1, PP2, PP3, PP4, PM2_Supporting, PP1_Strong	14	Pathogenic	Pathogenic
811525	ACADVL	ACADVL VCEP	Likely pathogenic	PVS1, PM2_Supporting	9	Likely pathogenic	Uncertain significance
371635	ACADVL	ACADVL VCEP	Pathogenic	PM3, PP4_Moderate, PVS1, PM2_Supporting	13	Pathogenic	Pathogenic
92277	ACADVL	ACADVL VCEP	Benign	BP4, BA1	-1	Benign	Benign
932836	ACADVL	ACADVL VCEP	Uncertain significance	PM2_Supporting, PVS1_Moderate	3	Uncertain significance	Uncertain significance
811520	ACADVL	ACADVL VCEP	Uncertain significance	PM2_Supporting, PVS1_Moderate	3	Uncertain significance	Uncertain significance
-	ACADVL	ACADVL VCEP	Pathogenic	PVS1, PP4, PM2_Supporting, PM3_Supporting	11	Pathogenic	Pathogenic
965068	ACADVL	ACADVL VCEP	Likely pathogenic	PVS1, PM2_Supporting	9	Likely pathogenic	Uncertain significance
291163	ACADVL	ACADVL VCEP	Likely pathogenic	PVS1, PM2_Supporting	9	Likely pathogenic	Uncertain significance
370981	ACADVL	ACADVL VCEP	Likely pathogenic	PS3_Supporting, PM3, PP4_Moderate, PP3, PM2_Supporting	7	Likely pathogenic	Likely pathogenic
932832	ACADVL	ACADVL VCEP	Likely pathogenic	PVS1, PM2_Supporting	9	Likely pathogenic	Uncertain significance
932831	ACADVL	ACADVL VCEP	Likely pathogenic	PVS1, PM2_Supporting	9	Likely pathogenic	Uncertain significance
656452	ACADVL	ACADVL VCEP	Likely pathogenic	PVS1, PM2	10	Pathogenic	Likely pathogenic
932839	ACADVL	ACADVL VCEP	Uncertain significance	PM4, PM2_Supporting	3	Uncertain significance	Uncertain significance
178503	OTOF	Hearing Loss VCEP	Likely pathogenic	PP3, PP4, PM2_Supporting, PM5, PM3	7	Likely pathogenic	Likely pathogenic
446446	CDH23	Hearing Loss VCEP	Pathogenic	PP3, PP1, PM3_Very Strong	10	Pathogenic	Pathogenic
265402	SLC6A8	Cerebral Creatine Deficiency Syndromes VCEP	Pathogenic	PP3, PM2_Supporting, PM4, PP4_Strong, PS4, PS3_Supporting, PP1_Moderate, PM6	17	Pathogenic	Pathogenic
1168919	MYOC	Glaucoma VCEP	Likely benign	BS1	-4	Likely benign	Uncertain significance
2570628	MYOC	Glaucoma VCEP	Uncertain significance	PM4, PM2_Supporting	3	Uncertain significance	Uncertain significance
2570629	MYOC	Glaucoma VCEP	Likely benign	BP4, BP7	-2	Likely benign	Likely benign
1698736	MYOC	Glaucoma VCEP	Uncertain significance	PM4, PM2_Supporting	3	Uncertain significance	Uncertain significance
2570630	MYOC	Glaucoma VCEP	Uncertain significance	PP3_Strong, PP1	5	Uncertain significance	Uncertain significance
875956	MYOC	Glaucoma VCEP	Likely benign	BP4, BP7, BS1	-6	Likely benign	Likely benign
2570631	MYOC	Glaucoma VCEP	Likely pathogenic	PM5_Supporting, PP3_Strong, PM2_Supporting	6	Likely pathogenic	Likely pathogenic
2570632	MYOC	Glaucoma VCEP	Likely pathogenic	PP1_Moderate, PM5_Supporting, PP3_Strong, PM2_Supporting	8	Likely pathogenic	Likely pathogenic
2570633	MYOC	Glaucoma VCEP	Uncertain significance	BP4, PM2_Supporting	0	Uncertain significance	Uncertain significance
2570619	MYOC	Glaucoma VCEP	Likely benign	BP4	-1	Likely benign	Uncertain significance
2570620	MYOC	Glaucoma VCEP	Uncertain significance	PP3, PM2_Supporting	2	Uncertain significance	Uncertain significance
2570621	MYOC	Glaucoma VCEP	Uncertain significance	PP3, PM2_Supporting	2	Uncertain significance	Uncertain significance
2570622	MYOC	Glaucoma VCEP	Uncertain significance	BP4, BP7, PM2_Supporting	-1	Likely benign	Likely benign
2570623	MYOC	Glaucoma VCEP	Uncertain significance	PM2_Supporting	1	Uncertain significance	Uncertain significance
625855	MYOC	Glaucoma VCEP	Likely pathogenic	PP3_Strong, PP1, PM2_Supporting, PS4_Supporting	7	Likely pathogenic	Likely pathogenic
2570624	MYOC	Glaucoma VCEP	Uncertain significance	BP4, PM2_Supporting	0	Uncertain significance	Uncertain significance
2570625	MYOC	Glaucoma VCEP	Uncertain significance	PP3_Moderate, PM2_Supporting	3	Uncertain significance	Uncertain significance
2570626	MYOC	Glaucoma VCEP	Uncertain significance	PP3_Moderate, PP1, PM2_Supporting	4	Uncertain significance	Uncertain significance
2570627	MYOC	Glaucoma VCEP	Uncertain significance	PM2_Supporting	1	Uncertain significance	Uncertain significance
21077	GCK	Monogenic Diabetes VCEP	Pathogenic	PS4, PP4_Moderate, PM3, PP2, PP3, PS3_Moderate, PM2_Supporting, PP1_Strong	17	Pathogenic	Pathogenic
2169517	GCK	Monogenic Diabetes VCEP	Likely pathogenic	PS4_Moderate, PP4_Moderate, PP2, PP3, PP1, PM2_Supporting	8	Likely pathogenic	Likely pathogenic
1522625	GCK	Monogenic Diabetes VCEP	Likely pathogenic	PP4_Moderate, PS3_Supporting, PM5_Supporting, PP2, PP3, PM2_Supporting	7	Likely pathogenic	Likely pathogenic
2574162	GCK	Monogenic Diabetes VCEP	Likely pathogenic	PM5_Strong, PP4_Moderate, PP2, PP3, PM2_Supporting	9	Likely pathogenic	Likely pathogenic
585909	GCK	Monogenic Diabetes VCEP	Pathogenic	PS4, PP2, PP3, PP4, PM2_Supporting, PP1_Strong	12	Pathogenic	Pathogenic
1256304	GCK	Monogenic Diabetes VCEP	Pathogenic	PS4, PM5, PP1, PP2, PP3, PP4, PM2_Supporting	11	Pathogenic	Pathogenic
447384	GCK	Monogenic Diabetes VCEP	Pathogenic	PS4, PP4_Moderate, PM5_Supporting, PP2, PP3, PM2_Supporting	10	Pathogenic	Pathogenic
36178	GCK	Monogenic Diabetes VCEP	Likely pathogenic	PS4_Moderate, PP4_Moderate, PM5, PP2, PP3, PM2_Supporting	9	Likely pathogenic	Likely pathogenic
-	GCK	Monogenic Diabetes VCEP	Pathogenic	PS4, PP4_Moderate, PP2, PP3, PM2_Supporting, PP1_Strong	13	Pathogenic	Pathogenic
36177	GCK	Monogenic Diabetes VCEP	Likely pathogenic	PS4_Moderate, PM3, PP2, PP3, PP4, PM2_Supporting	8	Likely pathogenic	Likely pathogenic
447382	GCK	Monogenic Diabetes VCEP	Likely pathogenic	PP4_Moderate, PM5_Supporting, PP2, PP3, PM2_Supporting	6	Likely pathogenic	Likely pathogenic
804832	GCK	Monogenic Diabetes VCEP	Uncertain significance	PP4_Moderate, PP2, PP3, PM2_Supporting	5	Uncertain significance	Uncertain significance
280955	GAA	Lysosomal Diseases VCEP	Pathogenic	PM3, PVS1_Strong, PS1_Moderate, PP4_Moderate, PM2_Supporting	11	Pathogenic	Pathogenic
638014	GAA	Lysosomal Diseases VCEP	Likely pathogenic	PM3, PS3_Supporting, PP4_Moderate, PP3, PM2_Supporting	7	Likely pathogenic	Likely pathogenic
960182	GAA	Lysosomal Diseases VCEP	Likely pathogenic	PM3_Strong, PM5_Supporting, PP4_Moderate, PP3, PM2_Supporting	9	Likely pathogenic	Likely pathogenic
2573146	DICER1	DICER1 and miRNA-Processing Gene VCEP	Likely pathogenic	PP3, PP1, PP4, PS4_Supporting, PM2_Supporting, PS3	9	Likely pathogenic	Likely pathogenic
1513387	DICER1	DICER1 and miRNA-Processing Gene VCEP	Uncertain significance	PM2_Supporting, BP4, PM1_Supporting	1	Uncertain significance	Uncertain significance
483420	DICER1	DICER1 and miRNA-Processing Gene VCEP	Uncertain significance	PM2_Supporting, PM1_Supporting	2	Uncertain significance	Uncertain significance
412149	DICER1	DICER1 and miRNA-Processing Gene VCEP	Uncertain significance	PM2_Supporting, PM1_Supporting	2	Uncertain significance	Uncertain significance
825706	DICER1	DICER1 and miRNA-Processing Gene VCEP	Uncertain significance	BP4, PM1_Supporting	0	Uncertain significance	Uncertain significance
825692	DICER1	DICER1 and miRNA-Processing Gene VCEP	Uncertain significance	PM2_Supporting, BP4, PM1_Supporting	1	Uncertain significance	Uncertain significance
485537	DICER1	DICER1 and miRNA-Processing Gene VCEP	Uncertain significance	PM2_Supporting, BP4, PM1_Supporting	1	Uncertain significance	Uncertain significance
825630	DICER1	DICER1 and miRNA-Processing Gene VCEP	Uncertain significance	PM2_Supporting, BP4, PM1_Supporting	1	Uncertain significance	Uncertain significance
483441	DICER1	DICER1 and miRNA-Processing Gene VCEP	Uncertain significance	PM2_Supporting, BP4, PM1_Supporting	1	Uncertain significance	Uncertain significance
477252	DICER1	DICER1 and miRNA-Processing Gene VCEP	Uncertain significance	PM2_Supporting, PM1_Supporting	2	Uncertain significance	Uncertain significance
804344	GCK	Monogenic Diabetes VCEP	Pathogenic	PS4_Moderate, PP4_Moderate, PP1_Moderate, PM5_Supporting, PP2, PP3, PM2_Supporting, PS3_Moderate, PM3_Supporting	13	Pathogenic	Likely pathogenic
426122	GCK	Monogenic Diabetes VCEP	Pathogenic	PS4, PP4_Moderate, PS2_Moderate, PP2, PP3, PM2_Supporting, PP1_Strong	15	Pathogenic	Pathogenic
553638	PAH	Phenylketonuria VCEP	Uncertain significance	PM3_Supporting, PP3_Moderate, PP4, PM2_Supporting	5	Uncertain significance	Uncertain significance
102594	PAH	Phenylketonuria VCEP	Likely pathogenic	PM4, PP4_Moderate, PM2_Supporting, PM3_Strong	9	Likely pathogenic	Likely pathogenic
102765	PAH	Phenylketonuria VCEP	Likely pathogenic	PP3, PP4, PM2_Supporting, PM3_Strong	7	Likely pathogenic	Likely pathogenic
102903	PAH	Phenylketonuria VCEP	Pathogenic	PP3_Moderate, PS3_Supporting, PP4_Moderate, PM2_Supporting, PM3_Strong	10	Pathogenic	Pathogenic
102503	PAH	Phenylketonuria VCEP	Uncertain significance	PM3, PP4_Moderate, BP4	3	Uncertain significance	Uncertain significance
552806	PAH	Phenylketonuria VCEP	Uncertain significance	PM2_Supporting	1	Uncertain significance	Uncertain significance
725756	PAH	Phenylketonuria VCEP	Uncertain significance	PM2_Supporting	1	Uncertain significance	Uncertain significance
733267	PAH	Phenylketonuria VCEP	Uncertain significance		0	Uncertain significance	Uncertain significance
755030	PAH	Phenylketonuria VCEP	Uncertain significance		0	Uncertain significance	Uncertain significance
760907	PAH	Phenylketonuria VCEP	Uncertain significance	PM2_Supporting	1	Uncertain significance	Uncertain significance
883189	PAH	Phenylketonuria VCEP	Uncertain significance	PM2_Supporting	1	Uncertain significance	Uncertain significance
991620	PAH	Phenylketonuria VCEP	Uncertain significance	PM2_Supporting	1	Uncertain significance	Uncertain significance
991623	PAH	Phenylketonuria VCEP	Uncertain significance	PM2_Supporting	1	Uncertain significance	Uncertain significance
991624	PAH	Phenylketonuria VCEP	Uncertain significance		0	Uncertain significance	Uncertain significance
991626	PAH	Phenylketonuria VCEP	Uncertain significance	BP4	-1	Likely benign	Uncertain significance
251525	LDLR	Familial Hypercholesterolemia VCEP	Likely pathogenic	PS4_Moderate, PP1_Moderate, PM2, PP3, PP4	8	Likely pathogenic	Likely pathogenic
441199	LDLR	Familial Hypercholesterolemia VCEP	Uncertain significance	PM2, PP3	3	Uncertain significance	Uncertain significance
251526	LDLR	Familial Hypercholesterolemia VCEP	Uncertain significance	PM2, PP3, PP4	4	Uncertain significance	Uncertain significance
523725	LDLR	Familial Hypercholesterolemia VCEP	Likely pathogenic	PM3, PM2, PP3, PP4, PS4_Supporting	7	Likely pathogenic	Likely pathogenic
251527	LDLR	Familial Hypercholesterolemia VCEP	Uncertain significance	PM2, PP3, PP4, PS4_Supporting	5	Uncertain significance	Uncertain significance
-	GCK	Monogenic Diabetes VCEP	Pathogenic	PS4_Moderate, PP4_Moderate, PM1, PP2, PP3, PM2_Supporting, PS3_Moderate	11	Pathogenic	Likely pathogenic
-	GCK	Monogenic Diabetes VCEP	Pathogenic	PM5_Strong, PS4_Moderate, PP4_Moderate, PS3_Supporting, PM1, PP2, PP3, PM2_Supporting, PP1_Strong	18	Pathogenic	Pathogenic
-	GCK	Monogenic Diabetes VCEP	Pathogenic	PVS1, PP1, PP4, PM2_Supporting	11	Pathogenic	Pathogenic
-	GCK	Monogenic Diabetes VCEP	Likely pathogenic	PVS1, PM2_Supporting	9	Likely pathogenic	Uncertain significance
-	GCK	Monogenic Diabetes VCEP	Pathogenic	PS4, PP4_Moderate, PP1_Moderate, PM2_Supporting, PVS1_Strong	13	Pathogenic	Pathogenic
447412	GCK	Monogenic Diabetes VCEP	Uncertain significance	PP2, PP3	2	Uncertain significance	Uncertain significance
16141	GCK	Monogenic Diabetes VCEP	Pathogenic	PP4_Moderate, PM5, PP2, PP3, PS3_Moderate, PM2_Supporting, PM3_Supporting, PP1_Strong	14	Pathogenic	Pathogenic
36236	GCK	Monogenic Diabetes VCEP	Pathogenic	PS1, PM5_Strong, PP2, PP3, PM2_Supporting	11	Pathogenic	Pathogenic
129143	GCK	Monogenic Diabetes VCEP	Pathogenic	PS4, PS1, PP4_Moderate, PS3_Supporting, PP2, PP3, PM2_Supporting, PP1_Strong	18	Pathogenic	Pathogenic
-	GCK	Monogenic Diabetes VCEP	Likely pathogenic	PVS1, PM2_Supporting	9	Likely pathogenic	Uncertain significance
804835	GCK	Monogenic Diabetes VCEP	Pathogenic	PS4_Moderate, PVS1, PP4, PM2_Supporting	12	Pathogenic	Pathogenic
1732973	HNF1A	Monogenic Diabetes VCEP	Likely pathogenic	PM1_Supporting, PS3_Supporting, PP4_Moderate, PP3, PM2_Supporting	6	Likely pathogenic	Likely pathogenic
2574164	HNF1A	Monogenic Diabetes VCEP	Uncertain significance	PP4_Moderate, PM2_Supporting	3	Uncertain significance	Uncertain significance
-	HNF1A	Monogenic Diabetes VCEP	Uncertain significance	PM1_Supporting, PP3, PM2_Supporting	3	Uncertain significance	Uncertain significance
-	HNF1A	Monogenic Diabetes VCEP	Uncertain significance	PP3, PP4, PM2_Supporting	3	Uncertain significance	Uncertain significance
-	HNF1A	Monogenic Diabetes VCEP	Uncertain significance	PP3, PM2_Supporting	2	Uncertain significance	Uncertain significance
-	HNF1A	Monogenic Diabetes VCEP	Uncertain significance	PP4_Moderate, PP3, PM2_Supporting	4	Uncertain significance	Uncertain significance
-	HNF1A	Monogenic Diabetes VCEP	Uncertain significance	PP3, PM2_Supporting	2	Uncertain significance	Uncertain significance
1411449	HNF4A	Monogenic Diabetes VCEP	Likely benign	BS1, BP5, BP4	-6	Likely benign	Likely benign
-	HNF4A	Monogenic Diabetes VCEP	Uncertain significance	BP5, PP3, PM2_Supporting	1	Uncertain significance	Uncertain significance
1744896	HNF4A	Monogenic Diabetes VCEP	Uncertain significance	PP3, PP4, PP1, PM2_Supporting	4	Uncertain significance	Uncertain significance
-	HNF4A	Monogenic Diabetes VCEP	Uncertain significance	PP4, PM2_Supporting	2	Uncertain significance	Uncertain significance
-	HNF4A	Monogenic Diabetes VCEP	Pathogenic	PVS1, PP4_Moderate, PM2_Supporting	11	Pathogenic	Pathogenic
-	HNF4A	Monogenic Diabetes VCEP	Likely pathogenic	PS3_Supporting, PP3, PP4, PM2_Supporting, PM1_Supporting, PS2	9	Likely pathogenic	Likely pathogenic
585923	GCK	Monogenic Diabetes VCEP	Pathogenic	PS4, PP4_Moderate, PP2, PP3, PS3_Moderate, PM2_Supporting, PP1_Strong	15	Pathogenic	Pathogenic
804834	GCK	Monogenic Diabetes VCEP	Likely pathogenic	PS4_Moderate, PP4_Moderate, PM5_Supporting, PP1_Moderate, PP2, PP3, PM2_Supporting	10	Pathogenic	Likely pathogenic
481178	CDH1	CDH1 VCEP	Pathogenic	PVS1_Strong, PM5_Supporting, PM2_Supporting, PS4	10	Pathogenic	Pathogenic
532446	CDH1	CDH1 VCEP	Likely pathogenic	PVS1_Strong, PM5_Supporting, PM2_Supporting	6	Likely pathogenic	Likely pathogenic
233145	CDH1	CDH1 VCEP	Likely benign	BP7, BS2_Supporting, PM2_Supporting, BP4	-2	Likely benign	Likely benign
414048	CDH1	CDH1 VCEP	Likely benign	BP7, BS2, PM2_Supporting, BP4	-5	Likely benign	Likely benign
184437	CDH1	CDH1 VCEP	Likely benign	BS2, PM2_Supporting, BP4	-4	Likely benign	Likely benign
428635	CDH1	CDH1 VCEP	Likely benign	BS2, PM2_Supporting	-3	Likely benign	Uncertain significance
692767	MT-CO2	Mitochondrial Diseases VCEP	Uncertain significance	BP4	-1	Likely benign	Uncertain significance
228859	MT-TS1	Mitochondrial Diseases VCEP	Uncertain significance	BP4	-1	Likely benign	Uncertain significance
185577	CDH1	CDH1 VCEP	Likely benign	BS2, PM2_Supporting, BP4	-4	Likely benign	Likely benign
185930	CDH1	CDH1 VCEP	Likely benign	BS2, PM2_Supporting	-3	Likely benign	Uncertain significance
230641	CDH1	CDH1 VCEP	Likely benign	BS2, PM2_Supporting	-3	Likely benign	Uncertain significance
231745	CDH1	CDH1 VCEP	Likely benign	BS2	-4	Likely benign	Uncertain significance
489846	CDH1	CDH1 VCEP	Uncertain significance	BS2_Supporting, PM2_Supporting	0	Uncertain significance	Uncertain significance
230669	CDH1	CDH1 VCEP	Uncertain significance	BS2_Supporting, PM2_Supporting	0	Uncertain significance	Uncertain significance
481700	CDH1	CDH1 VCEP	Uncertain significance	BS2_Supporting, PM2_Supporting	0	Uncertain significance	Uncertain significance
481692	CDH1	CDH1 VCEP	Uncertain significance	BS2_Supporting, PM2_Supporting	0	Uncertain significance	Uncertain significance
483261	CDH1	CDH1 VCEP	Uncertain significance	BS2_Supporting, PM2_Supporting	0	Uncertain significance	Uncertain significance
584516	CDH1	CDH1 VCEP	Uncertain significance	PM2_Supporting	1	Uncertain significance	Uncertain significance
220445	CDH1	CDH1 VCEP	Uncertain significance	BS2_Supporting	-1	Likely benign	Uncertain significance
235370	MT-ATP6	Mitochondrial Diseases VCEP	Uncertain significance	BP4	-1	Likely benign	Uncertain significance
692687	MT-CO1	Mitochondrial Diseases VCEP	Likely benign	BP4, BP5	-2	Likely benign	Likely benign
377369	MT-CYB	Mitochondrial Diseases VCEP	Uncertain significance	BP4	-1	Likely benign	Uncertain significance
9663	MT-CO1	Mitochondrial Diseases VCEP	Likely benign	BP2, BS1	-5	Likely benign	Likely benign
439912	MT-CO2	Mitochondrial Diseases VCEP	Uncertain significance	PP3	1	Uncertain significance	Uncertain significance
30001	MT-TC	Mitochondrial Diseases VCEP	Likely benign	BA1	0	Benign	Benign
136064	CDH1	CDH1 VCEP	Likely benign	BS2	-4	Likely benign	Uncertain significance
140878	CDH1	CDH1 VCEP	Likely benign	BS2	-4	Likely benign	Uncertain significance
216588	CDH1	CDH1 VCEP	Benign	BS2, BP2_Strong	-8	Benign	Benign
141014	CDH1	CDH1 VCEP	Benign	BS1, BS2, BP2_Strong	-12	Benign	Benign
141854	CDH1	CDH1 VCEP	Likely benign	BS2	-4	Likely benign	Uncertain significance
136063	CDH1	CDH1 VCEP	Likely benign	BS2	-4	Likely benign	Uncertain significance
428630	CDH1	CDH1 VCEP	Uncertain significance	PS3_Supporting, PM2_Supporting, PS4_Moderate	4	Uncertain significance	Uncertain significance
376876	MT-ATP6	Mitochondrial Diseases VCEP	Benign	BP4, BA1	-1	Benign	Benign
142968	CDH1	CDH1 VCEP	Likely benign	BS2	-4	Likely benign	Uncertain significance
127912	CDH1	CDH1 VCEP	Likely benign	BS2	-4	Likely benign	Uncertain significance
127909	CDH1	CDH1 VCEP	Likely benign	BS2	-4	Likely benign	Uncertain significance
127914	CDH1	CDH1 VCEP	Likely benign	BS2	-4	Likely benign	Uncertain significance
185005	CDH1	CDH1 VCEP	Likely pathogenic	PP3, PP1, PS4_Supporting, PM2_Supporting, PS3	8	Likely pathogenic	Likely pathogenic
141639	CDH1	CDH1 VCEP	Likely benign	BS2	-4	Likely benign	Uncertain significance
142546	CDH1	CDH1 VCEP	Likely benign	BS2	-4	Likely benign	Uncertain significance
463749	CDH1	CDH1 VCEP	Likely benign	BS2	-4	Likely benign	Uncertain significance
921477	CDH1	CDH1 VCEP	Likely pathogenic	PVS1_Strong, PM5_Supporting, PM2_Supporting	6	Likely pathogenic	Likely pathogenic
428619	CDH1	CDH1 VCEP	Likely pathogenic	PM2_Supporting, PS3, PS4_Moderate	7	Likely pathogenic	Likely pathogenic
-	CDH1	CDH1 VCEP	Uncertain significance	PM2_Supporting	1	Uncertain significance	Uncertain significance
420005	CDH1	CDH1 VCEP	Likely benign	BS2, PM2_Supporting	-3	Likely benign	Uncertain significance
21076	GCK	Monogenic Diabetes VCEP	Pathogenic	PS4, PM5, PP2, PP3, PP4, PM2_Supporting, PP1_Strong, PM3_Supporting	15	Pathogenic	Pathogenic
16145	GCK	Monogenic Diabetes VCEP	Pathogenic	PS4, PP4_Moderate, PM5_Supporting, PP2, PP3, PM2_Supporting, PP1_Strong	14	Pathogenic	Pathogenic
972776	GCK	Monogenic Diabetes VCEP	Likely pathogenic	PM5_Strong, PP2, PP3, PM2_Supporting	7	Likely pathogenic	Likely pathogenic
2575092	MYOC	Glaucoma VCEP	Uncertain significance	PM4, PM2_Supporting	3	Uncertain significance	Uncertain significance
7953	MYOC	Glaucoma VCEP	Uncertain significance	PP1_Moderate, PP3, PM2_Supporting, PS4_Supporting	5	Uncertain significance	Uncertain significance
2575096	MYOC	Glaucoma VCEP	Uncertain significance	PP3_Moderate, PM2_Supporting	3	Uncertain significance	Uncertain significance
2575097	MYOC	Glaucoma VCEP	Uncertain significance	PM2_Supporting	1	Uncertain significance	Uncertain significance
2575098	MYOC	Glaucoma VCEP	Uncertain significance	BP4, BP7, PM2_Supporting	-1	Likely benign	Likely benign
2575099	MYOC	Glaucoma VCEP	Uncertain significance	PM4, PP1, PM2_Supporting	4	Uncertain significance	Uncertain significance
875033	MYOC	Glaucoma VCEP	Likely benign	BP4	-1	Likely benign	Uncertain significance
2575100	MYOC	Glaucoma VCEP	Uncertain significance	PM2_Supporting	1	Uncertain significance	Uncertain significance
2575101	MYOC	Glaucoma VCEP	Likely pathogenic	PP1_Moderate, PP3_Strong, PM2_Supporting	7	Likely pathogenic	Likely pathogenic
2575093	MYOC	Glaucoma VCEP	Uncertain significance	PP3_Moderate, PM2_Supporting	3	Uncertain significance	Uncertain significance
293722	MYOC	Glaucoma VCEP	Uncertain significance	BP4, PM2_Supporting	0	Uncertain significance	Uncertain significance
293720	MYOC	Glaucoma VCEP	Uncertain significance	BP4, PM2_Supporting	0	Uncertain significance	Uncertain significance
293719	MYOC	Glaucoma VCEP	Uncertain significance	BP4, PM2_Supporting	0	Uncertain significance	Uncertain significance
875954	MYOC	Glaucoma VCEP	Uncertain significance	PM2_Supporting	1	Uncertain significance	Uncertain significance
293723	MYOC	Glaucoma VCEP	Likely benign	BP4, BP7, BS1	-6	Likely benign	Likely benign
293721	MYOC	Glaucoma VCEP	Uncertain significance	BP4, PM2_Supporting	0	Uncertain significance	Uncertain significance
876999	MYOC	Glaucoma VCEP	Uncertain significance	BP4, BP7, PM2_Supporting	-1	Likely benign	Likely benign
293714	MYOC	Glaucoma VCEP	Uncertain significance	BP4, PM2_Supporting	0	Uncertain significance	Uncertain significance
252960	MYOC	Glaucoma VCEP	Uncertain significance	PM4, PM2_Supporting	3	Uncertain significance	Uncertain significance
293713	MYOC	Glaucoma VCEP	Uncertain significance	PM2_Supporting	1	Uncertain significance	Uncertain significance
242274	MYOC	Glaucoma VCEP	Uncertain significance	PP3_Moderate, PM2_Supporting	3	Uncertain significance	Uncertain significance
1324770	MYOC	Glaucoma VCEP	Uncertain significance	PM2_Supporting	1	Uncertain significance	Uncertain significance
2575094	MYOC	Glaucoma VCEP	Uncertain significance	BP4, PM2_Supporting	0	Uncertain significance	Uncertain significance
631579	MYOC	Glaucoma VCEP	Uncertain significance	PM2_Supporting	1	Uncertain significance	Uncertain significance
2575095	MYOC	Glaucoma VCEP	Likely benign	BP4	-1	Likely benign	Uncertain significance
585908	GCK	Monogenic Diabetes VCEP	Pathogenic	PS4, PP4, PP2, PP3, PM2_Supporting, PS3_Moderate	10	Pathogenic	Pathogenic
36176	GCK	Monogenic Diabetes VCEP	Likely pathogenic	PS4_Moderate, PP4_Moderate, PM5_Supporting, PP2, PP3, PM2_Supporting	8	Likely pathogenic	Likely pathogenic
447425	GCK	Monogenic Diabetes VCEP	Pathogenic	PS4, PP2, PP3, PP4, PM2_Supporting, PS3_Moderate, PP1_Strong	14	Pathogenic	Pathogenic
1802685	GCK	Monogenic Diabetes VCEP	Uncertain significance	PM5, PP2, PP3, PM2_Supporting	5	Uncertain significance	Uncertain significance
381598	GCK	Monogenic Diabetes VCEP	Pathogenic	PS4, PP4, PP2, PP3, PM2_Supporting, PP1_Strong	12	Pathogenic	Pathogenic
-	GCK	Monogenic Diabetes VCEP	Likely pathogenic	PP4_Moderate, PM5_Supporting, PP2, PP3, PM2_Supporting	6	Likely pathogenic	Likely pathogenic
-	GCK	Monogenic Diabetes VCEP	Likely pathogenic	PM2, PM5_Supporting, PP2, PP3, PP1_Strong	9	Likely pathogenic	Likely pathogenic
447379	GCK	Monogenic Diabetes VCEP	Likely pathogenic	PP4_Moderate, PM5, PP2, PP3, PM2_Supporting	7	Likely pathogenic	Likely pathogenic
129140	GCK	Monogenic Diabetes VCEP	Pathogenic	PS4, PP4_Moderate, PP2, PP3, PM2_Supporting, PP1_Strong	13	Pathogenic	Pathogenic
617645	GCK	Monogenic Diabetes VCEP	Pathogenic	PP4_Moderate, PVS1, PM2_Supporting	11	Pathogenic	Pathogenic
-	GCK	Monogenic Diabetes VCEP	Likely pathogenic	PP4_Moderate, PM5_Supporting, PP2, PP3, PM2_Supporting	6	Likely pathogenic	Likely pathogenic
2578349	GCK	Monogenic Diabetes VCEP	Pathogenic	PS4, PP4_Moderate, PM5_Supporting, PP2, PP3, PM2_Supporting, PP1_Strong	14	Pathogenic	Pathogenic
369122	CDH1	CDH1 VCEP	Benign	BA1, BP2	-1	Benign	Benign
-	GCK	Monogenic Diabetes VCEP	Likely pathogenic	PVS1, PM2_Supporting	9	Likely pathogenic	Uncertain significance
-	GCK	Monogenic Diabetes VCEP	Likely pathogenic	PVS1, PM2_Supporting	9	Likely pathogenic	Uncertain significance
141450	CDH1	CDH1 VCEP	Likely benign	BS2	-4	Likely benign	Uncertain significance
447423	GCK	Monogenic Diabetes VCEP	Likely pathogenic	PS4_Moderate, PP4_Moderate, PM1, PP2, PP3, PM2_Supporting	9	Likely pathogenic	Likely pathogenic
-	GCK	Monogenic Diabetes VCEP	Likely pathogenic	PP4_Moderate, PM5, PM1, PP2, PP3, PM2_Supporting	9	Likely pathogenic	Likely pathogenic
1436793	GCK	Monogenic Diabetes VCEP	Likely pathogenic	PP4_Moderate, PS3_Supporting, PM5, PP2, PP3, PM2_Supporting	8	Likely pathogenic	Likely pathogenic
16135	GCK	Monogenic Diabetes VCEP	Pathogenic	PS4, PS2, PP4_Moderate, PM3, PP2, PP3, PM2_Supporting, PS3_Moderate, PP1_Strong	21	Pathogenic	Pathogenic
-	GCK	Monogenic Diabetes VCEP	Pathogenic	PS4, PM5_Supporting, PP2, PP3, PM2_Supporting, PS3_Moderate, PP1_Strong	14	Pathogenic	Pathogenic
447418	GCK	Monogenic Diabetes VCEP	Pathogenic	PS1, PS4_Moderate, PP4_Moderate, PP2, PP3, PM2_Supporting, PS3_Moderate	13	Pathogenic	Pathogenic
435302	GCK	Monogenic Diabetes VCEP	Pathogenic	PS4, PP4_Moderate, PM5_Supporting, PP2, PP3, PM2_Supporting, PP1_Strong	14	Pathogenic	Pathogenic
447417	GCK	Monogenic Diabetes VCEP	Pathogenic	PS4, PP4_Moderate, PM5, PP2, PP3, PM2_Supporting, PP1_Strong	15	Pathogenic	Pathogenic
-	GCK	Monogenic Diabetes VCEP	Likely pathogenic	PM5_Strong, PP2, PP3, PP4	7	Likely pathogenic	Likely pathogenic
36243	GCK	Monogenic Diabetes VCEP	Pathogenic	PS4, PP4_Moderate, PM1, PP2, PP3, PS3_Moderate, PM2_Supporting, PP1_Strong	17	Pathogenic	Pathogenic
911631	GCK	Monogenic Diabetes VCEP	Benign	BS1, BS2, PP2, BP2	-8	Benign	Benign
-	GCK	Monogenic Diabetes VCEP	Likely pathogenic	PM5, PP2, PP3, PP4, PS3_Moderate, PM2_Supporting	8	Likely pathogenic	Likely pathogenic
2428681	GCK	Monogenic Diabetes VCEP	Pathogenic	PS4_Moderate, PM3, PP2, PP3, PP4, PP1, PM2_Supporting, PS3_Moderate	11	Pathogenic	Likely pathogenic
36209	GCK	Monogenic Diabetes VCEP	Pathogenic	PS4, PP4_Moderate, PS3_Supporting, PP2, PP3, PM2_Supporting, PP1_Strong	14	Pathogenic	Pathogenic
36204	GCK	Monogenic Diabetes VCEP	Likely pathogenic	PP4_Moderate, PP2, PM2_Supporting, PP1_Strong	8	Likely pathogenic	Likely pathogenic
585911	GCK	Monogenic Diabetes VCEP	Pathogenic	PS4, PM5, PP2, PP3, PP4, PM2_Supporting, PS3_Moderate, PP1_Strong	16	Pathogenic	Pathogenic
-	GCK	Monogenic Diabetes VCEP	Uncertain significance	PS4_Moderate, PP4, PM2_Supporting	4	Uncertain significance	Uncertain significance
994902	HNF4A	Monogenic Diabetes VCEP	Pathogenic	PP3, PP4, PM2_Supporting, PM1_Supporting, PS4, PP1_Strong	12	Pathogenic	Pathogenic
-	HNF4A	Monogenic Diabetes VCEP	Likely pathogenic	PVS1, PM2_Supporting	9	Likely pathogenic	Uncertain significance
-	HNF4A	Monogenic Diabetes VCEP	Uncertain significance	PP3, PP4, PM2_Supporting, PM1_Supporting	4	Uncertain significance	Uncertain significance
-	HNF4A	Monogenic Diabetes VCEP	Uncertain significance	PP4, PM2_Supporting, PM1_Supporting	3	Uncertain significance	Uncertain significance
435418	HNF1A	Monogenic Diabetes VCEP	Likely benign	BP7, PM2_Supporting, BP4, BP2	-2	Likely benign	Likely benign
1756327	HNF1A	Monogenic Diabetes VCEP	Likely pathogenic	PM1_Supporting, PS3_Supporting, PP1_Moderate, PP4_Moderate, PP3, PM2_Supporting	8	Likely pathogenic	Likely pathogenic
972818	HNF1A	Monogenic Diabetes VCEP	Uncertain significance	PP1_Strong, BS1, PM5_Supporting, PP3, PP4	3	Uncertain significance	Likely pathogenic
1675516	HNF1A	Monogenic Diabetes VCEP	Pathogenic	PS4, PP1_Strong, PP4_Moderate, PP3, PM2_Supporting	12	Pathogenic	Pathogenic
751827	ITGB3	Platelet Disorders VCEP	Uncertain significance	BP4, PM2_Supporting	0	Uncertain significance	Uncertain significance
2581085	ITGB3	Platelet Disorders VCEP	Likely pathogenic	PM4, PM3_Supporting, PP4_Moderate, PM2_Supporting	6	Likely pathogenic	Likely pathogenic
698960	ITGA2B	Platelet Disorders VCEP	Likely benign	BP4, BP7	-2	Likely benign	Likely benign
323548	ITGA2B	Platelet Disorders VCEP	Uncertain significance	BP4, PM2_Supporting	0	Uncertain significance	Uncertain significance
323560	ITGA2B	Platelet Disorders VCEP	Likely benign	BP4, BP7, PM2_Supporting	-1	Likely benign	Likely benign
-	ITGA2B	Platelet Disorders VCEP	Pathogenic	PVS1, PP4_Moderate, PM2_Supporting	11	Pathogenic	Pathogenic
890179	ITGB3	Platelet Disorders VCEP	Likely benign	BP4, BP7	-2	Likely benign	Likely benign
888905	ITGA2B	Platelet Disorders VCEP	Uncertain significance	BP4	-1	Likely benign	Uncertain significance
323571	ITGA2B	Platelet Disorders VCEP	Uncertain significance	BP4	-1	Likely benign	Uncertain significance
888903	ITGA2B	Platelet Disorders VCEP	Likely benign	BP4, BP7, PM2_Supporting	-1	Likely benign	Likely benign
2578344	HNF4A	Monogenic Diabetes VCEP	Likely pathogenic	PS3_Supporting, PP4_Moderate, PM2_Supporting, PM1	6	Likely pathogenic	Likely pathogenic
-	HNF4A	Monogenic Diabetes VCEP	Likely pathogenic	PM5_Supporting, PP4_Moderate, PP3, PM2_Supporting, PM1_Supporting	6	Likely pathogenic	Likely pathogenic
422466	CDH1	CDH1 VCEP	Uncertain significance	BS2_Supporting, PM2_Supporting	0	Uncertain significance	Uncertain significance
-	GCK	Monogenic Diabetes VCEP	Pathogenic	PS4_Moderate, PP4_Moderate, PP2, PP3, PM2_Supporting, PP1_Strong	11	Pathogenic	Pathogenic
393453	GCK	Monogenic Diabetes VCEP	Pathogenic	PS4, PP4_Moderate, PP1_Moderate, PM5_Supporting, PP2, PP3, PM2_Supporting	12	Pathogenic	Pathogenic
419624	GCK	Monogenic Diabetes VCEP	Pathogenic	PS4_Moderate, PP4_Moderate, PS3_Supporting, PP2, PP3, PM2_Supporting, PP1_Strong	12	Pathogenic	Pathogenic
-	GCK	Monogenic Diabetes VCEP	Likely pathogenic	PVS1, PM2_Supporting	9	Likely pathogenic	Uncertain significance
447388	GCK	Monogenic Diabetes VCEP	Uncertain significance	PM5_Supporting, PP2, PP3, PM2_Supporting	4	Uncertain significance	Uncertain significance
2578359	GCK	Monogenic Diabetes VCEP	Likely pathogenic	PP4_Moderate, PM5, PP2, PP3, PM2_Supporting	7	Likely pathogenic	Likely pathogenic
1301416	GCK	Monogenic Diabetes VCEP	Likely pathogenic	PM5_Strong, PM2, PP2, PP3	8	Likely pathogenic	Likely pathogenic
36202	GCK	Monogenic Diabetes VCEP	Likely benign	BP5, PP2, BS2	-4	Likely benign	Likely benign
-	HNF4A	Monogenic Diabetes VCEP	Pathogenic	PP4_Moderate, PP3, PM2_Supporting, PS2, PP1_Strong	12	Pathogenic	Pathogenic
36201	GCK	Monogenic Diabetes VCEP	Likely pathogenic	PVS1, PM2_Supporting	9	Likely pathogenic	Uncertain significance
-	GCK	Monogenic Diabetes VCEP	Likely pathogenic	PVS1, PM2_Supporting	9	Likely pathogenic	Uncertain significance
1365679	GCK	Monogenic Diabetes VCEP	Pathogenic	PS4, PVS1, PP4, PM2_Supporting, PP1_Strong	18	Pathogenic	Pathogenic
-	GCK	Monogenic Diabetes VCEP	Likely pathogenic	PVS1, PM2_Supporting	9	Likely pathogenic	Uncertain significance
585915	GCK	Monogenic Diabetes VCEP	Pathogenic	PS4_Moderate, PVS1, PM2_Supporting	11	Pathogenic	Pathogenic
1799350	HNF4A	Monogenic Diabetes VCEP	Uncertain significance	PM5_Supporting, PP3, PP4, PM2_Supporting, PM1_Supporting	5	Uncertain significance	Uncertain significance
289356	GAA	Lysosomal Diseases VCEP	Uncertain significance	PM3, PP4_Moderate, PP3, PM2_Supporting	6	Likely pathogenic	Likely pathogenic
286228	GAA	Lysosomal Diseases VCEP	Likely pathogenic	PM3, PP4_Moderate, PP3, PM2_Supporting	6	Likely pathogenic	Likely pathogenic
431970	HNF1A	Monogenic Diabetes VCEP	Benign	PM5_Supporting, PP3, BA1	2	Benign	Benign
2581083	ITGB3	Platelet Disorders VCEP	Uncertain significance	PM3_Supporting, PP4_Moderate, PM2_Supporting	4	Uncertain significance	Uncertain significance
2581084	ITGA2B	Platelet Disorders VCEP	Uncertain significance	PM3_Supporting, PM2_Supporting	2	Uncertain significance	Uncertain significance
-	GCK	Monogenic Diabetes VCEP	Pathogenic	PS4_Moderate, PVS1, PM2_Supporting, PP1_Strong	15	Pathogenic	Pathogenic
-	GCK	Monogenic Diabetes VCEP	Likely pathogenic	PVS1, PM2_Supporting	9	Likely pathogenic	Uncertain significance
1769182	GCK	Monogenic Diabetes VCEP	Pathogenic	PVS1, PP1, PM2_Supporting	10	Pathogenic	Pathogenic
-	GCK	Monogenic Diabetes VCEP	Pathogenic	PS4_Moderate, PVS1, PP1, PM2_Supporting	12	Pathogenic	Pathogenic
995102	GCK	Monogenic Diabetes VCEP	Likely pathogenic	PS4_Moderate, PM5_Supporting, PP2, PP3, PP4, PP1, PM2_Supporting	8	Likely pathogenic	Likely pathogenic
-	GCK	Monogenic Diabetes VCEP	Likely pathogenic	PS4_Moderate, PM5, PP2, PP3, PP4, PM2_Supporting	8	Likely pathogenic	Likely pathogenic
447383	GCK	Monogenic Diabetes VCEP	Likely pathogenic	PM5, PP2, PP3, PP4, PM2_Supporting, PM3_Supporting	7	Likely pathogenic	Likely pathogenic
617652	HNF4A	Monogenic Diabetes VCEP	Likely pathogenic	PP4_Moderate, PP1, PM2_Supporting, PVS1_Strong	8	Likely pathogenic	Likely pathogenic
-	HNF4A	Monogenic Diabetes VCEP	Pathogenic	PS3_Supporting, PM5_Supporting, PP4_Moderate, PP3, PM2_Supporting, PS4, PP1_Strong	14	Pathogenic	Pathogenic
1098819	GCK	Monogenic Diabetes VCEP	Pathogenic	PS4, PP4_Moderate, PP2, PP3, PM2_Supporting, PP1_Strong	13	Pathogenic	Pathogenic
1299752	HNF4A	Monogenic Diabetes VCEP	Likely pathogenic	PP4_Moderate, PP1, PM2_Supporting, PVS1_Strong	8	Likely pathogenic	Likely pathogenic
-	HNF1A	Monogenic Diabetes VCEP	Likely pathogenic	PM5_Supporting, PP4_Moderate, PP3, PM2_Supporting, PM1_Supporting	6	Likely pathogenic	Likely pathogenic
-	HNF1A	Monogenic Diabetes VCEP	Likely pathogenic	PM5_Supporting, PP4_Moderate, PP3, PM2_Supporting, PM1_Supporting	6	Likely pathogenic	Likely pathogenic
2581122	HNF1A	Monogenic Diabetes VCEP	Uncertain significance	PM1_Supporting, PS3_Supporting, PP4_Moderate, PP3	5	Uncertain significance	Uncertain significance
-	HNF1A	Monogenic Diabetes VCEP	Likely pathogenic	PM5_Supporting, PP4_Moderate, PP3, PM2_Supporting, PM1_Supporting	6	Likely pathogenic	Likely pathogenic
-	GCK	Monogenic Diabetes VCEP	Pathogenic	PVS1, PP4, PM2_Supporting	10	Pathogenic	Pathogenic
36185	GCK	Monogenic Diabetes VCEP	Pathogenic	PS4_Moderate, PP4_Moderate, PM5_Supporting, PP2, PM2_Supporting, PP1_Strong	11	Pathogenic	Pathogenic
-	GCK	Monogenic Diabetes VCEP	Likely pathogenic	PS4_Moderate, PP4_Moderate, PP1_Moderate, PM5_Supporting, PP2, PP3, PM2_Supporting	10	Pathogenic	Likely pathogenic
1727652	GCK	Monogenic Diabetes VCEP	Likely pathogenic	PP1_Moderate, PM5_Supporting, PP2, PP3, PM2_Supporting	6	Likely pathogenic	Likely pathogenic
435310	GCK	Monogenic Diabetes VCEP	Likely pathogenic	PM5_Strong, PP4_Moderate, PP2, PP3, PM2_Supporting	9	Likely pathogenic	Likely pathogenic
2581126	GCK	Monogenic Diabetes VCEP	Likely pathogenic	PM5_Strong, PP4_Moderate, PP2, PP3, PM2_Supporting	9	Likely pathogenic	Likely pathogenic
585927	GCK	Monogenic Diabetes VCEP	Pathogenic	PS4, PP4_Moderate, PP2, PP3, PP1, PM2_Supporting	10	Pathogenic	Pathogenic
323566	ITGA2B	Platelet Disorders VCEP	Uncertain significance	PM2_Supporting	1	Uncertain significance	Uncertain significance
256039	ITGA2B	Platelet Disorders VCEP	Benign	BP4, BA1, BP7	-2	Benign	Benign
323565	ITGA2B	Platelet Disorders VCEP	Likely benign	BP4, BP7	-2	Likely benign	Likely benign
235314	ITGA2B	Platelet Disorders VCEP	Benign	BA1, BP4, BP7	-2	Benign	Benign
890600	ITGA2B	Platelet Disorders VCEP	Uncertain significance	PM2_Supporting	1	Uncertain significance	Uncertain significance
-	ITGA2B	Platelet Disorders VCEP	Pathogenic	PM4, PS3, PM3_Supporting, PP4_Moderate, PM2_Supporting	10	Pathogenic	Pathogenic
890135	ITGB3	Platelet Disorders VCEP	Uncertain significance		0	Uncertain significance	Uncertain significance
890709	ITGB3	Platelet Disorders VCEP	Benign	BP4, BA1, BP7	-2	Benign	Benign
323559	ITGA2B	Platelet Disorders VCEP	Likely benign	BP4, BP7, PM2_Supporting	-1	Likely benign	Likely benign
740616	ITGA2B	Platelet Disorders VCEP	Likely benign	BP4, BP7, PM2_Supporting	-1	Likely benign	Likely benign
2581082	ITGA2B	Platelet Disorders VCEP	Likely pathogenic	PS3, PP4_Moderate, PP3, PM2_Supporting	8	Likely pathogenic	Likely pathogenic
872751	GCK	Monogenic Diabetes VCEP	Likely pathogenic	PS4_Moderate, PP4_Moderate, PM5_Supporting, PP2, PP3, PM2_Supporting	8	Likely pathogenic	Likely pathogenic
142905	CDH1	CDH1 VCEP	Likely pathogenic	PP3, PM2_Supporting, PS3, PS4_Moderate	8	Likely pathogenic	Likely pathogenic
186937	CDH1	CDH1 VCEP	Likely benign	BS2	-4	Likely benign	Uncertain significance
141802	CDH1	CDH1 VCEP	Likely benign	BS2	-4	Likely benign	Uncertain significance
184838	CDH1	CDH1 VCEP	Benign	BS1, BS2	-8	Benign	Benign
406639	CDH1	CDH1 VCEP	Likely benign	BP7, BS2, BP4	-6	Likely benign	Likely benign
184069	CDH1	CDH1 VCEP	Likely benign	BP7, BS2, BP4	-6	Likely benign	Likely benign
127905	CDH1	CDH1 VCEP	Likely benign	BS2	-4	Likely benign	Uncertain significance
141010	CDH1	CDH1 VCEP	Likely benign	BS2	-4	Likely benign	Uncertain significance
183803	CDH1	CDH1 VCEP	Likely benign	BP7, BS2, BP4	-6	Likely benign	Likely benign
141828	CDH1	CDH1 VCEP	Benign	BP2_Strong, BS2	-8	Benign	Benign
239915	CDH1	CDH1 VCEP	Likely pathogenic	PP3, PM2_Supporting, PS3, PS4_Moderate	8	Likely pathogenic	Likely pathogenic
-	HNF4A	Monogenic Diabetes VCEP	Uncertain significance	PP4_Moderate, PP3, PM2_Supporting, PM1_Supporting	5	Uncertain significance	Uncertain significance
427034	HNF4A	Monogenic Diabetes VCEP	Pathogenic	PM5_Supporting, PP4_Moderate, PP3, PM2_Supporting, PM1, PS4, PP1_Strong	15	Pathogenic	Pathogenic
18019	SERPINC1	Thrombosis VCEP	Pathogenic	PP3, PP4, PM2_Supporting, PS4, PP1_Moderate	9	Likely pathogenic	Likely pathogenic
627228	SERPINC1	Thrombosis VCEP	Pathogenic	PP3, PP4, PM2_Supporting, PS4, PP1_Moderate, PS3_Supporting	10	Pathogenic	Pathogenic
-	SERPINC1	Thrombosis VCEP	Pathogenic	PP4, PM2_Supporting, PVS1, PS4_Moderate, PP1_Strong	16	Pathogenic	Pathogenic
18042	SERPINC1	Thrombosis VCEP	Pathogenic	PP3, PP4, PM2_Supporting, PS4, PP1_Strong	11	Pathogenic	Pathogenic
18014	SERPINC1	Thrombosis VCEP	Pathogenic	PP3, PP4, PS4, PM1, PP1_Strong	12	Pathogenic	Pathogenic
18034	SERPINC1	Thrombosis VCEP	Pathogenic	PP3, PS4, PP1_Strong	9	Likely pathogenic	Pathogenic
627161	SERPINC1	Thrombosis VCEP	Pathogenic	PP3, PP4, PM2_Supporting, PS4	7	Likely pathogenic	Likely pathogenic
-	SERPINC1	Thrombosis VCEP	Pathogenic	PM2_Supporting, PS4_Supporting, PVS1	10	Pathogenic	Pathogenic
410384	SERPINC1	Thrombosis VCEP	Pathogenic	PP3, PP4, PM2_Supporting, PM4, PS4, PP1_Moderate	11	Pathogenic	Pathogenic
-	SERPINC1	Thrombosis VCEP	Pathogenic	PP4, PS4_Supporting, PM2_Supporting, PVS1, PS2	15	Pathogenic	Pathogenic
18011	SERPINC1	Thrombosis VCEP	Pathogenic	PP3, PP4, PM1, PS4, PP1_Strong	12	Pathogenic	Pathogenic
876601	SERPINC1	Thrombosis VCEP	Likely benign	BP4, BS1	-5	Likely benign	Likely benign
1159798	SERPINC1	Thrombosis VCEP	Likely benign	PM2_Supporting, BP4, BP7	-1	Likely benign	Likely benign
529742	SERPINC1	Thrombosis VCEP	Likely benign	BP4, BS1	-5	Likely benign	Likely benign
215473	SERPINC1	Thrombosis VCEP	Likely benign	BP4, BS1	-5	Likely benign	Likely benign
597303	SERPINC1	Thrombosis VCEP	Benign	BS2, BA1	-4	Benign	Benign
1624905	SERPINC1	Thrombosis VCEP	Benign	BS2, BA1	-4	Benign	Benign
1279654	SERPINC1	Thrombosis VCEP	Benign	BS2, BA1	-4	Benign	Benign
155937	SERPINC1	Thrombosis VCEP	Likely benign	BP4, BS2_Supporting	-2	Likely benign	Likely benign
256247	SERPINC1	Thrombosis VCEP	Benign	BA1, BP4, BS2_Supporting, BP7	-3	Benign	Benign
1094336	SERPINC1	Thrombosis VCEP	Likely benign	PP3, BS3_Supporting, BS1	-4	Likely benign	Likely benign
1261351	SERPINC1	Thrombosis VCEP	Benign	BP4, BA1, BP7	-2	Benign	Benign
256248	SERPINC1	Thrombosis VCEP	Benign	BA1, BP4, BS2_Supporting	-2	Benign	Benign
447399	GCK	Monogenic Diabetes VCEP	Uncertain significance	PP2, PP3, PP4, PM2_Supporting	4	Uncertain significance	Uncertain significance
-	GCK	Monogenic Diabetes VCEP	Uncertain significance	PP2, PP3, PM2_Supporting	3	Uncertain significance	Uncertain significance
-	GCK	Monogenic Diabetes VCEP	Likely pathogenic	PP4_Moderate, PP2, PP3, PP1, PM2_Supporting	6	Likely pathogenic	Likely pathogenic
-	GCK	Monogenic Diabetes VCEP	Likely pathogenic	PM5_Strong, PP2, PP3, PM2_Supporting	7	Likely pathogenic	Likely pathogenic
447420	GCK	Monogenic Diabetes VCEP	Pathogenic	PS4, PP4_Moderate, PP2, PP3, PM2_Supporting, PP1_Strong	13	Pathogenic	Pathogenic
43519	SLC26A4	Hearing Loss VCEP	Likely pathogenic	PP4, PM2_Supporting, PM3_Strong, PS3_Supporting	7	Likely pathogenic	Likely pathogenic
37404	BRCA1	ENIGMA BRCA1 and BRCA2 VCEP	Pathogenic	PS3, PP4_Strong, PVS1	16	Pathogenic	Pathogenic
17662	BRCA1	ENIGMA BRCA1 and BRCA2 VCEP	Pathogenic	PM5_Strong, PS3, PVS1	16	Pathogenic	Pathogenic
52430	BRCA2	ENIGMA BRCA1 and BRCA2 VCEP	Pathogenic	PS3, PP4_Strong, PM2_Supporting	9	Likely pathogenic	Pathogenic
38152	BRCA2	ENIGMA BRCA1 and BRCA2 VCEP	Benign	BP1_Strong, BP5, BS3, BS1_Supporting	-10	Benign	Benign
142391	BRCA2	ENIGMA BRCA1 and BRCA2 VCEP	Benign	BP5, BP7_Strong, BP4	-6	Likely benign	Likely benign
37635	BRCA1	ENIGMA BRCA1 and BRCA2 VCEP	Likely pathogenic	PS3, PP3, PM2_Supporting	6	Likely pathogenic	Likely pathogenic
41804	BRCA1	ENIGMA BRCA1 and BRCA2 VCEP	Benign	BS1, BS3, BP1_Strong	-12	Benign	Benign
55451	BRCA1	ENIGMA BRCA1 and BRCA2 VCEP	Pathogenic	PP4_Strong, PP3, PM2_Supporting	6	Likely pathogenic	Likely pathogenic
38132	BRCA2	ENIGMA BRCA1 and BRCA2 VCEP	Pathogenic	PP4_Strong, PVS1	12	Pathogenic	Pathogenic
246362	BRCA1	ENIGMA BRCA1 and BRCA2 VCEP	Pathogenic	PVS1_Strong, PP1_Strong, PP4_Moderate	10	Pathogenic	Pathogenic
52475	BRCA2	ENIGMA BRCA1 and BRCA2 VCEP	Pathogenic	PP4_Strong, PVS1	12	Pathogenic	Pathogenic
54400	BRCA1	ENIGMA BRCA1 and BRCA2 VCEP	Pathogenic	PS3, PP4_Strong, PP3, PM2_Supporting	10	Pathogenic	Pathogenic
54467	BRCA1	ENIGMA BRCA1 and BRCA2 VCEP	Pathogenic	PS3, PP4_Strong, PVS1	16	Pathogenic	Pathogenic
37452	BRCA1	ENIGMA BRCA1 and BRCA2 VCEP	Benign	BP1_Strong, BS1, BP5_Strong	-12	Benign	Benign
37499	BRCA1	ENIGMA BRCA1 and BRCA2 VCEP	Benign	BS1_Supporting, BP5_Strong, BS3, BP7_Strong	-13	Benign	Benign
37505	BRCA1	ENIGMA BRCA1 and BRCA2 VCEP	Benign	BP1_Strong, BS3, BP5_Strong, PM2_Supporting	-11	Benign	Benign
37506	BRCA1	ENIGMA BRCA1 and BRCA2 VCEP	Benign	BS2_Supporting, BP1_Strong, BS3, BP5_Strong	-13	Benign	Benign
41817	BRCA1	ENIGMA BRCA1 and BRCA2 VCEP	Benign	BA1, BP5_Strong, BP1_Strong, BS3, BS2	-16	Benign	Benign
267530	BRCA1	ENIGMA BRCA1 and BRCA2 VCEP	Pathogenic	PM5_Strong, PVS1	12	Pathogenic	Pathogenic
55374	BRCA1	ENIGMA BRCA1 and BRCA2 VCEP	Uncertain significance	PP3, PM2_Supporting	2	Uncertain significance	Uncertain significance
431973	GCK	Monogenic Diabetes VCEP	Pathogenic	PP4_Moderate, PS2_Moderate, PP2, PP3, PP1_Strong	10	Pathogenic	Pathogenic
55392	BRCA1	ENIGMA BRCA1 and BRCA2 VCEP	Pathogenic	PS3, PP4_Strong, PP1_Moderate, PP3, PM2_Supporting	12	Pathogenic	Pathogenic
267601	BRCA1	ENIGMA BRCA1 and BRCA2 VCEP	Pathogenic	PM5_Strong, PVS1	12	Pathogenic	Pathogenic
55607	BRCA1	ENIGMA BRCA1 and BRCA2 VCEP	Pathogenic	PP4_Strong, PP3, PM2_Supporting	6	Likely pathogenic	Likely pathogenic
193790	BRCA2	ENIGMA BRCA1 and BRCA2 VCEP	Likely benign	BP1_Strong	-4	Likely benign	Uncertain significance
55642	BRCA1	ENIGMA BRCA1 and BRCA2 VCEP	Benign	BA1, BP5_Strong, BP7_Strong	-8	Benign	Benign
9325	BRCA2	ENIGMA BRCA1 and BRCA2 VCEP	Pathogenic	PM3_Strong, PM5_Strong, PVS1	16	Pathogenic	Pathogenic
219896	BRCA2	ENIGMA BRCA1 and BRCA2 VCEP	Likely pathogenic	PM3, PP4_Moderate, PVS1_Moderate	6	Likely pathogenic	Likely pathogenic
38058	BRCA2	ENIGMA BRCA1 and BRCA2 VCEP	Likely benign	BP1_Strong	-4	Likely benign	Uncertain significance
52188	BRCA2	ENIGMA BRCA1 and BRCA2 VCEP	Benign	BP5, BS3, BP7_Strong, BS1_Supporting, BP4	-11	Benign	Benign
38078	BRCA2	ENIGMA BRCA1 and BRCA2 VCEP	Likely benign	BP7_Strong, PM2_Supporting	-3	Likely benign	Uncertain significance
184061	BRCA2	ENIGMA BRCA1 and BRCA2 VCEP	Benign	BP5_Strong, BS1, BP7_Strong, BP4	-13	Benign	Benign
52419	BRCA2	ENIGMA BRCA1 and BRCA2 VCEP	Benign	BP5_Strong, BS2, BP7_Strong, BP4, BA1	-13	Benign	Benign
37699	BRCA1	ENIGMA BRCA1 and BRCA2 VCEP	Benign	BP4, BP5_Strong, BP7_Strong	-9	Benign	Benign
41564	BRCA2	ENIGMA BRCA1 and BRCA2 VCEP	Benign	BP5_Strong, BS3, BS2, BA1, BP4	-13	Benign	Benign
52516	BRCA2	ENIGMA BRCA1 and BRCA2 VCEP	Pathogenic	PS3, PP3, PP1_Strong	9	Likely pathogenic	Pathogenic
38215	BRCA2	ENIGMA BRCA1 and BRCA2 VCEP	Pathogenic	PP4_Strong, PVS1	12	Pathogenic	Pathogenic
126203	BRCA2	ENIGMA BRCA1 and BRCA2 VCEP	Pathogenic	PS3, PP4_Strong, PP3, PM2_Supporting	10	Pathogenic	Pathogenic
38260	BRCA2	ENIGMA BRCA1 and BRCA2 VCEP	Likely pathogenic	PS3, PM5_Strong, PM3, PVS1, BS1, BP5_Strong	10	Pathogenic	Uncertain significance
52919	BRCA2	ENIGMA BRCA1 and BRCA2 VCEP	Uncertain significance	PM2_Supporting	1	Uncertain significance	Uncertain significance
38266	BRCA2	ENIGMA BRCA1 and BRCA2 VCEP	Benign	BP5_Strong, BS3, BA1	-8	Benign	Benign
284886	GAA	Lysosomal Diseases VCEP	Uncertain significance	PM3_Supporting, PP4_Moderate, PM2_Supporting, BP4	3	Uncertain significance	Uncertain significance
546808	GAA	Lysosomal Diseases VCEP	Likely pathogenic	PM3, PP4_Moderate, PP3, PM2_Supporting	6	Likely pathogenic	Likely pathogenic
2664365	GCK	Monogenic Diabetes VCEP	Pathogenic	PP4_Moderate, PM5_Supporting, PP2, PP3, PM2_Supporting, PP1_Strong	10	Pathogenic	Pathogenic
-	PAH	Phenylketonuria VCEP	Likely pathogenic	PM3, PM2, PP4_Moderate, PP3	7	Likely pathogenic	Likely pathogenic
102717	PAH	Phenylketonuria VCEP	Likely pathogenic	PM3_Supporting, PP3_Moderate, PS3_Supporting, PP4_Moderate, PM2_Supporting	7	Likely pathogenic	Likely pathogenic
-	PAH	Phenylketonuria VCEP	Pathogenic	PM2, PP4_Moderate, PVS1	12	Pathogenic	Pathogenic
556660	PAH	Phenylketonuria VCEP	Pathogenic	PVS1, PP4, PM2_Supporting, PM3_Strong	14	Pathogenic	Pathogenic
-	PAH	Phenylketonuria VCEP	Pathogenic	PVS1, PP4_Moderate, PM2_Supporting	11	Pathogenic	Pathogenic
21078	GCK	Monogenic Diabetes VCEP	Pathogenic	PS4, PM3_Strong, PP4_Moderate, PP2, PP3, PM2_Supporting, PP1_Strong	17	Pathogenic	Pathogenic
-	PAH	Phenylketonuria VCEP	Pathogenic	PM3, PVS1, PP4_Moderate, PM2_Supporting	13	Pathogenic	Pathogenic
-	PAH	Phenylketonuria VCEP	Pathogenic	PM3_Supporting, PVS1, PP4, PM2_Supporting	11	Pathogenic	Pathogenic
-	PAH	Phenylketonuria VCEP	Pathogenic	PM3_Supporting, PVS1, PP4, PM2_Supporting	11	Pathogenic	Pathogenic
-	GCK	Monogenic Diabetes VCEP	Pathogenic	PS4_Moderate, PP4_Moderate, PM1, PP2, PP3, PM2_Supporting, PP1_Strong	13	Pathogenic	Pathogenic
36244	GCK	Monogenic Diabetes VCEP	Likely pathogenic	PM5_Supporting, PM1, PP2, PP3, PM2_Supporting	6	Likely pathogenic	Likely pathogenic
1172896	GCK	Monogenic Diabetes VCEP	Pathogenic	PS4, PVS1, PP4, PM2_Supporting, PP1_Strong	18	Pathogenic	Pathogenic
102532	PAH	Phenylketonuria VCEP	Pathogenic	PM3_Supporting, PVS1, PP4, PM2_Supporting	11	Pathogenic	Pathogenic
-	PAH	Phenylketonuria VCEP	Pathogenic	PVS1, PP4, PM2_Supporting	10	Pathogenic	Pathogenic
102635	PAH	Phenylketonuria VCEP	Pathogenic	PM3, PP4_Moderate, PVS1, PM2_Supporting	13	Pathogenic	Pathogenic
495789	PAH	Phenylketonuria VCEP	Pathogenic	PVS1, PP4, PM2_Supporting	10	Pathogenic	Pathogenic
-	PAH	Phenylketonuria VCEP	Pathogenic	PVS1, PP4_Moderate, PM2_Supporting	11	Pathogenic	Pathogenic
102848	PAH	Phenylketonuria VCEP	Pathogenic	PVS1, PP4, PM2_Supporting	10	Pathogenic	Pathogenic
558132	PAH	Phenylketonuria VCEP	Pathogenic	PVS1, PP4, PM2_Supporting	10	Pathogenic	Pathogenic
102867	PAH	Phenylketonuria VCEP	Pathogenic	PVS1, PP4, PM2_Supporting	10	Pathogenic	Pathogenic
102500	PAH	Phenylketonuria VCEP	Pathogenic	PVS1, PP4, PM2_Supporting	10	Pathogenic	Pathogenic
-	PAH	Phenylketonuria VCEP	Pathogenic	PM3, PP4_Moderate, PVS1, PM2_Supporting	13	Pathogenic	Pathogenic
536543	PTEN	PTEN VCEP	Uncertain significance	PM2_Supporting, PP2, PP3	3	Uncertain significance	Uncertain significance
536558	PTEN	PTEN VCEP	Uncertain significance	PM5, PM2_Supporting, PP2, PP3	5	Uncertain significance	Uncertain significance
323574	ITGA2B	Platelet Disorders VCEP	Likely benign	BP4, BP7, PM2_Supporting	-1	Likely benign	Likely benign
323573	ITGA2B	Platelet Disorders VCEP	Benign	BA1, BP7	-1	Benign	Benign
255536	ITGB3	Platelet Disorders VCEP	Benign	BA1, BP4	-1	Benign	Benign
2674648	ITGA2B	Platelet Disorders VCEP	Uncertain significance	PM3_Supporting, PP3, PM2_Supporting	3	Uncertain significance	Uncertain significance
1687232	ITGA2B	Platelet Disorders VCEP	Uncertain significance	PM3_Supporting, PP3, PM2_Supporting	3	Uncertain significance	Uncertain significance
2674649	ITGA2B	Platelet Disorders VCEP	Uncertain significance	PM3_Supporting, PM2_Supporting	2	Uncertain significance	Uncertain significance
888826	ITGA2B	Platelet Disorders VCEP	Uncertain significance	BP4	-1	Likely benign	Uncertain significance
-	ITGA2B	Platelet Disorders VCEP	Pathogenic	PM4, PS3, PM3_Supporting, PP4_Moderate, PP1, PM2_Supporting	11	Pathogenic	Pathogenic
888825	ITGA2B	Platelet Disorders VCEP	Uncertain significance	PP3, PM2_Supporting	2	Uncertain significance	Uncertain significance
323545	ITGA2B	Platelet Disorders VCEP	Benign	BA1, BP4	-1	Benign	Benign
888824	ITGA2B	Platelet Disorders VCEP	Uncertain significance	BP4, PM2_Supporting	0	Uncertain significance	Uncertain significance
428195	PTEN	PTEN VCEP	Uncertain significance	BS3_Supporting, PM2_Supporting, PP2, PP3	2	Uncertain significance	Uncertain significance
1334551	PTEN	PTEN VCEP	Likely pathogenic	PS4_Moderate, PM2_Supporting, PS3_Moderate, PP1, PP2, PP3	8	Likely pathogenic	Likely pathogenic
189400	PTEN	PTEN VCEP	Likely pathogenic	PS1_Moderate, PS3_Moderate, PM2_Supporting, PP2, PP3	7	Likely pathogenic	Likely pathogenic
486972	PTEN	PTEN VCEP	Pathogenic	PS2, PM2_Supporting, PS3_Moderate, PS4_Supporting, PP2, PP3	10	Pathogenic	Pathogenic
818421	PTEN	PTEN VCEP	Pathogenic	PS2_Very Strong, PS3_Moderate, PS4_Supporting, PM2_Supporting, PP2, PP3	14	Pathogenic	Pathogenic
184277	PTEN	PTEN VCEP	Pathogenic	PM2_Supporting, PS3_Moderate, PM6_Strong, PS4_Supporting, PP2, PP3	10	Pathogenic	Pathogenic
1704153	PTEN	PTEN VCEP	Uncertain significance	BS3_Supporting, BP4, PS2, PM2_Supporting, PP2	4	Uncertain significance	Uncertain significance
1320976	PTEN	PTEN VCEP	Uncertain significance	BP4, PM2_Supporting, PP2	1	Uncertain significance	Uncertain significance
427589	PTEN	PTEN VCEP	Uncertain significance	PS3_Supporting, PM2_Supporting, PS4_Supporting, PP2, PP3	5	Uncertain significance	Uncertain significance
428243	PTEN	PTEN VCEP	Likely pathogenic	PS2, PS3_Moderate, PM2_Supporting, PP2, PP3	9	Likely pathogenic	Likely pathogenic
280724	PTEN	PTEN VCEP	Likely pathogenic	PS2, PS3_Supporting, PS4_Supporting, PM2_Supporting, PP2, PP3	9	Likely pathogenic	Likely pathogenic
943637	PTEN	PTEN VCEP	Likely pathogenic	BS3_Supporting, PS2, PS4_Supporting, PM2_Supporting, PP2, PP3	7	Likely pathogenic	Likely pathogenic
428266	PTEN	PTEN VCEP	Likely pathogenic	PS2, PS4_Supporting, PM2_Supporting, PP2, PP3	8	Likely pathogenic	Likely pathogenic
233456	PTEN	PTEN VCEP	Likely pathogenic	PM6_Strong, PM2_Supporting, PP2, PP3	7	Likely pathogenic	Likely pathogenic
393451	GCK	Monogenic Diabetes VCEP	Pathogenic	PS4, PP4_Moderate, PP2, PP3, PM2_Supporting, PP1_Strong	13	Pathogenic	Pathogenic
435311	GCK	Monogenic Diabetes VCEP	Likely pathogenic	PP4_Moderate, PM5_Supporting, PP2, PP3, PM2_Supporting	6	Likely pathogenic	Likely pathogenic
-	PAH	Phenylketonuria VCEP	Pathogenic	PM3_Supporting, PVS1, PP4, PM2_Supporting	11	Pathogenic	Pathogenic
211073	GCK	Monogenic Diabetes VCEP	Pathogenic	PS4, PP4_Moderate, PP2, PP3, PM2_Supporting, PP1_Strong	13	Pathogenic	Pathogenic
555864	GAA	Lysosomal Diseases VCEP	Pathogenic	PS1, PVS1_Strong, PM3, PP4_Moderate, PM2_Supporting	13	Pathogenic	Pathogenic
4024	GAA	Lysosomal Diseases VCEP	Pathogenic	PS3_Supporting, PP4_Moderate, PP3, PM3_Very Strong, PM2_Supporting	13	Pathogenic	Pathogenic
290225	GAA	Lysosomal Diseases VCEP	Uncertain significance	PM5, PP3, PM2_Supporting	4	Uncertain significance	Uncertain significance
189007	GAA	Lysosomal Diseases VCEP	Pathogenic	PM3_Strong, PM1, PS3_Supporting, PP4_Moderate, PP3, PM2_Supporting	11	Pathogenic	Pathogenic
285366	GAA	Lysosomal Diseases VCEP	Uncertain significance	PS3_Supporting, PP3	2	Uncertain significance	Uncertain significance
-	ITGB3	Platelet Disorders VCEP	Pathogenic	PM3, PM4, PS3, PP4_Moderate, PM2_Supporting	11	Pathogenic	Pathogenic
888904	ITGA2B	Platelet Disorders VCEP	Likely benign	BP4, BP7, PM2_Supporting	-1	Likely benign	Likely benign
323546	ITGA2B	Platelet Disorders VCEP	Uncertain significance	BP4	-1	Likely benign	Uncertain significance
888827	ITGA2B	Platelet Disorders VCEP	Likely benign	BP4, BP7	-2	Likely benign	Likely benign
995104	GCK	Monogenic Diabetes VCEP	Likely pathogenic	PVS1, PM2_Supporting	9	Likely pathogenic	Uncertain significance
995103	GCK	Monogenic Diabetes VCEP	Likely pathogenic	PVS1, PM2_Supporting	9	Likely pathogenic	Uncertain significance
-	GCK	Monogenic Diabetes VCEP	Likely pathogenic	PVS1, PM2_Supporting	9	Likely pathogenic	Uncertain significance
-	GCK	Monogenic Diabetes VCEP	Likely pathogenic	PVS1, PM2_Supporting	9	Likely pathogenic	Uncertain significance
-	GCK	Monogenic Diabetes VCEP	Pathogenic	PVS1, PP4_Moderate, PM2_Supporting	11	Pathogenic	Pathogenic
447380	GCK	Monogenic Diabetes VCEP	Likely pathogenic	PS4_Moderate, PP4_Moderate, PP1_Moderate, PP2, PP3, PM2_Supporting	9	Likely pathogenic	Likely pathogenic
370043	MT-TV	Mitochondrial Diseases VCEP	Uncertain significance	PS4_Supporting, BP4	0	Uncertain significance	Uncertain significance
9717	MT-ND2	Mitochondrial Diseases VCEP	Uncertain significance	PP3, PM2_Supporting	2	Uncertain significance	Uncertain significance
1026606	RUNX1	Myeloid Malignancy VCEP	Uncertain significance	BP4	-1	Likely benign	Uncertain significance
532663	RUNX1	Myeloid Malignancy VCEP	Likely benign	BS3, BP2	-5	Likely benign	Likely benign
1600673	RUNX1	Myeloid Malignancy VCEP	Likely benign	BP7, BP4	-2	Likely benign	Likely benign
339811	RUNX1	Myeloid Malignancy VCEP	Uncertain significance		0	Uncertain significance	Uncertain significance
695464	RUNX1	Myeloid Malignancy VCEP	Likely benign	BS1, BP4	-5	Likely benign	Likely benign
1135046	RUNX1	Myeloid Malignancy VCEP	Likely benign	BP7, BP4	-2	Likely benign	Likely benign
1106914	RUNX1	Myeloid Malignancy VCEP	Likely benign	BP7, BP4	-2	Likely benign	Likely benign
1178133	RUNX1	Myeloid Malignancy VCEP	Benign	BA1, BP2	-1	Benign	Benign
760913	RUNX1	Myeloid Malignancy VCEP	Likely benign	BP7, BP4	-2	Likely benign	Likely benign
1133066	RUNX1	Myeloid Malignancy VCEP	Likely benign	BP7, BP4	-2	Likely benign	Likely benign
658195	RUNX1	Myeloid Malignancy VCEP	Uncertain significance		0	Uncertain significance	Uncertain significance
409809	RUNX1	Myeloid Malignancy VCEP	Uncertain significance	BP4	-1	Likely benign	Uncertain significance
580683	RUNX1	Myeloid Malignancy VCEP	Likely benign	BP7, BP4	-2	Likely benign	Likely benign
464014	RUNX1	Myeloid Malignancy VCEP	Likely benign	BP7, BS1, BP4	-6	Likely benign	Likely benign
895827	RUNX1	Myeloid Malignancy VCEP	Benign	BA1	0	Benign	Benign
697148	RUNX1	Myeloid Malignancy VCEP	Likely benign	BS1, BP7, BP2, BP4	-7	Benign	Likely benign
1118048	RUNX1	Myeloid Malignancy VCEP	Uncertain significance		0	Uncertain significance	Uncertain significance
1150822	RUNX1	Myeloid Malignancy VCEP	Likely benign	BP7, PM2_Supporting, BP4	-1	Likely benign	Likely benign
1114762	RUNX1	Myeloid Malignancy VCEP	Likely benign	BP7, PM2_Supporting, BP4	-1	Likely benign	Likely benign
698127	RUNX1	Myeloid Malignancy VCEP	Likely benign	BP7, BP4	-2	Likely benign	Likely benign
570036	RUNX1	Myeloid Malignancy VCEP	Likely benign	BP7, BP4	-2	Likely benign	Likely benign
463992	RUNX1	Myeloid Malignancy VCEP	Likely benign	BP7, PM2_Supporting, BP4	-1	Likely benign	Likely benign
961001	RUNX1	Myeloid Malignancy VCEP	Uncertain significance	PS4_Supporting, BP4	0	Uncertain significance	Uncertain significance
339812	RUNX1	Myeloid Malignancy VCEP	Likely benign	PM2_Supporting, BP4	0	Uncertain significance	Uncertain significance
339818	RUNX1	Myeloid Malignancy VCEP	Benign	BP7, BS1, BP4	-6	Likely benign	Likely benign
339850	RUNX1	Myeloid Malignancy VCEP	Benign	BS1, BP7, BP4	-6	Likely benign	Likely benign
339862	RUNX1	Myeloid Malignancy VCEP	Benign	BP4, BA1	-1	Benign	Benign
415829	RUNX1	Myeloid Malignancy VCEP	Likely benign	BP7, PM2_Supporting, BP4	-1	Likely benign	Likely benign
463993	RUNX1	Myeloid Malignancy VCEP	Uncertain significance	PM1_Supporting, BP4	0	Uncertain significance	Uncertain significance
464013	RUNX1	Myeloid Malignancy VCEP	Uncertain significance		0	Uncertain significance	Uncertain significance
532665	RUNX1	Myeloid Malignancy VCEP	Uncertain significance	BP4	-1	Likely benign	Uncertain significance
532678	RUNX1	Myeloid Malignancy VCEP	Likely benign	BP7, PM2_Supporting, BP4	-1	Likely benign	Likely benign
561219	RUNX1	Myeloid Malignancy VCEP	Likely benign	BP7, PM2_Supporting, BP4	-1	Likely benign	Likely benign
843240	RUNX1	Myeloid Malignancy VCEP	Uncertain significance		0	Uncertain significance	Uncertain significance
858424	RUNX1	Myeloid Malignancy VCEP	Uncertain significance		0	Uncertain significance	Uncertain significance
896170	RUNX1	Myeloid Malignancy VCEP	Uncertain significance	PM2_Supporting, BP4	0	Uncertain significance	Uncertain significance
937756	RUNX1	Myeloid Malignancy VCEP	Uncertain significance	PM2_Supporting	1	Uncertain significance	Uncertain significance
946753	RUNX1	Myeloid Malignancy VCEP	Uncertain significance	PM1_Supporting, PM2_Supporting	2	Uncertain significance	Uncertain significance
948058	RUNX1	Myeloid Malignancy VCEP	Uncertain significance	BP4	-1	Likely benign	Uncertain significance
956926	RUNX1	Myeloid Malignancy VCEP	Uncertain significance	BP4	-1	Likely benign	Uncertain significance
961354	RUNX1	Myeloid Malignancy VCEP	Uncertain significance	PM2_Supporting, BP4	0	Uncertain significance	Uncertain significance
966436	RUNX1	Myeloid Malignancy VCEP	Uncertain significance	BP4	-1	Likely benign	Uncertain significance
1001138	RUNX1	Myeloid Malignancy VCEP	Likely benign	BP7, BP4	-2	Likely benign	Likely benign
1002421	RUNX1	Myeloid Malignancy VCEP	Uncertain significance	BP4	-1	Likely benign	Uncertain significance
1010850	RUNX1	Myeloid Malignancy VCEP	Uncertain significance	PM2_Supporting	1	Uncertain significance	Uncertain significance
1021717	RUNX1	Myeloid Malignancy VCEP	Uncertain significance	PM1_Supporting, PP3, PM2_Supporting	3	Uncertain significance	Uncertain significance
1088304	RUNX1	Myeloid Malignancy VCEP	Likely benign	BP7, BP4	-2	Likely benign	Likely benign
1093057	RUNX1	Myeloid Malignancy VCEP	Likely benign	BP7, PM2_Supporting, BP4	-1	Likely benign	Likely benign
1095950	RUNX1	Myeloid Malignancy VCEP	Likely benign	BP7, BP4	-2	Likely benign	Likely benign
1255350	RUNX1	Myeloid Malignancy VCEP	Benign	BP7, BA1, BP4, BP2	-3	Benign	Benign
1292683	RUNX1	Myeloid Malignancy VCEP	Benign	BP7, BP4, BP2, BA1	-3	Benign	Benign
1292686	RUNX1	Myeloid Malignancy VCEP	Benign	BP7, BP4, BP2, BA1	-3	Benign	Benign
1336352	RUNX1	Myeloid Malignancy VCEP	Likely benign	BP7, PM2_Supporting, BP4	-1	Likely benign	Likely benign
1378669	RUNX1	Myeloid Malignancy VCEP	Uncertain significance	BP4	-1	Likely benign	Uncertain significance
1439341	RUNX1	Myeloid Malignancy VCEP	Uncertain significance	PM2_Supporting, BP4	0	Uncertain significance	Uncertain significance
1457911	RUNX1	Myeloid Malignancy VCEP	Likely benign	BP7, BP4	-2	Likely benign	Likely benign
1465820	RUNX1	Myeloid Malignancy VCEP	Uncertain significance	PM2_Supporting, BP4	0	Uncertain significance	Uncertain significance
1553774	RUNX1	Myeloid Malignancy VCEP	Likely benign	BP7, BP4	-2	Likely benign	Likely benign
1555737	RUNX1	Myeloid Malignancy VCEP	Likely benign	BP7, PM2_Supporting, BP4	-1	Likely benign	Likely benign
1561682	RUNX1	Myeloid Malignancy VCEP	Likely benign	BP7, BP4	-2	Likely benign	Likely benign
1583452	RUNX1	Myeloid Malignancy VCEP	Likely benign	BS1, BP7, BP4	-6	Likely benign	Likely benign
1643286	RUNX1	Myeloid Malignancy VCEP	Likely benign	BP7, BP4	-2	Likely benign	Likely benign
1652693	RUNX1	Myeloid Malignancy VCEP	Likely benign	BP7, PM2_Supporting, BP4	-1	Likely benign	Likely benign
1659459	RUNX1	Myeloid Malignancy VCEP	Likely benign	BP7, BP4	-2	Likely benign	Likely benign
1704949	RUNX1	Myeloid Malignancy VCEP	Pathogenic	PM5_Supporting, PVS1, PM2_Supporting	10	Pathogenic	Pathogenic
1721570	RUNX1	Myeloid Malignancy VCEP	Uncertain significance	PM1_Supporting, PP3, PM2_Supporting	3	Uncertain significance	Uncertain significance
2001260	RUNX1	Myeloid Malignancy VCEP	Uncertain significance	PM2_Supporting	1	Uncertain significance	Uncertain significance
2060834	RUNX1	Myeloid Malignancy VCEP	Uncertain significance	PM2_Supporting, BP4	0	Uncertain significance	Uncertain significance
2061265	RUNX1	Myeloid Malignancy VCEP	Uncertain significance	BP4	-1	Likely benign	Uncertain significance
2073628	RUNX1	Myeloid Malignancy VCEP	Uncertain significance	PM1_Supporting	1	Uncertain significance	Uncertain significance
2418762	RUNX1	Myeloid Malignancy VCEP	Uncertain significance	BP4	-1	Likely benign	Uncertain significance
2422003	RUNX1	Myeloid Malignancy VCEP	Uncertain significance	PP3, PM2_Supporting	2	Uncertain significance	Uncertain significance
1068986	RUNX1	Myeloid Malignancy VCEP	Pathogenic	PM5_Supporting, PVS1, PM2_Supporting	10	Pathogenic	Pathogenic
-	GCK	Monogenic Diabetes VCEP	Likely pathogenic	PP4_Moderate, PM5_Supporting, PP2, PP3, PM2_Supporting	6	Likely pathogenic	Likely pathogenic
1299600	GCK	Monogenic Diabetes VCEP	Likely benign	BS2, PP2, BP2	-4	Likely benign	Likely benign
-	GCK	Monogenic Diabetes VCEP	Uncertain significance	PM5, PP2, PP3, PM2_Supporting	5	Uncertain significance	Uncertain significance
-	GCK	Monogenic Diabetes VCEP	Uncertain significance	PP4_Moderate, BS1, PM5_Supporting, PP2, PP1	1	Uncertain significance	Uncertain significance
-	GCK	Monogenic Diabetes VCEP	Pathogenic	PM5_Strong, PS4_Moderate, PP4_Moderate, PP2, PP3, PM2_Supporting	11	Pathogenic	Pathogenic
-	GCK	Monogenic Diabetes VCEP	Likely pathogenic	PP4_Moderate, PS2_Moderate, PP2, PP3, PM2_Supporting	7	Likely pathogenic	Likely pathogenic
2581305	GCK	Monogenic Diabetes VCEP	Pathogenic	PM5_Strong, PP4_Moderate, PS3_Supporting, PP2, PP3, PP1, PM2_Supporting	11	Pathogenic	Pathogenic
1709730	GCK	Monogenic Diabetes VCEP	Likely pathogenic	PS4_Moderate, PP4_Moderate, PP1_Moderate, PP2, PP3, PM2_Supporting	9	Likely pathogenic	Likely pathogenic
-	GCK	Monogenic Diabetes VCEP	Uncertain significance	PP4_Moderate, PP2, PP3, PM2_Supporting	5	Uncertain significance	Uncertain significance
432386	GCK	Monogenic Diabetes VCEP	Uncertain significance	PS4_Moderate, PM5_Supporting, PP2, PM2_Supporting	5	Uncertain significance	Uncertain significance
994613	GCK	Monogenic Diabetes VCEP	Likely pathogenic	PP4_Moderate, PM5_Supporting, PM1, PP2, PP3, PS3_Moderate, PM2_Supporting	10	Pathogenic	Likely pathogenic
-	GCK	Monogenic Diabetes VCEP	Pathogenic	PS4, PP4_Moderate, PVS1, PM2_Supporting	15	Pathogenic	Pathogenic
-	GCK	Monogenic Diabetes VCEP	Pathogenic	PVS1, PM2_Supporting, PS1_Supporting	10	Pathogenic	Pathogenic
-	GCK	Monogenic Diabetes VCEP	Likely pathogenic	PP4_Moderate, PP3, PM2_Supporting, PP1_Strong	8	Likely pathogenic	Likely pathogenic
-	GCK	Monogenic Diabetes VCEP	Likely pathogenic	PP4_Moderate, PM4, PP1, PM2_Supporting	6	Likely pathogenic	Likely pathogenic
36239	GCK	Monogenic Diabetes VCEP	Likely pathogenic	PP4_Moderate, PP2, PP3, PM2_Supporting, PM3_Supporting	6	Likely pathogenic	Likely pathogenic
36233	GCK	Monogenic Diabetes VCEP	Pathogenic	PS4, PP4_Moderate, PP2, PP3, PM2_Supporting, PP1_Strong	13	Pathogenic	Pathogenic
1490297	GCK	Monogenic Diabetes VCEP	Pathogenic	PM5_Strong, PS4_Moderate, PM1, PP2, PP3, PP4, PM2_Supporting	12	Pathogenic	Pathogenic
995372	GCK	Monogenic Diabetes VCEP	Pathogenic	PS4, PP2, PP3, PP4, PM2_Supporting, PP1_Strong	12	Pathogenic	Pathogenic
804856	GCK	Monogenic Diabetes VCEP	Likely pathogenic	PS4_Moderate, PP4_Moderate, PM5_Supporting, PP1_Moderate, PP2, PP3, PM2_Supporting	10	Pathogenic	Likely pathogenic
-	GCK	Monogenic Diabetes VCEP	Likely pathogenic	PP4_Moderate, PM5_Supporting, PS2_Moderate, PP2, PP3, PM2_Supporting	8	Likely pathogenic	Likely pathogenic
198397	GCK	Monogenic Diabetes VCEP	Likely pathogenic	PM5_Supporting, PM1, PP2, PP3, PM2_Supporting	6	Likely pathogenic	Likely pathogenic
9212	HNF4A	Monogenic Diabetes VCEP	Likely pathogenic	BP5, BS1, PP3, PP4, BS2, PP1_Strong	-3	Likely benign	Uncertain significance
36190	GCK	Monogenic Diabetes VCEP	Uncertain significance	PM4, PP4, PM2_Supporting	4	Uncertain significance	Uncertain significance
1496579	GCK	Monogenic Diabetes VCEP	Likely pathogenic	PP4_Moderate, PM5_Supporting, PP2, PP3, PP1, PM2_Supporting	7	Likely pathogenic	Likely pathogenic
-	GCK	Monogenic Diabetes VCEP	Pathogenic	PS4_Moderate, PP4_Moderate, PP2, PP3, PM2_Supporting, PP1_Strong	11	Pathogenic	Pathogenic
846588	HNF1A	Monogenic Diabetes VCEP	Pathogenic	PVS1, PP4_Moderate, PM2_Supporting, PS4, PP1_Strong	19	Pathogenic	Pathogenic
1338446	HNF1A	Monogenic Diabetes VCEP	Pathogenic	PP1_Moderate, PVS1, PP4, PS1_Supporting, PM2_Supporting, PS4	17	Pathogenic	Pathogenic
1746441	HNF1A	Monogenic Diabetes VCEP	Pathogenic	PVS1, PM2_Supporting, PS1_Supporting	10	Pathogenic	Pathogenic
-	GCK	Monogenic Diabetes VCEP	Uncertain significance	PP4_Moderate, PP2, PP3, PM2_Supporting	5	Uncertain significance	Uncertain significance
-	GCK	Monogenic Diabetes VCEP	Uncertain significance	PP2, PP3, PM2_Supporting	3	Uncertain significance	Uncertain significance
995101	GCK	Monogenic Diabetes VCEP	Pathogenic	PS4, PP4_Moderate, PP1_Moderate, PS2_Moderate, PP2, PP3, PM2_Supporting	13	Pathogenic	Pathogenic
2664355	HNF4A	Monogenic Diabetes VCEP	Uncertain significance	PM5_Supporting, PP4_Moderate, PP3, PM2_Supporting	5	Uncertain significance	Uncertain significance
2664356	HNF4A	Monogenic Diabetes VCEP	Likely pathogenic	PM5_Supporting, PP4_Moderate, PP3, PM2_Supporting, PS4_Moderate	7	Likely pathogenic	Likely pathogenic
456370	GAA	Lysosomal Diseases VCEP	Uncertain significance	PP3, PM2_Supporting, PS3_Moderate	4	Uncertain significance	Uncertain significance
632823	GAA	Lysosomal Diseases VCEP	Likely pathogenic	PM3_Strong, PP4, PS3_Moderate, PM2_Supporting	8	Likely pathogenic	Likely pathogenic
289367	GAA	Lysosomal Diseases VCEP	Pathogenic	PM3_Strong, PM5, PP4_Moderate, PP3, PM2_Supporting	10	Pathogenic	Pathogenic
2151633	GAA	Lysosomal Diseases VCEP	Uncertain significance	PM3, PP3, PM2_Supporting	4	Uncertain significance	Uncertain significance
555820	GAA	Lysosomal Diseases VCEP	Pathogenic	PM3_Strong, PS3_Supporting, PP4_Moderate, PP3, PM2_Supporting	9	Likely pathogenic	Likely pathogenic
282138	GAA	Lysosomal Diseases VCEP	Likely benign	BS1, BP7, BP4	-6	Likely benign	Likely benign
371622	GAA	Lysosomal Diseases VCEP	Pathogenic	PVS1_Strong, PM3, PP4_Moderate, PM2_Supporting, PS1_Supporting	10	Pathogenic	Pathogenic
-	GCK	Monogenic Diabetes VCEP	Pathogenic	PP4_Moderate, PM1, PM5, PP2, PP3, PM2_Supporting, PP1_Strong	13	Pathogenic	Pathogenic
585921	GCK	Monogenic Diabetes VCEP	Likely pathogenic	PP4_Moderate, PP2, PP3, PP1, PM2_Supporting	6	Likely pathogenic	Likely pathogenic
-	GCK	Monogenic Diabetes VCEP	Likely pathogenic	PP4_Moderate, PS2_Moderate, PP2, PP3, PM2_Supporting	7	Likely pathogenic	Likely pathogenic
972774	GCK	Monogenic Diabetes VCEP	Likely benign	BS2, PP2, PP3, BS3_Supporting, BP2	-4	Likely benign	Likely benign
585917	GCK	Monogenic Diabetes VCEP	Pathogenic	PP4_Moderate, PM5, PP2, PP3, PS3_Moderate, PM2_Supporting, PP1_Strong	13	Pathogenic	Pathogenic
-	GCK	Monogenic Diabetes VCEP	Likely pathogenic	PP4_Moderate, PM5_Supporting, PP2, PP3, PM2_Supporting	6	Likely pathogenic	Likely pathogenic
911766	GCK	Monogenic Diabetes VCEP	Likely benign	PP2, BS2, BP2	-4	Likely benign	Likely benign
-	GCK	Monogenic Diabetes VCEP	Uncertain significance	PVS1_Supporting, PM2_Supporting	2	Uncertain significance	Uncertain significance
561231	RUNX1	Myeloid Malignancy VCEP	Pathogenic	PM5_Supporting, PVS1, PM2_Supporting	10	Pathogenic	Pathogenic
1684431	RUNX1	Myeloid Malignancy VCEP	Pathogenic	PM5_Supporting, PVS1, PM2_Supporting, PM1	12	Pathogenic	Pathogenic
1706546	RUNX1	Myeloid Malignancy VCEP	Pathogenic	PM5_Supporting, PM2_Supporting	2	Uncertain significance	Uncertain significance
1073884	RUNX1	Myeloid Malignancy VCEP	Pathogenic	PM5_Supporting, PVS1, PM2_Supporting, PS4_Supporting	11	Pathogenic	Pathogenic
945290	RUNX1	Myeloid Malignancy VCEP	Pathogenic	PS4_Moderate, PVS1_Strong, PP1_Strong, PM2_Supporting	11	Pathogenic	Pathogenic
988837	RUNX1	Myeloid Malignancy VCEP	Pathogenic	PS4_Moderate, PVS1, PM2_Supporting	11	Pathogenic	Pathogenic
1074523	RUNX1	Myeloid Malignancy VCEP	Pathogenic	PM5_Supporting, PVS1, PM2_Supporting	10	Pathogenic	Pathogenic
2123057	RUNX1	Myeloid Malignancy VCEP	Pathogenic	PM5_Supporting, PVS1, PM2_Supporting	10	Pathogenic	Pathogenic
647118	RUNX1	Myeloid Malignancy VCEP	Pathogenic	PM5_Supporting, PVS1, PM2_Supporting	10	Pathogenic	Pathogenic
1684407	RUNX1	Myeloid Malignancy VCEP	Pathogenic	PS2_Supporting, PM5_Supporting, PVS1, PM2_Supporting, PS4_Supporting	12	Pathogenic	Pathogenic
1691247	RUNX1	Myeloid Malignancy VCEP	Pathogenic	PS4_Moderate, PM5_Supporting, PVS1, PP1, PM2_Supporting	13	Pathogenic	Pathogenic
1691248	RUNX1	Myeloid Malignancy VCEP	Pathogenic	PM5_Supporting, PVS1, PM2_Supporting	10	Pathogenic	Pathogenic
978818	RUNX1	Myeloid Malignancy VCEP	Pathogenic	PS4_Moderate, PM5_Supporting, PVS1, PM2_Supporting	12	Pathogenic	Pathogenic
988416	RUNX1	Myeloid Malignancy VCEP	Pathogenic	PM5_Supporting, PVS1, PM2_Supporting	10	Pathogenic	Pathogenic
1013619	RUNX1	Myeloid Malignancy VCEP	Pathogenic	PM5_Supporting, PVS1, PM2_Supporting, PS4_Supporting	11	Pathogenic	Pathogenic
1071785	RUNX1	Myeloid Malignancy VCEP	Pathogenic	PM5_Supporting, PVS1, PM2_Supporting	10	Pathogenic	Pathogenic
1692643	RUNX1	Myeloid Malignancy VCEP	Pathogenic	PM5_Supporting, PVS1, PM2_Supporting	10	Pathogenic	Pathogenic
417476	RUNX1	Myeloid Malignancy VCEP	Pathogenic	PVS1, PM2_Supporting, PM1	11	Pathogenic	Pathogenic
1460018	RUNX1	Myeloid Malignancy VCEP	Pathogenic	PM5_Supporting, PVS1, PS4_Supporting, PM2_Supporting	11	Pathogenic	Pathogenic
832666	RUNX1	Myeloid Malignancy VCEP	Pathogenic	PVS1, PM2_Supporting	9	Likely pathogenic	Uncertain significance
1073907	RUNX1	Myeloid Malignancy VCEP	Pathogenic	PM5_Supporting, PVS1, PM2_Supporting	10	Pathogenic	Pathogenic
833071	RUNX1	Myeloid Malignancy VCEP	Pathogenic	PM1_Supporting, PS4_Moderate, PP1_Moderate, PVS1, PM2_Supporting	14	Pathogenic	Pathogenic
871175	RUNX1	Myeloid Malignancy VCEP	Likely pathogenic	PVS1_Strong, PS4_Supporting, PM2_Supporting	6	Likely pathogenic	Likely pathogenic
1065583	RUNX1	Myeloid Malignancy VCEP	Likely pathogenic	PVS1_Strong, PM5_Supporting, PM2_Supporting	6	Likely pathogenic	Likely pathogenic
389962	RUNX1	Myeloid Malignancy VCEP	Likely pathogenic	PM1_Supporting, PS3, PP3, PM2_Supporting, PS4_Supporting	8	Likely pathogenic	Likely pathogenic
1518631	RUNX1	Myeloid Malignancy VCEP	Pathogenic	PS3, PM1_Strong, PP3, PM2_Supporting	10	Pathogenic	Pathogenic
988808	RUNX1	Myeloid Malignancy VCEP	Likely pathogenic	PVS1, PM2_Supporting	9	Likely pathogenic	Uncertain significance
561250	RUNX1	Myeloid Malignancy VCEP	Likely pathogenic	PM1_Strong, PS4_Supporting, PM2_Supporting	6	Likely pathogenic	Likely pathogenic
2665098	RUNX1	Myeloid Malignancy VCEP	Pathogenic	PM1_Strong, PP3, PP1, PS4_Supporting, PS3_Moderate, PM2_Supporting	10	Pathogenic	Pathogenic
561251	RUNX1	Myeloid Malignancy VCEP	Likely pathogenic	PM5_Supporting, PP3, PM2_Supporting, PS4_Supporting, PM1	6	Likely pathogenic	Likely pathogenic
-	RUNX1	Myeloid Malignancy VCEP	Likely pathogenic	PVS1_Strong, PS2_Supporting, PM2_Supporting, PS4_Supporting	7	Likely pathogenic	Likely pathogenic
2011850	RUNX1	Myeloid Malignancy VCEP	Likely pathogenic	PVS1, PM2_Supporting	9	Likely pathogenic	Uncertain significance
2003897	RUNX1	Myeloid Malignancy VCEP	Likely pathogenic	PVS1_Strong, PM5_Supporting, PM2_Supporting	6	Likely pathogenic	Likely pathogenic
2014537	RUNX1	Myeloid Malignancy VCEP	Likely pathogenic	PVS1_Strong, PM5_Supporting, PM2_Supporting	6	Likely pathogenic	Likely pathogenic
2504110	RUNX1	Myeloid Malignancy VCEP	Likely pathogenic	PVS1_Strong, PM5_Supporting, PM2_Supporting	6	Likely pathogenic	Likely pathogenic
561234	RUNX1	Myeloid Malignancy VCEP	Pathogenic	PS3, PM1_Strong, PP3, PM2_Supporting	10	Pathogenic	Pathogenic
1338536	RUNX1	Myeloid Malignancy VCEP	Likely pathogenic	PP3, PS3_Moderate, PM2_Supporting, PM1	6	Likely pathogenic	Likely pathogenic
2129871	RUNX1	Myeloid Malignancy VCEP	Likely pathogenic	PVS1_Strong, PM5_Supporting, PM2_Supporting	6	Likely pathogenic	Likely pathogenic
836448	RUNX1	Myeloid Malignancy VCEP	Likely pathogenic	PVS1_Strong, PM5_Supporting, PM2_Supporting	6	Likely pathogenic	Likely pathogenic
1996223	RUNX1	Myeloid Malignancy VCEP	Likely pathogenic	PVS1_Strong, PM5_Supporting, PM2_Supporting	6	Likely pathogenic	Likely pathogenic
2177591	RUNX1	Myeloid Malignancy VCEP	Likely pathogenic	PP3, PM2_Supporting, PM5, PM1	6	Likely pathogenic	Likely pathogenic
1703793	RUNX1	Myeloid Malignancy VCEP	Likely pathogenic	PVS1_Strong, PM5_Supporting, PM2_Supporting	6	Likely pathogenic	Likely pathogenic
1349747	RUNX1	Myeloid Malignancy VCEP	Likely pathogenic	PVS1_Strong, PM5_Supporting, PM2_Supporting	6	Likely pathogenic	Likely pathogenic
812913	RUNX1	Myeloid Malignancy VCEP	Pathogenic	PM5_Supporting, PVS1, PS4_Supporting, PM2_Supporting	11	Pathogenic	Pathogenic
1067688	RUNX1	Myeloid Malignancy VCEP	Pathogenic	PM5_Supporting, PVS1, PM2_Supporting	10	Pathogenic	Pathogenic
627152	RUNX1	Myeloid Malignancy VCEP	Pathogenic	PM5_Supporting, PVS1, PP1, PM2_Supporting	11	Pathogenic	Pathogenic
1074352	RUNX1	Myeloid Malignancy VCEP	Pathogenic	PM5_Supporting, PVS1, PM2_Supporting	10	Pathogenic	Pathogenic
1013200	RUNX1	Myeloid Malignancy VCEP	Pathogenic	PM5_Supporting, PVS1, PM2_Supporting	10	Pathogenic	Pathogenic
1471754	HNF1A	Monogenic Diabetes VCEP	Benign	PM5_Supporting, PP4_Moderate, PP3, BA1	4	Benign	Benign
640550	PTEN	PTEN VCEP	Likely pathogenic	PS4_Moderate, PS2, PM2_Supporting, PS3_Moderate	9	Likely pathogenic	Likely pathogenic
189402	PTEN	PTEN VCEP	Likely pathogenic	PM2_Supporting, PS3_Moderate, PS4_Supporting, PP2, PP3	6	Likely pathogenic	Likely pathogenic
373446	PTEN	PTEN VCEP	Pathogenic	PS4_Moderate, PM6_Strong, PS3_Moderate, PM2_Supporting, PP2, PP3	11	Pathogenic	Pathogenic
-	GCK	Monogenic Diabetes VCEP	Pathogenic	PVS1, PP4, PM2_Supporting	10	Pathogenic	Pathogenic
585918	GCK	Monogenic Diabetes VCEP	Pathogenic	PS4, PP2, PP3, PP4, PM2_Supporting, PP1_Strong	12	Pathogenic	Pathogenic
-	GCK	Monogenic Diabetes VCEP	Uncertain significance	PM4_Supporting, PP4, PM2_Supporting	3	Uncertain significance	Uncertain significance
-	HNF1A	Monogenic Diabetes VCEP	Pathogenic	PS3_Supporting, PP3, PP4, PM2_Supporting, PM1_Supporting, PS4_Moderate, PP1_Strong	11	Pathogenic	Pathogenic
280031	PTEN	PTEN VCEP	Pathogenic	PS3, PM6_Strong, PM2_Supporting	9	Likely pathogenic	Pathogenic
2073656	ITGB3	Platelet Disorders VCEP	Uncertain significance	BS3, PM2_Supporting	-3	Likely benign	Uncertain significance
1803209	ITGA2B	Platelet Disorders VCEP	Likely benign	BP4, BP7	-2	Likely benign	Likely benign
450754	ITGB3	Platelet Disorders VCEP	Uncertain significance	BP4	-1	Likely benign	Uncertain significance
890134	ITGB3	Platelet Disorders VCEP	Uncertain significance	PP3	1	Uncertain significance	Uncertain significance
1684324	ITGA2B	Platelet Disorders VCEP	Pathogenic	PM3_Supporting, PVS1, PM2_Supporting	10	Pathogenic	Pathogenic
1048589	GAA	Lysosomal Diseases VCEP	Uncertain significance	PM3, PP4_Moderate, PM2_Supporting	5	Uncertain significance	Uncertain significance
1348299	GAA	Lysosomal Diseases VCEP	Likely pathogenic	PM3, PM5_Supporting, PP4_Moderate, PM2_Supporting	6	Likely pathogenic	Likely pathogenic
456402	GAA	Lysosomal Diseases VCEP	Likely pathogenic	PM3, PP4_Moderate, PP3, PM2_Supporting	6	Likely pathogenic	Likely pathogenic
593593	GAA	Lysosomal Diseases VCEP	Uncertain significance	PM5, PM3_Supporting, PP3, PM2_Supporting	5	Uncertain significance	Uncertain significance
664582	GAA	Lysosomal Diseases VCEP	Likely pathogenic	PM3, PM5, PP4_Moderate, PP3, PS3_Moderate, PM2_Supporting	10	Pathogenic	Likely pathogenic
285589	GAA	Lysosomal Diseases VCEP	Likely pathogenic	PM3, PP4_Moderate, PP3, PM2_Supporting	6	Likely pathogenic	Likely pathogenic
510585	HNF4A	Monogenic Diabetes VCEP	Uncertain significance	PM2_Supporting, BP4	0	Uncertain significance	Uncertain significance
447518	HNF4A	Monogenic Diabetes VCEP	Uncertain significance	PP3, PM2_Supporting, PM1_Supporting	3	Uncertain significance	Uncertain significance
972785	HNF4A	Monogenic Diabetes VCEP	Uncertain significance	PP3, PM2_Supporting, PM1_Supporting	3	Uncertain significance	Uncertain significance
586019	HNF4A	Monogenic Diabetes VCEP	Uncertain significance	PP3, PM2_Supporting, PM1_Supporting	3	Uncertain significance	Uncertain significance
133249	PAH	Phenylketonuria VCEP	Pathogenic	PM3_Supporting, PVS1, PP4_Moderate, PM2_Supporting	12	Pathogenic	Pathogenic
102688	PAH	Phenylketonuria VCEP	Pathogenic	PS3_Supporting, PP4_Moderate, PM3_Very Strong, PM2_Supporting	12	Pathogenic	Pathogenic
188933	PAH	Phenylketonuria VCEP	Pathogenic	PM4, PS3_Supporting, PP4_Moderate, PM2_Supporting, PM3_Strong	10	Pathogenic	Pathogenic
-	PAH	Phenylketonuria VCEP	Pathogenic	PM3, PVS1, PP4_Moderate, PM2_Supporting	13	Pathogenic	Pathogenic
102639	PAH	Phenylketonuria VCEP	Pathogenic	PP4_Moderate, PP3, PM3_Very Strong, PM2_Supporting	12	Pathogenic	Pathogenic
-	PAH	Phenylketonuria VCEP	Pathogenic	PM3_Supporting, PVS1, PP4, PM2_Supporting	11	Pathogenic	Pathogenic
-	PAH	Phenylketonuria VCEP	Pathogenic	PP4_Moderate, PP3, PM3_Very Strong, PM2_Supporting	12	Pathogenic	Pathogenic
1458264	PAH	Phenylketonuria VCEP	Pathogenic	PS3_Supporting, PP4_Moderate, PP3, PM3_Very Strong, PM2_Supporting	13	Pathogenic	Pathogenic
102899	PAH	Phenylketonuria VCEP	Pathogenic	PP4_Moderate, PP3, PM3_Very Strong, PM2_Supporting	12	Pathogenic	Pathogenic
102896	PAH	Phenylketonuria VCEP	Pathogenic	PP4_Moderate, PP3, PM3_Very Strong, PM2_Supporting	12	Pathogenic	Pathogenic
102586	PAH	Phenylketonuria VCEP	Pathogenic	PS3_Supporting, PP4_Moderate, PP3, PM2_Supporting, PM3_Very Strong	13	Pathogenic	Pathogenic
102907	PAH	Phenylketonuria VCEP	Pathogenic	PP4_Moderate, PP3, PM3_Very Strong, PM2_Supporting	12	Pathogenic	Pathogenic
102904	PAH	Phenylketonuria VCEP	Pathogenic	PS3_Supporting, PP4_Moderate, PM3_Very Strong, PM2_Supporting	12	Pathogenic	Pathogenic
102912	PAH	Phenylketonuria VCEP	Pathogenic	PS3_Supporting, PP4_Moderate, PP3, PM3_Very Strong	12	Pathogenic	Pathogenic
623	PAH	Phenylketonuria VCEP	Pathogenic	PP4_Moderate, PM3_Very Strong, PM2_Supporting	11	Pathogenic	Pathogenic
439226	PAH	Phenylketonuria VCEP	Likely pathogenic	PVS1_Strong, PM2, PP4	7	Likely pathogenic	Likely pathogenic
689636	HNF4A	Monogenic Diabetes VCEP	Likely pathogenic	PM2_Supporting, PS4_Moderate, PVS1_Strong	7	Likely pathogenic	Likely pathogenic
-	GCK	Monogenic Diabetes VCEP	Pathogenic	PVS1, PP4_Moderate, PM2_Supporting	11	Pathogenic	Pathogenic
-	GCK	Monogenic Diabetes VCEP	Likely pathogenic	PP4_Moderate, PM5, PP2, PM2_Supporting	6	Likely pathogenic	Likely pathogenic
420070	GCK	Monogenic Diabetes VCEP	Pathogenic	PS4, PP4_Moderate, PP2, PP3, PM2_Supporting, PP1_Strong	13	Pathogenic	Pathogenic
129142	GCK	Monogenic Diabetes VCEP	Pathogenic	PS4, PP4_Moderate, PP1_Moderate, PP2, PP3, PS3_Moderate, PM2_Supporting	13	Pathogenic	Pathogenic
283373	FOXG1	Rett and Angelman-like Disorders VCEP	Likely benign	BP5_Strong, BS2_Supporting, BP4	-6	Likely benign	Likely benign
439709	FBN1	FBN1 VCEP	Uncertain significance	BS1, PP3, PM1	-1	Likely benign	Uncertain significance
163486	FBN1	FBN1 VCEP	Benign	BA1, BP4	-1	Benign	Benign
429415	MECP2	Rett and Angelman-like Disorders VCEP	Likely benign	BS2	-4	Likely benign	Uncertain significance
1083041	FOXG1	Rett and Angelman-like Disorders VCEP	Uncertain significance	BS2_Supporting, PM2_Supporting	0	Uncertain significance	Uncertain significance
1125979	FOXG1	Rett and Angelman-like Disorders VCEP	Uncertain significance	PM2, BP4	1	Uncertain significance	Uncertain significance
224133	TCF4	Rett and Angelman-like Disorders VCEP	Uncertain significance		0	Uncertain significance	Uncertain significance
502478	FBN1	FBN1 VCEP	Likely pathogenic	PM1_Strong, PP2, PP3, PM2_Supporting, PS4_Supporting	8	Likely pathogenic	Likely pathogenic
932847	ACADVL	ACADVL VCEP	Likely pathogenic	PVS1, PM2_Supporting	9	Likely pathogenic	Uncertain significance
378123	MECP2	Rett and Angelman-like Disorders VCEP	Likely benign	BS2, BP5	-5	Likely benign	Likely benign
-	SLC6A8	Cerebral Creatine Deficiency Syndromes VCEP	Likely pathogenic	PP3, PM2_Supporting, PP4_Strong	6	Likely pathogenic	Likely pathogenic
590134	CDKL5	Rett and Angelman-like Disorders VCEP	Likely benign	BS1, BS2_Supporting	-5	Likely benign	Likely benign
207532	TCF4	Rett and Angelman-like Disorders VCEP	Likely benign	BS2, PM2_Supporting, BP4	-4	Likely benign	Likely benign
203574	ACADVL	ACADVL VCEP	Uncertain significance	BS1, PP3, PP4, PM3_Supporting	-1	Likely benign	Uncertain significance
11698	SLC6A8	Cerebral Creatine Deficiency Syndromes VCEP	Pathogenic	PP3, PM2_Supporting, PM4, PP4_Strong, PS4, PS3_Supporting	13	Pathogenic	Pathogenic
429893	MECP2	Rett and Angelman-like Disorders VCEP	Uncertain significance	PM6_Supporting, PVS1, BS1	5	Uncertain significance	Uncertain significance
421767	SLC6A8	Cerebral Creatine Deficiency Syndromes VCEP	Uncertain significance	PP3, PM2_Supporting	2	Uncertain significance	Uncertain significance
538817	FOXG1	Rett and Angelman-like Disorders VCEP	Benign	BP5_Strong, BS1, BS2, BP4	-13	Benign	Benign
386725	MECP2	Rett and Angelman-like Disorders VCEP	Benign	BS2, BA1	-4	Benign	Benign
1319163	CDKL5	Rett and Angelman-like Disorders VCEP	Uncertain significance	BS2_Supporting	-1	Likely benign	Uncertain significance
328352	GAMT	Cerebral Creatine Deficiency Syndromes VCEP	Pathogenic	PS3_Supporting, PP3, PM2_Supporting, PP4_Strong, PM3_Strong	11	Pathogenic	Pathogenic
16466	FBN1	FBN1 VCEP	Pathogenic	PS2_Supporting, PP1_Strong, PP2, PM2_Supporting, PS4, PM1	13	Pathogenic	Pathogenic
155951	UBE3A	Rett and Angelman-like Disorders VCEP	Pathogenic	PVS1, PM2_Supporting, PS4_Moderate	11	Pathogenic	Pathogenic
1110453	SLC9A6	Rett and Angelman-like Disorders VCEP	Likely benign	BP4, BP5, BP7, BS1	-7	Benign	Likely benign
-	SLC6A8	Cerebral Creatine Deficiency Syndromes VCEP	Pathogenic	PM2_Supporting, PP4_Strong, PVS1	13	Pathogenic	Pathogenic
956400	FBN1	FBN1 VCEP	Pathogenic	PS3_Supporting, PM1_Strong, PP4, PP2, PP3, PM2_Supporting, PS4_Moderate	11	Pathogenic	Pathogenic
2412845	GAMT	Cerebral Creatine Deficiency Syndromes VCEP	Pathogenic	PVS1, PM3, PP4_Strong	14	Pathogenic	Pathogenic
193306	FOXG1	Rett and Angelman-like Disorders VCEP	Benign	BS1, BP5_Strong, BS2, BP4	-13	Benign	Benign
65692	SLC6A8	Cerebral Creatine Deficiency Syndromes VCEP	Likely pathogenic	PP3, PM2_Supporting, PS4_Supporting, PP4_Strong, PM6	9	Likely pathogenic	Likely pathogenic
932737	ACADVL	ACADVL VCEP	Likely pathogenic	PVS1, PM2_Supporting	9	Likely pathogenic	Uncertain significance
211466	MECP2	Rett and Angelman-like Disorders VCEP	Benign	PP3, BS2, BA1, BP5, PM6	-2	Benign	Benign
636961	FBN1	FBN1 VCEP	Likely pathogenic	PS2_Supporting, PP1, PP3, PP4, PM2_Supporting, PS4_Moderate	7	Likely pathogenic	Likely pathogenic
431908	MECP2	Rett and Angelman-like Disorders VCEP	Benign	BS2, BP5, BS1	-9	Benign	Benign
867228	ACADVL	ACADVL VCEP	Uncertain significance	PP3, PP4, PM2_Supporting	3	Uncertain significance	Uncertain significance
858462	GAMT	Cerebral Creatine Deficiency Syndromes VCEP	Pathogenic	PM3_Supporting, PVS1, PP4_Strong	13	Pathogenic	Pathogenic
572229	ACADVL	ACADVL VCEP	Likely pathogenic	PVS1, PM2_Supporting	9	Likely pathogenic	Uncertain significance
549451	FBN1	FBN1 VCEP	Pathogenic	PP4, PM2_Supporting, PVS1	10	Pathogenic	Pathogenic
-	ACADVL	ACADVL VCEP	Likely pathogenic	PM1, PP4_Moderate, PP3, PM2_Supporting, PM3_Supporting	7	Likely pathogenic	Likely pathogenic
-	SLC6A8	Cerebral Creatine Deficiency Syndromes VCEP	Likely pathogenic	PM2_Supporting, PP4_Strong, PM4	7	Likely pathogenic	Likely pathogenic
500106	MECP2	Rett and Angelman-like Disorders VCEP	Likely benign	BS2, BP4	-5	Likely benign	Likely benign
1051353	CDKL5	Rett and Angelman-like Disorders VCEP	Benign	BP5_Strong, BS2	-8	Benign	Benign
-	SLC6A8	Cerebral Creatine Deficiency Syndromes VCEP	Likely pathogenic	PP3, PM2_Supporting, PP4_Strong, PP1_Moderate	8	Likely pathogenic	Likely pathogenic
549178	FBN1	FBN1 VCEP	Likely pathogenic	PM2_Supporting, PS4, PM4	7	Likely pathogenic	Likely pathogenic
506632	FOXG1	Rett and Angelman-like Disorders VCEP	Likely benign	BP5, BS2, PM2_Supporting, BP4	-5	Likely benign	Likely benign
2138184	GAMT	Cerebral Creatine Deficiency Syndromes VCEP	Pathogenic	PP3_Moderate, PS3_Supporting, PM2_Supporting, PP4_Strong, PM3	10	Pathogenic	Pathogenic
1387019	CDKL5	Rett and Angelman-like Disorders VCEP	Likely pathogenic	PM5, PS2, PM2_Supporting, PP3	8	Likely pathogenic	Likely pathogenic
495563	FBN1	FBN1 VCEP	Pathogenic	PS2_Supporting, PM1_Strong, PP4, PP2, PP3, PM2_Supporting, PS4_Moderate	11	Pathogenic	Pathogenic
477251	DICER1	DICER1 and miRNA-Processing Gene VCEP	Uncertain significance	BS2_Supporting, PM2_Supporting, BP4, PM1_Supporting	0	Uncertain significance	Likely benign
2419155	GAMT	Cerebral Creatine Deficiency Syndromes VCEP	Pathogenic	PVS1, PP4, PM2_Supporting, PM3	12	Pathogenic	Pathogenic
374123	ACADVL	ACADVL VCEP	Likely pathogenic	PM3, PP4_Moderate, PP3, PM2_Supporting	6	Likely pathogenic	Likely pathogenic
-	SLC6A8	Cerebral Creatine Deficiency Syndromes VCEP	Pathogenic	PP4, PM2_Supporting, PVS1, PM6	12	Pathogenic	Pathogenic
420991	SLC6A8	Cerebral Creatine Deficiency Syndromes VCEP	Uncertain significance	PP3, PM2_Supporting, PS1_Supporting	3	Uncertain significance	Uncertain significance
-	ACADVL	ACADVL VCEP	Uncertain significance	PP4_Moderate, PM2_Supporting, PM3_Supporting	4	Uncertain significance	Uncertain significance
11696	SLC6A8	Cerebral Creatine Deficiency Syndromes VCEP	Pathogenic	PM2_Supporting, PP4_Strong, PVS1_Strong, PP1_Strong	13	Pathogenic	Pathogenic
516841	MECP2	Rett and Angelman-like Disorders VCEP	Uncertain significance		0	Uncertain significance	Uncertain significance
549024	FBN1	FBN1 VCEP	Pathogenic	PS2_Supporting, PP2, PP3, PP1, PM2_Supporting, PS4, PM1	11	Pathogenic	Pathogenic
380242	FOXG1	Rett and Angelman-like Disorders VCEP	Benign	BP5_Strong, BS2, BP4	-9	Benign	Benign
242032	DICER1	DICER1 and miRNA-Processing Gene VCEP	Benign	BS1, BS2	-8	Benign	Benign
804917	HNF4A	Monogenic Diabetes VCEP	Pathogenic	PP4_Moderate, PM2, PP3, PS2_Moderate, PS4	11	Pathogenic	Pathogenic
695019	GAMT	Cerebral Creatine Deficiency Syndromes VCEP	Pathogenic	PM3_Supporting, PVS1, PP4, PM2_Supporting	11	Pathogenic	Pathogenic
982587	CDKL5	Rett and Angelman-like Disorders VCEP	Likely benign	BS1, BS2_Supporting	-5	Likely benign	Likely benign
282218	SLC9A6	Rett and Angelman-like Disorders VCEP	Likely benign	BP4, BP7, BS1	-6	Likely benign	Likely benign
549476	FBN1	FBN1 VCEP	Pathogenic	PVS1_Strong, PP1_Strong, PP4, PM2_Supporting	10	Pathogenic	Pathogenic
661301	DICER1	DICER1 and miRNA-Processing Gene VCEP	Pathogenic	PS3_Supporting, PP3, PM2_Supporting, PS4_Supporting, PS2, PM1	10	Pathogenic	Pathogenic
464817	CDKL5	Rett and Angelman-like Disorders VCEP	Likely benign	BP4, BS1, BS2_Supporting	-6	Likely benign	Likely benign
163461	FBN1	FBN1 VCEP	Pathogenic	PM2_Supporting, PVS1, PM6	11	Pathogenic	Pathogenic
-	SLC6A8	Cerebral Creatine Deficiency Syndromes VCEP	Likely pathogenic	PP3, PM2_Supporting, PP4_Strong	6	Likely pathogenic	Likely pathogenic
-	SLC6A8	Cerebral Creatine Deficiency Syndromes VCEP	Likely pathogenic	PM2_Supporting, PP4_Strong, PM6	7	Likely pathogenic	Likely pathogenic
916515	MECP2	Rett and Angelman-like Disorders VCEP	Likely benign	BS2	-4	Likely benign	Uncertain significance
160215	UBE3A	Rett and Angelman-like Disorders VCEP	Likely benign	BP7, BS2	-5	Likely benign	Likely benign
254305	DICER1	DICER1 and miRNA-Processing Gene VCEP	Uncertain significance	PS4_Supporting, PM2_Supporting, BP4, PS2	5	Uncertain significance	Likely pathogenic
377651	CDKL5	Rett and Angelman-like Disorders VCEP	Likely benign	BP4, BS1	-5	Likely benign	Likely benign
436774	SLC9A6	Rett and Angelman-like Disorders VCEP	Likely benign	BP4, BS1	-5	Likely benign	Likely benign
549013	FBN1	FBN1 VCEP	Likely pathogenic	PP4, PP2, PP1, PS4_Supporting, PM1	6	Likely pathogenic	Likely pathogenic
287145	CDKL5	Rett and Angelman-like Disorders VCEP	Benign	BP7, BS1, BS2	-9	Benign	Benign
548999	FBN1	FBN1 VCEP	Likely pathogenic	PP2, PP3, PS4_Moderate, PM1	6	Likely pathogenic	Likely pathogenic
-	SLC6A8	Cerebral Creatine Deficiency Syndromes VCEP	Pathogenic	PP4, PM2_Supporting, PVS1	10	Pathogenic	Pathogenic
377165	FOXG1	Rett and Angelman-like Disorders VCEP	Likely benign	BS2_Supporting, BP5, PM2_Supporting, BP4	-2	Likely benign	Likely benign
-	SLC6A8	Cerebral Creatine Deficiency Syndromes VCEP	Pathogenic	PP4, PM2_Supporting, PVS1	10	Pathogenic	Pathogenic
-	ACADVL	ACADVL VCEP	Uncertain significance	PP4_Moderate, PP3, PM2_Supporting, PM3_Supporting	5	Uncertain significance	Uncertain significance
426291	FOXG1	Rett and Angelman-like Disorders VCEP	Likely benign	BS2_Supporting, BS1	-5	Likely benign	Likely benign
200193	FBN1	FBN1 VCEP	Pathogenic	PP1_Strong, PP3, PP4, PM2_Supporting, PS3, PS4	15	Pathogenic	Pathogenic
932846	ACADVL	ACADVL VCEP	Likely pathogenic	PVS1, PM2_Supporting	9	Likely pathogenic	Uncertain significance
636640	FBN1	FBN1 VCEP	Likely pathogenic	PP2, PP3, PS4_Supporting, PM2_Supporting, PM1, PM5	8	Likely pathogenic	Likely pathogenic
429431	CDKL5	Rett and Angelman-like Disorders VCEP	Uncertain significance	PM6, PM2_Supporting, PS4_Supporting, PP4	5	Uncertain significance	Uncertain significance
178034	FBN1	FBN1 VCEP	Pathogenic	PP1_Strong, PP4, PP2, PM2_Supporting, PS4	11	Pathogenic	Pathogenic
544257	GAMT	Cerebral Creatine Deficiency Syndromes VCEP	Pathogenic	PP3_Moderate, PS3_Supporting, PM2_Supporting, PP4_Strong, PM3	10	Pathogenic	Pathogenic
549229	FBN1	FBN1 VCEP	Pathogenic	PM1_Strong, PP2, PP3, PP4, PM2_Supporting, PS4	12	Pathogenic	Pathogenic
810863	MECP2	Rett and Angelman-like Disorders VCEP	Likely benign	BS2	-4	Likely benign	Uncertain significance
2683728	GAMT	Cerebral Creatine Deficiency Syndromes VCEP	Likely pathogenic	PP3_Moderate, PM2_Supporting, PP4_Strong, PM3	9	Likely pathogenic	Likely pathogenic
507724	CDKL5	Rett and Angelman-like Disorders VCEP	Likely benign	BP4, BP5	-2	Likely benign	Likely benign
516184	MECP2	Rett and Angelman-like Disorders VCEP	Benign	BS2, BP5, BS1	-9	Benign	Benign
554546	ACADVL	ACADVL VCEP	Likely pathogenic	PVS1, PM2_Supporting	9	Likely pathogenic	Uncertain significance
-	SLC6A8	Cerebral Creatine Deficiency Syndromes VCEP	Pathogenic	PM2_Supporting, PP4_Strong, PVS1	13	Pathogenic	Pathogenic
810524	CDKL5	Rett and Angelman-like Disorders VCEP	Benign	BP4, BA1, BP5_Strong, BS2	-9	Benign	Benign
930627	CDKL5	Rett and Angelman-like Disorders VCEP	Likely benign	BS2	-4	Likely benign	Uncertain significance
588631	GAMT	Cerebral Creatine Deficiency Syndromes VCEP	Uncertain significance	PP3_Moderate, PM2_Supporting, PM5	5	Uncertain significance	Uncertain significance
646976	ACADVL	ACADVL VCEP	Uncertain significance	PP4_Moderate, PP3, PM2_Supporting	4	Uncertain significance	Uncertain significance
143789	CDKL5	Rett and Angelman-like Disorders VCEP	Likely benign	BP5, BS2	-5	Likely benign	Likely benign
932789	ACADVL	ACADVL VCEP	Likely pathogenic	PP4_Moderate, PP3, PP1, PM2_Supporting, PM3_Supporting	6	Likely pathogenic	Likely pathogenic
156144	UBE3A	Rett and Angelman-like Disorders VCEP	Benign	BP5, BA1	-1	Benign	Benign
522433	ACADVL	ACADVL VCEP	Likely pathogenic	PVS1, PM2_Supporting	9	Likely pathogenic	Uncertain significance
-	GAMT	Cerebral Creatine Deficiency Syndromes VCEP	Pathogenic	PM3_Supporting, PVS1, PM2_Supporting, PP4_Strong	14	Pathogenic	Pathogenic
549001	FBN1	FBN1 VCEP	Likely pathogenic	PP4, PP2, PP3, PS4_Supporting, PM2, PM1, PM5	10	Pathogenic	Likely pathogenic
390253	FOXG1	Rett and Angelman-like Disorders VCEP	Benign	BS1, BS2, BP4	-9	Benign	Benign
698693	MECP2	Rett and Angelman-like Disorders VCEP	Benign	BS2, BP4, BP5, BS1	-10	Benign	Benign
1703957	SLC6A8	Cerebral Creatine Deficiency Syndromes VCEP	Pathogenic	PM2_Supporting, PS4_Moderate, PS2, PP4_Strong, PVS1	19	Pathogenic	Pathogenic
477250	DICER1	DICER1 and miRNA-Processing Gene VCEP	Uncertain significance	PM2_Supporting, BP4, PM1_Supporting	1	Uncertain significance	Uncertain significance
421833	FOXG1	Rett and Angelman-like Disorders VCEP	Benign	BS2_Supporting, BP3, BA1	-2	Benign	Benign
1046637	CDKL5	Rett and Angelman-like Disorders VCEP	Likely benign	BP4, BP7	-2	Likely benign	Likely benign
377648	CDKL5	Rett and Angelman-like Disorders VCEP	Likely benign	BP5, BS2	-5	Likely benign	Likely benign
1143525	SLC9A6	Rett and Angelman-like Disorders VCEP	Uncertain significance	BP4, PM2_Supporting	0	Uncertain significance	Uncertain significance
406288	FBN1	FBN1 VCEP	Likely pathogenic	PM1_Strong, PP2, PP3, PM2_Supporting, PS4_Supporting	8	Likely pathogenic	Likely pathogenic
818179	GAMT	Cerebral Creatine Deficiency Syndromes VCEP	Pathogenic	PM5_Supporting, PP3, PM2_Supporting, PP4_Strong, PM3_Strong	11	Pathogenic	Pathogenic
11700	SLC6A8	Cerebral Creatine Deficiency Syndromes VCEP	Uncertain significance	PP3, PM2_Supporting, PS3_Supporting	3	Uncertain significance	Uncertain significance
196571	UBE3A	Rett and Angelman-like Disorders VCEP	Likely benign	BP7, BP5, BS2	-6	Likely benign	Likely benign
133970	DICER1	DICER1 and miRNA-Processing Gene VCEP	Benign	BS1, BS2, BP4	-9	Benign	Benign
1003911	TCF4	Rett and Angelman-like Disorders VCEP	Likely pathogenic	PM1, PM5, PP3, PM2_Supporting, PS4_Supporting	7	Likely pathogenic	Likely pathogenic
-	SLC6A8	Cerebral Creatine Deficiency Syndromes VCEP	Pathogenic	PM2_Supporting, PP4_Strong, PVS1	13	Pathogenic	Pathogenic
892468	ACADVL	ACADVL VCEP	Uncertain significance	PM2_Supporting, BP4	0	Uncertain significance	Uncertain significance
706747	ACADVL	ACADVL VCEP	Uncertain significance	PM2_Supporting, BP4	0	Uncertain significance	Uncertain significance
2421360	GAMT	Cerebral Creatine Deficiency Syndromes VCEP	Uncertain significance	PP3_Moderate, PM5_Supporting, PM2_Supporting	4	Uncertain significance	Uncertain significance
2683726	GAMT	Cerebral Creatine Deficiency Syndromes VCEP	Uncertain significance	PM2_Supporting	1	Uncertain significance	Uncertain significance
180355	FBN1	FBN1 VCEP	Likely pathogenic	PP2, PP3, PM2_Supporting, PM1, PS4_Moderate	7	Likely pathogenic	Likely pathogenic
1325422	FBN1	FBN1 VCEP	Pathogenic	PM1_Strong, PP4, PP2, PP3, PM2_Supporting, PS4_Moderate	10	Pathogenic	Pathogenic
495609	FBN1	FBN1 VCEP	Likely pathogenic	PM2_Supporting, PS4_Supporting, PM1, PM4	6	Likely pathogenic	Likely pathogenic
155793	FBN1	FBN1 VCEP	Uncertain significance	PP2, PP3, PS4_Supporting, PM1	5	Uncertain significance	Uncertain significance
222604	FBN1	FBN1 VCEP	Pathogenic	PM1_Strong, PP2, PP3, PP4, PM2_Supporting, PS4_Moderate	10	Pathogenic	Pathogenic
449440	FBN1	FBN1 VCEP	Likely pathogenic	PP2, PP3, PP4, PM2_Supporting, PS4_Supporting, PM1, PM5	9	Likely pathogenic	Likely pathogenic
626882	FBN1	FBN1 VCEP	Likely pathogenic	PM1_Strong, PP2, PP3, PP4, PS4_Supporting, PM2_Supporting	9	Likely pathogenic	Likely pathogenic
495599	FBN1	FBN1 VCEP	Pathogenic	PM1_Strong, PP2, PP3, PP4, PM2_Supporting, PS4_Moderate	10	Pathogenic	Pathogenic
495594	FBN1	FBN1 VCEP	Pathogenic	PP2, PP3, PP1, PM2_Supporting, PS4, PM1	10	Pathogenic	Pathogenic
549169	FBN1	FBN1 VCEP	Uncertain significance	BP5, PP4, PM2_Supporting, PM1	3	Uncertain significance	Uncertain significance
263660	FBN1	FBN1 VCEP	Likely pathogenic	PM1_Strong, PP2, PP3, PM2_Supporting	7	Likely pathogenic	Likely pathogenic
928903	FBN1	FBN1 VCEP	Uncertain significance	PP2, PM1, PM5	5	Uncertain significance	Uncertain significance
222600	FBN1	FBN1 VCEP	Likely pathogenic	PP4, PP2, PM2_Supporting, PM1, PS4_Moderate	7	Likely pathogenic	Likely pathogenic
549150	FBN1	FBN1 VCEP	Pathogenic	PM1_Strong, PP4, PP2, PP3, PM2_Supporting, PM6, PS4_Moderate	12	Pathogenic	Pathogenic
915814	FBN1	FBN1 VCEP	Likely pathogenic	PP2, PP3, PP4, PM2_Supporting, PM1, PM5	8	Likely pathogenic	Likely pathogenic
264089	FBN1	FBN1 VCEP	Likely pathogenic	PP2, PP3, PM2_Supporting, PM1, PM5	7	Likely pathogenic	Likely pathogenic
549070	FBN1	FBN1 VCEP	Pathogenic	PM1_Strong, PP4, PP2, PP3, PM2_Supporting, PS4_Supporting, PM6	11	Pathogenic	Pathogenic
519758	FBN1	FBN1 VCEP	Likely pathogenic	PM1_Strong, PP2, PP3, PM2_Supporting	7	Likely pathogenic	Likely pathogenic
467825	RPE65	Leber Congenital Amaurosis/early onset Retinal Dystrophy VCEP	Benign	BP4, BA1, BP7	-2	Benign	Benign
98836	RPE65	Leber Congenital Amaurosis/early onset Retinal Dystrophy VCEP	Benign	BA1, BS3_Supporting, BS2	-5	Benign	Benign
98820	RPE65	Leber Congenital Amaurosis/early onset Retinal Dystrophy VCEP	Benign	BA1	0	Benign	Benign
92860	RPE65	Leber Congenital Amaurosis/early onset Retinal Dystrophy VCEP	Benign	BS3_Supporting, BP4, BA1	-2	Benign	Benign
98828	RPE65	Leber Congenital Amaurosis/early onset Retinal Dystrophy VCEP	Benign	BP4, BA1, BP7	-2	Benign	Benign
13119	RPE65	Leber Congenital Amaurosis/early onset Retinal Dystrophy VCEP	Benign	BS3_Supporting, BA1	-1	Benign	Benign
98872	RPE65	Leber Congenital Amaurosis/early onset Retinal Dystrophy VCEP	Pathogenic	PVS1, PM2_Supporting, PM3	11	Pathogenic	Pathogenic
13114	RPE65	Leber Congenital Amaurosis/early onset Retinal Dystrophy VCEP	Pathogenic	PP4_Moderate, PVS1, PP1, PM2_Supporting	12	Pathogenic	Pathogenic
98880	RPE65	Leber Congenital Amaurosis/early onset Retinal Dystrophy VCEP	Pathogenic	PVS1, PP4, PM2_Supporting	10	Pathogenic	Pathogenic
660359	RPE65	Leber Congenital Amaurosis/early onset Retinal Dystrophy VCEP	Pathogenic	PM3_Supporting, PP4_Moderate, PVS1, PM2_Supporting	12	Pathogenic	Pathogenic
98899	RPE65	Leber Congenital Amaurosis/early onset Retinal Dystrophy VCEP	Pathogenic	PP4_Moderate, PVS1, PP1, PM3, PM2_Supporting	14	Pathogenic	Pathogenic
98825	RPE65	Leber Congenital Amaurosis/early onset Retinal Dystrophy VCEP	Pathogenic	PS3_Supporting, PP4_Moderate, PP3, PP1, PM3_Very Strong, PM2_Supporting	14	Pathogenic	Pathogenic
1067786	RPE65	Leber Congenital Amaurosis/early onset Retinal Dystrophy VCEP	Pathogenic	PP4_Moderate, PVS1, PM2_Supporting	11	Pathogenic	Pathogenic
13117	RPE65	Leber Congenital Amaurosis/early onset Retinal Dystrophy VCEP	Pathogenic	PP1_Strong, PS3_Supporting, PP4_Moderate, PP3, PM3, PM2_Supporting	11	Pathogenic	Pathogenic
1070755	RPE65	Leber Congenital Amaurosis/early onset Retinal Dystrophy VCEP	Pathogenic	PVS1, PP4, PM2_Supporting, PM3	12	Pathogenic	Pathogenic
1380036	FBN1	FBN1 VCEP	Likely pathogenic	PP2, PP3, PP4, PM2_Supporting, PS4_Moderate, PM5	8	Likely pathogenic	Likely pathogenic
547296	FBN1	FBN1 VCEP	Uncertain significance	PP2, PP4, PS4_Moderate	4	Uncertain significance	Uncertain significance
555394	ACADVL	ACADVL VCEP	Uncertain significance	PM2_Supporting	1	Uncertain significance	Uncertain significance
1023481	SLC6A8	Cerebral Creatine Deficiency Syndromes VCEP	Likely pathogenic	PP3, PM2_Supporting, PM4, PP4_Strong	8	Likely pathogenic	Likely pathogenic
2683727	GAMT	Cerebral Creatine Deficiency Syndromes VCEP	Likely pathogenic	PM3_Supporting, PP3, PM2_Supporting, PP4_Strong	7	Likely pathogenic	Likely pathogenic
854099	GAMT	Cerebral Creatine Deficiency Syndromes VCEP	Pathogenic	PVS1, PM2_Supporting, PP4_Strong	13	Pathogenic	Pathogenic
-	SLC6A8	Cerebral Creatine Deficiency Syndromes VCEP	Pathogenic	PM2_Supporting, PP4_Strong, PVS1	13	Pathogenic	Pathogenic
-	SLC6A8	Cerebral Creatine Deficiency Syndromes VCEP	Pathogenic	PP4, PM2_Supporting, PVS1	10	Pathogenic	Pathogenic
-	SLC6A8	Cerebral Creatine Deficiency Syndromes VCEP	Pathogenic	PS4_Supporting, PM2_Supporting, PP4_Strong, PVS1_Moderate, PP1_Moderate	10	Pathogenic	Pathogenic
1973	ADA	Severe Combined Immunodeficiency Disease  VCEP	Benign	BA1, BS2_Supporting	-1	Benign	Benign
618516	ADA	Severe Combined Immunodeficiency Disease  VCEP	Uncertain significance		0	Uncertain significance	Uncertain significance
338506	ADA	Severe Combined Immunodeficiency Disease  VCEP	Uncertain significance	PM5_Supporting, PM2_Supporting	2	Uncertain significance	Uncertain significance
1966	ADA	Severe Combined Immunodeficiency Disease  VCEP	Likely pathogenic	PM5, PM3, PP1_Moderate	6	Likely pathogenic	Likely pathogenic
68262	ADA	Severe Combined Immunodeficiency Disease  VCEP	Benign	BA1, BS2_Supporting	-1	Benign	Benign
134523	IL7R	Severe Combined Immunodeficiency Disease  VCEP	Likely benign	BS1	-4	Likely benign	Uncertain significance
705625	IL7R	Severe Combined Immunodeficiency Disease  VCEP	Likely benign	BS1, PP4	-3	Likely benign	Uncertain significance
377977	IL7R	Severe Combined Immunodeficiency Disease  VCEP	Likely benign	BS1	-4	Likely benign	Uncertain significance
353266	IL7R	Severe Combined Immunodeficiency Disease  VCEP	Likely benign	BS1	-4	Likely benign	Uncertain significance
968664	IL2RG	Severe Combined Immunodeficiency Disease  VCEP	Uncertain significance		0	Uncertain significance	Uncertain significance
419664	IL2RG	Severe Combined Immunodeficiency Disease  VCEP	Likely pathogenic	PP4_Moderate, PS4, PM2_Supporting	7	Likely pathogenic	Likely pathogenic
418256	IL2RG	Severe Combined Immunodeficiency Disease  VCEP	Uncertain significance	PM2_Supporting	1	Uncertain significance	Uncertain significance
804024	IL2RG	Severe Combined Immunodeficiency Disease  VCEP	Uncertain significance	PP4_Moderate	2	Uncertain significance	Uncertain significance
505549	ADA	Severe Combined Immunodeficiency Disease  VCEP	Pathogenic	PP4, PVS1, PM2_Supporting, PM3_Supporting	11	Pathogenic	Pathogenic
1979	ADA	Severe Combined Immunodeficiency Disease  VCEP	Uncertain significance	PP1, PP4_Moderate	3	Uncertain significance	Uncertain significance
68264	ADA	Severe Combined Immunodeficiency Disease  VCEP	Likely pathogenic	PP4_Moderate, PM2, PS3_Moderate	6	Likely pathogenic	Likely pathogenic
1963	ADA	Severe Combined Immunodeficiency Disease  VCEP	Uncertain significance	PM5_Supporting, BS3_Supporting	0	Uncertain significance	Uncertain significance
468281	ADA	Severe Combined Immunodeficiency Disease  VCEP	Likely pathogenic	PP4, PM5_Supporting, PM2_Supporting, PM3_Strong	7	Likely pathogenic	Likely pathogenic
1075328	ADA	Severe Combined Immunodeficiency Disease  VCEP	Likely pathogenic	PVS1, PM2_Supporting	9	Likely pathogenic	Uncertain significance
1957	ADA	Severe Combined Immunodeficiency Disease  VCEP	Pathogenic	PP4_Moderate, PM2_Supporting, PS3_Moderate, PM3_Strong, PP1_Strong	13	Pathogenic	Pathogenic
550821	ADA	Severe Combined Immunodeficiency Disease  VCEP	Pathogenic	PP4, PVS1, PM2_Supporting	10	Pathogenic	Pathogenic
338509	ADA	Severe Combined Immunodeficiency Disease  VCEP	Likely benign	BS1	-4	Likely benign	Uncertain significance
1473380	ADA	Severe Combined Immunodeficiency Disease  VCEP	Likely pathogenic	PP4, PM2_Supporting, PVS1_Strong	6	Likely pathogenic	Likely pathogenic
1969	ADA	Severe Combined Immunodeficiency Disease  VCEP	Likely pathogenic	PM2_Supporting, PM3_Supporting, PVS1_Strong	6	Likely pathogenic	Likely pathogenic
536186	ADA	Severe Combined Immunodeficiency Disease  VCEP	Likely benign	BS2_Supporting, BP7, BS1	-6	Likely benign	Likely benign
719476	ADA	Severe Combined Immunodeficiency Disease  VCEP	Likely benign	BP7, BS1	-5	Likely benign	Likely benign
254216	DCLRE1C	Severe Combined Immunodeficiency Disease  VCEP	Likely pathogenic	PVS1_Moderate, PP4_Moderate, PM2_Supporting, PP1	6	Likely pathogenic	Likely pathogenic
986350	DCLRE1C	Severe Combined Immunodeficiency Disease  VCEP	Likely pathogenic	PM3_Strong, PS3_Moderate, PM2_Supporting, PP4	8	Likely pathogenic	Likely pathogenic
137073	DCLRE1C	Severe Combined Immunodeficiency Disease  VCEP	Benign	BA1, BS2_Supporting	-1	Benign	Benign
35999	DCLRE1C	Severe Combined Immunodeficiency Disease  VCEP	Benign	BA1, BS2_Supporting	-1	Benign	Benign
1713265	DCLRE1C	Severe Combined Immunodeficiency Disease  VCEP	Likely pathogenic	PP4_Strong, PM3, PM2_Supporting	7	Likely pathogenic	Likely pathogenic
1069380	DCLRE1C	Severe Combined Immunodeficiency Disease  VCEP	Likely pathogenic	PM3_Strong, PM2_Supporting, PP4	6	Likely pathogenic	Likely pathogenic
771619	DCLRE1C	Severe Combined Immunodeficiency Disease  VCEP	Likely benign	BP7, BS1	-5	Likely benign	Likely benign
35998	DCLRE1C	Severe Combined Immunodeficiency Disease  VCEP	Benign	BA1, BS2_Supporting	-1	Benign	Benign
254217	DCLRE1C	Severe Combined Immunodeficiency Disease  VCEP	Pathogenic	PP1_Strong, PM3_Strong, PP4_Moderate, PM2_Supporting	11	Pathogenic	Pathogenic
299322	DCLRE1C	Severe Combined Immunodeficiency Disease  VCEP	Likely benign	BS1	-4	Likely benign	Uncertain significance
1679474	DCLRE1C	Severe Combined Immunodeficiency Disease  VCEP	Uncertain significance	BP7	-1	Likely benign	Uncertain significance
1696158	DCLRE1C	Severe Combined Immunodeficiency Disease  VCEP	Uncertain significance	PVS1_Moderate, PM2_Supporting	3	Uncertain significance	Uncertain significance
804345	IL7R	Severe Combined Immunodeficiency Disease  VCEP	Likely pathogenic	PVS1, PM2_Supporting	9	Likely pathogenic	Uncertain significance
134536	IL7R	Severe Combined Immunodeficiency Disease  VCEP	Benign	BS2_Supporting, BA1	-1	Benign	Benign
353259	IL7R	Severe Combined Immunodeficiency Disease  VCEP	Pathogenic	PM3_Supporting, PVS1, PM2_Supporting	10	Pathogenic	Pathogenic
36392	IL7R	Severe Combined Immunodeficiency Disease  VCEP	Pathogenic	PP4_Moderate, PP1, PM3_Very Strong, PM2_Supporting	12	Pathogenic	Pathogenic
224841	IL7R	Severe Combined Immunodeficiency Disease  VCEP	Pathogenic	PVS1, PP4, PM2_Supporting	10	Pathogenic	Pathogenic
578174	IL7R	Severe Combined Immunodeficiency Disease  VCEP	Likely pathogenic	PVS1, PM2_Supporting	9	Likely pathogenic	Uncertain significance
377976	IL7R	Severe Combined Immunodeficiency Disease  VCEP	Likely benign	BP7, BS1	-5	Likely benign	Likely benign
418258	IL7R	Severe Combined Immunodeficiency Disease  VCEP	Likely benign	BS1	-4	Likely benign	Uncertain significance
137585	IL7R	Severe Combined Immunodeficiency Disease  VCEP	Benign	BP7, BS2_Supporting, BA1	-2	Benign	Benign
2187538	IL7R	Severe Combined Immunodeficiency Disease  VCEP	Uncertain significance	BP7, PM2_Supporting	0	Uncertain significance	Uncertain significance
14841	IL7R	Severe Combined Immunodeficiency Disease  VCEP	Pathogenic	PVS1, PM3, PP4, PM2_Supporting	12	Pathogenic	Pathogenic
1034220	RAG1	Severe Combined Immunodeficiency Disease  VCEP	Pathogenic	PP4, PM2_Supporting, PM3, PVS1	12	Pathogenic	Pathogenic
304491	RAG1	Severe Combined Immunodeficiency Disease  VCEP	Uncertain significance	PM2_Supporting, PVS1_Moderate	3	Uncertain significance	Uncertain significance
285045	RAG1	Severe Combined Immunodeficiency Disease  VCEP	Pathogenic	PP4, PS3_Moderate, PM3, PM2, PVS1	15	Pathogenic	Pathogenic
372487	RAG1	Severe Combined Immunodeficiency Disease  VCEP	Uncertain significance	PP4, PM2_Supporting, PM3	4	Uncertain significance	Uncertain significance
304495	RAG1	Severe Combined Immunodeficiency Disease  VCEP	Benign	BA1, BS2_Supporting	-1	Benign	Benign
536967	RAG1	Severe Combined Immunodeficiency Disease  VCEP	Likely benign	BS1	-4	Likely benign	Uncertain significance
36715	RAG1	Severe Combined Immunodeficiency Disease  VCEP	Benign	BA1	0	Benign	Benign
626157	RAG1	Severe Combined Immunodeficiency Disease  VCEP	Pathogenic	PM2_Supporting, PM3, PVS1	11	Pathogenic	Pathogenic
235411	RAG1	Severe Combined Immunodeficiency Disease  VCEP	Pathogenic	PM2_Supporting, PM3_Supporting, PVS1	10	Pathogenic	Pathogenic
68681	RAG1	Severe Combined Immunodeficiency Disease  VCEP	Pathogenic	PP4, PM2_Supporting, PS3_Moderate, PM3_Strong, PM1	10	Pathogenic	Pathogenic
138882	RAG1	Severe Combined Immunodeficiency Disease  VCEP	Benign	BA1, BP7, BS2_Supporting	-2	Benign	Benign
496630	RAG2	Severe Combined Immunodeficiency Disease  VCEP	Likely pathogenic	PP4, PM2_Supporting, PS3_Moderate, PM1, PM3_Supporting	7	Likely pathogenic	Likely pathogenic
13133	RAG2	Severe Combined Immunodeficiency Disease  VCEP	Likely pathogenic	PP4, PM2_Supporting, PS3_Moderate, PM3, PM1_Supporting	7	Likely pathogenic	Likely pathogenic
1075544	RAG2	Severe Combined Immunodeficiency Disease  VCEP	Pathogenic	PP4, PS3_Moderate, PM2_Supporting, PVS1	12	Pathogenic	Pathogenic
304552	RAG2	Severe Combined Immunodeficiency Disease  VCEP	Likely benign	BP7, BS1	-5	Likely benign	Likely benign
13130	RAG2	Severe Combined Immunodeficiency Disease  VCEP	Pathogenic	PP4, PP1, PM2_Supporting, PM3, PM1_Supporting, PS3	10	Pathogenic	Pathogenic
500475	RAG2	Severe Combined Immunodeficiency Disease  VCEP	Likely pathogenic	PM2_Supporting, PVS1	9	Likely pathogenic	Uncertain significance
36719	RAG2	Severe Combined Immunodeficiency Disease  VCEP	Likely pathogenic	PM5_Supporting, PP4, PM2_Supporting, PM3, PM1_Supporting	6	Likely pathogenic	Likely pathogenic
138887	RAG2	Severe Combined Immunodeficiency Disease  VCEP	Benign	BA1, BS2_Supporting	-1	Benign	Benign
138885	RAG2	Severe Combined Immunodeficiency Disease  VCEP	Likely benign	BS2_Supporting, BS1	-5	Likely benign	Likely benign
1412375	RAG2	Severe Combined Immunodeficiency Disease  VCEP	Pathogenic	PP4, PM2_Supporting, PVS1, PM3_Supporting	11	Pathogenic	Pathogenic
13138	RAG2	Severe Combined Immunodeficiency Disease  VCEP	Pathogenic	PS3_Supporting, PP4, PM2_Supporting, PM1, PM3, PP1_Strong	11	Pathogenic	Pathogenic
427020	RAG2	Severe Combined Immunodeficiency Disease  VCEP	Likely pathogenic	PP4, PS3_Moderate, PM2_Supporting, PM1_Supporting, PM3_Supporting	6	Likely pathogenic	Likely pathogenic
624608	JAK3	Severe Combined Immunodeficiency Disease  VCEP	Uncertain significance	PP4_Moderate, PM2_Supporting	3	Uncertain significance	Uncertain significance
36415	JAK3	Severe Combined Immunodeficiency Disease  VCEP	Likely pathogenic	PM4_Supporting, PM3, PP4_Moderate, PM2_Supporting	6	Likely pathogenic	Likely pathogenic
36419	JAK3	Severe Combined Immunodeficiency Disease  VCEP	Benign	BA1, BP7, BS2_Supporting	-2	Benign	Benign
418267	JAK3	Severe Combined Immunodeficiency Disease  VCEP	Likely benign	BS1	-4	Likely benign	Uncertain significance
891294	JAK3	Severe Combined Immunodeficiency Disease  VCEP	Uncertain significance	PM2_Supporting	1	Uncertain significance	Uncertain significance
81020	JAK3	Severe Combined Immunodeficiency Disease  VCEP	Pathogenic	PM3, PVS1, PP4, PM2_Supporting	12	Pathogenic	Pathogenic
36423	JAK3	Severe Combined Immunodeficiency Disease  VCEP	Pathogenic	PM3_Supporting, PVS1, PP4, PM2_Supporting	11	Pathogenic	Pathogenic
644288	JAK3	Severe Combined Immunodeficiency Disease  VCEP	Pathogenic	PM3_Supporting, PP4_Moderate, PVS1, PM2_Supporting	12	Pathogenic	Pathogenic
372390	JAK3	Severe Combined Immunodeficiency Disease  VCEP	Likely benign	BS1	-4	Likely benign	Uncertain significance
1999662	JAK3	Severe Combined Immunodeficiency Disease  VCEP	Likely pathogenic	PVS1, PM2_Supporting	9	Likely pathogenic	Uncertain significance
2048620	JAK3	Severe Combined Immunodeficiency Disease  VCEP	Uncertain significance	PM2_Supporting	1	Uncertain significance	Uncertain significance
2054022	JAK3	Severe Combined Immunodeficiency Disease  VCEP	Likely pathogenic	PM3_Supporting, PP1_Moderate, PP4_Moderate, PP3, PM2_Supporting	7	Likely pathogenic	Likely pathogenic
962267	IL2RG	Severe Combined Immunodeficiency Disease  VCEP	Likely pathogenic	PP3, PP1, PP4_Moderate, PM2_Supporting, PM4	7	Likely pathogenic	Likely pathogenic
372386	IL2RG	Severe Combined Immunodeficiency Disease  VCEP	Pathogenic	PP4, PVS1, PM2_Supporting	10	Pathogenic	Pathogenic
795305	IL2RG	Severe Combined Immunodeficiency Disease  VCEP	Likely benign	BS2	-4	Likely benign	Uncertain significance
280035	IL2RG	Severe Combined Immunodeficiency Disease  VCEP	Pathogenic	PVS1, PP4_Moderate, PM2_Supporting	11	Pathogenic	Pathogenic
1166432	IL2RG	Severe Combined Immunodeficiency Disease  VCEP	Likely benign	BS2	-4	Likely benign	Uncertain significance
368619	IL2RG	Severe Combined Immunodeficiency Disease  VCEP	Benign	BS2, BS1	-8	Benign	Benign
225195	IL2RG	Severe Combined Immunodeficiency Disease  VCEP	Pathogenic	PP4, PM6, PS4, PM2_Supporting, PS3_Supporting, PM1_Strong	13	Pathogenic	Pathogenic
10027	IL2RG	Severe Combined Immunodeficiency Disease  VCEP	Pathogenic	PP4_Moderate, PS4, PM2_Supporting, PP1_Strong	11	Pathogenic	Pathogenic
837417	IL2RG	Severe Combined Immunodeficiency Disease  VCEP	Uncertain significance	BS2_Supporting	-1	Likely benign	Uncertain significance
532191	IL2RG	Severe Combined Immunodeficiency Disease  VCEP	Uncertain significance	PM2_Supporting, PM1_Strong	5	Uncertain significance	Uncertain significance
763173	IL2RG	Severe Combined Immunodeficiency Disease  VCEP	Likely benign	BS2, BP7	-5	Likely benign	Likely benign
1559662	IL2RG	Severe Combined Immunodeficiency Disease  VCEP	Uncertain significance	PM2_Supporting, BP7	0	Uncertain significance	Uncertain significance
1368945	IL2RG	Severe Combined Immunodeficiency Disease  VCEP	Pathogenic	PP4, PVS1, PM2_Supporting	10	Pathogenic	Pathogenic
633274	IL2RG	Severe Combined Immunodeficiency Disease  VCEP	Uncertain significance	PP4, PM2_Supporting	2	Uncertain significance	Uncertain significance
690455	DICER1	DICER1 and miRNA-Processing Gene VCEP	Uncertain significance	BP4, PM1_Supporting	0	Uncertain significance	Uncertain significance
932987	DICER1	DICER1 and miRNA-Processing Gene VCEP	Pathogenic	PS3_Supporting, PP3, PM2_Supporting, PS4_Supporting, PS2, PM1	10	Pathogenic	Pathogenic
825366	DICER1	DICER1 and miRNA-Processing Gene VCEP	Uncertain significance	PM2_Supporting	1	Uncertain significance	Uncertain significance
477225	DICER1	DICER1 and miRNA-Processing Gene VCEP	Uncertain significance	PM2_Supporting, BP4	0	Uncertain significance	Uncertain significance
825165	DICER1	DICER1 and miRNA-Processing Gene VCEP	Uncertain significance		0	Uncertain significance	Uncertain significance
577152	DICER1	DICER1 and miRNA-Processing Gene VCEP	Likely benign	BS2_Supporting, BP4	-2	Likely benign	Likely benign
939082	DICER1	DICER1 and miRNA-Processing Gene VCEP	Uncertain significance	PM2_Supporting, BP4	0	Uncertain significance	Uncertain significance
933119	DICER1	DICER1 and miRNA-Processing Gene VCEP	Uncertain significance	PM2, BP4	1	Uncertain significance	Uncertain significance
220773	DICER1	DICER1 and miRNA-Processing Gene VCEP	Likely benign	BS2_Supporting, PM2_Supporting, BP4	-1	Likely benign	Likely benign
412179	DICER1	DICER1 and miRNA-Processing Gene VCEP	Likely benign	BS2, BP4	-5	Likely benign	Likely benign
30566	DICER1	DICER1 and miRNA-Processing Gene VCEP	Likely pathogenic	PP1_Moderate, PS2_Supporting, PS3_Supporting, PP4, PM2_Supporting, PS4_Supporting	7	Likely pathogenic	Likely pathogenic
412118	DICER1	DICER1 and miRNA-Processing Gene VCEP	Likely benign	BS2_Supporting, BP4	-2	Likely benign	Likely benign
242101	DICER1	DICER1 and miRNA-Processing Gene VCEP	Likely benign	BS2_Supporting, BP4	-2	Likely benign	Likely benign
36212	GCK	Monogenic Diabetes VCEP	Uncertain significance	PM5, PP2, PP3, PM2_Supporting	5	Uncertain significance	Uncertain significance
-	GCK	Monogenic Diabetes VCEP	Uncertain significance	PM5_Supporting, PP2, PP3, PM2_Supporting	4	Uncertain significance	Uncertain significance
447411	GCK	Monogenic Diabetes VCEP	Pathogenic	PS4, PP4_Moderate, PP2, PP3, PM2_Supporting, PP1_Strong	13	Pathogenic	Pathogenic
804852	GCK	Monogenic Diabetes VCEP	Pathogenic	PS4, PS3_Supporting, PP2, PP3, PM2_Supporting, PP1_Strong	12	Pathogenic	Pathogenic
-	GCK	Monogenic Diabetes VCEP	Uncertain significance	PM5_Supporting, PP2, PP3, PM2_Supporting	4	Uncertain significance	Uncertain significance
1807279	GCK	Monogenic Diabetes VCEP	Likely pathogenic	PS4_Moderate, PP4_Moderate, PP1_Moderate, PP2, PP3, PM2_Supporting	9	Likely pathogenic	Likely pathogenic
995373	GCK	Monogenic Diabetes VCEP	Likely pathogenic	PS4_Moderate, PP4_Moderate, PM5_Supporting, PP2, PP3, PM2_Supporting	8	Likely pathogenic	Likely pathogenic
515200	GCK	Monogenic Diabetes VCEP	Likely benign	BP7, PM2_Supporting, BP2, BP4	-2	Likely benign	Likely benign
-	GCK	Monogenic Diabetes VCEP	Likely pathogenic	PS4_Moderate, PP4_Moderate, PM5_Supporting, PP1, PP2, PP3, PM2_Supporting	9	Likely pathogenic	Likely pathogenic
447381	GCK	Monogenic Diabetes VCEP	Likely pathogenic	PVS1, PM2_Supporting	9	Likely pathogenic	Uncertain significance
36174	GCK	Monogenic Diabetes VCEP	Likely pathogenic	PVS1, PM2_Supporting	9	Likely pathogenic	Uncertain significance
418228	GCK	Monogenic Diabetes VCEP	Likely pathogenic	PP4_Moderate, PM5_Supporting, PP2, PP3, PM2_Supporting	6	Likely pathogenic	Likely pathogenic
2691825	GCK	Monogenic Diabetes VCEP	Pathogenic	PVS1, PP4_Moderate, PM2_Supporting	11	Pathogenic	Pathogenic
-	GCK	Monogenic Diabetes VCEP	Pathogenic	PM5_Strong, PS4_Moderate, PP4_Moderate, PP1_Moderate, PP2, PP3, PM2_Supporting	13	Pathogenic	Pathogenic
-	GCK	Monogenic Diabetes VCEP	Likely pathogenic	PM5_Strong, PP4_Moderate, PP2, PP3, PM2_Supporting	9	Likely pathogenic	Likely pathogenic
-	GCK	Monogenic Diabetes VCEP	Pathogenic	PS4, PP4_Moderate, PP2, PP3, PP1, PM2_Supporting	10	Pathogenic	Pathogenic
-	HNF4A	Monogenic Diabetes VCEP	Likely pathogenic	PP4_Moderate, PP3, PP1, PM2_Supporting, PM1_Supporting	6	Likely pathogenic	Likely pathogenic
-	HNF4A	Monogenic Diabetes VCEP	Uncertain significance	PM5_Supporting, PP3, PM2_Supporting, PM1_Supporting	4	Uncertain significance	Uncertain significance
36346	HNF4A	Monogenic Diabetes VCEP	Uncertain significance	BS1	-4	Likely benign	Uncertain significance
1299754	HNF4A	Monogenic Diabetes VCEP	Pathogenic	PVS1, PP4_Moderate, PM2_Supporting, PP1_Strong	15	Pathogenic	Pathogenic
447521	HNF4A	Monogenic Diabetes VCEP	Pathogenic	PVS1, PP4, PM2_Supporting	10	Pathogenic	Pathogenic
-	HNF1A	Monogenic Diabetes VCEP	Pathogenic	PP1_Strong, PP4_Moderate, PVS1, PM2_Supporting	15	Pathogenic	Pathogenic
-	HNF1A	Monogenic Diabetes VCEP	Pathogenic	PM1_Supporting, PS4, PP1_Strong, PP4_Moderate, PP3, PM2_Supporting	13	Pathogenic	Pathogenic
-	HNF1A	Monogenic Diabetes VCEP	Pathogenic	PP1_Strong, PVS1, PM2_Supporting	13	Pathogenic	Pathogenic
-	HNF1A	Monogenic Diabetes VCEP	Likely pathogenic	PM1_Supporting, PP1_Strong, PP4_Moderate, PP3, PM2_Supporting	9	Likely pathogenic	Likely pathogenic
-	HNF1A	Monogenic Diabetes VCEP	Pathogenic	PP4_Moderate, PVS1, PM2_Supporting	11	Pathogenic	Pathogenic
-	HNF1A	Monogenic Diabetes VCEP	Pathogenic	PS4_Moderate, PP4_Moderate, PVS1, PP1, PM2_Supporting	14	Pathogenic	Pathogenic
2691846	HNF1A	Monogenic Diabetes VCEP	Likely pathogenic	PS1, PM1_Supporting, PS3_Supporting, PP3, PM2_Supporting	8	Likely pathogenic	Likely pathogenic
-	HNF1A	Monogenic Diabetes VCEP	Uncertain significance	PM1_Supporting, PP4, PP3, PM2_Supporting	4	Uncertain significance	Uncertain significance
-	HNF1A	Monogenic Diabetes VCEP	Likely pathogenic	PM1_Supporting, PP1_Strong, PP3, PM2_Supporting	7	Likely pathogenic	Likely pathogenic
134534	IL7R	Severe Combined Immunodeficiency Disease  VCEP	Likely benign	BS2_Supporting, BS1	-5	Likely benign	Likely benign
709483	IL7R	Severe Combined Immunodeficiency Disease  VCEP	Likely benign	BS1, BS2_Supporting, BP7	-6	Likely benign	Likely benign
304506	RAG1	Severe Combined Immunodeficiency Disease  VCEP	Likely benign	BP7, BS1	-5	Likely benign	Likely benign
897015	ADA	Severe Combined Immunodeficiency Disease  VCEP	Uncertain significance		0	Uncertain significance	Uncertain significance
1954	ADA	Severe Combined Immunodeficiency Disease  VCEP	Benign	BA1, BS2_Supporting	-1	Benign	Benign
2088001	ADA	Severe Combined Immunodeficiency Disease  VCEP	Uncertain significance	PS1_Moderate, PM2_Supporting, PVS1_Moderate	5	Uncertain significance	Uncertain significance
558340	ADA	Severe Combined Immunodeficiency Disease  VCEP	Likely pathogenic	PM3, PP4_Moderate, PM2_Supporting, PVS1_Moderate	7	Likely pathogenic	Likely pathogenic
1505857	ADA	Severe Combined Immunodeficiency Disease  VCEP	Likely pathogenic	PM3, PS3_Supporting, PP4_Moderate, PM2_Supporting	6	Likely pathogenic	Likely pathogenic
402341	ADA	Severe Combined Immunodeficiency Disease  VCEP	Pathogenic	PP4_Moderate, PM2_Supporting, PM3_Strong, PVS1_Strong	11	Pathogenic	Pathogenic
379076	DCLRE1C	Severe Combined Immunodeficiency Disease  VCEP	Benign	BA1	0	Benign	Benign
1722324	DCLRE1C	Severe Combined Immunodeficiency Disease  VCEP	Pathogenic	PM3_Supporting, PP4_Moderate, PVS1, PM2_Supporting	12	Pathogenic	Pathogenic
2118854	DCLRE1C	Severe Combined Immunodeficiency Disease  VCEP	Likely pathogenic	PVS1, PM2_Supporting	9	Likely pathogenic	Uncertain significance
2288152	DCLRE1C	Severe Combined Immunodeficiency Disease  VCEP	Uncertain significance	PM2_Supporting	1	Uncertain significance	Uncertain significance
2163795	DCLRE1C	Severe Combined Immunodeficiency Disease  VCEP	Uncertain significance	PM2_Supporting	1	Uncertain significance	Uncertain significance
969751	DCLRE1C	Severe Combined Immunodeficiency Disease  VCEP	Pathogenic	PM3, PVS1, PM2_Supporting	11	Pathogenic	Pathogenic
4665	DCLRE1C	Severe Combined Immunodeficiency Disease  VCEP	Pathogenic	PM3_Supporting, PVS1, PS3_Moderate, PM2_Supporting, PP4	13	Pathogenic	Pathogenic
802564	DCLRE1C	Severe Combined Immunodeficiency Disease  VCEP	Likely pathogenic	PVS1, PM2_Supporting	9	Likely pathogenic	Uncertain significance
1364174	DCLRE1C	Severe Combined Immunodeficiency Disease  VCEP	Likely pathogenic	PVS1, PM2_Supporting	9	Likely pathogenic	Uncertain significance
4674	DCLRE1C	Severe Combined Immunodeficiency Disease  VCEP	Pathogenic	PM3_Strong, PP4_Moderate, PM2_Supporting, PS3_Moderate, PP1	10	Pathogenic	Pathogenic
2136852	DCLRE1C	Severe Combined Immunodeficiency Disease  VCEP	Likely pathogenic	PM3_Supporting, PM5_Supporting, PM2_Supporting, PS3_Moderate, PP4	6	Likely pathogenic	Likely pathogenic
1438811	DCLRE1C	Severe Combined Immunodeficiency Disease  VCEP	Likely pathogenic	PM3, PM2_Supporting, PS3_Moderate, PP4	6	Likely pathogenic	Likely pathogenic
2136853	DCLRE1C	Severe Combined Immunodeficiency Disease  VCEP	Likely pathogenic	PM3_Supporting, PP4_Moderate, PM2_Supporting, PS3_Moderate	6	Likely pathogenic	Likely pathogenic
2107279	DCLRE1C	Severe Combined Immunodeficiency Disease  VCEP	Uncertain significance	PM2_Supporting	1	Uncertain significance	Uncertain significance
841042	DCLRE1C	Severe Combined Immunodeficiency Disease  VCEP	Uncertain significance	PM2_Supporting	1	Uncertain significance	Uncertain significance
4677	DCLRE1C	Severe Combined Immunodeficiency Disease  VCEP	Uncertain significance	PVS1_Supporting, PM2_Supporting, PP1, PP4	4	Uncertain significance	Uncertain significance
14839	IL7R	Severe Combined Immunodeficiency Disease  VCEP	Benign	BA1	0	Benign	Benign
14840	IL7R	Severe Combined Immunodeficiency Disease  VCEP	Benign	BA1	0	Benign	Benign
134530	IL7R	Severe Combined Immunodeficiency Disease  VCEP	Benign	BS2_Supporting, BA1	-1	Benign	Benign
733403	JAK3	Severe Combined Immunodeficiency Disease  VCEP	Likely benign	BS1	-4	Likely benign	Uncertain significance
328518	JAK3	Severe Combined Immunodeficiency Disease  VCEP	Likely benign	BS1, BS2_Supporting	-5	Likely benign	Likely benign
36422	JAK3	Severe Combined Immunodeficiency Disease  VCEP	Benign	BA1, BS2_Supporting	-1	Benign	Benign
134580	JAK3	Severe Combined Immunodeficiency Disease  VCEP	Benign	BA1, BS2_Supporting	-1	Benign	Benign
532747	JAK3	Severe Combined Immunodeficiency Disease  VCEP	Likely benign	BS1, BS2_Supporting	-5	Likely benign	Likely benign
381576	JAK3	Severe Combined Immunodeficiency Disease  VCEP	Uncertain significance	PM3_Supporting, PP4, PM2_Supporting	3	Uncertain significance	Uncertain significance
252471	JAK3	Severe Combined Immunodeficiency Disease  VCEP	Likely benign	BS2_Supporting, BS1	-5	Likely benign	Likely benign
378467	RAG1	Severe Combined Immunodeficiency Disease  VCEP	Benign	BA1, BS2_Supporting	-1	Benign	Benign
403361	RAG1	Severe Combined Immunodeficiency Disease  VCEP	Benign	BA1, BS2_Supporting	-1	Benign	Benign
256188	RAG1	Severe Combined Immunodeficiency Disease  VCEP	Benign	BA1, BS2_Supporting	-1	Benign	Benign
785784	RAG1	Severe Combined Immunodeficiency Disease  VCEP	Benign	BA1, BS2_Supporting	-1	Benign	Benign
256189	RAG1	Severe Combined Immunodeficiency Disease  VCEP	Benign	BA1, BS2_Supporting	-1	Benign	Benign
138884	RAG1	Severe Combined Immunodeficiency Disease  VCEP	Benign	BA1, BS2_Supporting	-1	Benign	Benign
496633	RAG2	Severe Combined Immunodeficiency Disease  VCEP	Uncertain significance	PP4, PM2_Supporting, PM1, PM3_Supporting	5	Uncertain significance	Uncertain significance
650904	RAG2	Severe Combined Immunodeficiency Disease  VCEP	Likely pathogenic	PP4, PM2_Supporting, PM1, PM3	6	Likely pathogenic	Likely pathogenic
496629	RAG2	Severe Combined Immunodeficiency Disease  VCEP	Likely pathogenic	PP4, PS3_Moderate, PM2_Supporting, PM1, PM3_Supporting	7	Likely pathogenic	Likely pathogenic
13135	RAG2	Severe Combined Immunodeficiency Disease  VCEP	Benign	BA1, BS2_Supporting	-1	Benign	Benign
598004	DCLRE1C	Severe Combined Immunodeficiency Disease  VCEP	Benign	BA1, BS2_Supporting	-1	Benign	Benign
257180	DCLRE1C	Severe Combined Immunodeficiency Disease  VCEP	Benign	BA1, BS2_Supporting	-1	Benign	Benign
549915	ADA	Severe Combined Immunodeficiency Disease  VCEP	Pathogenic	PVS1, PM2_Supporting, PM3_Supporting	10	Pathogenic	Pathogenic
304492	RAG1	Severe Combined Immunodeficiency Disease  VCEP	Uncertain significance		0	Uncertain significance	Uncertain significance
555182	ADA	Severe Combined Immunodeficiency Disease  VCEP	Pathogenic	PM3, PVS1, PM2_Supporting	11	Pathogenic	Pathogenic
36393	IL7R	Severe Combined Immunodeficiency Disease  VCEP	Uncertain significance		0	Uncertain significance	Uncertain significance
14843	IL7R	Severe Combined Immunodeficiency Disease  VCEP	Likely pathogenic	PP1_Strong, PS3_Supporting, PM3, PP4, PM2_Supporting	9	Likely pathogenic	Likely pathogenic
1968	ADA	Severe Combined Immunodeficiency Disease  VCEP	Pathogenic	PP4_Moderate, PM2_Supporting, PS3_Moderate, PM3_Strong, PP1_Strong	13	Pathogenic	Pathogenic
529744	SERPINC1	Thrombosis VCEP	Uncertain significance	PP3, BS1	-3	Likely benign	Uncertain significance
-	SERPINC1	Thrombosis VCEP	Pathogenic	PP3, PP4, PM2_Supporting, PS4, PP1_Strong	11	Pathogenic	Pathogenic
660852	SERPINC1	Thrombosis VCEP	Uncertain significance	PP3, PM2_Supporting	2	Uncertain significance	Uncertain significance
694627	SERPINC1	Thrombosis VCEP	Likely pathogenic	PM2_Supporting, PS4_Supporting, PVS1_Strong	6	Likely pathogenic	Likely pathogenic
-	SERPINC1	Thrombosis VCEP	Uncertain significance	PM2_Supporting	1	Uncertain significance	Uncertain significance
18017	SERPINC1	Thrombosis VCEP	Likely pathogenic	PP3, PS4_Supporting, PM2_Supporting, PM5, PP1_Moderate	7	Likely pathogenic	Likely pathogenic
2415371	SERPINC1	Thrombosis VCEP	Likely benign	BP4, BS1	-5	Likely benign	Likely benign
-	SERPINC1	Thrombosis VCEP	Uncertain significance	PP3, PP4, PM2_Supporting, PS4_Moderate	5	Uncertain significance	Uncertain significance
1199323	IL2RG	Severe Combined Immunodeficiency Disease  VCEP	Likely benign	BS2	-4	Likely benign	Uncertain significance
-	GCK	Monogenic Diabetes VCEP	Pathogenic	PP4_Moderate, PVS1, PM2_Supporting	11	Pathogenic	Pathogenic
585914	GCK	Monogenic Diabetes VCEP	Likely pathogenic	PS4_Moderate, PP4_Moderate, PP2, PP3, PM2_Supporting	7	Likely pathogenic	Likely pathogenic
36172	GCK	Monogenic Diabetes VCEP	Likely pathogenic	PS4_Moderate, PM2, PP2, PP3, PP4	7	Likely pathogenic	Likely pathogenic
2691837	HNF4A	Monogenic Diabetes VCEP	Uncertain significance	PP4, PM2_Supporting	2	Uncertain significance	Uncertain significance
-	HNF1A	Monogenic Diabetes VCEP	Uncertain significance	PM1_Supporting, PP3, PM2_Supporting	3	Uncertain significance	Uncertain significance
1384058	HNF1A	Monogenic Diabetes VCEP	Likely pathogenic	PS4_Moderate, PM1_Supporting, PP4_Moderate, PP3, PM2_Supporting	7	Likely pathogenic	Likely pathogenic
1298987	IL7R	Severe Combined Immunodeficiency Disease  VCEP	Pathogenic	PM3, PVS1, PM2_Supporting	11	Pathogenic	Pathogenic
642787	IL7R	Severe Combined Immunodeficiency Disease  VCEP	Likely pathogenic	PVS1, PM2_Supporting	9	Likely pathogenic	Uncertain significance
1323115	IL7R	Severe Combined Immunodeficiency Disease  VCEP	Likely pathogenic	PVS1, PM2_Supporting	9	Likely pathogenic	Uncertain significance
1028611	IL2RG	Severe Combined Immunodeficiency Disease  VCEP	Pathogenic	PP4_Moderate, PVS1, PM2_Supporting	11	Pathogenic	Pathogenic
596673	RPE65	Leber Congenital Amaurosis/early onset Retinal Dystrophy VCEP	Pathogenic	PVS1, PP1, PM2_Supporting	10	Pathogenic	Pathogenic
866507	RPE65	Leber Congenital Amaurosis/early onset Retinal Dystrophy VCEP	Likely pathogenic	PP3_Moderate, PM2_Supporting, PM5, PM1	7	Likely pathogenic	Likely pathogenic
29873	RPE65	Leber Congenital Amaurosis/early onset Retinal Dystrophy VCEP	Pathogenic	PM3_Strong, PP3_Moderate, PP4_Moderate, PP1, PM2_Supporting	10	Pathogenic	Pathogenic
98846	RPE65	Leber Congenital Amaurosis/early onset Retinal Dystrophy VCEP	Likely pathogenic	PM3_Strong, PP3_Moderate, PP4_Moderate, PM2_Supporting	9	Likely pathogenic	Likely pathogenic
98848	RPE65	Leber Congenital Amaurosis/early onset Retinal Dystrophy VCEP	Likely pathogenic	PP3_Moderate, PP4_Moderate, PM3, PM2_Supporting	7	Likely pathogenic	Likely pathogenic
1369885	IL2RG	Severe Combined Immunodeficiency Disease  VCEP	Likely pathogenic	PVS1, PM2_Supporting	9	Likely pathogenic	Uncertain significance
379561	IL2RG	Severe Combined Immunodeficiency Disease  VCEP	Pathogenic	PP4_Moderate, PS4, PM2_Supporting	7	Likely pathogenic	Likely pathogenic
98835	RPE65	Leber Congenital Amaurosis/early onset Retinal Dystrophy VCEP	Pathogenic	PP3_Moderate, PS3_Supporting, PP4_Moderate, PM3, PM1, PM2_Supporting	10	Pathogenic	Likely pathogenic
973955	RPE65	Leber Congenital Amaurosis/early onset Retinal Dystrophy VCEP	Likely pathogenic	PVS1_Strong, PP4_Moderate, PM2_Supporting, PM3	9	Likely pathogenic	Likely pathogenic
964193	RPE65	Leber Congenital Amaurosis/early onset Retinal Dystrophy VCEP	Likely pathogenic	PP3_Moderate, PP4_Moderate, PM2_Supporting, PM3	7	Likely pathogenic	Likely pathogenic
467827	RPE65	Leber Congenital Amaurosis/early onset Retinal Dystrophy VCEP	Likely pathogenic	PM3_Strong, PP3_Moderate, PP4_Moderate, PM2_Supporting	9	Likely pathogenic	Likely pathogenic
1213912	RPE65	Leber Congenital Amaurosis/early onset Retinal Dystrophy VCEP	Likely pathogenic	PP3_Moderate, PP1_Moderate, PP4, PM3, PM2_Supporting	8	Likely pathogenic	Likely pathogenic
10019	IL2RG	Severe Combined Immunodeficiency Disease  VCEP	Pathogenic	PP4, PVS1, PM2_Supporting	10	Pathogenic	Pathogenic
941327	IL2RG	Severe Combined Immunodeficiency Disease  VCEP	Pathogenic	PP4, PVS1, PM2_Supporting	10	Pathogenic	Pathogenic
1339483	IL7R	Severe Combined Immunodeficiency Disease  VCEP	Pathogenic	PM3_Supporting, PVS1, PP4, PM2_Supporting	11	Pathogenic	Pathogenic
429640	GCK	Monogenic Diabetes VCEP	Uncertain significance	PM4, PM2_Supporting	3	Uncertain significance	Uncertain significance
908615	GCK	Monogenic Diabetes VCEP	Benign	BS4, PP2, BS2	-7	Benign	Benign
36169	GCK	Monogenic Diabetes VCEP	Likely pathogenic	PP4_Moderate, PP3, PM2_Supporting, PP1_Strong	8	Likely pathogenic	Likely pathogenic
-	GCK	Monogenic Diabetes VCEP	Uncertain significance	PM5_Supporting, PP2, PP3, PM2_Supporting	4	Uncertain significance	Uncertain significance
2691831	GCK	Monogenic Diabetes VCEP	Likely pathogenic	PP4_Moderate, PS1_Moderate, PP3, PM2_Supporting	6	Likely pathogenic	Likely pathogenic
-	GCK	Monogenic Diabetes VCEP	Uncertain significance	PM5_Supporting, PM1, PP2, PM2_Supporting	5	Uncertain significance	Uncertain significance
-	GCK	Monogenic Diabetes VCEP	Uncertain significance	PM5, PP2, PP3, PM2_Supporting	5	Uncertain significance	Uncertain significance
1335461	ADA	Severe Combined Immunodeficiency Disease  VCEP	Likely pathogenic	PVS1, PM2_Supporting	9	Likely pathogenic	Uncertain significance
287735	DCLRE1C	Severe Combined Immunodeficiency Disease  VCEP	Benign	BA1, BS2_Supporting	-1	Benign	Benign
879138	RAG1	Severe Combined Immunodeficiency Disease  VCEP	Likely benign	BS1	-4	Likely benign	Uncertain significance
456438	GAA	Lysosomal Diseases VCEP	Uncertain significance	PM3_Supporting, PP4_Moderate, PM2_Supporting	4	Uncertain significance	Uncertain significance
526525	GAA	Lysosomal Diseases VCEP	Uncertain significance	PM2_Supporting, BP4	0	Uncertain significance	Uncertain significance
439746	GAA	Lysosomal Diseases VCEP	Uncertain significance	PP3, PM2_Supporting	2	Uncertain significance	Uncertain significance
282242	GAA	Lysosomal Diseases VCEP	Uncertain significance	PM2_Supporting	1	Uncertain significance	Uncertain significance
284232	GAA	Lysosomal Diseases VCEP	Uncertain significance	PP3, PM2_Supporting	2	Uncertain significance	Uncertain significance
436771	SLC6A8	Cerebral Creatine Deficiency Syndromes VCEP	Benign	BA1	0	Benign	Benign
465141	SLC6A8	Cerebral Creatine Deficiency Syndromes VCEP	Likely pathogenic	BP4, PM2_Supporting, PP4_Strong, PS3_Supporting	5	Uncertain significance	Likely pathogenic
533700	SLC6A8	Cerebral Creatine Deficiency Syndromes VCEP	Likely pathogenic	PP3, PM2_Supporting, PP4_Strong	6	Likely pathogenic	Likely pathogenic
2683736	SLC6A8	Cerebral Creatine Deficiency Syndromes VCEP	Likely pathogenic	PM2_Supporting, PM4, PP4_Strong	7	Likely pathogenic	Likely pathogenic
-	SLC6A8	Cerebral Creatine Deficiency Syndromes VCEP	Likely pathogenic	PM2_Supporting, PM4, PP4_Strong, PS3_Supporting	8	Likely pathogenic	Likely pathogenic
2031214	SLC6A8	Cerebral Creatine Deficiency Syndromes VCEP	Pathogenic	PM2_Supporting, PS2, PP4_Strong, PVS1	17	Pathogenic	Pathogenic
-	SLC6A8	Cerebral Creatine Deficiency Syndromes VCEP	Uncertain significance	PM2_Supporting, PP4_Strong	5	Uncertain significance	Uncertain significance
-	SLC6A8	Cerebral Creatine Deficiency Syndromes VCEP	Uncertain significance	PP3, PM2_Supporting	2	Uncertain significance	Uncertain significance
917495	GATM	Cerebral Creatine Deficiency Syndromes VCEP	Uncertain significance	BP4, PM2_Supporting	0	Uncertain significance	Uncertain significance
917496	GATM	Cerebral Creatine Deficiency Syndromes VCEP	Uncertain significance	PM2_Supporting	1	Uncertain significance	Uncertain significance
36712	RAG1	Severe Combined Immunodeficiency Disease  VCEP	Uncertain significance	PM1_Supporting	1	Uncertain significance	Uncertain significance
583401	RAG1	Severe Combined Immunodeficiency Disease  VCEP	Uncertain significance		0	Uncertain significance	Uncertain significance
231277	ATM	Hereditary Breast, Ovarian and Pancreatic Cancer VCEP	Pathogenic	PM3_Strong, PVS1	12	Pathogenic	Pathogenic
135775	ATM	Hereditary Breast, Ovarian and Pancreatic Cancer VCEP	Pathogenic	PM2_Supporting, PM3_Supporting, PM5_Supporting, PVS1	11	Pathogenic	Pathogenic
181996	ATM	Hereditary Breast, Ovarian and Pancreatic Cancer VCEP	Likely pathogenic	PM2_Supporting, PP3, PM3_Strong	6	Likely pathogenic	Likely pathogenic
407515	ATM	Hereditary Breast, Ovarian and Pancreatic Cancer VCEP	Uncertain significance	PM2_Supporting, PP3, PM3	4	Uncertain significance	Uncertain significance
407510	ATM	Hereditary Breast, Ovarian and Pancreatic Cancer VCEP	Pathogenic	PM2_Supporting, PM3_Supporting, PM5_Supporting, PVS1	11	Pathogenic	Pathogenic
229794	ATM	Hereditary Breast, Ovarian and Pancreatic Cancer VCEP	Likely pathogenic	PS3_Moderate, PP3, PM3_Strong	7	Likely pathogenic	Likely pathogenic
127459	ATM	Hereditary Breast, Ovarian and Pancreatic Cancer VCEP	Likely pathogenic	PP3, PM3_Strong, PS3_Supporting	6	Likely pathogenic	Likely pathogenic
2921289	ATM	Hereditary Breast, Ovarian and Pancreatic Cancer VCEP	Uncertain significance	PM2_Supporting, BP4	0	Uncertain significance	Uncertain significance
569567	ATM	Hereditary Breast, Ovarian and Pancreatic Cancer VCEP	Pathogenic	PM2_Supporting, PM3_Very Strong, PM5_Supporting, PVS1	18	Pathogenic	Pathogenic
1713223	ATM	Hereditary Breast, Ovarian and Pancreatic Cancer VCEP	Pathogenic	PM2_Supporting, PM3, PM5_Supporting, PVS1	12	Pathogenic	Pathogenic
2921288	ATM	Hereditary Breast, Ovarian and Pancreatic Cancer VCEP	Uncertain significance	PM2_Supporting, PM3_Supporting	2	Uncertain significance	Uncertain significance
220121	ATM	Hereditary Breast, Ovarian and Pancreatic Cancer VCEP	Pathogenic	PM3_Very Strong, PM5_Supporting, PVS1	17	Pathogenic	Pathogenic
265634	ATM	Hereditary Breast, Ovarian and Pancreatic Cancer VCEP	Pathogenic	PM2_Supporting, PM3, PM5_Supporting, PVS1	12	Pathogenic	Pathogenic
127405	ATM	Hereditary Breast, Ovarian and Pancreatic Cancer VCEP	Pathogenic	PM3_Strong, PM5_Supporting, PVS1	13	Pathogenic	Pathogenic
141887	ATM	Hereditary Breast, Ovarian and Pancreatic Cancer VCEP	Pathogenic	PM2_Supporting, PM3, PM5_Supporting, PVS1	12	Pathogenic	Pathogenic
141474	ATM	Hereditary Breast, Ovarian and Pancreatic Cancer VCEP	Pathogenic	PM2_Supporting, PM3_Supporting, PM5_Supporting, PVS1	11	Pathogenic	Pathogenic
141742	ATM	Hereditary Breast, Ovarian and Pancreatic Cancer VCEP	Pathogenic	PM3_Strong, PM5_Supporting, PVS1	13	Pathogenic	Pathogenic
216021	ATM	Hereditary Breast, Ovarian and Pancreatic Cancer VCEP	Pathogenic	PM3_Very Strong, PM5_Supporting, PVS1	17	Pathogenic	Pathogenic
556315	ATM	Hereditary Breast, Ovarian and Pancreatic Cancer VCEP	Pathogenic	PM2_Supporting, PM3_Strong, PM5_Supporting, PVS1	14	Pathogenic	Pathogenic
127463	ATM	Hereditary Breast, Ovarian and Pancreatic Cancer VCEP	Pathogenic	PM3_Strong, PVS1	12	Pathogenic	Pathogenic
989764	DCLRE1C	Severe Combined Immunodeficiency Disease  VCEP	Uncertain significance	PM2_Supporting	1	Uncertain significance	Uncertain significance
1515797	DCLRE1C	Severe Combined Immunodeficiency Disease  VCEP	Uncertain significance	PM2_Supporting	1	Uncertain significance	Uncertain significance
1057857	DCLRE1C	Severe Combined Immunodeficiency Disease  VCEP	Uncertain significance	PM2_Supporting	1	Uncertain significance	Uncertain significance
522770	DCLRE1C	Severe Combined Immunodeficiency Disease  VCEP	Uncertain significance		0	Uncertain significance	Uncertain significance
1015913	DCLRE1C	Severe Combined Immunodeficiency Disease  VCEP	Uncertain significance	PM2_Supporting	1	Uncertain significance	Uncertain significance
847561	DCLRE1C	Severe Combined Immunodeficiency Disease  VCEP	Uncertain significance	PM2_Supporting	1	Uncertain significance	Uncertain significance
2440718	DCLRE1C	Severe Combined Immunodeficiency Disease  VCEP	Uncertain significance	PM2_Supporting	1	Uncertain significance	Uncertain significance
877154	DCLRE1C	Severe Combined Immunodeficiency Disease  VCEP	Uncertain significance	PM2_Supporting	1	Uncertain significance	Uncertain significance
1438768	DCLRE1C	Severe Combined Immunodeficiency Disease  VCEP	Uncertain significance	PM2_Supporting	1	Uncertain significance	Uncertain significance
968725	DCLRE1C	Severe Combined Immunodeficiency Disease  VCEP	Uncertain significance		0	Uncertain significance	Uncertain significance
2199693	DCLRE1C	Severe Combined Immunodeficiency Disease  VCEP	Uncertain significance		0	Uncertain significance	Uncertain significance
633185	DCLRE1C	Severe Combined Immunodeficiency Disease  VCEP	Uncertain significance	PM2_Supporting	1	Uncertain significance	Uncertain significance
1515264	DCLRE1C	Severe Combined Immunodeficiency Disease  VCEP	Uncertain significance	PM2_Supporting	1	Uncertain significance	Uncertain significance
655337	DCLRE1C	Severe Combined Immunodeficiency Disease  VCEP	Uncertain significance	PM2_Supporting	1	Uncertain significance	Uncertain significance
1434035	DCLRE1C	Severe Combined Immunodeficiency Disease  VCEP	Uncertain significance	PM2_Supporting	1	Uncertain significance	Uncertain significance
536367	DCLRE1C	Severe Combined Immunodeficiency Disease  VCEP	Uncertain significance		0	Uncertain significance	Uncertain significance
648095	DCLRE1C	Severe Combined Immunodeficiency Disease  VCEP	Uncertain significance	PM2_Supporting	1	Uncertain significance	Uncertain significance
-	GCK	Monogenic Diabetes VCEP	Uncertain significance	PM2_Supporting, BP4	0	Uncertain significance	Uncertain significance
281715	RPE65	Leber Congenital Amaurosis/early onset Retinal Dystrophy VCEP	Pathogenic	PM3_Strong, PP3_Moderate, PP4, PP1, PM2_Supporting, PM1	11	Pathogenic	Pathogenic
98889	RPE65	Leber Congenital Amaurosis/early onset Retinal Dystrophy VCEP	Pathogenic	PM3_Strong, PP3_Moderate, PS3_Supporting, PP4_Moderate, PM2_Supporting	10	Pathogenic	Pathogenic
1069898	RPE65	Leber Congenital Amaurosis/early onset Retinal Dystrophy VCEP	Pathogenic	PM3_Strong, PP3_Moderate, PS3_Supporting, PP4, PP1, PM2_Supporting	10	Pathogenic	Pathogenic
98888	RPE65	Leber Congenital Amaurosis/early onset Retinal Dystrophy VCEP	Likely pathogenic	PS3_Supporting, PP4_Moderate, PP3, PM3, PM2_Supporting	7	Likely pathogenic	Likely pathogenic
658837	RPE65	Leber Congenital Amaurosis/early onset Retinal Dystrophy VCEP	Likely pathogenic	PM4_Supporting, PM3_Strong, PP1, PP4, PM2_Supporting	8	Likely pathogenic	Likely pathogenic
421620	RPE65	Leber Congenital Amaurosis/early onset Retinal Dystrophy VCEP	Likely pathogenic	PP3_Moderate, PM3_Supporting, PP4_Moderate, PM2_Supporting	6	Likely pathogenic	Likely pathogenic
870342	RPE65	Leber Congenital Amaurosis/early onset Retinal Dystrophy VCEP	Uncertain significance	PM2_Supporting	1	Uncertain significance	Uncertain significance
962032	RPE65	Leber Congenital Amaurosis/early onset Retinal Dystrophy VCEP	Uncertain significance	PP3_Moderate, PM2_Supporting	3	Uncertain significance	Uncertain significance
298021	RPE65	Leber Congenital Amaurosis/early onset Retinal Dystrophy VCEP	Uncertain significance	PM2_Supporting	1	Uncertain significance	Uncertain significance
876133	RPE65	Leber Congenital Amaurosis/early onset Retinal Dystrophy VCEP	Uncertain significance		0	Uncertain significance	Uncertain significance
1026379	RPE65	Leber Congenital Amaurosis/early onset Retinal Dystrophy VCEP	Uncertain significance	PM2_Supporting	1	Uncertain significance	Uncertain significance
874234	RPE65	Leber Congenital Amaurosis/early onset Retinal Dystrophy VCEP	Uncertain significance	PM2_Supporting	1	Uncertain significance	Uncertain significance
767213	RPE65	Leber Congenital Amaurosis/early onset Retinal Dystrophy VCEP	Likely benign	BP4, BS1	-5	Likely benign	Likely benign
767598	RPE65	Leber Congenital Amaurosis/early onset Retinal Dystrophy VCEP	Likely benign	BP4, BP7, BS1	-6	Likely benign	Likely benign
789504	RPE65	Leber Congenital Amaurosis/early onset Retinal Dystrophy VCEP	Likely benign	BS1	-4	Likely benign	Uncertain significance
627224	SERPINC1	Thrombosis VCEP	Uncertain significance	PP3, PS4_Supporting, PM2_Supporting, PM5_Supporting	4	Uncertain significance	Uncertain significance
1170692	SERPINC1	Thrombosis VCEP	Likely pathogenic	PP4, BP4, PS4, PS3_Supporting	5	Uncertain significance	Likely pathogenic
529741	SERPINC1	Thrombosis VCEP	Uncertain significance	PP3, PM2_Supporting, PM5	4	Uncertain significance	Uncertain significance
18004	SERPINC1	Thrombosis VCEP	Pathogenic	PP3, PP4, PM1, PM5, PS4, PP1_Strong	14	Pathogenic	Pathogenic
870846	SERPINC1	Thrombosis VCEP	Likely benign	BP4, BS1	-5	Likely benign	Likely benign
-	SERPINC1	Thrombosis VCEP	Uncertain significance	PP3, PM2_Supporting	2	Uncertain significance	Uncertain significance
-	SERPINC1	Thrombosis VCEP	Uncertain significance	PP3, PS4_Supporting, PM2_Supporting	3	Uncertain significance	Uncertain significance
-	SERPINC1	Thrombosis VCEP	Pathogenic	PP3, PS4, PP1_Strong	9	Likely pathogenic	Pathogenic
1954374	SERPINC1	Thrombosis VCEP	Uncertain significance	PM2, BP4, BP7	0	Uncertain significance	Likely benign
36232	GCK	Monogenic Diabetes VCEP	Uncertain significance	PP4_Moderate, PM5_Supporting, PP2, PM2_Supporting	5	Uncertain significance	Uncertain significance
198416	RPE65	Leber Congenital Amaurosis/early onset Retinal Dystrophy VCEP	Likely benign	BS1	-4	Likely benign	Uncertain significance
92859	RPE65	Leber Congenital Amaurosis/early onset Retinal Dystrophy VCEP	Likely benign	BA1, PP3_Moderate	2	Benign	Benign
1146046	RPE65	Leber Congenital Amaurosis/early onset Retinal Dystrophy VCEP	Likely benign	BP4, BP7, PM2_Supporting	-1	Likely benign	Likely benign
772770	RPE65	Leber Congenital Amaurosis/early onset Retinal Dystrophy VCEP	Likely benign	BS1, PP3	-3	Likely benign	Uncertain significance
1213917	RPE65	Leber Congenital Amaurosis/early onset Retinal Dystrophy VCEP	Pathogenic	PP1_Moderate, PVS1, PP4, PM2_Supporting	12	Pathogenic	Pathogenic
13118	RPE65	Leber Congenital Amaurosis/early onset Retinal Dystrophy VCEP	Pathogenic	PM3_Strong, PP1_Strong, PP3_Moderate, PP4_Moderate, PM2_Supporting	13	Pathogenic	Pathogenic
98860	RPE65	Leber Congenital Amaurosis/early onset Retinal Dystrophy VCEP	Pathogenic	PVS1, PM2_Supporting, PM3	11	Pathogenic	Pathogenic
98863	RPE65	Leber Congenital Amaurosis/early onset Retinal Dystrophy VCEP	Pathogenic	PM3_Supporting, PVS1, PP1, PP4, PM2_Supporting	12	Pathogenic	Pathogenic
2110257	RPE65	Leber Congenital Amaurosis/early onset Retinal Dystrophy VCEP	Pathogenic	PVS1, PP4, PM2_Supporting	10	Pathogenic	Pathogenic
372493	RPE65	Leber Congenital Amaurosis/early onset Retinal Dystrophy VCEP	Pathogenic	PM3_Supporting, PVS1, PP4, PM2_Supporting	11	Pathogenic	Pathogenic
98898	RPE65	Leber Congenital Amaurosis/early onset Retinal Dystrophy VCEP	Pathogenic	PVS1, PP4, PM2_Supporting	10	Pathogenic	Pathogenic
559521	RPE65	Leber Congenital Amaurosis/early onset Retinal Dystrophy VCEP	Pathogenic	PP4_Moderate, PVS1, PM2_Supporting	11	Pathogenic	Pathogenic
427864	RPE65	Leber Congenital Amaurosis/early onset Retinal Dystrophy VCEP	Pathogenic	PM3_Strong, PP4_Moderate, PVS1, PP1, PM2_Supporting	16	Pathogenic	Pathogenic
29870	RPE65	Leber Congenital Amaurosis/early onset Retinal Dystrophy VCEP	Pathogenic	PP3_Moderate, PP1, PM3_Very Strong, PM2_Supporting	12	Pathogenic	Pathogenic
29872	RPE65	Leber Congenital Amaurosis/early onset Retinal Dystrophy VCEP	Pathogenic	PP4_Moderate, PVS1, PM2_Supporting	11	Pathogenic	Pathogenic
374497	RPE65	Leber Congenital Amaurosis/early onset Retinal Dystrophy VCEP	Pathogenic	PVS1, PP4, PM2_Supporting	10	Pathogenic	Pathogenic
744318	RPE65	Leber Congenital Amaurosis/early onset Retinal Dystrophy VCEP	Pathogenic	PVS1, PM3, PM2_Supporting	11	Pathogenic	Pathogenic
560497	RPE65	Leber Congenital Amaurosis/early onset Retinal Dystrophy VCEP	Likely pathogenic	PP3_Moderate, PS3_Supporting, PM5_Supporting, PP4, PM2_Supporting, PM3	8	Likely pathogenic	Likely pathogenic
-	ITGB3	Platelet Disorders VCEP	Pathogenic	PM3_Supporting, PVS1, PP4_Moderate, PM2_Supporting	12	Pathogenic	Pathogenic
-	ITGB3	Platelet Disorders VCEP	Pathogenic	PM3_Supporting, PVS1, PM2_Supporting	10	Pathogenic	Pathogenic
-	ITGA2B	Platelet Disorders VCEP	Likely pathogenic	PVS1_Moderate, PP4_Moderate, PS3_Moderate, PM2_Supporting	7	Likely pathogenic	Likely pathogenic
323871	ITGB3	Platelet Disorders VCEP	Likely benign	BP4, BP7, PM2_Supporting	-1	Likely benign	Likely benign
98826	RPE65	Leber Congenital Amaurosis/early onset Retinal Dystrophy VCEP	Pathogenic	PM3_Strong, PP3_Moderate, PP4_Moderate, PP1, PM2_Supporting, PM5	12	Pathogenic	Pathogenic
-	ITGA2B	Platelet Disorders VCEP	Pathogenic	PM3_Supporting, PP4_Moderate, PVS1, PM2_Supporting	12	Pathogenic	Pathogenic
323557	ITGA2B	Platelet Disorders VCEP	Likely benign	BP4, BP7	-2	Likely benign	Likely benign
3242391	ITGA2B	Platelet Disorders VCEP	Pathogenic	PM3, PVS1, PM2_Supporting	11	Pathogenic	Pathogenic
323563	ITGA2B	Platelet Disorders VCEP	Likely benign	BP7, BS1	-5	Likely benign	Likely benign
1677036	ITGA2B	Platelet Disorders VCEP	Uncertain significance		0	Uncertain significance	Uncertain significance
-	RPE65	Leber Congenital Amaurosis/early onset Retinal Dystrophy VCEP	Pathogenic	PP1_Strong, PVS1, PM2_Supporting	13	Pathogenic	Pathogenic
-	RPE65	Leber Congenital Amaurosis/early onset Retinal Dystrophy VCEP	Likely benign	BP4, BP7, PM2_Supporting	-1	Likely benign	Likely benign
-	RPE65	Leber Congenital Amaurosis/early onset Retinal Dystrophy VCEP	Pathogenic	PVS1, PP1, PP4, PM2_Supporting, PM3	13	Pathogenic	Pathogenic
3024117	RPE65	Leber Congenital Amaurosis/early onset Retinal Dystrophy VCEP	Likely pathogenic	PM3_Strong, PP3_Moderate, PP4, PP1, PM2_Supporting	9	Likely pathogenic	Likely pathogenic
801497	RPE65	Leber Congenital Amaurosis/early onset Retinal Dystrophy VCEP	Pathogenic	PP3_Moderate, PP1_Strong, PP4, PM2_Supporting, PM3	10	Pathogenic	Pathogenic
1117757	RPE65	Leber Congenital Amaurosis/early onset Retinal Dystrophy VCEP	Uncertain significance	PM2_Supporting	1	Uncertain significance	Uncertain significance
1468758	RPE65	Leber Congenital Amaurosis/early onset Retinal Dystrophy VCEP	Pathogenic	PVS1, PP4, PM2_Supporting	10	Pathogenic	Pathogenic
875116	RPE65	Leber Congenital Amaurosis/early onset Retinal Dystrophy VCEP	Uncertain significance	BP4, PM2_Supporting	0	Uncertain significance	Uncertain significance
13120	RPE65	Leber Congenital Amaurosis/early onset Retinal Dystrophy VCEP	Pathogenic	PM3_Strong, PP3_Moderate, PS3_Supporting, PP4_Moderate, PM2_Supporting	10	Pathogenic	Pathogenic
1438062	ITGB3	Platelet Disorders VCEP	Uncertain significance	PVS1_Moderate, PM2_Supporting	3	Uncertain significance	Uncertain significance
-	RPE65	Leber Congenital Amaurosis/early onset Retinal Dystrophy VCEP	Pathogenic	PVS1, PM2_Supporting, PM3	11	Pathogenic	Pathogenic
98857	RPE65	Leber Congenital Amaurosis/early onset Retinal Dystrophy VCEP	Pathogenic	PM3_Strong, PS3_Supporting, PP4_Moderate, PP1, PP3, PM2_Supporting	10	Pathogenic	Pathogenic
1030779	ITGA2B	Platelet Disorders VCEP	Uncertain significance	PM2_Supporting	1	Uncertain significance	Uncertain significance
1068757	RPE65	Leber Congenital Amaurosis/early onset Retinal Dystrophy VCEP	Pathogenic	PM3_Strong, PP3_Moderate, PP4_Moderate, PP1, PM2_Supporting	10	Pathogenic	Pathogenic
-	RPE65	Leber Congenital Amaurosis/early onset Retinal Dystrophy VCEP	Pathogenic	PVS1, PP4, PM2_Supporting	10	Pathogenic	Pathogenic
870343	RPE65	Leber Congenital Amaurosis/early onset Retinal Dystrophy VCEP	Pathogenic	PVS1, PP4, PM3, PM2_Supporting	12	Pathogenic	Pathogenic
98866	RPE65	Leber Congenital Amaurosis/early onset Retinal Dystrophy VCEP	Pathogenic	PM3_Supporting, PVS1, PM2_Supporting	10	Pathogenic	Pathogenic
-	RPE65	Leber Congenital Amaurosis/early onset Retinal Dystrophy VCEP	Pathogenic	PVS1, PP4, PM2_Supporting	10	Pathogenic	Pathogenic
488726	RAG2	Severe Combined Immunodeficiency Disease  VCEP	Uncertain significance	PM2_Supporting, PVS1_Supporting, PM1_Supporting	3	Uncertain significance	Uncertain significance
1901178	RAG2	Severe Combined Immunodeficiency Disease  VCEP	Uncertain significance	PM2_Supporting, PM1_Supporting	2	Uncertain significance	Uncertain significance
984454	ADA	Severe Combined Immunodeficiency Disease  VCEP	Pathogenic	PP4_Moderate, PVS1, PM2_Supporting	11	Pathogenic	Pathogenic
933853	JAK3	Severe Combined Immunodeficiency Disease  VCEP	Uncertain significance	PM2_Supporting	1	Uncertain significance	Uncertain significance
1459771	JAK3	Severe Combined Immunodeficiency Disease  VCEP	Pathogenic	PM3, PVS1, PP4, PM2_Supporting	12	Pathogenic	Pathogenic
863482	JAK3	Severe Combined Immunodeficiency Disease  VCEP	Uncertain significance	PM2_Supporting	1	Uncertain significance	Uncertain significance
519783	FBN1	FBN1 VCEP	Likely pathogenic	PP4, PP2, PP3, PS4_Supporting, PM1	6	Likely pathogenic	Likely pathogenic
632819	FBN1	FBN1 VCEP	Pathogenic	PM1_Strong, PP4, PP2, PP3, PM2_Supporting, PS4_Moderate	10	Pathogenic	Pathogenic
495629	FBN1	FBN1 VCEP	Pathogenic	PP1, PP2, PP4, PM2_Supporting, PS4, PM1	10	Pathogenic	Pathogenic
42391	FBN1	FBN1 VCEP	Likely pathogenic	PM1_Strong, PP2, PP3, PM2_Supporting	7	Likely pathogenic	Likely pathogenic
547334	FBN1	FBN1 VCEP	Pathogenic	PM6_Supporting, PP4, PP1, PM2_Supporting, PS4_Supporting, PVS1	13	Pathogenic	Pathogenic
570737	FBN1	FBN1 VCEP	Likely pathogenic	PP4, PP2, PP3, PS4_Supporting, PM2_Supporting, PM1	7	Likely pathogenic	Likely pathogenic
638559	FBN1	FBN1 VCEP	Pathogenic	PM1_Strong, PP4, PP2, PP3, PM2_Supporting, PM6, PS4_Moderate	12	Pathogenic	Pathogenic
263898	FBN1	FBN1 VCEP	Likely pathogenic	PM1_Strong, PP2, PP3, PM2_Supporting	7	Likely pathogenic	Likely pathogenic
200167	FBN1	FBN1 VCEP	Uncertain significance	PP3	1	Uncertain significance	Uncertain significance
1746353	GCK	Monogenic Diabetes VCEP	Uncertain significance	PM5_Supporting, PP2, PP3, PM2_Supporting	4	Uncertain significance	Uncertain significance
1679555	GCK	Monogenic Diabetes VCEP	Uncertain significance	PM5_Supporting, PP2, PP3, PP4, PM2_Supporting	5	Uncertain significance	Uncertain significance
21075	GCK	Monogenic Diabetes VCEP	Pathogenic	PVS1, PM3, PM2_Supporting, PP1_Strong	15	Pathogenic	Pathogenic
-	GCK	Monogenic Diabetes VCEP	Pathogenic	PS1, PS4, PP4_Moderate, PP2, PP3, PM2_Supporting, PP1_Strong	17	Pathogenic	Pathogenic
1746350	GCK	Monogenic Diabetes VCEP	Likely pathogenic	PS4_Moderate, PM5_Supporting, PS2_Moderate, PP2, PP3, PP4, PM2_Supporting	9	Likely pathogenic	Likely pathogenic
198050	GCK	Monogenic Diabetes VCEP	Pathogenic	PS4_Moderate, PP4_Moderate, PP2, PM2_Supporting, PP1_Strong	10	Pathogenic	Pathogenic
-	GCK	Monogenic Diabetes VCEP	Pathogenic	PS4, PM4_Supporting, PP4_Moderate, PP1_Moderate, PM2_Supporting	10	Pathogenic	Pathogenic
-	HNF4A	Monogenic Diabetes VCEP	Uncertain significance	PS3_Supporting, PP3, PM2_Supporting, PM1	5	Uncertain significance	Uncertain significance
13136	RAG2	Severe Combined Immunodeficiency Disease  VCEP	Pathogenic	PP1_Moderate, PP4, PS3_Moderate, PM2_Supporting, PM3_Strong, PM1_Supporting	11	Pathogenic	Pathogenic
418449	RAG1	Severe Combined Immunodeficiency Disease  VCEP	Uncertain significance	PM2_Supporting, PM1_Supporting	2	Uncertain significance	Uncertain significance
1050623	RAG1	Severe Combined Immunodeficiency Disease  VCEP	Uncertain significance	PM2_Supporting, PM1_Supporting	2	Uncertain significance	Uncertain significance
551588	ACADVL	ACADVL VCEP	Likely pathogenic	PP4_Moderate, PM2, PP3, PM3_Strong	9	Likely pathogenic	Likely pathogenic
941268	ACADVL	ACADVL VCEP	Likely pathogenic	PP4_Moderate, PM3_Strong, PVS1_Moderate	8	Likely pathogenic	Likely pathogenic
449935	ACADVL	ACADVL VCEP	Uncertain significance	PP3, PM2_Supporting	2	Uncertain significance	Uncertain significance
166640	ACADVL	ACADVL VCEP	Likely benign	BP7, PM2_Supporting, BP4	-1	Likely benign	Likely benign
203597	ACADVL	ACADVL VCEP	Uncertain significance	PP4_Moderate, PM4, PM2_Supporting	5	Uncertain significance	Uncertain significance
617950	ACADVL	ACADVL VCEP	Uncertain significance	PP3, PM2_Supporting	2	Uncertain significance	Uncertain significance
-	GCK	Monogenic Diabetes VCEP	Pathogenic	PS4_Moderate, PP4_Moderate, PP2, PP3, PM2_Supporting, PP1_Strong	11	Pathogenic	Pathogenic
36182	GCK	Monogenic Diabetes VCEP	Pathogenic	PS4_Moderate, PP4_Moderate, PM5, PP2, PP3, PM2_Supporting, PP1_Strong	13	Pathogenic	Pathogenic
36181	GCK	Monogenic Diabetes VCEP	Likely pathogenic	PM5_Strong, PP2, PP3, PP4, PM2_Supporting	8	Likely pathogenic	Likely pathogenic
236014	GCK	Monogenic Diabetes VCEP	Pathogenic	PS4, PP4_Moderate, PP2, PP3, PM2_Supporting, PS3_Moderate, PP1_Strong	15	Pathogenic	Pathogenic
-	GCK	Monogenic Diabetes VCEP	Likely pathogenic	PP1_Moderate, PM5, PP2, PP3, PM2_Supporting	7	Likely pathogenic	Likely pathogenic
-	GCK	Monogenic Diabetes VCEP	Likely pathogenic	PS4_Moderate, PM2, PP4_Moderate, PM5_Supporting, PP2, PP3	9	Likely pathogenic	Likely pathogenic
39759	GCK	Monogenic Diabetes VCEP	Likely pathogenic	PP4_Moderate, PP1_Moderate, PP2, PP3, PM2_Supporting	7	Likely pathogenic	Likely pathogenic
1685327	GCK	Monogenic Diabetes VCEP	Uncertain significance	PM5_Supporting, PP2, PP3, PM2_Supporting	4	Uncertain significance	Uncertain significance
16134	GCK	Monogenic Diabetes VCEP	Pathogenic	PS4, PS2, PP4_Moderate, PS3_Supporting, PM1, PP2, PP3, PM2_Supporting, PM3_Supporting, PP1_Strong	21	Pathogenic	Pathogenic
393450	GCK	Monogenic Diabetes VCEP	Pathogenic	PS4, PM5_Supporting, PP2, PP3, PP1, PS3_Moderate, PM2_Supporting	11	Pathogenic	Pathogenic
-	GCK	Monogenic Diabetes VCEP	Pathogenic	PM5_Strong, PP4_Moderate, PP1_Moderate, PM1, PP2, PP3, PM2_Supporting	13	Pathogenic	Pathogenic
447413	GCK	Monogenic Diabetes VCEP	Pathogenic	PS4, PM5_Supporting, PM1, PP2, PP3, PM2_Supporting	10	Pathogenic	Pathogenic
-	GCK	Monogenic Diabetes VCEP	Pathogenic	PM5_Strong, PP4_Moderate, PM1, PP2, PP3, PM2_Supporting	11	Pathogenic	Pathogenic
585924	GCK	Monogenic Diabetes VCEP	Pathogenic	PS4, PVS1, PM2_Supporting	13	Pathogenic	Pathogenic
36241	GCK	Monogenic Diabetes VCEP	Pathogenic	PS4, PP4_Moderate, PP2, PP3, PM2_Supporting, PP1_Strong	13	Pathogenic	Pathogenic
1704126	GCK	Monogenic Diabetes VCEP	Likely pathogenic	PS4_Moderate, PP4_Moderate, PP2, PP3, PS3_Moderate, PM2_Supporting	9	Likely pathogenic	Likely pathogenic
-	GCK	Monogenic Diabetes VCEP	Likely pathogenic	PM5_Supporting, PP2, PP3, PM2_Supporting, PP1_Strong	8	Likely pathogenic	Likely pathogenic
690481	DICER1	DICER1 and miRNA-Processing Gene VCEP	Likely pathogenic	PS3_Supporting, PP4, PM2_Supporting, PS4_Supporting, PM4	6	Likely pathogenic	Likely pathogenic
825804	DICER1	DICER1 and miRNA-Processing Gene VCEP	Likely pathogenic	PP3, PP4, PM2_Supporting, PS4_Supporting, PS3	8	Likely pathogenic	Likely pathogenic
480386	PTEN	PTEN VCEP	Uncertain significance	BP4, PS3_Supporting, PM6, PM2_Supporting, PP2	4	Uncertain significance	Uncertain significance
492727	PTEN	PTEN VCEP	Pathogenic	PM2_Supporting, PS3_Moderate, PM6_Strong, PS4_Supporting, PP2, PP3	10	Pathogenic	Pathogenic
-	PTEN	PTEN VCEP	Uncertain significance	PM2_Supporting, PP2, PP3, PP1	4	Uncertain significance	Uncertain significance
936561	PTEN	PTEN VCEP	Pathogenic	PS2_Very Strong, PM2_Supporting, PS3_Moderate, PP2, PP3	13	Pathogenic	Pathogenic
1691744	PTEN	PTEN VCEP	Likely pathogenic	BS3_Supporting, PS2, PS4_Moderate, PM2_Supporting, PP2, PP3	8	Likely pathogenic	Likely pathogenic
1182096	PTEN	PTEN VCEP	Pathogenic	PS3, PS2, PM2_Supporting, PP3	10	Pathogenic	Pathogenic
189481	PTEN	PTEN VCEP	Uncertain significance	PS3_Moderate, PM2_Supporting, PP3	4	Uncertain significance	Uncertain significance
468680	PTEN	PTEN VCEP	Likely pathogenic	PM5, PM1, PM2_Supporting, PS3_Moderate, PP2, PP3	9	Likely pathogenic	Likely pathogenic
967900	RAG1	Severe Combined Immunodeficiency Disease  VCEP	Pathogenic	PM2_Supporting, PS3_Moderate, PVS1	11	Pathogenic	Pathogenic
13141	RAG1	Severe Combined Immunodeficiency Disease  VCEP	Likely pathogenic	PM2_Supporting, PVS1	9	Likely pathogenic	Uncertain significance
2019436	RAG2	Severe Combined Immunodeficiency Disease  VCEP	Likely pathogenic	PP4, PM2_Supporting, PVS1_Supporting, PM3, PM1_Supporting	6	Likely pathogenic	Likely pathogenic
936307	RAG1	Severe Combined Immunodeficiency Disease  VCEP	Uncertain significance	PP4, PM2_Supporting, PS3_Supporting	3	Uncertain significance	Uncertain significance
-	GCK	Monogenic Diabetes VCEP	Likely pathogenic	PM2, PP4_Moderate, PM5_Supporting, PP2, PP3	7	Likely pathogenic	Likely pathogenic
435307	GCK	Monogenic Diabetes VCEP	Likely pathogenic	PP4_Moderate, PM2, PM5_Supporting, PP2, PP3	7	Likely pathogenic	Likely pathogenic
-	ITGA2B	Platelet Disorders VCEP	Pathogenic	PM3_Supporting, PVS1, PP4_Moderate, PM2_Supporting	12	Pathogenic	Pathogenic
323558	ITGA2B	Platelet Disorders VCEP	Uncertain significance	PM2_Supporting	1	Uncertain significance	Uncertain significance
-	ITGA2B	Platelet Disorders VCEP	Pathogenic	PS3, PP1_Moderate, PP4_Moderate, PP3, PM2_Supporting	10	Pathogenic	Pathogenic
892303	ITGA2B	Platelet Disorders VCEP	Uncertain significance	BP4	-1	Likely benign	Uncertain significance
-	ITGB3	Platelet Disorders VCEP	Likely pathogenic	PM3_Supporting, PM5_Supporting, PP4_Moderate, PP3, PM2_Supporting	6	Likely pathogenic	Likely pathogenic
891087	ITGA2B	Platelet Disorders VCEP	Uncertain significance	BP4, PM2_Supporting	0	Uncertain significance	Uncertain significance
627063	ITGA2B	Platelet Disorders VCEP	Likely pathogenic	PVS1, PM2_Supporting	9	Likely pathogenic	Uncertain significance
654335	DCLRE1C	Severe Combined Immunodeficiency Disease  VCEP	Uncertain significance	PM2_Supporting	1	Uncertain significance	Uncertain significance
952576	DCLRE1C	Severe Combined Immunodeficiency Disease  VCEP	Uncertain significance	PM3, PP4_Moderate, PM2_Supporting	5	Uncertain significance	Uncertain significance
4673	DCLRE1C	Severe Combined Immunodeficiency Disease  VCEP	Pathogenic	PM3, PVS1, PP4_Moderate, PM2_Supporting, PS3_Moderate	15	Pathogenic	Pathogenic
1322192	DCLRE1C	Severe Combined Immunodeficiency Disease  VCEP	Pathogenic	PVS1, PM2_Supporting, PS3_Moderate	11	Pathogenic	Pathogenic
791080	DCLRE1C	Severe Combined Immunodeficiency Disease  VCEP	Likely benign	BS1	-4	Likely benign	Uncertain significance
657472	DCLRE1C	Severe Combined Immunodeficiency Disease  VCEP	Pathogenic	PM3_Supporting, PVS1, PM2_Supporting, PP4	11	Pathogenic	Pathogenic
2136850	DCLRE1C	Severe Combined Immunodeficiency Disease  VCEP	Pathogenic	PVS1, PS3_Moderate, PM2_Supporting, PP4	12	Pathogenic	Pathogenic
852821	DCLRE1C	Severe Combined Immunodeficiency Disease  VCEP	Pathogenic	PVS1, PM2_Supporting, PP4	10	Pathogenic	Pathogenic
2150998	DCLRE1C	Severe Combined Immunodeficiency Disease  VCEP	Uncertain significance	PM2_Supporting	1	Uncertain significance	Uncertain significance
1041357	DCLRE1C	Severe Combined Immunodeficiency Disease  VCEP	Uncertain significance	PM2_Supporting	1	Uncertain significance	Uncertain significance
556878	PAH	Phenylketonuria VCEP	Uncertain significance	PM3, PS3_Supporting, PP4, PM2_Supporting	5	Uncertain significance	Uncertain significance
225196	IL2RG	Severe Combined Immunodeficiency Disease  VCEP	Pathogenic	PP4_Moderate, PS4, PM2_Supporting, PM5, PS3_Supporting, PM1_Strong	14	Pathogenic	Pathogenic
225194	IL2RG	Severe Combined Immunodeficiency Disease  VCEP	Pathogenic	PP4, PS4, PM2_Supporting, PS3_Supporting, PM1_Strong	11	Pathogenic	Pathogenic
947759	IL2RG	Severe Combined Immunodeficiency Disease  VCEP	Pathogenic	PVS1, PS1, PM2_Supporting	13	Pathogenic	Pathogenic
-	IL2RG	Severe Combined Immunodeficiency Disease  VCEP	Pathogenic	PP4, PVS1, PM2_Supporting	10	Pathogenic	Pathogenic
3028906	ATM	Hereditary Breast, Ovarian and Pancreatic Cancer VCEP	Pathogenic	PM2_Supporting, PM3_Supporting, PM5_Supporting, PVS1	11	Pathogenic	Pathogenic
3028907	ATM	Hereditary Breast, Ovarian and Pancreatic Cancer VCEP	Pathogenic	PM2_Supporting, PM3_Strong, PM5_Supporting, PVS1	14	Pathogenic	Pathogenic
585919	GCK	Monogenic Diabetes VCEP	Likely pathogenic	PP1_Moderate, PM5_Supporting, PP2, PP3, PP4, PM2_Supporting	7	Likely pathogenic	Likely pathogenic
973191	GCK	Monogenic Diabetes VCEP	Pathogenic	PVS1, PP4, PM2_Supporting, PM3_Supporting	11	Pathogenic	Pathogenic
207546	TCF4	Rett and Angelman-like Disorders VCEP	Likely benign	BP5, BS2, BP4	-6	Likely benign	Likely benign
95190	MECP2	Rett and Angelman-like Disorders VCEP	Benign	BA1	0	Benign	Benign
36496	MECP2	Rett and Angelman-like Disorders VCEP	Benign	BS2, PP3, BP5, BS1	-8	Benign	Benign
447397	GCK	Monogenic Diabetes VCEP	Pathogenic	PS4, PP1_Moderate, PP2, PP3, PP4, PM2_Supporting	10	Pathogenic	Pathogenic
522504	GCK	Monogenic Diabetes VCEP	Uncertain significance	PM5, PP2, PP3, PM2_Supporting	5	Uncertain significance	Uncertain significance
162369	MT-TA	Mitochondrial Diseases VCEP	Uncertain significance	PM2_Supporting	1	Uncertain significance	Uncertain significance
9654	MT-CO3	Mitochondrial Diseases VCEP	Likely pathogenic	PM2_Supporting, PVS1_Strong, PS3_Supporting	6	Likely pathogenic	Likely pathogenic
9669	MT-CO1	Mitochondrial Diseases VCEP	Likely pathogenic	PM2_Supporting, PVS1_Strong, PS3_Supporting	6	Likely pathogenic	Likely pathogenic
9668	MT-CO1	Mitochondrial Diseases VCEP	Likely pathogenic	PM2_Supporting, PM6_Supporting, PVS1_Strong, PS3_Supporting	7	Likely pathogenic	Likely pathogenic
-	GCK	Monogenic Diabetes VCEP	Pathogenic	PVS1, PP1, PM2_Supporting	10	Pathogenic	Pathogenic
407115	ENG	Hereditary Hemorrhagic Telangiectasia VCEP	Pathogenic	PS4, PS3, PM2_Supporting, PP1, PP4_Moderate	12	Pathogenic	Pathogenic
435060	ENG	Hereditary Hemorrhagic Telangiectasia VCEP	Likely pathogenic	PS4, PM2_Supporting, PS3_Supporting, PP4_Moderate	8	Likely pathogenic	Likely pathogenic
282707	ENG	Hereditary Hemorrhagic Telangiectasia VCEP	Uncertain significance		0	Uncertain significance	Uncertain significance
213200	ENG	Hereditary Hemorrhagic Telangiectasia VCEP	Benign	BA1, BP5	-1	Benign	Benign
161232	ENG	Hereditary Hemorrhagic Telangiectasia VCEP	Benign	BA1	0	Benign	Benign
458346	ENG	Hereditary Hemorrhagic Telangiectasia VCEP	Pathogenic	PS4, PM5_Strong, PM2_Supporting, PVS1_Strong, PP4_Moderate	15	Pathogenic	Pathogenic
365088	ENG	Hereditary Hemorrhagic Telangiectasia VCEP	Likely benign	BS1_Supporting, BP4, BS3_Supporting	-3	Likely benign	Likely benign
161229	ENG	Hereditary Hemorrhagic Telangiectasia VCEP	Likely benign	BS3_Supporting, BS1, BP5	-6	Likely benign	Likely benign
161231	ENG	Hereditary Hemorrhagic Telangiectasia VCEP	Likely benign	BS3_Supporting, BP2, BS1	-6	Likely benign	Likely benign
618625	ENG	Hereditary Hemorrhagic Telangiectasia VCEP	Pathogenic	PM2_Supporting, PS4_Supporting, PVS1	10	Pathogenic	Pathogenic
1352569	ENG	Hereditary Hemorrhagic Telangiectasia VCEP	Uncertain significance	PM2_Supporting, PP3	2	Uncertain significance	Uncertain significance
426118	ENG	Hereditary Hemorrhagic Telangiectasia VCEP	Uncertain significance	BP4, PM2_Supporting	0	Uncertain significance	Uncertain significance
565574	ENG	Hereditary Hemorrhagic Telangiectasia VCEP	Uncertain significance	PM2_Supporting, PP3	2	Uncertain significance	Uncertain significance
414302	ENG	Hereditary Hemorrhagic Telangiectasia VCEP	Uncertain significance	BP5, PS3_Supporting	0	Uncertain significance	Uncertain significance
8243	ACVRL1	Hereditary Hemorrhagic Telangiectasia VCEP	Pathogenic	PP1_Strong, PS3_Supporting, PP4_Moderate, PP3, PM2_Supporting, PS4	13	Pathogenic	Pathogenic
1744752	ACVRL1	Hereditary Hemorrhagic Telangiectasia VCEP	Uncertain significance	PP3, PM2_Supporting, PS4_Supporting	3	Uncertain significance	Uncertain significance
811065	ACVRL1	Hereditary Hemorrhagic Telangiectasia VCEP	Uncertain significance		0	Uncertain significance	Uncertain significance
161201	ACVRL1	Hereditary Hemorrhagic Telangiectasia VCEP	Likely benign	PM5, BP5, BS1, PP3, BS3_Supporting	-3	Likely benign	Likely benign
373609	ACVRL1	Hereditary Hemorrhagic Telangiectasia VCEP	Likely benign	BS1	-4	Likely benign	Uncertain significance
161202	ACVRL1	Hereditary Hemorrhagic Telangiectasia VCEP	Likely benign	BP5, BP2	-2	Likely benign	Likely benign
802861	ACVRL1	Hereditary Hemorrhagic Telangiectasia VCEP	Likely benign	BS1, PP3	-3	Likely benign	Uncertain significance
657805	ACVRL1	Hereditary Hemorrhagic Telangiectasia VCEP	Pathogenic	PP1_Strong, PP3, PM2_Supporting, PS4	10	Pathogenic	Pathogenic
994236	ACVRL1	Hereditary Hemorrhagic Telangiectasia VCEP	Uncertain significance	PP3, PM2_Supporting, PS4_Supporting	3	Uncertain significance	Uncertain significance
848699	ACVRL1	Hereditary Hemorrhagic Telangiectasia VCEP	Likely pathogenic	PP4_Moderate, PP3, PM2_Supporting, PS4_Moderate	6	Likely pathogenic	Likely pathogenic
212802	ACVRL1	Hereditary Hemorrhagic Telangiectasia VCEP	Pathogenic	PP1_Strong, PM1, PS3_Supporting, PP4_Moderate, PP3, PM2_Supporting, PS4	15	Pathogenic	Pathogenic
1948619	ACVRL1	Hereditary Hemorrhagic Telangiectasia VCEP	Uncertain significance	PM2_Supporting	1	Uncertain significance	Uncertain significance
411300	ACVRL1	Hereditary Hemorrhagic Telangiectasia VCEP	Pathogenic	PVS1, PS4_Supporting, PM2_Supporting	10	Pathogenic	Pathogenic
426040	ACVRL1	Hereditary Hemorrhagic Telangiectasia VCEP	Pathogenic	PVS1_Strong, PP1_Strong, PM2_Supporting, PS4	13	Pathogenic	Pathogenic
-	ENG	Hereditary Hemorrhagic Telangiectasia VCEP	Likely benign	BP4, PM2_Supporting, BP5	-1	Likely benign	Likely benign
-	ACVRL1	Hereditary Hemorrhagic Telangiectasia VCEP	Uncertain significance	PM4, PM2_Supporting	3	Uncertain significance	Uncertain significance
-	ACVRL1	Hereditary Hemorrhagic Telangiectasia VCEP	Pathogenic	PVS1, PM2_Supporting, PS4_Supporting	10	Pathogenic	Pathogenic
237027	ENG	Hereditary Hemorrhagic Telangiectasia VCEP	Pathogenic	PS4, PM2_Supporting, PS3_Supporting, PP3, PP1, PP4_Moderate	10	Pathogenic	Pathogenic
9664	MT-CO1	Mitochondrial Diseases VCEP	Uncertain significance	PP3, PM2_Supporting	2	Uncertain significance	Uncertain significance
800503	MT-ND6	Mitochondrial Diseases VCEP	Likely pathogenic	PM2_Supporting, PM6_Supporting, PVS1_Strong, PS3_Supporting	7	Likely pathogenic	Likely pathogenic
9686	MT-CYB	Mitochondrial Diseases VCEP	Likely pathogenic	PM2_Supporting, PM6_Supporting, PVS1_Strong	6	Likely pathogenic	Likely pathogenic
693440	MT-ND5	Mitochondrial Diseases VCEP	Likely pathogenic	PM6_Supporting, PVS1_Strong	5	Uncertain significance	Uncertain significance
156375	MT-ND3	Mitochondrial Diseases VCEP	Uncertain significance	PP4, PM2_Supporting	2	Uncertain significance	Uncertain significance
9604	MT-TI	Mitochondrial Diseases VCEP	Uncertain significance	PP1, PS3_Supporting	2	Uncertain significance	Uncertain significance
690169	MT-TS2	Mitochondrial Diseases VCEP	Uncertain significance	BP4	-1	Likely benign	Uncertain significance
690161	MT-TS2	Mitochondrial Diseases VCEP	Uncertain significance	BP4	-1	Likely benign	Uncertain significance
618218	MT-ND5	Mitochondrial Diseases VCEP	Likely benign	BP4, BP5	-2	Likely benign	Likely benign
376098	IL7R	Severe Combined Immunodeficiency Disease  VCEP	Uncertain significance	PM2_Supporting	1	Uncertain significance	Uncertain significance
451690	GCK	Monogenic Diabetes VCEP	Uncertain significance	PP2, PP3, PM2_Supporting	3	Uncertain significance	Uncertain significance
-	GCK	Monogenic Diabetes VCEP	Uncertain significance	BS2, PP2, PM2_Supporting	-2	Likely benign	Uncertain significance
36218	GCK	Monogenic Diabetes VCEP	Pathogenic	PS4, PM5, PP2, PP3, PM2_Supporting, PP1_Strong	13	Pathogenic	Pathogenic
-	GCK	Monogenic Diabetes VCEP	Likely pathogenic	PM5, PP2, PP3, PM2_Supporting, PS3_Moderate	7	Likely pathogenic	Likely pathogenic
3066429	SLC6A8	Cerebral Creatine Deficiency Syndromes VCEP	Likely pathogenic	PM2_Supporting, PVS1	9	Likely pathogenic	Uncertain significance
3066438	SLC6A8	Cerebral Creatine Deficiency Syndromes VCEP	Uncertain significance	PM2_Supporting	1	Uncertain significance	Uncertain significance
-	SLC6A8	Cerebral Creatine Deficiency Syndromes VCEP	Uncertain significance	PP3, PP4, PM2_Supporting	3	Uncertain significance	Uncertain significance
-	SLC6A8	Cerebral Creatine Deficiency Syndromes VCEP	Pathogenic	PP4, PM2_Supporting, PVS1	10	Pathogenic	Pathogenic
-	SLC6A8	Cerebral Creatine Deficiency Syndromes VCEP	Pathogenic	PP4, PM2_Supporting, PVS1	10	Pathogenic	Pathogenic
-	SLC6A8	Cerebral Creatine Deficiency Syndromes VCEP	Pathogenic	PP4, PM2_Supporting, PVS1	10	Pathogenic	Pathogenic
-	SLC6A8	Cerebral Creatine Deficiency Syndromes VCEP	Pathogenic	PP4, PM2_Supporting, PVS1	10	Pathogenic	Pathogenic
-	SLC6A8	Cerebral Creatine Deficiency Syndromes VCEP	Pathogenic	PP4, PM2_Supporting, PVS1	10	Pathogenic	Pathogenic
-	SLC6A8	Cerebral Creatine Deficiency Syndromes VCEP	Pathogenic	PM2_Supporting, PP4_Strong, PVS1	13	Pathogenic	Pathogenic
-	SLC6A8	Cerebral Creatine Deficiency Syndromes VCEP	Pathogenic	PP4, PM2_Supporting, PVS1	10	Pathogenic	Pathogenic
1585170	SLC6A8	Cerebral Creatine Deficiency Syndromes VCEP	Benign	BP4, BS2, BS1	-9	Benign	Benign
-	SLC6A8	Cerebral Creatine Deficiency Syndromes VCEP	Uncertain significance	BP4, PM2_Supporting	0	Uncertain significance	Uncertain significance
-	SLC6A8	Cerebral Creatine Deficiency Syndromes VCEP	Likely pathogenic	PP4, PM2_Supporting, PVS1_Strong	6	Likely pathogenic	Likely pathogenic
-	SLC6A8	Cerebral Creatine Deficiency Syndromes VCEP	Pathogenic	PM2_Supporting, PP4_Strong, PVS1_Strong	9	Likely pathogenic	Pathogenic
11704	SLC6A8	Cerebral Creatine Deficiency Syndromes VCEP	Likely pathogenic	PP3, PM2_Supporting, PP4_Strong, PS3_Supporting	7	Likely pathogenic	Likely pathogenic
1303056	SLC6A8	Cerebral Creatine Deficiency Syndromes VCEP	Uncertain significance	PP4, PP3, PM2_Supporting	3	Uncertain significance	Uncertain significance
-	SLC6A8	Cerebral Creatine Deficiency Syndromes VCEP	Pathogenic	PP4, PM2_Supporting, PVS1	10	Pathogenic	Pathogenic
2138757	SLC6A8	Cerebral Creatine Deficiency Syndromes VCEP	Uncertain significance	BP4, PM2_Supporting	0	Uncertain significance	Uncertain significance
136261	ACADVL	ACADVL VCEP	Benign	BP7, BP4, BA1	-2	Benign	Benign
92288	ACADVL	ACADVL VCEP	Likely pathogenic	PP4_Moderate, PM3, PP3, PM2_Supporting	6	Likely pathogenic	Likely pathogenic
432108	ACADVL	ACADVL VCEP	Uncertain significance	PP3, PM2_Supporting	2	Uncertain significance	Uncertain significance
426278	GAA	Lysosomal Diseases VCEP	Pathogenic	PM3_Strong, PM5, PS3_Supporting, PP4_Moderate, PP3, PM2_Supporting	11	Pathogenic	Pathogenic
92472	GAA	Lysosomal Diseases VCEP	Pathogenic	PM3_Strong, PP4_Moderate, PP3, PS3_Moderate, PM2_Supporting	10	Pathogenic	Pathogenic
-	GAA	Lysosomal Diseases VCEP	Likely pathogenic	PM3, PP4_Moderate, PP3, PM2_Supporting	6	Likely pathogenic	Likely pathogenic
1695383	RUNX1	Myeloid Malignancy VCEP	Pathogenic	PM5_Supporting, PVS1, PM2_Supporting	10	Pathogenic	Pathogenic
1363605	RUNX1	Myeloid Malignancy VCEP	Pathogenic	PM5_Supporting, PVS1, PM2_Supporting	10	Pathogenic	Pathogenic
1897839	RUNX1	Myeloid Malignancy VCEP	Pathogenic	PM1_Supporting, PM5_Supporting, PVS1, PM2_Supporting	11	Pathogenic	Pathogenic
2024194	RUNX1	Myeloid Malignancy VCEP	Pathogenic	PM1_Supporting, PM5_Supporting, PVS1, PM2_Supporting	11	Pathogenic	Pathogenic
2018650	RUNX1	Myeloid Malignancy VCEP	Pathogenic	PM5_Supporting, PVS1, PM2_Supporting	10	Pathogenic	Pathogenic
1996224	RUNX1	Myeloid Malignancy VCEP	Pathogenic	PM5_Supporting, PVS1, PM2_Supporting, PM1	12	Pathogenic	Pathogenic
-	RUNX1	Myeloid Malignancy VCEP	Pathogenic	PM5_Supporting, PVS1, PS3_Moderate, PM2_Supporting	12	Pathogenic	Pathogenic
-	RUNX1	Myeloid Malignancy VCEP	Pathogenic	PS3, PM5_Supporting, PVS1, PM2_Supporting	14	Pathogenic	Pathogenic
-	RUNX1	Myeloid Malignancy VCEP	Pathogenic	PM5_Supporting, PVS1, PM2_Supporting	10	Pathogenic	Pathogenic
-	RUNX1	Myeloid Malignancy VCEP	Pathogenic	PM5_Supporting, PVS1, PS3_Moderate, PM2_Supporting	12	Pathogenic	Pathogenic
-	RUNX1	Myeloid Malignancy VCEP	Pathogenic	PVS1, PS3_Moderate, PM2_Supporting	11	Pathogenic	Pathogenic
255361	GAA	Lysosomal Diseases VCEP	Benign	BA1	0	Benign	Benign
972746	GAA	Lysosomal Diseases VCEP	Likely pathogenic	PP4_Moderate, PP3, PS3_Moderate, PM2_Supporting	6	Likely pathogenic	Likely pathogenic
371277	GAA	Lysosomal Diseases VCEP	Pathogenic	PM3_Strong, PM5_Supporting, PS3_Supporting, PP4_Moderate, PP3, PM2_Supporting	10	Pathogenic	Pathogenic
1219617	GAA	Lysosomal Diseases VCEP	Uncertain significance	PM5, PM3_Supporting, PP3, PM2_Supporting	5	Uncertain significance	Uncertain significance
555998	GAA	Lysosomal Diseases VCEP	Uncertain significance	PS3_Supporting, PP3, PM2_Supporting	3	Uncertain significance	Uncertain significance
370278	GAA	Lysosomal Diseases VCEP	Pathogenic	PVS1_Strong, PP4_Moderate, PM2_Supporting, PM3_Very Strong	15	Pathogenic	Pathogenic
420493	GAA	Lysosomal Diseases VCEP	Benign	BP7, BA1	-1	Benign	Benign
142435	CDH1	CDH1 VCEP	Likely benign	BS2	-4	Likely benign	Uncertain significance
140840	CDH1	CDH1 VCEP	Benign	BP2_Strong, BS2	-8	Benign	Benign
692768	MT-CO2	Mitochondrial Diseases VCEP	Uncertain significance	BP4	-1	Likely benign	Uncertain significance
42227	MT-TS1	Mitochondrial Diseases VCEP	Uncertain significance		0	Uncertain significance	Uncertain significance
9719	MT-ND2	Mitochondrial Diseases VCEP	Uncertain significance	PS2_Supporting, PM2_Supporting, PM4	4	Uncertain significance	Uncertain significance
9697	MT-ND5	Mitochondrial Diseases VCEP	Uncertain significance	PP3, PM2_Supporting	2	Uncertain significance	Uncertain significance
550716	GJB2	Hearing Loss VCEP	Likely pathogenic	PM2_Supporting, PVS1	9	Likely pathogenic	Uncertain significance
188480	GAA	Lysosomal Diseases VCEP	Uncertain significance	PM3, PP4_Moderate, PM2_Supporting	5	Uncertain significance	Uncertain significance
971945	GAA	Lysosomal Diseases VCEP	Uncertain significance	PM3, PS3_Supporting, PM2_Supporting	4	Uncertain significance	Uncertain significance
280956	GAA	Lysosomal Diseases VCEP	Uncertain significance	BP7, PM2_Supporting, BP4	-1	Likely benign	Likely benign
-	SLC6A8	Cerebral Creatine Deficiency Syndromes VCEP	Uncertain significance	PP3, PP4, PM2_Supporting	3	Uncertain significance	Uncertain significance
-	SLC6A8	Cerebral Creatine Deficiency Syndromes VCEP	Likely pathogenic	PM2_Supporting, PVS1	9	Likely pathogenic	Uncertain significance
-	SLC6A8	Cerebral Creatine Deficiency Syndromes VCEP	Pathogenic	PM2_Supporting, PVS1, PP4_Moderate	11	Pathogenic	Pathogenic
44729	GJB2	Hearing Loss VCEP	Pathogenic	PS3_Moderate, PM3_Very Strong, PVS1	18	Pathogenic	Pathogenic
-	SLC6A8	Cerebral Creatine Deficiency Syndromes VCEP	Uncertain significance	PP4, PP3, PM2_Supporting, PS3_Supporting	4	Uncertain significance	Uncertain significance
2290132	SLC6A8	Cerebral Creatine Deficiency Syndromes VCEP	Uncertain significance	PP3, PP4, PM2_Supporting, PS3_Supporting	4	Uncertain significance	Uncertain significance
551915	GJB2	Hearing Loss VCEP	Pathogenic	PM2_Supporting, PVS1, PM3, PP1_Moderate	13	Pathogenic	Pathogenic
2070085	GJB2	Hearing Loss VCEP	Pathogenic	PM2_Supporting, PVS1, PM3_Supporting	10	Pathogenic	Pathogenic
3066433	SLC6A8	Cerebral Creatine Deficiency Syndromes VCEP	Uncertain significance	PP3	1	Uncertain significance	Uncertain significance
11697	SLC6A8	Cerebral Creatine Deficiency Syndromes VCEP	Pathogenic	PP3, PM2_Supporting, PP4_Strong, PP1_Strong, PS3_Supporting	11	Pathogenic	Pathogenic
-	SLC6A8	Cerebral Creatine Deficiency Syndromes VCEP	Likely pathogenic	PP3, PM2_Supporting, PP4_Strong	6	Likely pathogenic	Likely pathogenic
-	SLC6A8	Cerebral Creatine Deficiency Syndromes VCEP	Pathogenic	PP4, PM2_Supporting, PVS1	10	Pathogenic	Pathogenic
-	SLC6A8	Cerebral Creatine Deficiency Syndromes VCEP	Uncertain significance	PM2_Supporting, PS3_Supporting	2	Uncertain significance	Uncertain significance
-	SLC6A8	Cerebral Creatine Deficiency Syndromes VCEP	Uncertain significance	PM2_Supporting, PS3_Supporting	2	Uncertain significance	Uncertain significance
3066439	SLC6A8	Cerebral Creatine Deficiency Syndromes VCEP	Likely pathogenic	PM2_Supporting, PVS1	9	Likely pathogenic	Uncertain significance
3066440	SLC6A8	Cerebral Creatine Deficiency Syndromes VCEP	Likely benign	BP4, BP7	-2	Likely benign	Likely benign
-	SLC6A8	Cerebral Creatine Deficiency Syndromes VCEP	Uncertain significance	BP4, PM2_Supporting	0	Uncertain significance	Uncertain significance
-	SLC6A8	Cerebral Creatine Deficiency Syndromes VCEP	Likely pathogenic	PP3, PM2_Supporting, PP4_Strong, PP1_Moderate	8	Likely pathogenic	Likely pathogenic
-	SLC6A8	Cerebral Creatine Deficiency Syndromes VCEP	Pathogenic	PP4, PM2_Supporting, PVS1	10	Pathogenic	Pathogenic
-	SLC6A8	Cerebral Creatine Deficiency Syndromes VCEP	Likely pathogenic	PM2_Supporting, PS4_Supporting, PP4_Strong, PVS1_Moderate	8	Likely pathogenic	Likely pathogenic
804101	SLC6A8	Cerebral Creatine Deficiency Syndromes VCEP	Likely pathogenic	PP3, PM2_Supporting, PS4_Supporting, PP4_Strong, PP1_Moderate	9	Likely pathogenic	Likely pathogenic
1802549	SLC6A8	Cerebral Creatine Deficiency Syndromes VCEP	Pathogenic	PP4, PM2_Supporting, PVS1	10	Pathogenic	Pathogenic
-	SLC6A8	Cerebral Creatine Deficiency Syndromes VCEP	Pathogenic	PP4_Strong, PVS1, PM2	14	Pathogenic	Pathogenic
-	SLC6A8	Cerebral Creatine Deficiency Syndromes VCEP	Pathogenic	PP4, PM2_Supporting, PM6, PVS1	12	Pathogenic	Pathogenic
-	SLC6A8	Cerebral Creatine Deficiency Syndromes VCEP	Uncertain significance	PP4, PM2_Supporting, PVS1_Moderate	4	Uncertain significance	Uncertain significance
1256306	GCK	Monogenic Diabetes VCEP	Likely pathogenic	PS4_Moderate, PM5_Supporting, PP2, PP3, PM2_Supporting	6	Likely pathogenic	Likely pathogenic
585920	GCK	Monogenic Diabetes VCEP	Uncertain significance	PP2, PP3, PM2_Supporting	3	Uncertain significance	Uncertain significance
585907	GCK	Monogenic Diabetes VCEP	Likely pathogenic	PVS1, PM2_Supporting	9	Likely pathogenic	Uncertain significance
447378	GCK	Monogenic Diabetes VCEP	Pathogenic	PVS1, PP4_Moderate, PM2_Supporting	11	Pathogenic	Pathogenic
36170	GCK	Monogenic Diabetes VCEP	Pathogenic	PVS1, PM2_Supporting, PS1_Supporting	10	Pathogenic	Pathogenic
-	GCK	Monogenic Diabetes VCEP	Uncertain significance	PM5_Supporting, PM1, PP2, PP3, PM2_Supporting, BP2	5	Uncertain significance	Likely pathogenic
393447	GCK	Monogenic Diabetes VCEP	Likely pathogenic	PS4_Moderate, PP2, PP3, PM2_Supporting, PS3_Moderate	7	Likely pathogenic	Likely pathogenic
-	GCK	Monogenic Diabetes VCEP	Likely pathogenic	PS4_Moderate, PM5_Supporting, PP2, PP3, PM2_Supporting	6	Likely pathogenic	Likely pathogenic
-	HNF1A	Monogenic Diabetes VCEP	Uncertain significance	PM1_Supporting, PP4_Moderate, PM2_Supporting	4	Uncertain significance	Uncertain significance
379485	SLC9A6	Rett and Angelman-like Disorders VCEP	Likely benign	BP4, BP5, BS2	-6	Likely benign	Likely benign
469632	SLC9A6	Rett and Angelman-like Disorders VCEP	Benign	BP4, BP7, BP5_Strong, BS1, BS2	-14	Benign	Benign
207236	SLC9A6	Rett and Angelman-like Disorders VCEP	Likely benign	BP4, BP5, BS2	-6	Likely benign	Likely benign
422694	SLC9A6	Rett and Angelman-like Disorders VCEP	Benign	BP4, BS1, BS2	-9	Benign	Benign
1215092	SLC9A6	Rett and Angelman-like Disorders VCEP	Benign	BS1, BP5, BS2	-9	Benign	Benign
512592	SLC9A6	Rett and Angelman-like Disorders VCEP	Likely benign	BP4, BS1, BP5, BS2_Supporting	-7	Benign	Likely benign
516726	TCF4	Rett and Angelman-like Disorders VCEP	Likely benign	BP5, BS2, BP4	-6	Likely benign	Likely benign
43492	SLC26A4	Hearing Loss VCEP	Likely benign	BS1_Supporting, BS3	-5	Likely benign	Likely benign
1683587	IL7R	Severe Combined Immunodeficiency Disease  VCEP	Uncertain significance	PM3_Supporting, PP4, PM2_Supporting	3	Uncertain significance	Uncertain significance
800346	IL7R	Severe Combined Immunodeficiency Disease  VCEP	Uncertain significance	PM2_Supporting	1	Uncertain significance	Uncertain significance
496628	RAG2	Severe Combined Immunodeficiency Disease  VCEP	Likely pathogenic	PP4, PM2_Supporting, PS3_Moderate, PM1, PM3_Supporting	7	Likely pathogenic	Likely pathogenic
36718	RAG2	Severe Combined Immunodeficiency Disease  VCEP	Likely pathogenic	PP4, PM2_Supporting, PS3_Moderate, PM1, PM3	8	Likely pathogenic	Likely pathogenic
36717	RAG2	Severe Combined Immunodeficiency Disease  VCEP	Likely pathogenic	PP4, PS3_Moderate, PM1, PM3	7	Likely pathogenic	Likely pathogenic
304553	RAG2	Severe Combined Immunodeficiency Disease  VCEP	Uncertain significance	PM1_Supporting	1	Uncertain significance	Uncertain significance
496624	RAG2	Severe Combined Immunodeficiency Disease  VCEP	Pathogenic	PP1, PP4, PS3_Moderate, PM2_Supporting, PM3_Strong, PM1_Supporting	10	Pathogenic	Pathogenic
971474	DCLRE1C	Severe Combined Immunodeficiency Disease  VCEP	Uncertain significance		0	Uncertain significance	Uncertain significance
418159	DCLRE1C	Severe Combined Immunodeficiency Disease  VCEP	Likely benign	BS1	-4	Likely benign	Uncertain significance
1015912	DCLRE1C	Severe Combined Immunodeficiency Disease  VCEP	Uncertain significance	PM2_Supporting	1	Uncertain significance	Uncertain significance
1035293	DCLRE1C	Severe Combined Immunodeficiency Disease  VCEP	Uncertain significance	PM3, PM2_Supporting, PP4	4	Uncertain significance	Uncertain significance
661326	DCLRE1C	Severe Combined Immunodeficiency Disease  VCEP	Uncertain significance	PM2_Supporting	1	Uncertain significance	Uncertain significance
2062424	DCLRE1C	Severe Combined Immunodeficiency Disease  VCEP	Uncertain significance	PM2_Supporting	1	Uncertain significance	Uncertain significance
958156	DCLRE1C	Severe Combined Immunodeficiency Disease  VCEP	Uncertain significance	PM2_Supporting	1	Uncertain significance	Uncertain significance
1936229	DCLRE1C	Severe Combined Immunodeficiency Disease  VCEP	Uncertain significance	PM2_Supporting	1	Uncertain significance	Uncertain significance
1199335	DCLRE1C	Severe Combined Immunodeficiency Disease  VCEP	Uncertain significance	PM3_Supporting, PM2_Supporting, PP4	3	Uncertain significance	Uncertain significance
860679	DCLRE1C	Severe Combined Immunodeficiency Disease  VCEP	Uncertain significance	PM2_Supporting	1	Uncertain significance	Uncertain significance
9723	MT-ND1	Mitochondrial Diseases VCEP	Uncertain significance	PP3, PM2_Supporting, PM6_Supporting	3	Uncertain significance	Uncertain significance
2138345	ADA	Severe Combined Immunodeficiency Disease  VCEP	Pathogenic	PP4, PVS1, PM2_Supporting	10	Pathogenic	Pathogenic
134532	IL7R	Severe Combined Immunodeficiency Disease  VCEP	Benign	BS2_Supporting, BA1	-1	Benign	Benign
134533	IL7R	Severe Combined Immunodeficiency Disease  VCEP	Benign	BS2_Supporting, BA1	-1	Benign	Benign
134538	IL7R	Severe Combined Immunodeficiency Disease  VCEP	Benign	BS2_Supporting, BA1	-1	Benign	Benign
965763	IL2RG	Severe Combined Immunodeficiency Disease  VCEP	Likely benign	BS2	-4	Likely benign	Uncertain significance
134579	JAK3	Severe Combined Immunodeficiency Disease  VCEP	Benign	BA1	0	Benign	Benign
134573	JAK3	Severe Combined Immunodeficiency Disease  VCEP	Benign	BA1, BS2_Supporting	-1	Benign	Benign
134569	JAK3	Severe Combined Immunodeficiency Disease  VCEP	Benign	BA1, BS2_Supporting	-1	Benign	Benign
256378	RAG2	Severe Combined Immunodeficiency Disease  VCEP	Benign	BA1, BS2_Supporting	-1	Benign	Benign
134574	JAK3	Severe Combined Immunodeficiency Disease  VCEP	Uncertain significance	PM2_Supporting	1	Uncertain significance	Uncertain significance
1406981	ADA	Severe Combined Immunodeficiency Disease  VCEP	Likely pathogenic	PVS1, PM2_Supporting	9	Likely pathogenic	Uncertain significance
1068640	GAA	Lysosomal Diseases VCEP	Pathogenic	PM3_Supporting, PVS1, PP4_Moderate, PM2_Supporting	12	Pathogenic	Pathogenic
714463	GAA	Lysosomal Diseases VCEP	Uncertain significance	PM2_Supporting, BP4	0	Uncertain significance	Uncertain significance
994900	HNF4A	Monogenic Diabetes VCEP	Uncertain significance	BS2	-4	Likely benign	Uncertain significance
524154	HNF4A	Monogenic Diabetes VCEP	Likely pathogenic	PVS1, PM2_Supporting	9	Likely pathogenic	Uncertain significance
3068533	HNF4A	Monogenic Diabetes VCEP	Pathogenic	PP4_Moderate, PP3, PP1, PM2_Supporting, PM1_Supporting, PS4	10	Pathogenic	Pathogenic
156152	HNF4A	Monogenic Diabetes VCEP	Pathogenic	PS2_Very Strong, PP4_Moderate, PP3, PM2_Supporting, PM5, PM1, PS4, PP1_Strong	24	Pathogenic	Pathogenic
372382	HNF4A	Monogenic Diabetes VCEP	Pathogenic	PP4_Moderate, PP3, PP1, PM2_Supporting, PM1, PS2, PS4_Moderate	13	Pathogenic	Pathogenic
-	HNF4A	Monogenic Diabetes VCEP	Uncertain significance	PP4_Moderate, PP3, PM2_Supporting, PM1_Supporting	5	Uncertain significance	Uncertain significance
546494	HNF4A	Monogenic Diabetes VCEP	Uncertain significance	PP3, PP4, PM2_Supporting, PM1_Supporting	4	Uncertain significance	Uncertain significance
-	HNF4A	Monogenic Diabetes VCEP	Pathogenic	PP4_Moderate, PP3, PM2_Supporting, PM5, PM1, PS4, PP1_Strong	16	Pathogenic	Pathogenic
435436	HNF4A	Monogenic Diabetes VCEP	Pathogenic	PM5_Supporting, PP4_Moderate, PP3, PM2_Supporting, PS4, PP1_Strong	13	Pathogenic	Pathogenic
520895	HNF4A	Monogenic Diabetes VCEP	Likely pathogenic	PP4_Moderate, PP3, PM2_Supporting, PM1	6	Likely pathogenic	Likely pathogenic
430844	HNF4A	Monogenic Diabetes VCEP	Likely pathogenic	PP4_Moderate, PP3, PM2_Supporting, PM1	6	Likely pathogenic	Likely pathogenic
-	HNF4A	Monogenic Diabetes VCEP	Pathogenic	PP4_Moderate, PP3, PM2_Supporting, PM1, PS2	10	Pathogenic	Pathogenic
-	HNF4A	Monogenic Diabetes VCEP	Uncertain significance	PP4_Moderate, PP3, PM2_Supporting, PM1_Supporting	5	Uncertain significance	Uncertain significance
-	HNF4A	Monogenic Diabetes VCEP	Likely pathogenic	PP4_Moderate, PP3, PM2_Supporting, PS2, PM1_Supporting	9	Likely pathogenic	Likely pathogenic
-	HNF4A	Monogenic Diabetes VCEP	Pathogenic	PP4_Moderate, PP3, PM2_Supporting, PS4_Moderate, PM1_Supporting, PP1_Strong	11	Pathogenic	Pathogenic
-	HNF4A	Monogenic Diabetes VCEP	Pathogenic	PVS1, PP4, PM2_Supporting	10	Pathogenic	Pathogenic
995121	HNF4A	Monogenic Diabetes VCEP	Pathogenic	PP4_Moderate, PP3, PM2_Supporting, PM5, PM1, PS4, PP1_Strong	16	Pathogenic	Pathogenic
1457657	HNF4A	Monogenic Diabetes VCEP	Pathogenic	PVS1, PP4_Moderate, PM2_Supporting, PS4_Moderate, PP1_Strong	17	Pathogenic	Pathogenic
-	HNF4A	Monogenic Diabetes VCEP	Pathogenic	PVS1, PP1, PP4, PM2_Supporting	11	Pathogenic	Pathogenic
450787	HNF4A	Monogenic Diabetes VCEP	Pathogenic	PVS1, PP1, PM2_Supporting	10	Pathogenic	Pathogenic
36364	HNF4A	Monogenic Diabetes VCEP	Pathogenic	PP1_Moderate, PP4_Moderate, PP3, PM2_Supporting, PS4, PM1_Supporting	11	Pathogenic	Pathogenic
435439	HNF4A	Monogenic Diabetes VCEP	Pathogenic	PP4, PM2_Supporting, PS4, PM1_Supporting, PP1_Strong	11	Pathogenic	Pathogenic
587398	HNF4A	Monogenic Diabetes VCEP	Likely pathogenic	PP4_Moderate, PP1, PM2_Supporting, PVS1_Moderate	6	Likely pathogenic	Likely pathogenic
-	HNF4A	Monogenic Diabetes VCEP	Uncertain significance	PM2_Supporting	1	Uncertain significance	Uncertain significance
447524	HNF4A	Monogenic Diabetes VCEP	Pathogenic	PP4_Moderate, PP3, PM2_Supporting, PM5, PS4, PP1_Strong	14	Pathogenic	Pathogenic
804918	HNF4A	Monogenic Diabetes VCEP	Pathogenic	PP4_Moderate, PP3, PM2_Supporting, PS4, PP1_Strong	12	Pathogenic	Pathogenic
-	HNF4A	Monogenic Diabetes VCEP	Likely pathogenic	PP3, PM2_Supporting, PM5_Strong	6	Likely pathogenic	Likely pathogenic
-	HNF4A	Monogenic Diabetes VCEP	Likely pathogenic	PP4_Moderate, PP3, PP1, PM2_Supporting, PM5_Strong	9	Likely pathogenic	Likely pathogenic
447513	HNF4A	Monogenic Diabetes VCEP	Pathogenic	PP4_Moderate, PVS1, PM2_Supporting	11	Pathogenic	Pathogenic
-	HNF4A	Monogenic Diabetes VCEP	Uncertain significance	PP4, PM2_Supporting, PS4_Moderate	4	Uncertain significance	Uncertain significance
-	ACADVL	ACADVL VCEP	Pathogenic	PVS1, PP4, PM2_Supporting	10	Pathogenic	Pathogenic
715196	SLC6A8	Cerebral Creatine Deficiency Syndromes VCEP	Likely benign	BP4, BS1	-5	Likely benign	Likely benign
-	SLC6A8	Cerebral Creatine Deficiency Syndromes VCEP	Pathogenic	PM2_Supporting, PP4_Strong, PVS1	13	Pathogenic	Pathogenic
2583099	SLC6A8	Cerebral Creatine Deficiency Syndromes VCEP	Pathogenic	PM2_Supporting, PP4_Strong, PVS1	13	Pathogenic	Pathogenic
428204	PTEN	PTEN VCEP	Uncertain significance	PP2_Moderate, PM2_Supporting, PS4_Supporting, PP3	5	Uncertain significance	Uncertain significance
854960	GAMT	Cerebral Creatine Deficiency Syndromes VCEP	Uncertain significance	PVS1_Strong, PM2_Supporting	5	Uncertain significance	Uncertain significance
1406308	PTEN	PTEN VCEP	Likely pathogenic	PS4_Moderate, PS3, PM2_Supporting, PP3	8	Likely pathogenic	Likely pathogenic
428222	PTEN	PTEN VCEP	Uncertain significance	PM2_Supporting, PS3_Moderate, PP2, PP3	5	Uncertain significance	Uncertain significance
198683	ACADVL	ACADVL VCEP	Likely pathogenic	PM3, PP4_Moderate, PP3, PM2_Supporting	6	Likely pathogenic	Likely pathogenic
166643	ACADVL	ACADVL VCEP	Likely pathogenic	PM5_Supporting, PP4_Moderate, PP3, PM2_Supporting, PM3_Supporting	6	Likely pathogenic	Likely pathogenic
952947	GAA	Lysosomal Diseases VCEP	Pathogenic	PVS1, PP4_Moderate, PM2_Supporting	11	Pathogenic	Pathogenic
1336530	ITGA2B	Platelet Disorders VCEP	Likely benign	BP4, BP7	-2	Likely benign	Likely benign
1684814	ITGA2B	Platelet Disorders VCEP	Benign	BA1	0	Benign	Benign
1684354	ITGB3	Platelet Disorders VCEP	Pathogenic	PM3_Supporting, PVS1, PM2_Supporting	10	Pathogenic	Pathogenic
1695377	ITGB3	Platelet Disorders VCEP	Pathogenic	PM3_Supporting, PVS1, PM2_Supporting	10	Pathogenic	Pathogenic
627020	ITGA2B	Platelet Disorders VCEP	Pathogenic	PP4_Strong, PM3_Strong, PP3, PM2_Supporting	10	Pathogenic	Pathogenic
1696131	ITGA2B	Platelet Disorders VCEP	Benign	BA1, BP7	-1	Benign	Benign
890528	ITGA2B	Platelet Disorders VCEP	Likely benign	BP4, BP7	-2	Likely benign	Likely benign
1684321	ITGA2B	Platelet Disorders VCEP	Likely pathogenic	PVS1, PM2_Supporting	9	Likely pathogenic	Uncertain significance
1684322	ITGA2B	Platelet Disorders VCEP	Likely pathogenic	PVS1, PM2_Supporting	9	Likely pathogenic	Uncertain significance
932221	GAA	Lysosomal Diseases VCEP	Likely pathogenic	PM3, PP4_Moderate, PP3, PM2_Supporting, PS3_Moderate	8	Likely pathogenic	Likely pathogenic
995370	GCK	Monogenic Diabetes VCEP	Pathogenic	PS4, PP4_Moderate, PP2, PP3, PM2_Supporting, PP1_Strong	13	Pathogenic	Pathogenic
-	GCK	Monogenic Diabetes VCEP	Pathogenic	PM5_Strong, PM1, PP2, PP3, PP4, PM2_Supporting	10	Pathogenic	Pathogenic
1741488	GCK	Monogenic Diabetes VCEP	Pathogenic	PP4_Moderate, PM5, PP2, PP3, PM2_Supporting, PP1_Strong	11	Pathogenic	Pathogenic
36221	GCK	Monogenic Diabetes VCEP	Pathogenic	PS4, PP4_Moderate, PM1, PP2, PP3, PP1, PM2_Supporting	12	Pathogenic	Pathogenic
36223	GCK	Monogenic Diabetes VCEP	Uncertain significance	PP2, PP3, PM2_Supporting	3	Uncertain significance	Uncertain significance
447401	GCK	Monogenic Diabetes VCEP	Likely pathogenic	PP4_Moderate, PM5_Supporting, PP2, PP3, PM2_Supporting	6	Likely pathogenic	Likely pathogenic
283358	GCK	Monogenic Diabetes VCEP	Pathogenic	PS4, PP4_Moderate, PM5_Supporting, PP2, PP3, PM2_Supporting, PP1_Strong	14	Pathogenic	Pathogenic
-	GCK	Monogenic Diabetes VCEP	Pathogenic	PS4, PP4_Moderate, PP1_Moderate, PM5, PP2, PP3, PM2_Supporting	13	Pathogenic	Pathogenic
2431839	GCK	Monogenic Diabetes VCEP	Pathogenic	PS3, PP4_Moderate, PP1_Moderate, PP3, PM2_Supporting	10	Pathogenic	Pathogenic
1371376	IL2RG	Severe Combined Immunodeficiency Disease  VCEP	Pathogenic	PVS1, PP4_Moderate, PM2_Supporting	11	Pathogenic	Pathogenic
973969	RPE65	Leber Congenital Amaurosis/early onset Retinal Dystrophy VCEP	Pathogenic	PS2_Supporting, PVS1, PM2_Supporting	10	Pathogenic	Pathogenic
1452579	RPE65	Leber Congenital Amaurosis/early onset Retinal Dystrophy VCEP	Pathogenic	PM3_Supporting, PVS1, PM2_Supporting	10	Pathogenic	Pathogenic
98821	RPE65	Leber Congenital Amaurosis/early onset Retinal Dystrophy VCEP	Pathogenic	PM3_Strong, PVS1, PP4, PM2_Supporting	14	Pathogenic	Pathogenic
1212838	RPE65	Leber Congenital Amaurosis/early onset Retinal Dystrophy VCEP	Uncertain significance	PM2_Supporting	1	Uncertain significance	Uncertain significance
427868	RPE65	Leber Congenital Amaurosis/early onset Retinal Dystrophy VCEP	Pathogenic	PVS1, PP4, PM2_Supporting, PM3	12	Pathogenic	Pathogenic
788201	RPE65	Leber Congenital Amaurosis/early onset Retinal Dystrophy VCEP	Likely benign	BP4, BP7, PM2_Supporting	-1	Likely benign	Likely benign
98830	RPE65	Leber Congenital Amaurosis/early onset Retinal Dystrophy VCEP	Pathogenic	PM3_Strong, PP3_Moderate, PS3_Supporting, PP4_Moderate, PP1, PM2_Supporting	11	Pathogenic	Pathogenic
-	RPE65	Leber Congenital Amaurosis/early onset Retinal Dystrophy VCEP	Likely pathogenic	PP3_Moderate, PS3_Supporting, PP4, PM3, PM2_Supporting	7	Likely pathogenic	Likely pathogenic
2131688	RPE65	Leber Congenital Amaurosis/early onset Retinal Dystrophy VCEP	Likely pathogenic	PVS1, PM2_Supporting	9	Likely pathogenic	Uncertain significance
850613	RPE65	Leber Congenital Amaurosis/early onset Retinal Dystrophy VCEP	Likely pathogenic	PM3_Strong, PP4, PP1, PP3, PM2_Supporting	8	Likely pathogenic	Likely pathogenic
1452575	RPE65	Leber Congenital Amaurosis/early onset Retinal Dystrophy VCEP	Pathogenic	PVS1, PP1, PP4, PM2_Supporting	11	Pathogenic	Pathogenic
3233349	RPE65	Leber Congenital Amaurosis/early onset Retinal Dystrophy VCEP	Pathogenic	PM3_Strong, PP3_Moderate, PP4_Moderate, PP1, PM2_Supporting	10	Pathogenic	Pathogenic
1321180	RPE65	Leber Congenital Amaurosis/early onset Retinal Dystrophy VCEP	Pathogenic	PP1_Moderate, PVS1, PP4, PM2_Supporting	12	Pathogenic	Pathogenic
813222	RPE65	Leber Congenital Amaurosis/early onset Retinal Dystrophy VCEP	Pathogenic	PM3_Strong, PP3_Moderate, PS1_Moderate, PP1_Moderate, PP4, PM2_Supporting	12	Pathogenic	Pathogenic
1384701	RPE65	Leber Congenital Amaurosis/early onset Retinal Dystrophy VCEP	Pathogenic	PVS1, PP4, PM2_Supporting	10	Pathogenic	Pathogenic
1445004	RPE65	Leber Congenital Amaurosis/early onset Retinal Dystrophy VCEP	Pathogenic	PP3_Moderate, PS3_Supporting, PP4_Moderate, PM2_Supporting, PM1, PM3	10	Pathogenic	Likely pathogenic
-	RPE65	Leber Congenital Amaurosis/early onset Retinal Dystrophy VCEP	Pathogenic	PVS1, PP4_Moderate, PM2_Supporting	11	Pathogenic	Pathogenic
559523	RPE65	Leber Congenital Amaurosis/early onset Retinal Dystrophy VCEP	Pathogenic	PM3_Strong, PP3_Moderate, PP4_Moderate, PP1, PM2_Supporting	10	Pathogenic	Pathogenic
98867	RPE65	Leber Congenital Amaurosis/early onset Retinal Dystrophy VCEP	Benign	BA1, BP4, BP7	-2	Benign	Benign
98869	RPE65	Leber Congenital Amaurosis/early onset Retinal Dystrophy VCEP	Benign	BA1	0	Benign	Benign
716567	RPE65	Leber Congenital Amaurosis/early onset Retinal Dystrophy VCEP	Likely benign	BP4, BP7, BS1	-6	Likely benign	Likely benign
98871	RPE65	Leber Congenital Amaurosis/early onset Retinal Dystrophy VCEP	Likely benign	BP4, BP7, BS1	-6	Likely benign	Likely benign
98873	RPE65	Leber Congenital Amaurosis/early onset Retinal Dystrophy VCEP	Pathogenic	PM3_Strong, PP3_Moderate, PP4_Moderate, PP1, PM2_Supporting	10	Pathogenic	Pathogenic
98875	RPE65	Leber Congenital Amaurosis/early onset Retinal Dystrophy VCEP	Pathogenic	PM3_Strong, PP3_Moderate, PS3_Supporting, PP1_Moderate, PM2_Supporting, PM1	12	Pathogenic	Pathogenic
1074826	RPE65	Leber Congenital Amaurosis/early onset Retinal Dystrophy VCEP	Pathogenic	PM3_Strong, PP3_Moderate, PM2_Supporting, PM1, PM5	11	Pathogenic	Pathogenic
-	RPE65	Leber Congenital Amaurosis/early onset Retinal Dystrophy VCEP	Likely pathogenic	PP4_Moderate, PP1, PM3, PM2_Supporting	6	Likely pathogenic	Likely pathogenic
-	RPE65	Leber Congenital Amaurosis/early onset Retinal Dystrophy VCEP	Pathogenic	PVS1, PM2_Supporting, PM3	11	Pathogenic	Pathogenic
98885	RPE65	Leber Congenital Amaurosis/early onset Retinal Dystrophy VCEP	Likely benign	BP4, BS1, BP7	-6	Likely benign	Likely benign
437985	RPE65	Leber Congenital Amaurosis/early onset Retinal Dystrophy VCEP	Pathogenic	PM3_Strong, PP3_Moderate, PS3_Supporting, PP4_Moderate, PM2_Supporting	10	Pathogenic	Pathogenic
556104	RPE65	Leber Congenital Amaurosis/early onset Retinal Dystrophy VCEP	Likely pathogenic	PP3_Moderate, PP1, PP4, PM3, PM2_Supporting	7	Likely pathogenic	Likely pathogenic
98891	RPE65	Leber Congenital Amaurosis/early onset Retinal Dystrophy VCEP	Pathogenic	PVS1, PP4, PM2_Supporting	10	Pathogenic	Pathogenic
-	RPE65	Leber Congenital Amaurosis/early onset Retinal Dystrophy VCEP	Pathogenic	PVS1, PP4, PM2_Supporting	10	Pathogenic	Pathogenic
98895	RPE65	Leber Congenital Amaurosis/early onset Retinal Dystrophy VCEP	Likely pathogenic	PP3_Moderate, PP4_Moderate, PM2_Supporting, PM3	7	Likely pathogenic	Likely pathogenic
1679125	RPE65	Leber Congenital Amaurosis/early onset Retinal Dystrophy VCEP	Pathogenic	PP3_Moderate, PS3_Supporting, PP4_Moderate, PM2_Supporting, PM1, PM3	10	Pathogenic	Likely pathogenic
98902	RPE65	Leber Congenital Amaurosis/early onset Retinal Dystrophy VCEP	Pathogenic	PVS1, PM3, PM2_Supporting	11	Pathogenic	Pathogenic
98903	RPE65	Leber Congenital Amaurosis/early onset Retinal Dystrophy VCEP	Likely benign	BP4, BP7, BS1	-6	Likely benign	Likely benign
-	RPE65	Leber Congenital Amaurosis/early onset Retinal Dystrophy VCEP	Likely pathogenic	PP3_Moderate, PP4, PM2_Supporting, PM3	6	Likely pathogenic	Likely pathogenic
971195	RAG1	Severe Combined Immunodeficiency Disease  VCEP	Uncertain significance	PM2_Supporting	1	Uncertain significance	Uncertain significance
2098676	RAG1	Severe Combined Immunodeficiency Disease  VCEP	Uncertain significance	PM2_Supporting	1	Uncertain significance	Uncertain significance
1515226	RAG1	Severe Combined Immunodeficiency Disease  VCEP	Uncertain significance	PM2_Supporting	1	Uncertain significance	Uncertain significance
1348464	RAG1	Severe Combined Immunodeficiency Disease  VCEP	Uncertain significance	PM2_Supporting	1	Uncertain significance	Uncertain significance
2269371	RAG1	Severe Combined Immunodeficiency Disease  VCEP	Uncertain significance	PM2_Supporting	1	Uncertain significance	Uncertain significance
843919	RAG1	Severe Combined Immunodeficiency Disease  VCEP	Uncertain significance	PM2_Supporting	1	Uncertain significance	Uncertain significance
2079766	RAG1	Severe Combined Immunodeficiency Disease  VCEP	Uncertain significance	PM2_Supporting	1	Uncertain significance	Uncertain significance
2199784	ADA	Severe Combined Immunodeficiency Disease  VCEP	Uncertain significance	PM2_Supporting	1	Uncertain significance	Uncertain significance
1038658	ADA	Severe Combined Immunodeficiency Disease  VCEP	Uncertain significance	PM2_Supporting	1	Uncertain significance	Uncertain significance
1195941	ADA	Severe Combined Immunodeficiency Disease  VCEP	Uncertain significance	PM2_Supporting	1	Uncertain significance	Uncertain significance
1507601	ADA	Severe Combined Immunodeficiency Disease  VCEP	Uncertain significance	PM2_Supporting	1	Uncertain significance	Uncertain significance
1357028	ADA	Severe Combined Immunodeficiency Disease  VCEP	Uncertain significance	PM2_Supporting	1	Uncertain significance	Uncertain significance
950101	ADA	Severe Combined Immunodeficiency Disease  VCEP	Uncertain significance		0	Uncertain significance	Uncertain significance
1626393	ADA	Severe Combined Immunodeficiency Disease  VCEP	Uncertain significance		0	Uncertain significance	Uncertain significance
2009484	ADA	Severe Combined Immunodeficiency Disease  VCEP	Uncertain significance	PM2_Supporting	1	Uncertain significance	Uncertain significance
845973	ADA	Severe Combined Immunodeficiency Disease  VCEP	Uncertain significance		0	Uncertain significance	Uncertain significance
897016	ADA	Severe Combined Immunodeficiency Disease  VCEP	Uncertain significance	PM2_Supporting	1	Uncertain significance	Uncertain significance
194316	ACADVL	ACADVL VCEP	Likely pathogenic	PP4_Moderate, PP3, PM2_Supporting, PM3_Strong	8	Likely pathogenic	Likely pathogenic
541723	ACADVL	ACADVL VCEP	Uncertain significance	PM1, PP3, PM2_Supporting	4	Uncertain significance	Uncertain significance
36199	GCK	Monogenic Diabetes VCEP	Pathogenic	PS4_Moderate, PS3_Supporting, PM3, PP2, PP3, PP4, PM2_Supporting, PP1_Strong	13	Pathogenic	Pathogenic
-	GCK	Monogenic Diabetes VCEP	Likely pathogenic	PP4_Moderate, PM5, PP2, PP3, PM2_Supporting	7	Likely pathogenic	Likely pathogenic
36195	GCK	Monogenic Diabetes VCEP	Pathogenic	PS4_Moderate, PP4_Moderate, PS3_Supporting, PM5_Supporting, PP2, PP3, PM2_Supporting, PP1_Strong	13	Pathogenic	Pathogenic
36194	GCK	Monogenic Diabetes VCEP	Uncertain significance	PP2, PP3, PM2_Supporting	3	Uncertain significance	Uncertain significance
585912	GCK	Monogenic Diabetes VCEP	Uncertain significance	PP2, PP3, PM2_Supporting	3	Uncertain significance	Uncertain significance
36189	GCK	Monogenic Diabetes VCEP	Pathogenic	PS4, PP4_Moderate, PP1_Moderate, PP2, PP3, PM2_Supporting	11	Pathogenic	Pathogenic
447389	GCK	Monogenic Diabetes VCEP	Uncertain significance	PM5, PP2, PP3, PM2_Supporting	5	Uncertain significance	Uncertain significance
-	GCK	Monogenic Diabetes VCEP	Pathogenic	PP4_Moderate, PM1, PM5, PP2, PP3, PP1, PM2_Supporting	10	Pathogenic	Likely pathogenic
2734988	GCK	Monogenic Diabetes VCEP	Pathogenic	PM1, PP4, PP2, PP3, PM2_Supporting, PP1_Strong	10	Pathogenic	Pathogenic
447387	GCK	Monogenic Diabetes VCEP	Pathogenic	PS4_Moderate, PM5_Strong, PP4_Moderate, PM1, PP2, PP3, PM2_Supporting	13	Pathogenic	Pathogenic
-	GCK	Monogenic Diabetes VCEP	Pathogenic	PM5_Strong, PP4_Moderate, PM1, PP2, PP3, PM2_Supporting	11	Pathogenic	Pathogenic
447386	GCK	Monogenic Diabetes VCEP	Pathogenic	PP4_Moderate, PM1, PM5, PP2, PP3, PP1, PM2_Supporting	10	Pathogenic	Likely pathogenic
3233995	GCK	Monogenic Diabetes VCEP	Pathogenic	PS4_Moderate, PM1, PP2, PP3, PP4, PM2_Supporting, PP1_Strong	12	Pathogenic	Pathogenic
1472875	GCK	Monogenic Diabetes VCEP	Pathogenic	PM5_Strong, PP4_Moderate, PM1, PP2, PP3, PM2_Supporting	11	Pathogenic	Pathogenic
-	GCK	Monogenic Diabetes VCEP	Pathogenic	PM5_Strong, PP4_Moderate, PM1, PP2, PP3, PM2_Supporting	11	Pathogenic	Pathogenic
1303094	GCK	Monogenic Diabetes VCEP	Likely pathogenic	PM4_Supporting, PP4_Moderate, PP1_Moderate, PM2_Supporting	6	Likely pathogenic	Likely pathogenic
36183	GCK	Monogenic Diabetes VCEP	Uncertain significance	PP4_Moderate, PP2, PP3, PM2_Supporting	5	Uncertain significance	Uncertain significance
36184	GCK	Monogenic Diabetes VCEP	Uncertain significance	PP2, PP3, PM2_Supporting	3	Uncertain significance	Uncertain significance
-	GCK	Monogenic Diabetes VCEP	Likely pathogenic	PVS1, PM2_Supporting	9	Likely pathogenic	Uncertain significance
-	GCK	Monogenic Diabetes VCEP	Likely pathogenic	PP2, PP3, PP4, PS3_Moderate, PM2_Supporting	6	Likely pathogenic	Likely pathogenic
3233998	GCK	Monogenic Diabetes VCEP	Likely pathogenic	PP4_Moderate, PM5_Supporting, PP2, PP3, PM2_Supporting	6	Likely pathogenic	Likely pathogenic
280892	GCK	Monogenic Diabetes VCEP	Likely pathogenic	PVS1, PM2_Supporting	9	Likely pathogenic	Uncertain significance
36180	GCK	Monogenic Diabetes VCEP	Pathogenic	PS2, PP4_Moderate, PM5, PP2, PP3, PM2_Supporting	11	Pathogenic	Pathogenic
-	GCK	Monogenic Diabetes VCEP	Likely pathogenic	PM5_Strong, PP2, PP3, PM2_Supporting	7	Likely pathogenic	Likely pathogenic
804837	GCK	Monogenic Diabetes VCEP	Pathogenic	PS4, PP2, PP3, PM2_Supporting, PP1_Strong	11	Pathogenic	Pathogenic
-	GCK	Monogenic Diabetes VCEP	Likely pathogenic	PVS1, PM2_Supporting	9	Likely pathogenic	Uncertain significance
219179	GCK	Monogenic Diabetes VCEP	Likely pathogenic	PP4_Moderate, PP2, PP3, PM2_Supporting, PM3_Supporting	6	Likely pathogenic	Likely pathogenic
-	GCK	Monogenic Diabetes VCEP	Uncertain significance	PM5_Supporting, PP4, PP2, PP3, PM2_Supporting	5	Uncertain significance	Uncertain significance
2567920	GCK	Monogenic Diabetes VCEP	Pathogenic	PS4_Moderate, PM5, PM1, PP2, PP3, PM2_Supporting, PP1_Strong	13	Pathogenic	Pathogenic
1512780	RAG2	Severe Combined Immunodeficiency Disease  VCEP	Uncertain significance	PM2_Supporting, PM1_Supporting	2	Uncertain significance	Uncertain significance
990457	RAG2	Severe Combined Immunodeficiency Disease  VCEP	Uncertain significance	PM2_Supporting, PM1_Supporting	2	Uncertain significance	Uncertain significance
1309924	BMPR2	Pulmonary Hypertension VCEP	Uncertain significance	PM1, BP4, PM2	3	Uncertain significance	Uncertain significance
333636	BMPR2	Pulmonary Hypertension VCEP	Likely benign	BP4, BS1	-5	Likely benign	Likely benign
1112108	BMPR2	Pulmonary Hypertension VCEP	Likely benign	PM1, BP4, BS1	-3	Likely benign	Likely benign
898483	BMPR2	Pulmonary Hypertension VCEP	Uncertain significance		0	Uncertain significance	Uncertain significance
333629	BMPR2	Pulmonary Hypertension VCEP	Benign	BA1	0	Benign	Benign
8800	BMPR2	Pulmonary Hypertension VCEP	Likely pathogenic	PP3, PM2_Supporting, PS4, PS3_Supporting, PM5_Supporting	8	Likely pathogenic	Likely pathogenic
812796	BMPR2	Pulmonary Hypertension VCEP	Pathogenic	PM5, PP3, PM2_Supporting, PS4_Moderate, PM1_Strong	10	Pathogenic	Pathogenic
-	HNF4A	Monogenic Diabetes VCEP	Uncertain significance	PP4_Moderate, PP3, PM2_Supporting	4	Uncertain significance	Uncertain significance
304560	RAG2	Severe Combined Immunodeficiency Disease  VCEP	Uncertain significance	PM1_Supporting	1	Uncertain significance	Uncertain significance
2301303	RAG2	Severe Combined Immunodeficiency Disease  VCEP	Uncertain significance	PM2_Supporting, PM1_Supporting	2	Uncertain significance	Uncertain significance
857533	RAG2	Severe Combined Immunodeficiency Disease  VCEP	Uncertain significance	PM2_Supporting, PM1_Supporting	2	Uncertain significance	Uncertain significance
658239	RAG2	Severe Combined Immunodeficiency Disease  VCEP	Uncertain significance	PM2_Supporting, PM1_Supporting	2	Uncertain significance	Uncertain significance
879522	RAG2	Severe Combined Immunodeficiency Disease  VCEP	Uncertain significance	PM2_Supporting, PM1_Supporting	2	Uncertain significance	Uncertain significance
990456	RAG2	Severe Combined Immunodeficiency Disease  VCEP	Uncertain significance	PM2_Supporting, PM1_Supporting	2	Uncertain significance	Uncertain significance
662119	ADA	Severe Combined Immunodeficiency Disease  VCEP	Uncertain significance	PM2_Supporting	1	Uncertain significance	Uncertain significance
382795	ADA	Severe Combined Immunodeficiency Disease  VCEP	Uncertain significance	PM2_Supporting	1	Uncertain significance	Uncertain significance
1015428	ADA	Severe Combined Immunodeficiency Disease  VCEP	Uncertain significance	PM2_Supporting	1	Uncertain significance	Uncertain significance
960745	ADA	Severe Combined Immunodeficiency Disease  VCEP	Uncertain significance	PM2_Supporting	1	Uncertain significance	Uncertain significance
2147602	ADA	Severe Combined Immunodeficiency Disease  VCEP	Uncertain significance	PM2_Supporting	1	Uncertain significance	Uncertain significance
1696220	ADA	Severe Combined Immunodeficiency Disease  VCEP	Uncertain significance	PM2_Supporting	1	Uncertain significance	Uncertain significance
-	HNF4A	Monogenic Diabetes VCEP	Uncertain significance	PP3, PP1, PP4, PM2_Supporting, PM1_Supporting	5	Uncertain significance	Uncertain significance
212810	BMPR2	Pulmonary Hypertension VCEP	Uncertain significance	PM2	2	Uncertain significance	Uncertain significance
898481	BMPR2	Pulmonary Hypertension VCEP	Likely benign	BP4, BP7	-2	Likely benign	Likely benign
333651	BMPR2	Pulmonary Hypertension VCEP	Likely benign	BS1	-4	Likely benign	Uncertain significance
8799	BMPR2	Pulmonary Hypertension VCEP	Pathogenic	PP1, PP3, PM2_Supporting, PS3, PS4, PM1_Strong, PM5_Supporting	16	Pathogenic	Pathogenic
333645	BMPR2	Pulmonary Hypertension VCEP	Uncertain significance	PM1, PP3, BS1	-1	Likely benign	Uncertain significance
898486	BMPR2	Pulmonary Hypertension VCEP	Uncertain significance	PM2_Supporting, BP4, BP7	-1	Likely benign	Likely benign
333652	BMPR2	Pulmonary Hypertension VCEP	Likely benign	BS1	-4	Likely benign	Uncertain significance
425966	BMPR2	Pulmonary Hypertension VCEP	Likely benign	BS1	-4	Likely benign	Uncertain significance
409829	BMPR2	Pulmonary Hypertension VCEP	Pathogenic	PP3, PM2_Supporting, PS4_Supporting, PVS1	11	Pathogenic	Pathogenic
425999	BMPR2	Pulmonary Hypertension VCEP	Benign	BS3_Supporting, BS1, BS4	-9	Benign	Benign
425943	BMPR2	Pulmonary Hypertension VCEP	Pathogenic	PS4_Supporting, PM2_Supporting, PVS1	10	Pathogenic	Pathogenic
8797	BMPR2	Pulmonary Hypertension VCEP	Pathogenic	PM2_Supporting, PS4_Supporting, PVS1	10	Pathogenic	Pathogenic
333642	BMPR2	Pulmonary Hypertension VCEP	Likely benign	BS1, PS3_Supporting	-3	Likely benign	Uncertain significance
425725	BMPR2	Pulmonary Hypertension VCEP	Likely pathogenic	PM2_Supporting, PVS1	9	Likely pathogenic	Uncertain significance
8806	BMPR2	Pulmonary Hypertension VCEP	Pathogenic	PM5, PP1, PP3, PM2_Supporting, PS4, PS2, PM1_Strong, PS3_Supporting	18	Pathogenic	Pathogenic
993809	BMPR2	Pulmonary Hypertension VCEP	Likely benign	BS1	-4	Likely benign	Uncertain significance
228460	BMPR2	Pulmonary Hypertension VCEP	Pathogenic	PM1, PM2_Supporting, PS3, PS4, PM6	13	Pathogenic	Pathogenic
897238	BMPR2	Pulmonary Hypertension VCEP	Benign	BP4, BA1, BS2_Supporting	-2	Benign	Benign
425852	BMPR2	Pulmonary Hypertension VCEP	Uncertain significance	PP3, PM2_Supporting, PS4_Supporting, PS1_Moderate	5	Uncertain significance	Uncertain significance
409828	BMPR2	Pulmonary Hypertension VCEP	Uncertain significance	PM2	2	Uncertain significance	Uncertain significance
548685	BMPR2	Pulmonary Hypertension VCEP	Benign	BS2, BA1, BP4	-5	Benign	Benign
333647	BMPR2	Pulmonary Hypertension VCEP	Uncertain significance	PM2_Supporting, BP4, BP7	-1	Likely benign	Likely benign
8813	BMPR2	Pulmonary Hypertension VCEP	Uncertain significance	BS3	-4	Likely benign	Uncertain significance
623142	ITGB3	Platelet Disorders VCEP	Likely pathogenic	PVS1, PM2_Supporting	9	Likely pathogenic	Uncertain significance
623143	ITGB3	Platelet Disorders VCEP	Uncertain significance	PVS1_Moderate, PM2_Supporting	3	Uncertain significance	Uncertain significance
425800	BMPR2	Pulmonary Hypertension VCEP	Uncertain significance	PM2_Supporting, PVS1_Strong	5	Uncertain significance	Uncertain significance
627027	ITGA2B	Platelet Disorders VCEP	Likely pathogenic	PVS1, PM2_Supporting	9	Likely pathogenic	Uncertain significance
627268	ITGA2B	Platelet Disorders VCEP	Uncertain significance		0	Uncertain significance	Uncertain significance
626981	ITGA2B	Platelet Disorders VCEP	Likely pathogenic	PM3_Supporting, PVS1_Strong, PM2_Supporting	6	Likely pathogenic	Likely pathogenic
627284	ITGA2B	Platelet Disorders VCEP	Uncertain significance	BP4, PM3_Supporting, PM2_Supporting	1	Uncertain significance	Uncertain significance
2092257	ITGB3	Platelet Disorders VCEP	Uncertain significance	BS1, PP3	-3	Likely benign	Uncertain significance
425731	BMPR2	Pulmonary Hypertension VCEP	Likely pathogenic	PM2_Supporting, PVS1_Strong, PS1_Moderate	7	Likely pathogenic	Likely pathogenic
-	ITGB3	Platelet Disorders VCEP	Pathogenic	PP4_Strong, PS3_Supporting, PVS1, PM2_Supporting	14	Pathogenic	Pathogenic
626948	ITGA2B	Platelet Disorders VCEP	Uncertain significance	PM4, PM3_Supporting, PM2_Supporting	4	Uncertain significance	Uncertain significance
-	ITGA2B	Platelet Disorders VCEP	Uncertain significance	PP4_Moderate, PP3, PM2_Supporting	4	Uncertain significance	Uncertain significance
1349574	RAG2	Severe Combined Immunodeficiency Disease  VCEP	Uncertain significance	PM2_Supporting, PM1_Supporting	2	Uncertain significance	Uncertain significance
36713	RAG1	Severe Combined Immunodeficiency Disease  VCEP	Uncertain significance	PM2_Supporting, PM1_Supporting	2	Uncertain significance	Uncertain significance
1365761	SCN3A	Epilepsy Sodium Channel VCEP	Pathogenic	PVS1, PS2_Moderate, PM2_Supporting	11	Pathogenic	Pathogenic
207024	SCN2A	Epilepsy Sodium Channel VCEP	Pathogenic	PM2_Supporting, PS3, PS4, PM1_Strong, PS2_Moderate	15	Pathogenic	Pathogenic
189929	SCN1A	Epilepsy Sodium Channel VCEP	Likely pathogenic	PS4_Moderate, PP3_Moderate, PM6, PM2_Supporting	7	Likely pathogenic	Likely pathogenic
449813	SCN8A	Epilepsy Sodium Channel VCEP	Benign	BA1	0	Benign	Benign
425938	BMPR2	Pulmonary Hypertension VCEP	Pathogenic	PS4_Moderate, PM2, PVS1	12	Pathogenic	Pathogenic
1759366	DICER1	DICER1 and miRNA-Processing Gene VCEP	Uncertain significance	PP3, PM2_Supporting	2	Uncertain significance	Uncertain significance
656642	DICER1	DICER1 and miRNA-Processing Gene VCEP	Uncertain significance	PM2_Supporting, BP4	0	Uncertain significance	Uncertain significance
850948	DICER1	DICER1 and miRNA-Processing Gene VCEP	Uncertain significance	BP4	-1	Likely benign	Uncertain significance
477295	DICER1	DICER1 and miRNA-Processing Gene VCEP	Likely benign	BS2_Supporting, BP4	-2	Likely benign	Likely benign
543597	DICER1	DICER1 and miRNA-Processing Gene VCEP	Likely benign	BS2_Supporting, BP4	-2	Likely benign	Likely benign
826421	DICER1	DICER1 and miRNA-Processing Gene VCEP	Likely benign	BS2_Supporting, BP4	-2	Likely benign	Likely benign
543562	DICER1	DICER1 and miRNA-Processing Gene VCEP	Uncertain significance	PP3	1	Uncertain significance	Uncertain significance
570615	DICER1	DICER1 and miRNA-Processing Gene VCEP	Uncertain significance	PM2_Supporting, BP4	0	Uncertain significance	Uncertain significance
412143	DICER1	DICER1 and miRNA-Processing Gene VCEP	Uncertain significance	BS2_Supporting	-1	Likely benign	Uncertain significance
652143	DICER1	DICER1 and miRNA-Processing Gene VCEP	Uncertain significance	PP3, PM1_Supporting	2	Uncertain significance	Uncertain significance
479649	DICER1	DICER1 and miRNA-Processing Gene VCEP	Uncertain significance	PM2_Supporting, BP4, PM1_Supporting	1	Uncertain significance	Uncertain significance
483407	DICER1	DICER1 and miRNA-Processing Gene VCEP	Likely benign	BS2_Supporting, BP4	-2	Likely benign	Likely benign
477204	DICER1	DICER1 and miRNA-Processing Gene VCEP	Uncertain significance	BS2_Supporting, BP4	-2	Likely benign	Likely benign
130224	SCN2A	Epilepsy Sodium Channel VCEP	Benign	BA1	0	Benign	Benign
1687238	DICER1	DICER1 and miRNA-Processing Gene VCEP	Uncertain significance	PS4_Supporting, PM2_Supporting, PVS1_Moderate	4	Uncertain significance	Uncertain significance
3235125	DICER1	DICER1 and miRNA-Processing Gene VCEP	Uncertain significance	PP3, PP4, PM2_Supporting, BS3_Supporting	2	Uncertain significance	Uncertain significance
242030	DICER1	DICER1 and miRNA-Processing Gene VCEP	Likely benign	BP7, BP4	-2	Likely benign	Likely benign
188476	GAA	Lysosomal Diseases VCEP	Likely benign	BS1, BP4	-5	Likely benign	Likely benign
285157	GAA	Lysosomal Diseases VCEP	Pathogenic	PM3_Strong, PP4_Moderate, PP3, PS3_Moderate, PM2_Supporting	10	Pathogenic	Pathogenic
189124	GAA	Lysosomal Diseases VCEP	Pathogenic	PM3_Strong, PM1, PP4_Moderate, PP3, PS3_Moderate, PM2_Supporting	12	Pathogenic	Pathogenic
253297	SCN8A	Epilepsy Sodium Channel VCEP	Pathogenic	PM5_Strong, PS3, PS4, PP3_Moderate, PM6, PM2_Supporting	17	Pathogenic	Pathogenic
138982	SCN1A	Epilepsy Sodium Channel VCEP	Benign	BA1	0	Benign	Benign
694309	SCN8A	Epilepsy Sodium Channel VCEP	Likely pathogenic	PS2, PP3_Moderate, PM6_Supporting, PM2_Supporting	8	Likely pathogenic	Likely pathogenic
-	SCN1A	Epilepsy Sodium Channel VCEP	Likely pathogenic	PS4_Moderate, PVS1_Strong, PM2_Supporting	7	Likely pathogenic	Likely pathogenic
568706	SCN8A	Epilepsy Sodium Channel VCEP	Benign	BS1, BS2	-8	Benign	Benign
194857	SCN3A	Epilepsy Sodium Channel VCEP	Benign	BA1, BP4	-1	Benign	Benign
189869	SCN1A	Epilepsy Sodium Channel VCEP	Pathogenic	PS4, PP3_Moderate, PM6_Strong, PM2_Supporting	11	Pathogenic	Pathogenic
373960	SCN3A	Epilepsy Sodium Channel VCEP	Pathogenic	PS2_Very Strong, PM6, PM1, PM2_Supporting, PS3	17	Pathogenic	Pathogenic
240713	SCN3A	Epilepsy Sodium Channel VCEP	Benign	PM1, BP4, BA1	1	Benign	Benign
240715	SCN3A	Epilepsy Sodium Channel VCEP	Benign	BA1, PP3_Moderate	2	Benign	Benign
68689	RAG1	Severe Combined Immunodeficiency Disease  VCEP	Likely pathogenic	PP4, PM2_Supporting, PS3_Moderate, PM1_Supporting, PM3	7	Likely pathogenic	Likely pathogenic
464902	SCN2A	Epilepsy Sodium Channel VCEP	Benign	BA1, BP4	-1	Benign	Benign
206852	SCN1A	Epilepsy Sodium Channel VCEP	Pathogenic	PM5_Strong, PS4_Moderate, PP3_Moderate, PM1, PM2_Supporting	11	Pathogenic	Pathogenic
130219	SCN2A	Epilepsy Sodium Channel VCEP	Benign	BS2, BA1	-4	Benign	Benign
194555	SCN2A	Epilepsy Sodium Channel VCEP	Pathogenic	PM2_Supporting, PS2, PS3, PP3_Moderate, PM1	13	Pathogenic	Pathogenic
1478168	SCN2A	Epilepsy Sodium Channel VCEP	Likely pathogenic	PM2_Supporting, PS4_Supporting, PS3, PM6_Supporting, PP3_Moderate	9	Likely pathogenic	Likely pathogenic
1342669	SCN2A	Epilepsy Sodium Channel VCEP	Uncertain significance	PM2_Supporting, PM6_Supporting, PP3_Moderate	4	Uncertain significance	Uncertain significance
-	SERPINC1	Thrombosis VCEP	Uncertain significance	PP4, PP3, PM2_Supporting, PM5	5	Uncertain significance	Uncertain significance
654211	SERPINC1	Thrombosis VCEP	Likely pathogenic	PP4, PP3, PM2_Supporting, PS4	7	Likely pathogenic	Likely pathogenic
18015	SERPINC1	Thrombosis VCEP	Likely pathogenic	PP3, PS4_Supporting, PM2_Supporting, PM5, PM1	7	Likely pathogenic	Likely pathogenic
870596	MT-TP	Mitochondrial Diseases VCEP	Uncertain significance	PP3, PM2_Supporting, PM6_Supporting, PS3_Supporting	4	Uncertain significance	Uncertain significance
-	SERPINC1	Thrombosis VCEP	Uncertain significance	PP3, PM5	3	Uncertain significance	Uncertain significance
1144693	SERPINC1	Thrombosis VCEP	Likely benign	BP4, BP7	-2	Likely benign	Likely benign
811513	F9	Coagulation Factor Deficiency VCEP	Likely pathogenic	PM5, PP3, PM2_Supporting, PS4_Moderate	6	Likely pathogenic	Likely pathogenic
699299	F8	Coagulation Factor Deficiency VCEP	Uncertain significance	BS1	-4	Likely benign	Uncertain significance
-	F9	Coagulation Factor Deficiency VCEP	Uncertain significance	PP3, PM5, PM2_Supporting, PS4_Supporting	5	Uncertain significance	Uncertain significance
9211	HNF4A	Monogenic Diabetes VCEP	Pathogenic	PP4_Moderate, PVS1, PM2_Supporting, PS4, PP1_Strong	19	Pathogenic	Pathogenic
972784	HNF4A	Monogenic Diabetes VCEP	Uncertain significance	PM2_Supporting	1	Uncertain significance	Uncertain significance
586016	HNF4A	Monogenic Diabetes VCEP	Uncertain significance	PM2_Supporting	1	Uncertain significance	Uncertain significance
549554	HNF4A	Monogenic Diabetes VCEP	Uncertain significance	PM2_Supporting	1	Uncertain significance	Uncertain significance
435437	HNF4A	Monogenic Diabetes VCEP	Uncertain significance	PM2_Supporting, PM4_Supporting	2	Uncertain significance	Uncertain significance
493321	HNF4A	Monogenic Diabetes VCEP	Uncertain significance	PP4	1	Uncertain significance	Uncertain significance
520675	HNF4A	Monogenic Diabetes VCEP	Likely pathogenic	PVS1, PM2_Supporting	9	Likely pathogenic	Uncertain significance
488999	HNF4A	Monogenic Diabetes VCEP	Likely pathogenic	PVS1, PM2_Supporting	9	Likely pathogenic	Uncertain significance
36354	HNF4A	Monogenic Diabetes VCEP	Uncertain significance	PM5_Supporting, PM2_Supporting, PM1_Supporting	3	Uncertain significance	Uncertain significance
-	HNF4A	Monogenic Diabetes VCEP	Likely pathogenic	PP1_Moderate, PP4_Moderate, PM2_Supporting, PM1_Supporting	6	Likely pathogenic	Likely pathogenic
2580600	HNF4A	Monogenic Diabetes VCEP	Likely pathogenic	PP4_Moderate, PP3, PM2_Supporting, BS3_Supporting, PM1_Supporting, PS4_Moderate, PP1_Strong	10	Pathogenic	Pathogenic
-	HNF4A	Monogenic Diabetes VCEP	Pathogenic	PVS1, PP4, PM2_Supporting	10	Pathogenic	Pathogenic
36355	HNF4A	Monogenic Diabetes VCEP	Likely pathogenic	PVS1, PM2_Supporting	9	Likely pathogenic	Uncertain significance
-	HNF4A	Monogenic Diabetes VCEP	Uncertain significance	PP3, PM2_Supporting, PM1_Supporting	3	Uncertain significance	Uncertain significance
-	HNF4A	Monogenic Diabetes VCEP	Uncertain significance	PP3, PM2_Supporting, PM1_Supporting	3	Uncertain significance	Uncertain significance
397578	HNF4A	Monogenic Diabetes VCEP	Uncertain significance	PP3, PM2_Supporting, PM1_Supporting	3	Uncertain significance	Uncertain significance
-	HNF4A	Monogenic Diabetes VCEP	Uncertain significance	PP3, PP4, PM2_Supporting, PM1_Supporting	4	Uncertain significance	Uncertain significance
-	HNF4A	Monogenic Diabetes VCEP	Uncertain significance	PP4_Moderate, PP3, PM2_Supporting, PM1_Supporting	5	Uncertain significance	Uncertain significance
586020	HNF4A	Monogenic Diabetes VCEP	Uncertain significance	PP3, PM2_Supporting	2	Uncertain significance	Uncertain significance
1186689	HNF4A	Monogenic Diabetes VCEP	Likely pathogenic	PP3, PP4, PM2_Supporting, PM5, PS4	9	Likely pathogenic	Likely pathogenic
447520	HNF4A	Monogenic Diabetes VCEP	Pathogenic	PP4_Moderate, PP3, PM2_Supporting, PS4, PP1_Strong	12	Pathogenic	Pathogenic
-	HNF4A	Monogenic Diabetes VCEP	Likely pathogenic	PP3, PP4, PM2_Supporting, PM5_Strong	7	Likely pathogenic	Likely pathogenic
870344	RPE65	Leber Congenital Amaurosis/early onset Retinal Dystrophy VCEP	Likely pathogenic	PP3_Moderate, PP4_Moderate, PP1, PM2_Supporting, PM3	8	Likely pathogenic	Likely pathogenic
36720	RAG2	Severe Combined Immunodeficiency Disease  VCEP	Uncertain significance	PM2_Supporting, PM1_Supporting	2	Uncertain significance	Uncertain significance
2163677	RAG2	Severe Combined Immunodeficiency Disease  VCEP	Uncertain significance	PM2_Supporting, PM1_Supporting	2	Uncertain significance	Uncertain significance
36716	RAG2	Severe Combined Immunodeficiency Disease  VCEP	Pathogenic	PM5_Supporting, PP4, PS3_Moderate, PM2_Supporting, PM1_Supporting, PM3_Strong	10	Pathogenic	Pathogenic
857069	RAG2	Severe Combined Immunodeficiency Disease  VCEP	Uncertain significance	PM2_Supporting, PM3, PM1_Supporting	4	Uncertain significance	Uncertain significance
281042	ACADVL	ACADVL VCEP	Likely pathogenic	PP4_Moderate, PM4, PM3, PM2_Supporting	7	Likely pathogenic	Likely pathogenic
370886	ACADVL	ACADVL VCEP	Likely pathogenic	PVS1, PM2_Supporting	9	Likely pathogenic	Uncertain significance
932843	ACADVL	ACADVL VCEP	Likely pathogenic	PVS1, PM2_Supporting	9	Likely pathogenic	Uncertain significance
557676	ACADVL	ACADVL VCEP	Pathogenic	PVS1, PP4, PM2_Supporting	10	Pathogenic	Pathogenic
21024	ACADVL	ACADVL VCEP	Likely pathogenic	PS3_Supporting, PM3, PP4_Moderate, PP3, PM2_Supporting	7	Likely pathogenic	Likely pathogenic
197662	PTEN	PTEN VCEP	Uncertain significance	BS3_Supporting, PM2_Supporting, PP2, PP3	2	Uncertain significance	Uncertain significance
-	SLC6A8	Cerebral Creatine Deficiency Syndromes VCEP	Uncertain significance	PM2_Supporting, PP4_Strong	5	Uncertain significance	Uncertain significance
-	GCK	Monogenic Diabetes VCEP	Likely pathogenic	PVS1, PM2_Supporting	9	Likely pathogenic	Uncertain significance
983782	ADA	Severe Combined Immunodeficiency Disease  VCEP	Likely pathogenic	PVS1, PM2_Supporting	9	Likely pathogenic	Uncertain significance
983781	ADA	Severe Combined Immunodeficiency Disease  VCEP	Likely pathogenic	PVS1, PM2_Supporting	9	Likely pathogenic	Uncertain significance
703477	ACADVL	ACADVL VCEP	Likely benign	BP7, BS1, BP4	-6	Likely benign	Likely benign
636917	IL2RG	Severe Combined Immunodeficiency Disease  VCEP	Likely pathogenic	PP4_Moderate, PM2_Supporting, PM1_Strong	7	Likely pathogenic	Likely pathogenic
1323112	IL2RG	Severe Combined Immunodeficiency Disease  VCEP	Pathogenic	PVS1, PP4_Moderate, PM2_Supporting	11	Pathogenic	Pathogenic
418451	RAG1	Severe Combined Immunodeficiency Disease  VCEP	Uncertain significance	PP4, PS3_Moderate, PM2_Supporting, PM1_Supporting	5	Uncertain significance	Uncertain significance
496900	GAA	Lysosomal Diseases VCEP	Uncertain significance	PP3, PM2_Supporting	2	Uncertain significance	Uncertain significance
450358	GAA	Lysosomal Diseases VCEP	Uncertain significance	PM2_Supporting, BP4	0	Uncertain significance	Uncertain significance
280954	GAA	Lysosomal Diseases VCEP	Pathogenic	PS3_Supporting, PP4_Moderate, PP3, PM2_Supporting, PM3_Very Strong	13	Pathogenic	Pathogenic
928930	GAA	Lysosomal Diseases VCEP	Pathogenic	PM3_Strong, PM5, PP4_Moderate, PP3, PS3_Moderate, PM2_Supporting	12	Pathogenic	Pathogenic
285197	GAA	Lysosomal Diseases VCEP	Pathogenic	PM3_Strong, PM5, PP4_Moderate, PP3, PM2_Supporting	10	Pathogenic	Pathogenic
4023	GAA	Lysosomal Diseases VCEP	Pathogenic	PP4_Moderate, PP3, PS3_Moderate, PM2_Supporting, PM3_Very Strong	14	Pathogenic	Pathogenic
-	ITGB3	Platelet Disorders VCEP	Likely pathogenic	PM3_Supporting, PP4_Moderate, PP3, PS3_Moderate, PM2_Supporting	7	Likely pathogenic	Likely pathogenic
1803282	ITGB3	Platelet Disorders VCEP	Uncertain significance	BP2, PM2_Supporting	0	Uncertain significance	Uncertain significance
-	ITGA2B	Platelet Disorders VCEP	Pathogenic	PVS1, PP4_Moderate, PM2_Supporting	11	Pathogenic	Pathogenic
-	ITGA2B	Platelet Disorders VCEP	Pathogenic	PM3, PP4_Moderate, PVS1, PM2_Supporting	13	Pathogenic	Pathogenic
-	ITGA2B	Platelet Disorders VCEP	Uncertain significance	BP4, PP4_Moderate	1	Uncertain significance	Uncertain significance
-	ITGB3	Platelet Disorders VCEP	Uncertain significance	PP4_Moderate, PP3	3	Uncertain significance	Uncertain significance
-	ITGB3	Platelet Disorders VCEP	Likely pathogenic	PS3, PM3_Supporting, PP4_Moderate, PP3, PM2_Supporting	9	Likely pathogenic	Likely pathogenic
627098	ITGA2B	Platelet Disorders VCEP	Uncertain significance	PM3_Supporting, PP3, PM2_Supporting	3	Uncertain significance	Uncertain significance
-	GCK	Monogenic Diabetes VCEP	Likely pathogenic	PS4_Moderate, PP4_Moderate, PP2, PP3, PM2_Supporting	7	Likely pathogenic	Likely pathogenic
-	GCK	Monogenic Diabetes VCEP	Likely pathogenic	PP4_Moderate, PM5_Supporting, PP2, PP3, PM2_Supporting	6	Likely pathogenic	Likely pathogenic
-	HNF1A	Monogenic Diabetes VCEP	Uncertain significance	PM4_Supporting, PM2_Supporting	2	Uncertain significance	Uncertain significance
1700671	HNF1A	Monogenic Diabetes VCEP	Pathogenic	PS4, PM1_Supporting, PP1_Strong, PP4_Moderate, PP3, PM2_Supporting	13	Pathogenic	Pathogenic
994548	HNF1A	Monogenic Diabetes VCEP	Pathogenic	PS4_Moderate, PP1_Strong, PP4_Moderate, PVS1, PM2_Supporting	17	Pathogenic	Pathogenic
-	HNF1A	Monogenic Diabetes VCEP	Likely pathogenic	PS3_Supporting, PP4_Moderate, PP3, PM2_Supporting, PM1	7	Likely pathogenic	Likely pathogenic
-	HNF1A	Monogenic Diabetes VCEP	Likely pathogenic	PM5_Supporting, PP3, PP1, PM2_Supporting, PM1	6	Likely pathogenic	Likely pathogenic
-	HNF1A	Monogenic Diabetes VCEP	Pathogenic	PP1_Strong, PP4_Moderate, PP3, PM2_Supporting, PM1	10	Pathogenic	Pathogenic
-	HNF1A	Monogenic Diabetes VCEP	Likely pathogenic	PP3, PP4, PM2_Supporting, PM1, PM5	7	Likely pathogenic	Likely pathogenic
-	HNF1A	Monogenic Diabetes VCEP	Uncertain significance	PM5_Supporting, PP3, PM2_Supporting, PM1	5	Uncertain significance	Uncertain significance
-	HNF1A	Monogenic Diabetes VCEP	Likely pathogenic	PM1_Supporting, PP4_Moderate, PP3, PP1, PM2_Supporting	6	Likely pathogenic	Likely pathogenic
-	HNF1A	Monogenic Diabetes VCEP	Uncertain significance	PM1_Supporting, PM5_Supporting, PP3, PM2_Supporting	4	Uncertain significance	Uncertain significance
2916089	HNF1A	Monogenic Diabetes VCEP	Uncertain significance	BP5, PP3, PM5	2	Uncertain significance	Uncertain significance
-	HNF4A	Monogenic Diabetes VCEP	Pathogenic	PP4_Moderate, PM2_Supporting, PS4_Moderate, PP1_Strong, PVS1_Strong	13	Pathogenic	Pathogenic
-	HNF4A	Monogenic Diabetes VCEP	Likely pathogenic	PP4_Moderate, PM2_Supporting, PVS1_Strong	7	Likely pathogenic	Likely pathogenic
-	HNF4A	Monogenic Diabetes VCEP	Pathogenic	PVS1, PP4_Moderate, PM2_Supporting, PP1_Strong	15	Pathogenic	Pathogenic
967164	ADA	Severe Combined Immunodeficiency Disease  VCEP	Uncertain significance	PM2_Supporting	1	Uncertain significance	Uncertain significance
841399	ADA	Severe Combined Immunodeficiency Disease  VCEP	Uncertain significance	PM2_Supporting	1	Uncertain significance	Uncertain significance
835256	ADA	Severe Combined Immunodeficiency Disease  VCEP	Uncertain significance	PM2_Supporting	1	Uncertain significance	Uncertain significance
2050660	ADA	Severe Combined Immunodeficiency Disease  VCEP	Uncertain significance	PM2_Supporting	1	Uncertain significance	Uncertain significance
573475	RAG2	Severe Combined Immunodeficiency Disease  VCEP	Uncertain significance	PM1_Supporting	1	Uncertain significance	Uncertain significance
940774	SLC6A8	Cerebral Creatine Deficiency Syndromes VCEP	Likely pathogenic	PP3, PM2_Supporting, PP4_Strong, PM6_Supporting	7	Likely pathogenic	Likely pathogenic
11703	SLC6A8	Cerebral Creatine Deficiency Syndromes VCEP	Likely pathogenic	PP3, PM2_Supporting, PP4_Strong, PS3_Supporting	7	Likely pathogenic	Likely pathogenic
-	SLC6A8	Cerebral Creatine Deficiency Syndromes VCEP	Uncertain significance	PP4, PS4_Supporting, PM2_Supporting, PM4	5	Uncertain significance	Uncertain significance
-	SLC6A8	Cerebral Creatine Deficiency Syndromes VCEP	Likely pathogenic	PP3, PM2_Supporting, PP4_Strong, PS3_Supporting	7	Likely pathogenic	Likely pathogenic
-	SLC6A8	Cerebral Creatine Deficiency Syndromes VCEP	Uncertain significance	PM2_Supporting, PM4_Supporting	2	Uncertain significance	Uncertain significance
-	SLC6A8	Cerebral Creatine Deficiency Syndromes VCEP	Uncertain significance	PP3, PM2_Supporting	2	Uncertain significance	Uncertain significance
-	SLC6A8	Cerebral Creatine Deficiency Syndromes VCEP	Uncertain significance	PM2_Supporting	1	Uncertain significance	Uncertain significance
-	SLC6A8	Cerebral Creatine Deficiency Syndromes VCEP	Uncertain significance	PM2_Supporting	1	Uncertain significance	Uncertain significance
-	SLC6A8	Cerebral Creatine Deficiency Syndromes VCEP	Likely pathogenic	PP3, PM2_Supporting, PP4_Strong	6	Likely pathogenic	Likely pathogenic
410218	SLC6A8	Cerebral Creatine Deficiency Syndromes VCEP	Pathogenic	PP4_Strong, PVS1, PM2	14	Pathogenic	Pathogenic
488696	IL2RG	Severe Combined Immunodeficiency Disease  VCEP	Pathogenic	PP4, PVS1, PM2_Supporting	10	Pathogenic	Pathogenic
1066149	IL2RG	Severe Combined Immunodeficiency Disease  VCEP	Pathogenic	PP4_Moderate, PS4_Supporting, PM2_Supporting, PM5, PM1_Strong	10	Pathogenic	Pathogenic
1305363	GAMT	Cerebral Creatine Deficiency Syndromes VCEP	Likely pathogenic	PP3, PM2_Supporting, PP4_Strong, PM3	8	Likely pathogenic	Likely pathogenic
633275	IL2RG	Severe Combined Immunodeficiency Disease  VCEP	Likely pathogenic	PVS1, PM2_Supporting	9	Likely pathogenic	Uncertain significance
1677132	IL2RG	Severe Combined Immunodeficiency Disease  VCEP	Likely pathogenic	PVS1, PM2_Supporting	9	Likely pathogenic	Uncertain significance
9363	JAK3	Severe Combined Immunodeficiency Disease  VCEP	Pathogenic	PP4_Moderate, PVS1, PM2_Supporting	11	Pathogenic	Pathogenic
9364	JAK3	Severe Combined Immunodeficiency Disease  VCEP	Pathogenic	PVS1, PP4_Moderate, PM2_Supporting	11	Pathogenic	Pathogenic
706681	DCLRE1C	Severe Combined Immunodeficiency Disease  VCEP	Likely benign	BS1	-4	Likely benign	Uncertain significance
1708141	DCLRE1C	Severe Combined Immunodeficiency Disease  VCEP	Pathogenic	PVS1_Strong, PM3_Strong, PP4_Moderate, PM2_Supporting	11	Pathogenic	Pathogenic
968126	DCLRE1C	Severe Combined Immunodeficiency Disease  VCEP	Uncertain significance		0	Uncertain significance	Uncertain significance
653423	DCLRE1C	Severe Combined Immunodeficiency Disease  VCEP	Uncertain significance		0	Uncertain significance	Uncertain significance
646928	DCLRE1C	Severe Combined Immunodeficiency Disease  VCEP	Uncertain significance	PM2_Supporting	1	Uncertain significance	Uncertain significance
576525	DCLRE1C	Severe Combined Immunodeficiency Disease  VCEP	Uncertain significance	PM2_Supporting	1	Uncertain significance	Uncertain significance
945025	DCLRE1C	Severe Combined Immunodeficiency Disease  VCEP	Likely benign	BS1, BS2_Supporting	-5	Likely benign	Likely benign
647111	DCLRE1C	Severe Combined Immunodeficiency Disease  VCEP	Uncertain significance	PM2_Supporting	1	Uncertain significance	Uncertain significance
1022921	DCLRE1C	Severe Combined Immunodeficiency Disease  VCEP	Uncertain significance	PM2_Supporting	1	Uncertain significance	Uncertain significance
299320	DCLRE1C	Severe Combined Immunodeficiency Disease  VCEP	Uncertain significance	BS2_Supporting	-1	Likely benign	Uncertain significance
1042451	DCLRE1C	Severe Combined Immunodeficiency Disease  VCEP	Uncertain significance	PM2_Supporting	1	Uncertain significance	Uncertain significance
288327	DCLRE1C	Severe Combined Immunodeficiency Disease  VCEP	Uncertain significance		0	Uncertain significance	Uncertain significance
1965651	DCLRE1C	Severe Combined Immunodeficiency Disease  VCEP	Uncertain significance	PM2_Supporting	1	Uncertain significance	Uncertain significance
666119	DCLRE1C	Severe Combined Immunodeficiency Disease  VCEP	Uncertain significance	PM2_Supporting	1	Uncertain significance	Uncertain significance
879948	DCLRE1C	Severe Combined Immunodeficiency Disease  VCEP	Uncertain significance	PM2_Supporting	1	Uncertain significance	Uncertain significance
1511542	DCLRE1C	Severe Combined Immunodeficiency Disease  VCEP	Uncertain significance	PM2_Supporting	1	Uncertain significance	Uncertain significance
1013704	DCLRE1C	Severe Combined Immunodeficiency Disease  VCEP	Uncertain significance	PM2_Supporting	1	Uncertain significance	Uncertain significance
879949	DCLRE1C	Severe Combined Immunodeficiency Disease  VCEP	Uncertain significance	PM2_Supporting	1	Uncertain significance	Uncertain significance
1514295	DCLRE1C	Severe Combined Immunodeficiency Disease  VCEP	Uncertain significance	PM2_Supporting	1	Uncertain significance	Uncertain significance
648065	DCLRE1C	Severe Combined Immunodeficiency Disease  VCEP	Uncertain significance		0	Uncertain significance	Uncertain significance
1144398	DCLRE1C	Severe Combined Immunodeficiency Disease  VCEP	Uncertain significance	BP7, PM2_Supporting	0	Uncertain significance	Uncertain significance
418656	IL2RG	Severe Combined Immunodeficiency Disease  VCEP	Pathogenic	PVS1, PP4_Moderate, PM2_Supporting	11	Pathogenic	Pathogenic
2138599	IL2RG	Severe Combined Immunodeficiency Disease  VCEP	Pathogenic	PP4, PVS1, PM2_Supporting	10	Pathogenic	Pathogenic
1507904	IL2RG	Severe Combined Immunodeficiency Disease  VCEP	Uncertain significance		0	Uncertain significance	Uncertain significance
1411137	IL2RG	Severe Combined Immunodeficiency Disease  VCEP	Pathogenic	PP4, PVS1, PM2_Supporting	10	Pathogenic	Pathogenic
463384	IL2RG	Severe Combined Immunodeficiency Disease  VCEP	Pathogenic	PVS1, PP4_Moderate, PM2_Supporting	11	Pathogenic	Pathogenic
36388	IL2RG	Severe Combined Immunodeficiency Disease  VCEP	Pathogenic	PP4, PVS1, PM2_Supporting	10	Pathogenic	Pathogenic
503682	IL2RG	Severe Combined Immunodeficiency Disease  VCEP	Pathogenic	PP4, PVS1, PM2_Supporting	10	Pathogenic	Pathogenic
1172577	IL2RG	Severe Combined Immunodeficiency Disease  VCEP	Uncertain significance	PM2_Supporting	1	Uncertain significance	Uncertain significance
532192	IL2RG	Severe Combined Immunodeficiency Disease  VCEP	Likely benign	BS2	-4	Likely benign	Uncertain significance
1066837	IL2RG	Severe Combined Immunodeficiency Disease  VCEP	Likely pathogenic	PVS1, PM2_Supporting	9	Likely pathogenic	Uncertain significance
463378	IL2RG	Severe Combined Immunodeficiency Disease  VCEP	Likely pathogenic	PVS1, PM2_Supporting	9	Likely pathogenic	Uncertain significance
624606	RAG2	Severe Combined Immunodeficiency Disease  VCEP	Uncertain significance	PP4, PM2_Supporting, PVS1_Supporting, PM1_Supporting	4	Uncertain significance	Uncertain significance
955439	APC	InSiGHT Hereditary Colorectal Cancer/Polyposis VCEP	Uncertain significance	BS2_Supporting, PM2_Supporting, PS4_Supporting	1	Uncertain significance	Uncertain significance
449383	RAG1	Severe Combined Immunodeficiency Disease  VCEP	Pathogenic	PM2_Supporting, PM3, PVS1	11	Pathogenic	Pathogenic
353268	IL7R	Severe Combined Immunodeficiency Disease  VCEP	Uncertain significance	BS2_Supporting	-1	Likely benign	Uncertain significance
418257	IL7R	Severe Combined Immunodeficiency Disease  VCEP	Uncertain significance	PM2_Supporting	1	Uncertain significance	Uncertain significance
1393864	IL7R	Severe Combined Immunodeficiency Disease  VCEP	Uncertain significance	PM2_Supporting	1	Uncertain significance	Uncertain significance
555727	GAA	Lysosomal Diseases VCEP	Uncertain significance	PM5, PP3, PM2_Supporting	4	Uncertain significance	Uncertain significance
1901446	ADA	Severe Combined Immunodeficiency Disease  VCEP	Likely pathogenic	PVS1, PM2_Supporting	9	Likely pathogenic	Uncertain significance
444650	IL7R	Severe Combined Immunodeficiency Disease  VCEP	Uncertain significance	PM2_Supporting	1	Uncertain significance	Uncertain significance
1068066	IL2RG	Severe Combined Immunodeficiency Disease  VCEP	Pathogenic	PP4, PVS1, PM2_Supporting	10	Pathogenic	Pathogenic
-	RUNX1	Myeloid Malignancy VCEP	Pathogenic	PM5_Supporting, PVS1, PM2_Supporting	10	Pathogenic	Pathogenic
-	RUNX1	Myeloid Malignancy VCEP	Pathogenic	PM5_Supporting, PVS1, PM2_Supporting	10	Pathogenic	Pathogenic
2820100	RUNX1	Myeloid Malignancy VCEP	Likely pathogenic	PVS1_Strong, PM5_Supporting, PM2_Supporting	6	Likely pathogenic	Likely pathogenic
1710503	RUNX1	Myeloid Malignancy VCEP	Likely pathogenic	PVS1_Strong, PM5_Supporting, PM2_Supporting	6	Likely pathogenic	Likely pathogenic
1484777	RUNX1	Myeloid Malignancy VCEP	Likely pathogenic	PP3, PM2_Supporting, PM5, PM1	6	Likely pathogenic	Likely pathogenic
1221571	RUNX1	Myeloid Malignancy VCEP	Likely benign	BP7, PM2_Supporting, BP4	-1	Likely benign	Likely benign
1248002	RUNX1	Myeloid Malignancy VCEP	Benign	BP7, BA1, BP4	-2	Benign	Benign
1247287	RUNX1	Myeloid Malignancy VCEP	Benign	BP7, BP4, BA1	-2	Benign	Benign
-	RUNX1	Myeloid Malignancy VCEP	Benign	BP7, BA1, BP4, BP2	-3	Benign	Benign
1260410	RUNX1	Myeloid Malignancy VCEP	Benign	BP7, BA1, BP2, BP4	-3	Benign	Benign
1268886	RUNX1	Myeloid Malignancy VCEP	Benign	BP7, BP2, BP4, BA1	-3	Benign	Benign
1243080	RUNX1	Myeloid Malignancy VCEP	Benign	BP7, BP2, BP4, BA1	-3	Benign	Benign
1200483	RUNX1	Myeloid Malignancy VCEP	Benign	BA1	0	Benign	Benign
239047	RUNX1	Myeloid Malignancy VCEP	Benign	BP7, BA1, BP4	-2	Benign	Benign
561249	RUNX1	Myeloid Malignancy VCEP	Benign	BP7, BP4, BP2, BA1	-3	Benign	Benign
339866	RUNX1	Myeloid Malignancy VCEP	Benign	BA1	0	Benign	Benign
699735	RUNX1	Myeloid Malignancy VCEP	Benign	BP4, BA1	-1	Benign	Benign
896040	RUNX1	Myeloid Malignancy VCEP	Likely benign	BP7, BS1, BP4	-6	Likely benign	Likely benign
898790	RUNX1	Myeloid Malignancy VCEP	Likely benign	BS1, BP4	-5	Likely benign	Likely benign
409818	RUNX1	Myeloid Malignancy VCEP	Likely benign	BP4, BS3_Supporting	-2	Likely benign	Likely benign
239056	RUNX1	Myeloid Malignancy VCEP	Likely benign	BS3_Supporting, BP4	-2	Likely benign	Likely benign
532674	RUNX1	Myeloid Malignancy VCEP	Likely benign	BP7, PM2_Supporting, BP4	-1	Likely benign	Likely benign
854239	RUNX1	Myeloid Malignancy VCEP	Likely benign	BS1, BP4	-5	Likely benign	Likely benign
2201499	RUNX1	Myeloid Malignancy VCEP	Likely benign	BP7, PM2_Supporting, BP4	-1	Likely benign	Likely benign
788123	RUNX1	Myeloid Malignancy VCEP	Likely benign	BP7, BP4	-2	Likely benign	Likely benign
239055	RUNX1	Myeloid Malignancy VCEP	Likely benign	BS3, BP4	-5	Likely benign	Likely benign
762564	RUNX1	Myeloid Malignancy VCEP	Likely benign	BS1, BP7, BP4	-6	Likely benign	Likely benign
1577145	RUNX1	Myeloid Malignancy VCEP	Likely benign	BP7, PM2_Supporting, BP4	-1	Likely benign	Likely benign
696304	RUNX1	Myeloid Malignancy VCEP	Likely benign	BP7, BP4	-2	Likely benign	Likely benign
763009	RUNX1	Myeloid Malignancy VCEP	Likely benign	BP7, PM2_Supporting, BP4	-1	Likely benign	Likely benign
704938	RUNX1	Myeloid Malignancy VCEP	Likely benign	BP7, BP4	-2	Likely benign	Likely benign
561245	RUNX1	Myeloid Malignancy VCEP	Likely benign	BP7, BS1, BP4	-6	Likely benign	Likely benign
1220767	RUNX1	Myeloid Malignancy VCEP	Likely benign	BP7, BS1, BP4, BP2	-7	Benign	Likely benign
1096171	RUNX1	Myeloid Malignancy VCEP	Likely benign	BP7, PM2_Supporting, BP4	-1	Likely benign	Likely benign
1146443	RUNX1	Myeloid Malignancy VCEP	Likely benign	BP7, PM2, BP4	0	Uncertain significance	Likely benign
706782	RUNX1	Myeloid Malignancy VCEP	Likely benign	BP7, PM2_Supporting, BP4	-1	Likely benign	Likely benign
1590229	RUNX1	Myeloid Malignancy VCEP	Likely benign	BP7, BP4	-2	Likely benign	Likely benign
1530364	RUNX1	Myeloid Malignancy VCEP	Likely benign	BP7, PM2_Supporting, BP4	-1	Likely benign	Likely benign
1121120	RUNX1	Myeloid Malignancy VCEP	Likely benign	BP7, PM2_Supporting, BP4	-1	Likely benign	Likely benign
707516	RUNX1	Myeloid Malignancy VCEP	Likely benign	BP7, PM2_Supporting, BP4	-1	Likely benign	Likely benign
1153506	RUNX1	Myeloid Malignancy VCEP	Likely benign	BP7, PM2_Supporting, BP4	-1	Likely benign	Likely benign
1152924	RUNX1	Myeloid Malignancy VCEP	Likely benign	BP7, PM2_Supporting, BP4	-1	Likely benign	Likely benign
842562	RUNX1	Myeloid Malignancy VCEP	Likely benign	BP7, BS1, BP4	-6	Likely benign	Likely benign
1094393	RUNX1	Myeloid Malignancy VCEP	Likely benign	BS1, BP7, BP4	-6	Likely benign	Likely benign
578985	RUNX1	Myeloid Malignancy VCEP	Likely benign	BP7, BP4	-2	Likely benign	Likely benign
1155123	RUNX1	Myeloid Malignancy VCEP	Likely benign	BP7, BP4	-2	Likely benign	Likely benign
1154884	RUNX1	Myeloid Malignancy VCEP	Likely benign	BP7, BP4	-2	Likely benign	Likely benign
1153167	RUNX1	Myeloid Malignancy VCEP	Likely benign	BP7, PM2_Supporting, BP4	-1	Likely benign	Likely benign
740920	RUNX1	Myeloid Malignancy VCEP	Likely benign	BP7, BP4	-2	Likely benign	Likely benign
1114554	RUNX1	Myeloid Malignancy VCEP	Likely benign	BP7, PM2_Supporting, BP4	-1	Likely benign	Likely benign
1160372	RUNX1	Myeloid Malignancy VCEP	Likely benign	BP7, BP4	-2	Likely benign	Likely benign
1104235	RUNX1	Myeloid Malignancy VCEP	Likely benign	BP7, BP4	-2	Likely benign	Likely benign
754535	RUNX1	Myeloid Malignancy VCEP	Likely benign	BP7, PM2_Supporting, BP4	-1	Likely benign	Likely benign
1127787	RUNX1	Myeloid Malignancy VCEP	Likely benign	BP7, PM2_Supporting, BP4	-1	Likely benign	Likely benign
703394	RUNX1	Myeloid Malignancy VCEP	Likely benign	BP7, PM2_Supporting, BP4	-1	Likely benign	Likely benign
1628628	RUNX1	Myeloid Malignancy VCEP	Likely benign	BP7, PM2_Supporting, BP4	-1	Likely benign	Likely benign
1597566	RUNX1	Myeloid Malignancy VCEP	Likely benign	BP7, PM2_Supporting, BP4	-1	Likely benign	Likely benign
1270876	RUNX1	Myeloid Malignancy VCEP	Likely benign	BP7, PM2_Supporting, BP4	-1	Likely benign	Likely benign
861921	RUNX1	Myeloid Malignancy VCEP	Likely benign	BS1, BP4	-5	Likely benign	Likely benign
1665576	RUNX1	Myeloid Malignancy VCEP	Likely benign	BP7, PM2_Supporting, BP4	-1	Likely benign	Likely benign
2146447	RUNX1	Myeloid Malignancy VCEP	Likely benign	BP7, BP4	-2	Likely benign	Likely benign
1589048	RUNX1	Myeloid Malignancy VCEP	Likely benign	BP7, BP4	-2	Likely benign	Likely benign
2174248	RUNX1	Myeloid Malignancy VCEP	Likely benign	BP7, BP4	-2	Likely benign	Likely benign
1650970	RUNX1	Myeloid Malignancy VCEP	Likely benign	BP7, PM2_Supporting, BP4	-1	Likely benign	Likely benign
1915570	RUNX1	Myeloid Malignancy VCEP	Likely benign	BP7, PM2_Supporting, BP4	-1	Likely benign	Likely benign
2066747	RUNX1	Myeloid Malignancy VCEP	Likely benign	BP7, PM2_Supporting, BP4	-1	Likely benign	Likely benign
1411773	RUNX1	Myeloid Malignancy VCEP	Likely benign	BP7, PM2_Supporting, BP4	-1	Likely benign	Likely benign
2086009	RUNX1	Myeloid Malignancy VCEP	Likely benign	BP7, PM2_Supporting, BP4	-1	Likely benign	Likely benign
1997400	RUNX1	Myeloid Malignancy VCEP	Likely benign	BP7, PM2_Supporting, BP4	-1	Likely benign	Likely benign
-	SLC6A8	Cerebral Creatine Deficiency Syndromes VCEP	Pathogenic	PM2_Supporting, PS4_Supporting, PP4_Strong, PVS1_Moderate, PM6	10	Pathogenic	Pathogenic
561109	SLC6A8	Cerebral Creatine Deficiency Syndromes VCEP	Likely pathogenic	PP3, PM2_Supporting, PP4_Strong, PM5_Supporting	7	Likely pathogenic	Likely pathogenic
-	SLC6A8	Cerebral Creatine Deficiency Syndromes VCEP	Likely pathogenic	PM2_Supporting, PVS1	9	Likely pathogenic	Uncertain significance
-	SLC6A8	Cerebral Creatine Deficiency Syndromes VCEP	Uncertain significance	PM2_Supporting, PP4_Strong	5	Uncertain significance	Uncertain significance
428806	VHL	VHL VCEP	Pathogenic	PM2_Supporting, PVS1, PS4_Moderate	11	Pathogenic	Pathogenic
223171	VHL	VHL VCEP	Likely pathogenic	PM2_Supporting, PM1, PP3, PS3_Supporting, PS4_Moderate	7	Likely pathogenic	Likely pathogenic
526679	VHL	VHL VCEP	Pathogenic	PM2_Supporting, PVS1_Strong, PS4	9	Likely pathogenic	Pathogenic
526673	VHL	VHL VCEP	Uncertain significance	PM2_Supporting, PVS1_Moderate	3	Uncertain significance	Uncertain significance
43597	VHL	VHL VCEP	Pathogenic	PM2_Supporting, PM1, PP3, PS3_Supporting, PM6, PS4	11	Pathogenic	Pathogenic
560745	VHL	VHL VCEP	Uncertain significance	PM1, PP3	3	Uncertain significance	Uncertain significance
127830	VHL	VHL VCEP	Benign	BA1	0	Benign	Benign
2225	VHL	VHL VCEP	Uncertain significance	PM1, BS1, PP3, BS2, PS3_Supporting	-4	Likely benign	Benign
440404	VHL	VHL VCEP	Uncertain significance	PVS1_Moderate	2	Uncertain significance	Uncertain significance
93330	VHL	VHL VCEP	Benign	BA1	0	Benign	Benign
418538	VHL	VHL VCEP	Likely benign	BS2_Supporting, BS1	-5	Likely benign	Likely benign
196284	VHL	VHL VCEP	Pathogenic	PS4_Supporting, PM2_Supporting, PVS1	10	Pathogenic	Pathogenic
428794	VHL	VHL VCEP	Pathogenic	PM2_Supporting, PVS1, PS4_Moderate	11	Pathogenic	Pathogenic
2216	VHL	VHL VCEP	Pathogenic	PM2_Supporting, PM1, PP3, PS3_Supporting, PM6, PS4	11	Pathogenic	Pathogenic
182959	VHL	VHL VCEP	Pathogenic	PM2_Supporting, PVS1, PS4_Moderate	11	Pathogenic	Pathogenic
411979	VHL	VHL VCEP	Pathogenic	PS4_Supporting, PM2_Supporting, PVS1	10	Pathogenic	Pathogenic
43601	VHL	VHL VCEP	Pathogenic	PS4_Supporting, PM2_Supporting, PVS1	10	Pathogenic	Pathogenic
141044	VHL	VHL VCEP	Uncertain significance	PM1, BS1, PP3, PS4_Moderate	1	Uncertain significance	Uncertain significance
223194	VHL	VHL VCEP	Pathogenic	PM2_Supporting, PVS1, PS4_Moderate	11	Pathogenic	Pathogenic
411994	VHL	VHL VCEP	Uncertain significance	PVS1_Strong	4	Uncertain significance	Uncertain significance
411978	VHL	VHL VCEP	Uncertain significance	PM2_Supporting, PM1, PP3, PS3_Supporting	5	Uncertain significance	Uncertain significance
182977	VHL	VHL VCEP	Pathogenic	PM2_Supporting, PP1_Strong, PS4	9	Likely pathogenic	Pathogenic
137905	VHL	VHL VCEP	Benign	BP4, BA1	-1	Benign	Benign
2233	VHL	VHL VCEP	Benign	BA1	0	Benign	Benign
93326	VHL	VHL VCEP	Pathogenic	PM2_Supporting, PM1, PP3, PS3_Supporting, PM6, PS4	11	Pathogenic	Pathogenic
135951	VHL	VHL VCEP	Benign	BA1	0	Benign	Benign
161402	VHL	VHL VCEP	Benign	BA1	0	Benign	Benign
941841	SLC6A8	Cerebral Creatine Deficiency Syndromes VCEP	Uncertain significance	PP3, PM2_Supporting, PM4	4	Uncertain significance	Uncertain significance
655729	MECP2	Rett and Angelman-like Disorders VCEP	Pathogenic	PM2_Supporting, PM5_Strong, PS2	9	Likely pathogenic	Pathogenic
1170846	MECP2	Rett and Angelman-like Disorders VCEP	Benign	BS2, BP5, BS1	-9	Benign	Benign
158884	MECP2	Rett and Angelman-like Disorders VCEP	Likely benign	BP4, BP7, BS2_Supporting	-3	Likely benign	Likely benign
431840	MECP2	Rett and Angelman-like Disorders VCEP	Benign	BS2, BS1, BP5_Strong	-12	Benign	Benign
1790283	FOXG1	Rett and Angelman-like Disorders VCEP	Benign	BA1, BP3	-1	Benign	Benign
969463	MECP2	Rett and Angelman-like Disorders VCEP	Benign	BS2, BP5_Strong	-8	Benign	Benign
590069	MECP2	Rett and Angelman-like Disorders VCEP	Benign	BS2, BS1	-8	Benign	Benign
378124	MECP2	Rett and Angelman-like Disorders VCEP	Uncertain significance	PM2_Supporting, BS2_Supporting	0	Uncertain significance	Uncertain significance
655951	MECP2	Rett and Angelman-like Disorders VCEP	Likely benign	BS2, BP5	-5	Likely benign	Likely benign
193309	FOXG1	Rett and Angelman-like Disorders VCEP	Benign	BA1	0	Benign	Benign
205475	FOXG1	Rett and Angelman-like Disorders VCEP	Benign	BP5_Strong, BS2, BA1	-8	Benign	Benign
205476	FOXG1	Rett and Angelman-like Disorders VCEP	Benign	BP5_Strong, BS2	-8	Benign	Benign
205497	FOXG1	Rett and Angelman-like Disorders VCEP	Likely benign	BP5, BS2	-5	Likely benign	Likely benign
1021635	FOXG1	Rett and Angelman-like Disorders VCEP	Likely benign	BP5, BS2, PM2_Supporting, BP4	-5	Likely benign	Likely benign
205468	FOXG1	Rett and Angelman-like Disorders VCEP	Benign	BS1, BS2, BP4	-9	Benign	Benign
211031	FOXG1	Rett and Angelman-like Disorders VCEP	Benign	BP5, BA1	-1	Benign	Benign
205470	FOXG1	Rett and Angelman-like Disorders VCEP	Benign	BP5, BS2, BP4, BA1	-6	Benign	Benign
194643	SLC9A6	Rett and Angelman-like Disorders VCEP	Benign	BA1	0	Benign	Benign
207233	SLC9A6	Rett and Angelman-like Disorders VCEP	Likely benign	BP5, BS2	-5	Likely benign	Likely benign
212217	SLC9A6	Rett and Angelman-like Disorders VCEP	Benign	BA1	0	Benign	Benign
3256144	GAMT	Cerebral Creatine Deficiency Syndromes VCEP	Likely pathogenic	PP3, PM2_Supporting, PP4_Strong, PM3	8	Likely pathogenic	Likely pathogenic
1391239	GAMT	Cerebral Creatine Deficiency Syndromes VCEP	Pathogenic	PM3_Supporting, PVS1, PP4_Moderate, PM2_Supporting	12	Pathogenic	Pathogenic
1334161	GJB2	Hearing Loss VCEP	Uncertain significance	PP3, PM5	3	Uncertain significance	Uncertain significance
438620	GJB2	Hearing Loss VCEP	Likely pathogenic	PP3, PM2_Supporting, PS3_Moderate, PM3, PM5	8	Likely pathogenic	Likely pathogenic
18009	SERPINC1	Thrombosis VCEP	Likely pathogenic	PP3, PS4_Supporting, PM2_Supporting, PM5, PP1_Moderate	7	Likely pathogenic	Likely pathogenic
876602	SERPINC1	Thrombosis VCEP	Uncertain significance	BS1	-4	Likely benign	Uncertain significance
1301540	SERPINC1	Thrombosis VCEP	Uncertain significance	BP4	-1	Likely benign	Uncertain significance
627341	SERPINC1	Thrombosis VCEP	Uncertain significance	PP3, PM2_Supporting	2	Uncertain significance	Uncertain significance
661606	SERPINC1	Thrombosis VCEP	Pathogenic	PP1, PM2_Supporting, PS4_Supporting, PVS1	11	Pathogenic	Pathogenic
18030	SERPINC1	Thrombosis VCEP	Pathogenic	PP3, PM2_Supporting, PS4_Very Strong	10	Pathogenic	Pathogenic
2267274	SERPINC1	Thrombosis VCEP	Uncertain significance	PM2, BP4	1	Uncertain significance	Uncertain significance
940768	SERPINC1	Thrombosis VCEP	Uncertain significance	PM2_Supporting, BP4	0	Uncertain significance	Uncertain significance
293840	SERPINC1	Thrombosis VCEP	Likely benign	BP4, BP7, BS1	-6	Likely benign	Likely benign
293841	SERPINC1	Thrombosis VCEP	Uncertain significance	BS1	-4	Likely benign	Uncertain significance
-	GCK	Monogenic Diabetes VCEP	Pathogenic	PS4_Moderate, PVS1, PP4_Moderate, PM2_Supporting	13	Pathogenic	Pathogenic
3358853	F8	Coagulation Factor Deficiency VCEP	Uncertain significance	PS4_Moderate, PM2_Supporting, BS2	-1	Likely benign	Uncertain significance
993916	F8	Coagulation Factor Deficiency VCEP	Likely pathogenic	PS4, PP4_Moderate, PM2_Supporting, PP3	8	Likely pathogenic	Likely pathogenic
10253	F8	Coagulation Factor Deficiency VCEP	Pathogenic	PS4, PS2_Very Strong, PVS1, PM2_Supporting	21	Pathogenic	Pathogenic
10236	F8	Coagulation Factor Deficiency VCEP	Pathogenic	PP1_Strong, PS4, PS2, PP4_Moderate, PP3	15	Pathogenic	Pathogenic
2775446	F8	Coagulation Factor Deficiency VCEP	Pathogenic	PS4, PM2_Supporting, PP3, PP1	7	Likely pathogenic	Likely pathogenic
-	F8	Coagulation Factor Deficiency VCEP	Uncertain significance	PS4_Moderate, PM5_Supporting, PM2_Supporting, PP3	5	Uncertain significance	Uncertain significance
10208	F8	Coagulation Factor Deficiency VCEP	Likely pathogenic	PS4_Moderate, PP4_Moderate, PM5_Supporting, PM2_Supporting, PP3	7	Likely pathogenic	Likely pathogenic
10195	F8	Coagulation Factor Deficiency VCEP	Pathogenic	PS4, PS2, PM2, PP3, PP1	12	Pathogenic	Pathogenic
-	F8	Coagulation Factor Deficiency VCEP	Likely pathogenic	PS4, PM2_Supporting, PP3	6	Likely pathogenic	Likely pathogenic
10085	F8	Coagulation Factor Deficiency VCEP	Pathogenic	PVS1_Strong, PS4_Very Strong, PP4_Moderate, PS2_Moderate, PM2_Supporting, PP1	18	Pathogenic	Pathogenic
-	F9	Coagulation Factor Deficiency VCEP	Uncertain significance	PP3, PM5, PM2_Supporting, PS4_Supporting	5	Uncertain significance	Uncertain significance
-	F9	Coagulation Factor Deficiency VCEP	Uncertain significance	PP3, PM5, PM2_Supporting, PS4_Supporting	5	Uncertain significance	Uncertain significance
-	F9	Coagulation Factor Deficiency VCEP	Likely pathogenic	PP3, PM5, PM2_Supporting, PS4_Moderate	6	Likely pathogenic	Likely pathogenic
811512	F9	Coagulation Factor Deficiency VCEP	Pathogenic	PP3, PP1, PP4, PM2_Supporting, PS4	8	Likely pathogenic	Likely pathogenic
-	F8	Coagulation Factor Deficiency VCEP	Likely pathogenic	PS4_Moderate, PP4_Moderate, PM5, PM2_Supporting, PP3	8	Likely pathogenic	Likely pathogenic
-	F9	Coagulation Factor Deficiency VCEP	Likely pathogenic	PP3, PM5, PM2_Supporting, PS4_Moderate	6	Likely pathogenic	Likely pathogenic
-	F9	Coagulation Factor Deficiency VCEP	Likely pathogenic	PP3, PM5, PM2_Supporting, PS4	8	Likely pathogenic	Likely pathogenic
-	F9	Coagulation Factor Deficiency VCEP	Uncertain significance	PP3, PM5, PM2_Supporting, PS4_Supporting	5	Uncertain significance	Uncertain significance
651569	F9	Coagulation Factor Deficiency VCEP	Likely pathogenic	PS3_Supporting, PP3, PM2_Supporting, PS4	7	Likely pathogenic	Likely pathogenic
-	F9	Coagulation Factor Deficiency VCEP	Pathogenic	PP4_Moderate, PM6, PP3, PM2_Supporting, PS4	10	Pathogenic	Pathogenic
626950	F9	Coagulation Factor Deficiency VCEP	Pathogenic	PP3, PM2_Supporting, PS4	6	Likely pathogenic	Likely pathogenic
-	F9	Coagulation Factor Deficiency VCEP	Pathogenic	PVS1_Moderate, PP4_Moderate, PM6, PM2_Supporting, PS4	11	Pathogenic	Pathogenic
10587	F9	Coagulation Factor Deficiency VCEP	Pathogenic	PVS1, PP4_Moderate, PM2_Supporting, PS4	15	Pathogenic	Pathogenic
10585	F9	Coagulation Factor Deficiency VCEP	Pathogenic	PM1_Strong, PP4_Moderate, PP3, PS4	11	Pathogenic	Pathogenic
810867	F9	Coagulation Factor Deficiency VCEP	Pathogenic	PVS1, PM2_Supporting, PS4	13	Pathogenic	Pathogenic
10572	F9	Coagulation Factor Deficiency VCEP	Pathogenic	PVS1, PP4_Moderate, PM2_Supporting, PS4	15	Pathogenic	Pathogenic
216926	F9	Coagulation Factor Deficiency VCEP	Pathogenic	PS4_Very Strong, PP4_Moderate, PP3, PM2_Supporting	12	Pathogenic	Pathogenic
10579	F9	Coagulation Factor Deficiency VCEP	Pathogenic	PP4_Moderate, PM1, PP3, PP1, PS4	10	Pathogenic	Pathogenic
2775451	F9	Coagulation Factor Deficiency VCEP	Pathogenic	PP4_Moderate, PP3, PM2_Supporting, PS4	8	Likely pathogenic	Likely pathogenic
697610	F9	Coagulation Factor Deficiency VCEP	Benign	BA1	0	Benign	Benign
367997	F9	Coagulation Factor Deficiency VCEP	Benign	BS2, BA1	-4	Benign	Benign
701352	F9	Coagulation Factor Deficiency VCEP	Benign	BP7, BP4, BA1	-2	Benign	Benign
2775452	F9	Coagulation Factor Deficiency VCEP	Benign	BP4, BA1	-1	Benign	Benign
1166447	F9	Coagulation Factor Deficiency VCEP	Benign	BA1	0	Benign	Benign
695909	F9	Coagulation Factor Deficiency VCEP	Benign	BA1	0	Benign	Benign
367999	F9	Coagulation Factor Deficiency VCEP	Benign	BA1	0	Benign	Benign
367998	F9	Coagulation Factor Deficiency VCEP	Benign	BP7, BP4, BA1	-2	Benign	Benign
10588	F9	Coagulation Factor Deficiency VCEP	Benign	BA1, BP4	-1	Benign	Benign
368002	F9	Coagulation Factor Deficiency VCEP	Benign	BP7, BP4, BA1	-2	Benign	Benign
2775450	F8	Coagulation Factor Deficiency VCEP	Pathogenic	PVS1_Strong, PS4, PM2_Supporting	9	Likely pathogenic	Pathogenic
627328	F8	Coagulation Factor Deficiency VCEP	Pathogenic	PS4, PS3, PP4_Moderate, PM2_Supporting, PP3	12	Pathogenic	Pathogenic
10256	F8	Coagulation Factor Deficiency VCEP	Pathogenic	PS4, PVS1, PM2_Supporting	13	Pathogenic	Pathogenic
10294	F8	Coagulation Factor Deficiency VCEP	Pathogenic	PS3, PS4, PP4_Moderate, PM2_Supporting, PP3, PP1	13	Pathogenic	Pathogenic
10274	F8	Coagulation Factor Deficiency VCEP	Pathogenic	PS4, PP4_Moderate, PM2_Supporting, PP3	8	Likely pathogenic	Likely pathogenic
2775449	F8	Coagulation Factor Deficiency VCEP	Pathogenic	PVS1, PS2_Moderate, PM2_Supporting, PS4_Supporting	12	Pathogenic	Pathogenic
10232	F8	Coagulation Factor Deficiency VCEP	Pathogenic	PS4, PVS1, PP4_Moderate, PM2_Supporting	15	Pathogenic	Pathogenic
10247	F8	Coagulation Factor Deficiency VCEP	Pathogenic	PS3, PS4, PP4_Moderate, PP1_Moderate, PM2_Supporting, PP3	14	Pathogenic	Pathogenic
2775448	F8	Coagulation Factor Deficiency VCEP	Pathogenic	PVS1, PM2_Supporting, PS4_Supporting	10	Pathogenic	Pathogenic
10139	F8	Coagulation Factor Deficiency VCEP	Pathogenic	PS4, PVS1, PP4_Moderate, PS2_Moderate, PM2_Supporting, PP1	18	Pathogenic	Pathogenic
2775447	F8	Coagulation Factor Deficiency VCEP	Pathogenic	PVS1, PS4_Supporting, PM2_Supporting	10	Pathogenic	Pathogenic
10304	F8	Coagulation Factor Deficiency VCEP	Pathogenic	PS4, PP4_Moderate, PM2_Supporting, PP3	8	Likely pathogenic	Likely pathogenic
10327	F8	Coagulation Factor Deficiency VCEP	Pathogenic	PS4, PM2_Supporting, PP3	6	Likely pathogenic	Likely pathogenic
2775445	F8	Coagulation Factor Deficiency VCEP	Pathogenic	PS4, PP4_Moderate, PM2_Supporting, PP3	8	Likely pathogenic	Likely pathogenic
2775444	F8	Coagulation Factor Deficiency VCEP	Pathogenic	PS4, PP4_Moderate, PM2_Supporting, PP3, PP1	9	Likely pathogenic	Likely pathogenic
627165	F8	Coagulation Factor Deficiency VCEP	Pathogenic	PS4, PM2_Supporting, PP3, PP1	7	Likely pathogenic	Likely pathogenic
449370	F8	Coagulation Factor Deficiency VCEP	Pathogenic	PS4, PP4_Moderate, PP1_Moderate, PP3	9	Likely pathogenic	Likely pathogenic
618104	F8	Coagulation Factor Deficiency VCEP	Pathogenic	PS4, PP4_Moderate, PM1, PP3	9	Likely pathogenic	Likely pathogenic
10226	F8	Coagulation Factor Deficiency VCEP	Pathogenic	PP1_Strong, PS4, PP4_Moderate, PP3	11	Pathogenic	Pathogenic
10225	F8	Coagulation Factor Deficiency VCEP	Pathogenic	PS4, PP4_Moderate, PM2_Supporting, PP3	8	Likely pathogenic	Likely pathogenic
41001	F8	Coagulation Factor Deficiency VCEP	Benign	BP4, BA1	-1	Benign	Benign
368120	F8	Coagulation Factor Deficiency VCEP	Benign	BP4, BA1	-1	Benign	Benign
368123	F8	Coagulation Factor Deficiency VCEP	Benign	BA1	0	Benign	Benign
41000	F8	Coagulation Factor Deficiency VCEP	Benign	BA1, BP4	-1	Benign	Benign
368124	F8	Coagulation Factor Deficiency VCEP	Benign	BP4, BA1, BP7	-2	Benign	Benign
569458	RUNX1	Myeloid Malignancy VCEP	Likely benign	BS1, BP2	-5	Likely benign	Likely benign
2164411	RUNX1	Myeloid Malignancy VCEP	Likely benign	BP7, PM2_Supporting, BP4	-1	Likely benign	Likely benign
943908	RUNX1	Myeloid Malignancy VCEP	Likely benign	BP7, PM2_Supporting, BP4	-1	Likely benign	Likely benign
239054	RUNX1	Myeloid Malignancy VCEP	Likely benign	BS3_Supporting, BP4	-2	Likely benign	Likely benign
762975	RUNX1	Myeloid Malignancy VCEP	Likely benign	BP7, PM2_Supporting, BP4	-1	Likely benign	Likely benign
730812	RUNX1	Myeloid Malignancy VCEP	Likely benign	BP7, BP4	-2	Likely benign	Likely benign
705075	RUNX1	Myeloid Malignancy VCEP	Likely benign	BP7, BP4	-2	Likely benign	Likely benign
1144346	RUNX1	Myeloid Malignancy VCEP	Likely benign	BP7, BP4	-2	Likely benign	Likely benign
1430658	RUNX1	Myeloid Malignancy VCEP	Likely benign	BP7, PM2_Supporting, BP4	-1	Likely benign	Likely benign
1077899	RUNX1	Myeloid Malignancy VCEP	Likely benign	BP7, BP4	-2	Likely benign	Likely benign
760384	RUNX1	Myeloid Malignancy VCEP	Likely benign	BP7, PM2_Supporting, BP4	-1	Likely benign	Likely benign
-	RUNX1	Myeloid Malignancy VCEP	Likely benign	BS1, PP3	-3	Likely benign	Uncertain significance
1083150	RUNX1	Myeloid Malignancy VCEP	Likely benign	BP7, PM2_Supporting, BP4	-1	Likely benign	Likely benign
1107612	RUNX1	Myeloid Malignancy VCEP	Likely benign	BP7, PM2_Supporting, BP4	-1	Likely benign	Likely benign
1153550	RUNX1	Myeloid Malignancy VCEP	Likely benign	BP7, PM2_Supporting, BP4	-1	Likely benign	Likely benign
761870	RUNX1	Myeloid Malignancy VCEP	Likely benign	BP7, PM2_Supporting, BP4	-1	Likely benign	Likely benign
1007447	RUNX1	Myeloid Malignancy VCEP	Likely benign	BP7, BP4	-2	Likely benign	Likely benign
701705	RUNX1	Myeloid Malignancy VCEP	Likely benign	BP7, BS1, BP4	-6	Likely benign	Likely benign
898915	RUNX1	Myeloid Malignancy VCEP	Likely benign	BP7, BP4	-2	Likely benign	Likely benign
1150152	RUNX1	Myeloid Malignancy VCEP	Likely benign	BP7, BP4	-2	Likely benign	Likely benign
741803	RUNX1	Myeloid Malignancy VCEP	Likely benign	BP7, BP4	-2	Likely benign	Likely benign
463979	RUNX1	Myeloid Malignancy VCEP	Likely benign	BP7, BP4	-2	Likely benign	Likely benign
2130981	RUNX1	Myeloid Malignancy VCEP	Uncertain significance		0	Uncertain significance	Uncertain significance
580214	RUNX1	Myeloid Malignancy VCEP	Uncertain significance		0	Uncertain significance	Uncertain significance
843571	RUNX1	Myeloid Malignancy VCEP	Uncertain significance	PM2_Supporting	1	Uncertain significance	Uncertain significance
1692640	RUNX1	Myeloid Malignancy VCEP	Uncertain significance	PM2_Supporting, BP4	0	Uncertain significance	Uncertain significance
948047	RUNX1	Myeloid Malignancy VCEP	Uncertain significance	PM2	2	Uncertain significance	Uncertain significance
1053850	RUNX1	Myeloid Malignancy VCEP	Uncertain significance	PM2_Supporting, BP4	0	Uncertain significance	Uncertain significance
837414	RUNX1	Myeloid Malignancy VCEP	Uncertain significance		0	Uncertain significance	Uncertain significance
1424427	RUNX1	Myeloid Malignancy VCEP	Uncertain significance	BP4	-1	Likely benign	Uncertain significance
2435493	RUNX1	Myeloid Malignancy VCEP	Uncertain significance	PM2_Supporting	1	Uncertain significance	Uncertain significance
1482695	RUNX1	Myeloid Malignancy VCEP	Uncertain significance	BP4	-1	Likely benign	Uncertain significance
1722154	RUNX1	Myeloid Malignancy VCEP	Uncertain significance	PM1_Supporting, PP3, PM2_Supporting	3	Uncertain significance	Uncertain significance
2047695	RUNX1	Myeloid Malignancy VCEP	Uncertain significance	PM1_Supporting, PP3, PM2_Supporting	3	Uncertain significance	Uncertain significance
1487660	RUNX1	Myeloid Malignancy VCEP	Uncertain significance	PM2_Supporting, BP4	0	Uncertain significance	Uncertain significance
1722136	RUNX1	Myeloid Malignancy VCEP	Uncertain significance	PM2_Supporting	1	Uncertain significance	Uncertain significance
1692648	RUNX1	Myeloid Malignancy VCEP	Uncertain significance	PM2_Supporting	1	Uncertain significance	Uncertain significance
1352428	RUNX1	Myeloid Malignancy VCEP	Uncertain significance		0	Uncertain significance	Uncertain significance
951606	RUNX1	Myeloid Malignancy VCEP	Uncertain significance	BP4	-1	Likely benign	Uncertain significance
464004	RUNX1	Myeloid Malignancy VCEP	Uncertain significance	BP4	-1	Likely benign	Uncertain significance
1703791	RUNX1	Myeloid Malignancy VCEP	Uncertain significance	PS4_Supporting	1	Uncertain significance	Uncertain significance
1024050	RUNX1	Myeloid Malignancy VCEP	Uncertain significance	PM2_Supporting, BP4	0	Uncertain significance	Uncertain significance
239046	RUNX1	Myeloid Malignancy VCEP	Uncertain significance	PM2_Supporting	1	Uncertain significance	Uncertain significance
-	RUNX1	Myeloid Malignancy VCEP	Uncertain significance	PM1_Supporting, PP3, PM2_Supporting, PS4_Supporting	4	Uncertain significance	Uncertain significance
436615	RUNX1	Myeloid Malignancy VCEP	Uncertain significance	PP3, PS4_Supporting, PM2_Supporting	3	Uncertain significance	Uncertain significance
853648	RUNX1	Myeloid Malignancy VCEP	Uncertain significance	BS1, PP3	-3	Likely benign	Uncertain significance
856424	RUNX1	Myeloid Malignancy VCEP	Uncertain significance		0	Uncertain significance	Uncertain significance
860155	RUNX1	Myeloid Malignancy VCEP	Uncertain significance	PM2_Supporting	1	Uncertain significance	Uncertain significance
1496304	RUNX1	Myeloid Malignancy VCEP	Uncertain significance	PM2, BP4	1	Uncertain significance	Uncertain significance
463983	RUNX1	Myeloid Malignancy VCEP	Uncertain significance	BP4	-1	Likely benign	Uncertain significance
1709200	RUNX1	Myeloid Malignancy VCEP	Uncertain significance	PM4_Supporting, PM2_Supporting	2	Uncertain significance	Uncertain significance
1016458	RUNX1	Myeloid Malignancy VCEP	Uncertain significance	PM2_Supporting	1	Uncertain significance	Uncertain significance
962678	RUNX1	Myeloid Malignancy VCEP	Uncertain significance	BP4	-1	Likely benign	Uncertain significance
959847	RUNX1	Myeloid Malignancy VCEP	Uncertain significance	BP4	-1	Likely benign	Uncertain significance
956754	RUNX1	Myeloid Malignancy VCEP	Uncertain significance	PM2_Supporting	1	Uncertain significance	Uncertain significance
949338	RUNX1	Myeloid Malignancy VCEP	Uncertain significance		0	Uncertain significance	Uncertain significance
860286	RUNX1	Myeloid Malignancy VCEP	Uncertain significance	PM2_Supporting, BP4	0	Uncertain significance	Uncertain significance
845897	RUNX1	Myeloid Malignancy VCEP	Uncertain significance		0	Uncertain significance	Uncertain significance
655133	RUNX1	Myeloid Malignancy VCEP	Uncertain significance	PM2_Supporting, BS3_Supporting	0	Uncertain significance	Uncertain significance
1401789	RUNX1	Myeloid Malignancy VCEP	Uncertain significance	PM1_Supporting, PP3	2	Uncertain significance	Uncertain significance
570999	RUNX1	Myeloid Malignancy VCEP	Uncertain significance	PM2_Supporting, PM4	3	Uncertain significance	Uncertain significance
1359458	RUNX1	Myeloid Malignancy VCEP	Uncertain significance	PM2_Supporting	1	Uncertain significance	Uncertain significance
2087940	RUNX1	Myeloid Malignancy VCEP	Uncertain significance	PM2_Supporting	1	Uncertain significance	Uncertain significance
1115091	RUNX1	Myeloid Malignancy VCEP	Likely benign	BP7, PM2_Supporting, BP4	-1	Likely benign	Likely benign
409825	RUNX1	Myeloid Malignancy VCEP	Uncertain significance		0	Uncertain significance	Uncertain significance
561241	RUNX1	Myeloid Malignancy VCEP	Uncertain significance	PP3, PM2_Supporting	2	Uncertain significance	Uncertain significance
862114	RUNX1	Myeloid Malignancy VCEP	Uncertain significance	BP4	-1	Likely benign	Uncertain significance
561239	RUNX1	Myeloid Malignancy VCEP	Uncertain significance	PM1_Supporting, PM2_Supporting	2	Uncertain significance	Uncertain significance
1692641	RUNX1	Myeloid Malignancy VCEP	Uncertain significance	PM2_Supporting	1	Uncertain significance	Uncertain significance
1692642	RUNX1	Myeloid Malignancy VCEP	Uncertain significance	PM2_Supporting	1	Uncertain significance	Uncertain significance
1389496	RUNX1	Myeloid Malignancy VCEP	Uncertain significance	PM2_Supporting	1	Uncertain significance	Uncertain significance
-	RUNX1	Myeloid Malignancy VCEP	Uncertain significance	PM1_Supporting, PP3, PM2_Supporting	3	Uncertain significance	Uncertain significance
1005132	RUNX1	Myeloid Malignancy VCEP	Uncertain significance	PVS1_Strong, PM2_Supporting	5	Uncertain significance	Uncertain significance
968245	RUNX1	Myeloid Malignancy VCEP	Uncertain significance	PM2_Supporting, BP4	0	Uncertain significance	Uncertain significance
2145852	RUNX1	Myeloid Malignancy VCEP	Uncertain significance	BP4	-1	Likely benign	Uncertain significance
1721206	RUNX1	Myeloid Malignancy VCEP	Uncertain significance	PM2_Supporting	1	Uncertain significance	Uncertain significance
1128874	RUNX1	Myeloid Malignancy VCEP	Likely benign	BP7, PM2_Supporting, BP4	-1	Likely benign	Likely benign
1142515	RUNX1	Myeloid Malignancy VCEP	Uncertain significance	PM2_Supporting, BP4	0	Uncertain significance	Uncertain significance
935710	RUNX1	Myeloid Malignancy VCEP	Uncertain significance	BP4	-1	Likely benign	Uncertain significance
840868	RUNX1	Myeloid Malignancy VCEP	Uncertain significance	PM2_Supporting	1	Uncertain significance	Uncertain significance
641150	RUNX1	Myeloid Malignancy VCEP	Uncertain significance	BP4	-1	Likely benign	Uncertain significance
660172	RUNX1	Myeloid Malignancy VCEP	Uncertain significance	PM1_Supporting	1	Uncertain significance	Uncertain significance
-	PAH	Phenylketonuria VCEP	Pathogenic	PP4_Moderate, PVS1, PM2_Supporting	11	Pathogenic	Pathogenic
135405	VHL	VHL VCEP	Benign	BA1	0	Benign	Benign
43596	VHL	VHL VCEP	Benign	BA1	0	Benign	Benign
2226	VHL	VHL VCEP	Pathogenic	PM2_Supporting, PM1, PM6_Supporting, PP3, PS3_Supporting, PS4	10	Pathogenic	Pathogenic
182978	VHL	VHL VCEP	Pathogenic	PM2_Supporting, PVS1, PS4	13	Pathogenic	Pathogenic
988847	RUNX1	Myeloid Malignancy VCEP	Uncertain significance	BP4	-1	Likely benign	Uncertain significance
1097518	RUNX1	Myeloid Malignancy VCEP	Likely benign	BP7, PM2_Supporting, BP4	-1	Likely benign	Likely benign
1014459	RUNX1	Myeloid Malignancy VCEP	Uncertain significance	PM1_Supporting, PS4_Moderate, PP3	4	Uncertain significance	Uncertain significance
464003	RUNX1	Myeloid Malignancy VCEP	Uncertain significance		0	Uncertain significance	Uncertain significance
1125165	RUNX1	Myeloid Malignancy VCEP	Uncertain significance		0	Uncertain significance	Uncertain significance
1094989	RUNX1	Myeloid Malignancy VCEP	Likely benign	BP7, PM2_Supporting, BP4	-1	Likely benign	Likely benign
1025166	RUNX1	Myeloid Malignancy VCEP	Uncertain significance	BP4	-1	Likely benign	Uncertain significance
239050	RUNX1	Myeloid Malignancy VCEP	Uncertain significance		0	Uncertain significance	Uncertain significance
649370	RUNX1	Myeloid Malignancy VCEP	Uncertain significance	PM1_Supporting, PS4_Moderate, PP3, PM2_Supporting	5	Uncertain significance	Uncertain significance
1009786	RUNX1	Myeloid Malignancy VCEP	Uncertain significance	PM2_Supporting, BP4	0	Uncertain significance	Uncertain significance
1077574	RUNX1	Myeloid Malignancy VCEP	Uncertain significance	PM2_Supporting, BP4	0	Uncertain significance	Uncertain significance
1417068	RUNX1	Myeloid Malignancy VCEP	Uncertain significance	PM2_Supporting	1	Uncertain significance	Uncertain significance
2417866	RUNX1	Myeloid Malignancy VCEP	Uncertain significance	PM2_Supporting	1	Uncertain significance	Uncertain significance
1524897	RUNX1	Myeloid Malignancy VCEP	Uncertain significance	PM1_Supporting, PP3, PM2_Supporting	3	Uncertain significance	Uncertain significance
1496240	RUNX1	Myeloid Malignancy VCEP	Uncertain significance	PM1_Supporting, PP3, PM2_Supporting	3	Uncertain significance	Uncertain significance
2071711	RUNX1	Myeloid Malignancy VCEP	Uncertain significance	PP3, PM2_Supporting	2	Uncertain significance	Uncertain significance
1156194	RUNX1	Myeloid Malignancy VCEP	Likely benign	BP7, PM2_Supporting, BP4	-1	Likely benign	Likely benign
1321699	RUNX1	Myeloid Malignancy VCEP	Uncertain significance	PS4_Moderate, PM1_Supporting, PP3, PM2_Supporting	5	Uncertain significance	Uncertain significance
1374525	RUNX1	Myeloid Malignancy VCEP	Uncertain significance	PM1_Supporting, PP3, PM2_Supporting	3	Uncertain significance	Uncertain significance
964908	RUNX1	Myeloid Malignancy VCEP	Uncertain significance	PS4_Supporting, BP4	0	Uncertain significance	Uncertain significance
1052351	RUNX1	Myeloid Malignancy VCEP	Uncertain significance	PM2_Supporting	1	Uncertain significance	Uncertain significance
1348351	RUNX1	Myeloid Malignancy VCEP	Likely pathogenic	PVS1_Strong, PM2_Supporting, PS4_Supporting	6	Likely pathogenic	Likely pathogenic
1723808	RUNX1	Myeloid Malignancy VCEP	Uncertain significance	PM1_Supporting	1	Uncertain significance	Uncertain significance
956982	RUNX1	Myeloid Malignancy VCEP	Uncertain significance	PM1_Supporting, PP3, PM2_Supporting, BS3_Supporting	2	Uncertain significance	Uncertain significance
2163996	RUNX1	Myeloid Malignancy VCEP	Uncertain significance	PM2_Supporting	1	Uncertain significance	Uncertain significance
837795	RUNX1	Myeloid Malignancy VCEP	Uncertain significance	PM2_Supporting	1	Uncertain significance	Uncertain significance
1396766	RUNX1	Myeloid Malignancy VCEP	Uncertain significance	BP4	-1	Likely benign	Uncertain significance
532667	RUNX1	Myeloid Malignancy VCEP	Uncertain significance	BP4	-1	Likely benign	Uncertain significance
1010913	RUNX1	Myeloid Malignancy VCEP	Uncertain significance	PM2_Supporting, BP4	0	Uncertain significance	Uncertain significance
1022052	RUNX1	Myeloid Malignancy VCEP	Uncertain significance	PM1_Supporting, PM2_Supporting	2	Uncertain significance	Uncertain significance
837567	RUNX1	Myeloid Malignancy VCEP	Uncertain significance	PP3	1	Uncertain significance	Uncertain significance
2150091	RUNX1	Myeloid Malignancy VCEP	Uncertain significance	PM2_Supporting, BP4	0	Uncertain significance	Uncertain significance
1951250	RUNX1	Myeloid Malignancy VCEP	Uncertain significance	PM2_Supporting, BP4	0	Uncertain significance	Uncertain significance
1533052	RUNX1	Myeloid Malignancy VCEP	Uncertain significance	BP4	-1	Likely benign	Uncertain significance
2060504	RUNX1	Myeloid Malignancy VCEP	Uncertain significance	PM2_Supporting, BP4	0	Uncertain significance	Uncertain significance
1514344	RUNX1	Myeloid Malignancy VCEP	Uncertain significance	PM1_Supporting, PP3, PM2_Supporting	3	Uncertain significance	Uncertain significance
2002578	RUNX1	Myeloid Malignancy VCEP	Uncertain significance	PM2_Supporting, BP4	0	Uncertain significance	Uncertain significance
960077	RUNX1	Myeloid Malignancy VCEP	Uncertain significance	PM2_Supporting	1	Uncertain significance	Uncertain significance
999481	RUNX1	Myeloid Malignancy VCEP	Uncertain significance	BP4	-1	Likely benign	Uncertain significance
986424	MT-TK	Mitochondrial Diseases VCEP	Likely pathogenic	PM6, PP3, PM2_Supporting, PS4_Moderate, PS3_Supporting	7	Likely pathogenic	Likely pathogenic
9596	MT-TL1	Mitochondrial Diseases VCEP	Likely pathogenic	PP3, PM2_Supporting, PS4_Moderate, PP1_Moderate, PS3_Supporting	7	Likely pathogenic	Likely pathogenic
689929	MT-TW	Mitochondrial Diseases VCEP	Likely pathogenic	PP3, PM2_Supporting, PS4_Supporting, PP1_Moderate, PS3_Supporting	6	Likely pathogenic	Likely pathogenic
1679204	MT-TL1	Mitochondrial Diseases VCEP	Uncertain significance	PP3, PM2_Supporting, PS4_Supporting	3	Uncertain significance	Uncertain significance
430689	MT-ND5	Mitochondrial Diseases VCEP	Uncertain significance	PP3, PM2_Supporting, PS4_Moderate, PS3_Supporting	5	Uncertain significance	Uncertain significance
636202	RPE65	Leber Congenital Amaurosis/early onset Retinal Dystrophy VCEP	Pathogenic	PM3_Strong, PP3_Moderate, PP4, PM1, PM2_Supporting	10	Pathogenic	Pathogenic
870345	RPE65	Leber Congenital Amaurosis/early onset Retinal Dystrophy VCEP	Pathogenic	PP3_Moderate, PP4_Moderate, PP1, PM2_Supporting, PM1, PM3	10	Pathogenic	Likely pathogenic
2678439	RPE65	Leber Congenital Amaurosis/early onset Retinal Dystrophy VCEP	Pathogenic	PVS1, PP1, PP4, PM2_Supporting, PM3	13	Pathogenic	Pathogenic
13115	RPE65	Leber Congenital Amaurosis/early onset Retinal Dystrophy VCEP	Pathogenic	PM3_Strong, PP3_Moderate, PP1_Moderate, PS3_Supporting, PP4_Moderate, PM2_Supporting, PM5	14	Pathogenic	Pathogenic
-	RPE65	Leber Congenital Amaurosis/early onset Retinal Dystrophy VCEP	Pathogenic	PM3_Supporting, PVS1, PM2_Supporting	10	Pathogenic	Pathogenic
811223	RPE65	Leber Congenital Amaurosis/early onset Retinal Dystrophy VCEP	Likely benign	BP4, BS1	-5	Likely benign	Likely benign
98868	RPE65	Leber Congenital Amaurosis/early onset Retinal Dystrophy VCEP	Likely pathogenic	PP3_Moderate, PS3_Supporting, PP4, PM3, PM2_Supporting	7	Likely pathogenic	Likely pathogenic
812758	RPE65	Leber Congenital Amaurosis/early onset Retinal Dystrophy VCEP	Pathogenic	PM3_Supporting, PVS1, PM2_Supporting	10	Pathogenic	Pathogenic
298020	RPE65	Leber Congenital Amaurosis/early onset Retinal Dystrophy VCEP	Likely benign	BP4, BP7	-2	Likely benign	Likely benign
874235	RPE65	Leber Congenital Amaurosis/early onset Retinal Dystrophy VCEP	Uncertain significance	BP4, PM2_Supporting	0	Uncertain significance	Uncertain significance
298022	RPE65	Leber Congenital Amaurosis/early onset Retinal Dystrophy VCEP	Uncertain significance	PM2_Supporting	1	Uncertain significance	Uncertain significance
98843	RPE65	Leber Congenital Amaurosis/early onset Retinal Dystrophy VCEP	Pathogenic	PVS1, PM2_Supporting, PM3	11	Pathogenic	Pathogenic
235698	MT-ATP6	Mitochondrial Diseases VCEP	Uncertain significance	BP4	-1	Likely benign	Uncertain significance
39575	MT-TT	Mitochondrial Diseases VCEP	Likely pathogenic	PS3_Moderate, PM2_Supporting, PS4_Moderate	5	Uncertain significance	Uncertain significance
618222	MT-TV	Mitochondrial Diseases VCEP	Uncertain significance	BP4	-1	Likely benign	Uncertain significance
9682	MT-CYB	Mitochondrial Diseases VCEP	Uncertain significance	PP3, PM2_Supporting	2	Uncertain significance	Uncertain significance
9680	MT-CYB	Mitochondrial Diseases VCEP	Likely pathogenic	PM2_Supporting, PVS1_Strong, PS3_Supporting	6	Likely pathogenic	Likely pathogenic
949591	RUNX1	Myeloid Malignancy VCEP	Uncertain significance		0	Uncertain significance	Uncertain significance
2088789	RUNX1	Myeloid Malignancy VCEP	Uncertain significance	PM1_Supporting, PP3, PM2_Supporting	3	Uncertain significance	Uncertain significance
2089191	RUNX1	Myeloid Malignancy VCEP	Uncertain significance	PM2_Supporting, BP4	0	Uncertain significance	Uncertain significance
1024911	RUNX1	Myeloid Malignancy VCEP	Uncertain significance	PM2_Supporting	1	Uncertain significance	Uncertain significance
2078130	RUNX1	Myeloid Malignancy VCEP	Uncertain significance	PP3, PM2_Supporting	2	Uncertain significance	Uncertain significance
2151600	RUNX1	Myeloid Malignancy VCEP	Uncertain significance	PM2_Supporting, BP4	0	Uncertain significance	Uncertain significance
2089328	RUNX1	Myeloid Malignancy VCEP	Uncertain significance	PM2_Supporting, BP4	0	Uncertain significance	Uncertain significance
1986052	RUNX1	Myeloid Malignancy VCEP	Uncertain significance	PM2_Supporting	1	Uncertain significance	Uncertain significance
988809	RUNX1	Myeloid Malignancy VCEP	Uncertain significance	PS4_Moderate, PM2_Supporting	3	Uncertain significance	Uncertain significance
2094507	RUNX1	Myeloid Malignancy VCEP	Pathogenic	PS4_Moderate, PVS1_Strong, PP1, PM2_Supporting, PS3_Moderate	10	Pathogenic	Pathogenic
627100	RUNX1	Myeloid Malignancy VCEP	Uncertain significance	PM1_Supporting, PP3, PM2_Supporting, PS4_Supporting	4	Uncertain significance	Uncertain significance
660565	RUNX1	Myeloid Malignancy VCEP	Uncertain significance		0	Uncertain significance	Uncertain significance
1684453	RUNX1	Myeloid Malignancy VCEP	Uncertain significance	PM1_Supporting, PP3, PM2_Supporting	3	Uncertain significance	Uncertain significance
935114	RUNX1	Myeloid Malignancy VCEP	Uncertain significance	PM2_Supporting	1	Uncertain significance	Uncertain significance
1466432	RUNX1	Myeloid Malignancy VCEP	Uncertain significance	PM2_Supporting	1	Uncertain significance	Uncertain significance
971877	RUNX1	Myeloid Malignancy VCEP	Uncertain significance	PM1_Supporting, PP3	2	Uncertain significance	Uncertain significance
839213	RUNX1	Myeloid Malignancy VCEP	Uncertain significance	BP4	-1	Likely benign	Uncertain significance
1382220	RUNX1	Myeloid Malignancy VCEP	Uncertain significance	PM2_Supporting	1	Uncertain significance	Uncertain significance
532669	RUNX1	Myeloid Malignancy VCEP	Uncertain significance		0	Uncertain significance	Uncertain significance
2126194	RUNX1	Myeloid Malignancy VCEP	Uncertain significance	PM2_Supporting, BP4	0	Uncertain significance	Uncertain significance
532670	RUNX1	Myeloid Malignancy VCEP	Uncertain significance	PS4_Supporting, BP4	0	Uncertain significance	Uncertain significance
2076125	RUNX1	Myeloid Malignancy VCEP	Uncertain significance	PM2_Supporting, BP4	0	Uncertain significance	Uncertain significance
838046	RUNX1	Myeloid Malignancy VCEP	Uncertain significance		0	Uncertain significance	Uncertain significance
1713291	RUNX1	Myeloid Malignancy VCEP	Uncertain significance	PM1_Supporting, PM2_Supporting	2	Uncertain significance	Uncertain significance
532652	RUNX1	Myeloid Malignancy VCEP	Uncertain significance	PM1_Supporting	1	Uncertain significance	Uncertain significance
1711954	RUNX1	Myeloid Malignancy VCEP	Uncertain significance	PM2_Supporting, BP4	0	Uncertain significance	Uncertain significance
2183638	RUNX1	Myeloid Malignancy VCEP	Uncertain significance	BP4	-1	Likely benign	Uncertain significance
939981	RUNX1	Myeloid Malignancy VCEP	Uncertain significance	BP4	-1	Likely benign	Uncertain significance
1716418	RUNX1	Myeloid Malignancy VCEP	Uncertain significance	PM2_Supporting, BP4	0	Uncertain significance	Uncertain significance
953427	RUNX1	Myeloid Malignancy VCEP	Uncertain significance		0	Uncertain significance	Uncertain significance
651472	RUNX1	Myeloid Malignancy VCEP	Uncertain significance	PS4_Supporting, BP4	0	Uncertain significance	Uncertain significance
1055114	RUNX1	Myeloid Malignancy VCEP	Uncertain significance	PM2_Supporting	1	Uncertain significance	Uncertain significance
1951248	RUNX1	Myeloid Malignancy VCEP	Uncertain significance	PM2_Supporting	1	Uncertain significance	Uncertain significance
2089097	RUNX1	Myeloid Malignancy VCEP	Uncertain significance	PM2_Supporting, BP4	0	Uncertain significance	Uncertain significance
436612	RUNX1	Myeloid Malignancy VCEP	Uncertain significance	PM2_Supporting	1	Uncertain significance	Uncertain significance
1521966	RUNX1	Myeloid Malignancy VCEP	Uncertain significance	PM2_Supporting, BP4	0	Uncertain significance	Uncertain significance
663526	RUNX1	Myeloid Malignancy VCEP	Uncertain significance		0	Uncertain significance	Uncertain significance
665375	RUNX1	Myeloid Malignancy VCEP	Uncertain significance		0	Uncertain significance	Uncertain significance
1475629	RUNX1	Myeloid Malignancy VCEP	Uncertain significance	PM2_Supporting, BP4	0	Uncertain significance	Uncertain significance
30003	MT-TE	Mitochondrial Diseases VCEP	Uncertain significance	PM2_Supporting, PM5_Supporting	2	Uncertain significance	Uncertain significance
36365	HNF4A	Monogenic Diabetes VCEP	Pathogenic	PP4_Moderate, PP3, PM2_Supporting, PS2_Moderate, PM1_Supporting, PS4	11	Pathogenic	Pathogenic
402949	HNF1A	Monogenic Diabetes VCEP	Likely benign	BS2, PM2_Supporting, BS3_Supporting	-4	Likely benign	Likely benign
827573	FOXN1	Severe Combined Immunodeficiency Disease  VCEP	Pathogenic	PM3_Supporting, PVS1, PP4, PM2_Supporting	11	Pathogenic	Pathogenic
8757	FOXN1	Severe Combined Immunodeficiency Disease  VCEP	Pathogenic	PP1_Strong, PVS1, PM3, PP4, PM2_Supporting	16	Pathogenic	Pathogenic
1517590	FOXN1	Severe Combined Immunodeficiency Disease  VCEP	Uncertain significance	PVS1_Strong, PM2_Supporting	5	Uncertain significance	Uncertain significance
827574	FOXN1	Severe Combined Immunodeficiency Disease  VCEP	Pathogenic	PVS1, PP4, PM2_Supporting	10	Pathogenic	Pathogenic
869415	FOXN1	Severe Combined Immunodeficiency Disease  VCEP	Pathogenic	PS4_Moderate, PS3, PM6_Supporting, PVS1_Strong, PP4, PM2_Supporting	13	Pathogenic	Pathogenic
322414	FOXN1	Severe Combined Immunodeficiency Disease  VCEP	Benign	BA1, BP4	-1	Benign	Benign
712831	FOXN1	Severe Combined Immunodeficiency Disease  VCEP	Likely benign	BP4, BS1	-5	Likely benign	Likely benign
852208	FOXN1	Severe Combined Immunodeficiency Disease  VCEP	Uncertain significance	BP4	-1	Likely benign	Uncertain significance
756390	FOXN1	Severe Combined Immunodeficiency Disease  VCEP	Likely benign	BS1	-4	Likely benign	Uncertain significance
644342	FOXN1	Severe Combined Immunodeficiency Disease  VCEP	Likely pathogenic	PM1, PP3, PM2_Supporting, PS3_Moderate	6	Likely pathogenic	Likely pathogenic
827572	FOXN1	Severe Combined Immunodeficiency Disease  VCEP	Pathogenic	PM3_Supporting, PP3_Moderate, PP4_Moderate, PM1, PS4_Supporting, PM2_Supporting	9	Likely pathogenic	Likely pathogenic
656631	FOXN1	Severe Combined Immunodeficiency Disease  VCEP	Likely pathogenic	PP3_Moderate, PM1, PS3_Moderate, PM2_Supporting	7	Likely pathogenic	Likely pathogenic
322430	FOXN1	Severe Combined Immunodeficiency Disease  VCEP	Benign	BA1, BP4	-1	Benign	Benign
322435	FOXN1	Severe Combined Immunodeficiency Disease  VCEP	Likely benign	BS1	-4	Likely benign	Uncertain significance
728480	FOXN1	Severe Combined Immunodeficiency Disease  VCEP	Likely benign	BP4, BS1	-5	Likely benign	Likely benign
468551	FOXN1	Severe Combined Immunodeficiency Disease  VCEP	Likely benign	BS1	-4	Likely benign	Uncertain significance
1089071	FOXN1	Severe Combined Immunodeficiency Disease  VCEP	Likely benign	BP4, BP7	-2	Likely benign	Likely benign
468554	FOXN1	Severe Combined Immunodeficiency Disease  VCEP	Likely benign	BP4, BP7, BS1	-6	Likely benign	Likely benign
1127854	FOXN1	Severe Combined Immunodeficiency Disease  VCEP	Likely benign	BP4, BP7	-2	Likely benign	Likely benign
1170282	FOXN1	Severe Combined Immunodeficiency Disease  VCEP	Likely benign	BP4, BS1	-5	Likely benign	Likely benign
1610976	FOXN1	Severe Combined Immunodeficiency Disease  VCEP	Uncertain significance		0	Uncertain significance	Uncertain significance
392379	FOXN1	Severe Combined Immunodeficiency Disease  VCEP	Likely pathogenic	PP3_Moderate, PM1, PP4, PM2_Supporting	6	Likely pathogenic	Likely pathogenic
422945	FOXN1	Severe Combined Immunodeficiency Disease  VCEP	Likely pathogenic	PVS1_Strong, PP4, PM2_Supporting	6	Likely pathogenic	Likely pathogenic
858136	FOXN1	Severe Combined Immunodeficiency Disease  VCEP	Uncertain significance	PM4, PS3_Moderate, PM2_Supporting	5	Uncertain significance	Uncertain significance
423100	FOXN1	Severe Combined Immunodeficiency Disease  VCEP	Likely pathogenic	PS4_Moderate, PVS1_Strong, PP4, PM2_Supporting	8	Likely pathogenic	Likely pathogenic
536427	FOXN1	Severe Combined Immunodeficiency Disease  VCEP	Uncertain significance	PVS1_Moderate, PM2_Supporting	3	Uncertain significance	Uncertain significance
1199408	FOXN1	Severe Combined Immunodeficiency Disease  VCEP	Likely pathogenic	PVS1_Strong, PS3_Moderate, PM2_Supporting	7	Likely pathogenic	Likely pathogenic
418218	FOXN1	Severe Combined Immunodeficiency Disease  VCEP	Pathogenic	PS4, PVS1_Strong, PP4, PM2_Supporting	10	Pathogenic	Pathogenic
2108802	FOXN1	Severe Combined Immunodeficiency Disease  VCEP	Pathogenic	PVS1, PM5, PM2_Supporting	11	Pathogenic	Pathogenic
660886	FOXN1	Severe Combined Immunodeficiency Disease  VCEP	Pathogenic	PVS1, PP4, PM2_Supporting	10	Pathogenic	Pathogenic
665887	FOXN1	Severe Combined Immunodeficiency Disease  VCEP	Likely pathogenic	PVS1_Strong, PP1_Moderate, PP4, PM2_Supporting	8	Likely pathogenic	Likely pathogenic
827578	FOXN1	Severe Combined Immunodeficiency Disease  VCEP	Likely pathogenic	PVS1_Strong, PP4, PM2_Supporting	6	Likely pathogenic	Likely pathogenic
626107	FOXN1	Severe Combined Immunodeficiency Disease  VCEP	Likely pathogenic	PVS1_Strong, PP4, PM2_Supporting, PS3_Moderate	8	Likely pathogenic	Likely pathogenic
1048525	FOXN1	Severe Combined Immunodeficiency Disease  VCEP	Pathogenic	PS3, PVS1_Strong, PP1, PM2_Supporting	10	Pathogenic	Pathogenic
-	FOXN1	Severe Combined Immunodeficiency Disease  VCEP	Pathogenic	PM3_Supporting, PM5_Supporting, PM1, PP3, PP4, PP1, PM2_Supporting, PS3_Moderate	10	Pathogenic	Likely pathogenic
-	FOXN1	Severe Combined Immunodeficiency Disease  VCEP	Likely pathogenic	PVS1_Strong, PP4, PM2_Supporting	6	Likely pathogenic	Likely pathogenic
2726823	FOXN1	Severe Combined Immunodeficiency Disease  VCEP	Uncertain significance	PP3, PP4	2	Uncertain significance	Uncertain significance
-	FOXN1	Severe Combined Immunodeficiency Disease  VCEP	Likely pathogenic	PVS1_Strong, PP4, PM2_Supporting	6	Likely pathogenic	Likely pathogenic
-	FOXN1	Severe Combined Immunodeficiency Disease  VCEP	Likely pathogenic	PVS1_Strong, PM2_Supporting, PS3_Moderate	7	Likely pathogenic	Likely pathogenic
322433	FOXN1	Severe Combined Immunodeficiency Disease  VCEP	Benign	BA1	0	Benign	Benign
1456275	FOXN1	Severe Combined Immunodeficiency Disease  VCEP	Likely pathogenic	PVS1_Strong, PP4, PM2_Supporting	6	Likely pathogenic	Likely pathogenic
412157	DICER1	DICER1 and miRNA-Processing Gene VCEP	Likely benign	BS2_Supporting, BP4	-2	Likely benign	Likely benign
242037	DICER1	DICER1 and miRNA-Processing Gene VCEP	Benign	BS2, BA1, BP4	-5	Benign	Benign
483434	DICER1	DICER1 and miRNA-Processing Gene VCEP	Likely benign	BP7, BP4	-2	Likely benign	Likely benign
412056	DICER1	DICER1 and miRNA-Processing Gene VCEP	Uncertain significance	BS2_Supporting	-1	Likely benign	Uncertain significance
156685	CDKL5	Rett and Angelman-like Disorders VCEP	Benign	BS1, BP5_Strong, BS2	-12	Benign	Benign
1723516	RUNX1	Myeloid Malignancy VCEP	Uncertain significance	BP4	-1	Likely benign	Uncertain significance
143774	CDKL5	Rett and Angelman-like Disorders VCEP	Pathogenic	PVS1, PM6, PM2_Supporting	11	Pathogenic	Pathogenic
9615	MT-TG	Mitochondrial Diseases VCEP	Benign	BA1	0	Benign	Benign
162370	MT-TA	Mitochondrial Diseases VCEP	Uncertain significance	PP1, PM2_Supporting, PS3_Supporting	3	Uncertain significance	Uncertain significance
9609	MT-TH	Mitochondrial Diseases VCEP	Uncertain significance	PP3, PM2_Supporting, PP1_Moderate, PS3_Supporting	5	Uncertain significance	Uncertain significance
2018786	HNF4A	Monogenic Diabetes VCEP	Likely pathogenic	PP3, PP4, PM2_Supporting, PM5_Strong, PM1_Supporting	8	Likely pathogenic	Likely pathogenic
-	HNF1A	Monogenic Diabetes VCEP	Likely pathogenic	PM1_Supporting, PM5_Supporting, PP4_Moderate, PP1, PM2_Supporting	6	Likely pathogenic	Likely pathogenic
2052397	HNF1A	Monogenic Diabetes VCEP	Benign	PP3, BA1, BP2	0	Benign	Benign
36801	HNF1A	Monogenic Diabetes VCEP	Uncertain significance	PP3, PP4, BS2	-2	Likely benign	Uncertain significance
134512	HNF1A	Monogenic Diabetes VCEP	Benign	PP1, BA1	1	Benign	Benign
562466	HNF1A	Monogenic Diabetes VCEP	Uncertain significance	PP3, PP4, BS2	-2	Likely benign	Uncertain significance
-	HNF1A	Monogenic Diabetes VCEP	Likely pathogenic	PVS1, PM2_Supporting	9	Likely pathogenic	Uncertain significance
-	HNF1A	Monogenic Diabetes VCEP	Likely pathogenic	PVS1_Strong, PS1_Supporting, PM2_Supporting, PS2_Moderate	8	Likely pathogenic	Likely pathogenic
-	HNF1A	Monogenic Diabetes VCEP	Likely pathogenic	PVS1_Strong, PP4_Moderate, PM2_Supporting, PS1_Supporting	8	Likely pathogenic	Likely pathogenic
36811	HNF1A	Monogenic Diabetes VCEP	Likely benign	BS1, PP4, BS3_Supporting	-4	Likely benign	Likely benign
-	HNF1A	Monogenic Diabetes VCEP	Likely pathogenic	PVS1, PM2_Supporting	9	Likely pathogenic	Uncertain significance
14932	HNF1A	Monogenic Diabetes VCEP	Uncertain significance	PM2_Supporting	1	Uncertain significance	Uncertain significance
3338657	HNF1A	Monogenic Diabetes VCEP	Likely pathogenic	PVS1_Strong, PP4, PM2_Supporting	6	Likely pathogenic	Likely pathogenic
-	GCK	Monogenic Diabetes VCEP	Likely pathogenic	PS4_Moderate, PP2, PP3, PM2_Supporting, PP1_Strong	9	Likely pathogenic	Likely pathogenic
1438546	RUNX1	Myeloid Malignancy VCEP	Pathogenic	PM5_Supporting, PVS1, PM2_Supporting	10	Pathogenic	Pathogenic
1338044	RUNX1	Myeloid Malignancy VCEP	Pathogenic	PM5_Supporting, PVS1, PM2_Supporting	10	Pathogenic	Pathogenic
409824	RUNX1	Myeloid Malignancy VCEP	Likely pathogenic	PVS1_Strong, PM5_Supporting, PS4_Supporting	6	Likely pathogenic	Likely pathogenic
934175	RUNX1	Myeloid Malignancy VCEP	Likely pathogenic	PVS1_Strong, PM5_Supporting, PM2_Supporting	6	Likely pathogenic	Likely pathogenic
1323540	RUNX1	Myeloid Malignancy VCEP	Likely pathogenic	PVS1_Strong, PM5_Supporting, PM2_Supporting	6	Likely pathogenic	Likely pathogenic
1338557	RUNX1	Myeloid Malignancy VCEP	Likely pathogenic	PVS1_Strong, PM5_Supporting, PM2_Supporting	6	Likely pathogenic	Likely pathogenic
640778	RUNX1	Myeloid Malignancy VCEP	Likely pathogenic	PS4_Moderate, PVS1_Strong, PM5_Supporting, PM2_Supporting	8	Likely pathogenic	Likely pathogenic
532672	RUNX1	Myeloid Malignancy VCEP	Likely benign	BS1	-4	Likely benign	Uncertain significance
409819	RUNX1	Myeloid Malignancy VCEP	Uncertain significance	PM2_Supporting	1	Uncertain significance	Uncertain significance
1052786	RUNX1	Myeloid Malignancy VCEP	Uncertain significance		0	Uncertain significance	Uncertain significance
858848	RUNX1	Myeloid Malignancy VCEP	Uncertain significance	PM2_Supporting	1	Uncertain significance	Uncertain significance
2002610	RUNX1	Myeloid Malignancy VCEP	Uncertain significance	PM2_Supporting, BP4	0	Uncertain significance	Uncertain significance
2126320	RUNX1	Myeloid Malignancy VCEP	Uncertain significance	PM2_Supporting	1	Uncertain significance	Uncertain significance
1718102	RUNX1	Myeloid Malignancy VCEP	Uncertain significance	PM2_Supporting, BP4	0	Uncertain significance	Uncertain significance
960066	RUNX1	Myeloid Malignancy VCEP	Uncertain significance	BP4	-1	Likely benign	Uncertain significance
2062797	RUNX1	Myeloid Malignancy VCEP	Uncertain significance	PM2_Supporting	1	Uncertain significance	Uncertain significance
1003215	RUNX1	Myeloid Malignancy VCEP	Uncertain significance	PM2_Supporting, BP4	0	Uncertain significance	Uncertain significance
2116304	RUNX1	Myeloid Malignancy VCEP	Uncertain significance	PM1_Supporting, PP3, PM2_Supporting	3	Uncertain significance	Uncertain significance
1972477	RUNX1	Myeloid Malignancy VCEP	Uncertain significance	PM2_Supporting, BP4	0	Uncertain significance	Uncertain significance
1471430	RUNX1	Myeloid Malignancy VCEP	Uncertain significance	PM2_Supporting	1	Uncertain significance	Uncertain significance
1067421	RUNX1	Myeloid Malignancy VCEP	Uncertain significance	PS4_Moderate	2	Uncertain significance	Uncertain significance
409806	RUNX1	Myeloid Malignancy VCEP	Uncertain significance	PM2_Supporting	1	Uncertain significance	Uncertain significance
1999266	RUNX1	Myeloid Malignancy VCEP	Uncertain significance	PM2_Supporting	1	Uncertain significance	Uncertain significance
1040855	RUNX1	Myeloid Malignancy VCEP	Uncertain significance	PM2_Supporting, BP4	0	Uncertain significance	Uncertain significance
649413	RUNX1	Myeloid Malignancy VCEP	Uncertain significance	PS4_Supporting, BP4	0	Uncertain significance	Uncertain significance
2011243	RUNX1	Myeloid Malignancy VCEP	Uncertain significance	PM2_Supporting	1	Uncertain significance	Uncertain significance
1937674	RUNX1	Myeloid Malignancy VCEP	Uncertain significance	PM2_Supporting, BP4	0	Uncertain significance	Uncertain significance
2008544	RUNX1	Myeloid Malignancy VCEP	Uncertain significance	PM2_Supporting, BP4	0	Uncertain significance	Uncertain significance
579883	RUNX1	Myeloid Malignancy VCEP	Uncertain significance	PM2_Supporting, BP4	0	Uncertain significance	Uncertain significance
2029145	RUNX1	Myeloid Malignancy VCEP	Uncertain significance	PM2_Supporting, BP4	0	Uncertain significance	Uncertain significance
2029256	RUNX1	Myeloid Malignancy VCEP	Uncertain significance	PM1_Supporting, PM5_Supporting, PP3, PM2_Supporting	4	Uncertain significance	Uncertain significance
-	RUNX1	Myeloid Malignancy VCEP	Uncertain significance	PM1_Supporting, PP3, PM2_Supporting, PS4_Supporting	4	Uncertain significance	Uncertain significance
854130	RUNX1	Myeloid Malignancy VCEP	Uncertain significance	BP4	-1	Likely benign	Uncertain significance
1381966	RUNX1	Myeloid Malignancy VCEP	Uncertain significance	BP4	-1	Likely benign	Uncertain significance
532653	RUNX1	Myeloid Malignancy VCEP	Uncertain significance	PM2_Supporting, BP4	0	Uncertain significance	Uncertain significance
1130279	RUNX1	Myeloid Malignancy VCEP	Uncertain significance	PM2_Supporting, BP4	0	Uncertain significance	Uncertain significance
464007	RUNX1	Myeloid Malignancy VCEP	Uncertain significance	PM2_Supporting	1	Uncertain significance	Uncertain significance
581130	RUNX1	Myeloid Malignancy VCEP	Uncertain significance	PM1_Supporting	1	Uncertain significance	Uncertain significance
661459	RUNX1	Myeloid Malignancy VCEP	Uncertain significance		0	Uncertain significance	Uncertain significance
262915	HNF4A	Monogenic Diabetes VCEP	Uncertain significance	PM2_Supporting, BP4	0	Uncertain significance	Uncertain significance
424599	HNF4A	Monogenic Diabetes VCEP	Likely pathogenic	PM5_Supporting, PP1_Moderate, PP3, PP4, PM2_Supporting, PM1_Supporting	7	Likely pathogenic	Likely pathogenic
987830	HNF4A	Monogenic Diabetes VCEP	Uncertain significance	PM2_Supporting, BP4	0	Uncertain significance	Uncertain significance
800204	BMPR2	Pulmonary Hypertension VCEP	Likely benign	PM1, BS1	-2	Likely benign	Uncertain significance
-	F8	Coagulation Factor Deficiency VCEP	Likely pathogenic	PS4_Moderate, PP4_Moderate, PS1_Moderate, PM5, PM2_Supporting, PP3	10	Pathogenic	Likely pathogenic
10606	F9	Coagulation Factor Deficiency VCEP	Likely pathogenic	PP3, PM5, PM2_Supporting, PS4_Moderate	6	Likely pathogenic	Likely pathogenic
376647	TP53	TP53 VCEP	Uncertain significance	BS3_Supporting, PM1_Supporting, PM5_Supporting, PM2_Supporting	2	Uncertain significance	Uncertain significance
9558	MT-TW	Mitochondrial Diseases VCEP	Uncertain significance	PP3, PM2_Supporting, PM6_Supporting, PS3_Supporting	4	Uncertain significance	Uncertain significance
30002	MT-TC	Mitochondrial Diseases VCEP	Uncertain significance	PP3, PS4_Supporting, PM2_Supporting	3	Uncertain significance	Uncertain significance
9598	MT-TL1	Mitochondrial Diseases VCEP	Uncertain significance	PP3, PM2_Supporting, PS3_Supporting	3	Uncertain significance	Uncertain significance
870573	MT-TL1	Mitochondrial Diseases VCEP	Uncertain significance	PM2_Supporting, PS3_Supporting	2	Uncertain significance	Uncertain significance
9575	MT-TF	Mitochondrial Diseases VCEP	Uncertain significance	PS3_Supporting	1	Uncertain significance	Uncertain significance
690090	MT-TG	Mitochondrial Diseases VCEP	Uncertain significance	PP3, PM2_Supporting	2	Uncertain significance	Uncertain significance
9611	MT-TG	Mitochondrial Diseases VCEP	Uncertain significance	PP3, PM2_Supporting	2	Uncertain significance	Uncertain significance
289	VWF	von Willebrand Disease  VCEP	Pathogenic	PS2_Supporting, PP4_Moderate, PP3, PP1, PM2_Supporting, PS3, PS4_Very Strong	18	Pathogenic	Pathogenic
309	VWF	von Willebrand Disease  VCEP	Pathogenic	PP1_Moderate, PP4_Moderate, PP3, PM2_Supporting, PS3, PS4	14	Pathogenic	Pathogenic
31009	VWF	von Willebrand Disease  VCEP	Pathogenic	PP3, PP4, PM2_Supporting, PS3, PS4_Very Strong	15	Pathogenic	Pathogenic
1684004	VWF	von Willebrand Disease  VCEP	Likely benign	BP4, BP5	-2	Likely benign	Likely benign
100503	VWF	von Willebrand Disease  VCEP	Pathogenic	PP4_Moderate, PS2_Moderate, PP3, PM2_Supporting, PS4_Moderate, PS3	12	Pathogenic	Pathogenic
302	VWF	von Willebrand Disease  VCEP	Pathogenic	PP4_Moderate, PS2_Moderate, PM2_Supporting, PS3, PS4_Moderate	11	Pathogenic	Pathogenic
295	VWF	von Willebrand Disease  VCEP	Pathogenic	PM3, PM2_Supporting, PP4_Moderate, PS3, PP1_Moderate, PP3	12	Pathogenic	Pathogenic
296	VWF	von Willebrand Disease  VCEP	Pathogenic	PP4_Moderate, PM3_Strong, PS3, PP1	11	Pathogenic	Pathogenic
100188	VWF	von Willebrand Disease  VCEP	Likely benign	BP4, BS1	-5	Likely benign	Likely benign
100206	VWF	von Willebrand Disease  VCEP	Benign	BA1, BP4	-1	Benign	Benign
100220	VWF	von Willebrand Disease  VCEP	Uncertain significance	PM2_Supporting, PP3	2	Uncertain significance	Uncertain significance
993127	VWF	von Willebrand Disease  VCEP	Likely benign	BP4, BS1	-5	Likely benign	Likely benign
440410	VWF	von Willebrand Disease  VCEP	Benign	BA1	0	Benign	Benign
619932	VWF	von Willebrand Disease  VCEP	Likely benign	BS1, PP4	-3	Likely benign	Uncertain significance
256669	VWF	von Willebrand Disease  VCEP	Benign	BA1, PP3	1	Benign	Benign
100274	VWF	von Willebrand Disease  VCEP	Likely benign	BP4, BP5, BS1	-6	Likely benign	Likely benign
100275	VWF	von Willebrand Disease  VCEP	Likely benign	BP4, BP5, BS1	-6	Likely benign	Likely benign
209173	MT-ND6	Mitochondrial Diseases VCEP	Likely pathogenic	PP3, PP4, PM2_Supporting, PS4_Supporting, PS3_Supporting	5	Uncertain significance	Uncertain significance
1703401	VWF	von Willebrand Disease  VCEP	Uncertain significance	PM2_Supporting, BP4, PP4	1	Uncertain significance	Uncertain significance
288	VWF	von Willebrand Disease  VCEP	Pathogenic	PS2_Supporting, PP1_Moderate, PP4_Moderate, PP3, PM2_Supporting, PS3, PS4	15	Pathogenic	Pathogenic
9690	MT-ND6	Mitochondrial Diseases VCEP	Uncertain significance	PP3, PM2_Supporting	2	Uncertain significance	Uncertain significance
290	VWF	von Willebrand Disease  VCEP	Pathogenic	PP4_Moderate, PS2_Moderate, PP3, PP1, PM2_Supporting, PS3, PS4_Very Strong	19	Pathogenic	Pathogenic
374080	MT-ND6	Mitochondrial Diseases VCEP	Uncertain significance	BP4	-1	Likely benign	Uncertain significance
285	VWF	von Willebrand Disease  VCEP	Pathogenic	PS2_Supporting, PP1_Moderate, PP4_Moderate, PP3, PM2_Supporting, PS3, PS4_Very Strong	19	Pathogenic	Pathogenic
256677	VWF	von Willebrand Disease  VCEP	Likely benign	BP4, BS1	-5	Likely benign	Likely benign
100306	VWF	von Willebrand Disease  VCEP	Likely pathogenic	PP4_Moderate, PP3, PP1, PM2_Supporting, PS4_Moderate	7	Likely pathogenic	Likely pathogenic
100311	VWF	von Willebrand Disease  VCEP	Likely pathogenic	PP4_Moderate, PP3, PM2_Supporting, PS4_Moderate	6	Likely pathogenic	Likely pathogenic
1003438	RUNX1	Myeloid Malignancy VCEP	Uncertain significance	PM2_Supporting	1	Uncertain significance	Uncertain significance
1004688	RUNX1	Myeloid Malignancy VCEP	Uncertain significance	PM1_Supporting, PP3, PM2_Supporting	3	Uncertain significance	Uncertain significance
1046092	RUNX1	Myeloid Malignancy VCEP	Uncertain significance	PM2_Supporting	1	Uncertain significance	Uncertain significance
1036141	RUNX1	Myeloid Malignancy VCEP	Uncertain significance	BP4	-1	Likely benign	Uncertain significance
837191	RUNX1	Myeloid Malignancy VCEP	Uncertain significance		0	Uncertain significance	Uncertain significance
575500	RUNX1	Myeloid Malignancy VCEP	Likely benign	BP4, BS3_Supporting	-2	Likely benign	Likely benign
409805	RUNX1	Myeloid Malignancy VCEP	Uncertain significance		0	Uncertain significance	Uncertain significance
1338110	RUNX1	Myeloid Malignancy VCEP	Likely benign	BP7, PM2_Supporting, BP4	-1	Likely benign	Likely benign
1338109	RUNX1	Myeloid Malignancy VCEP	Uncertain significance	PM2_Supporting	1	Uncertain significance	Uncertain significance
934637	RUNX1	Myeloid Malignancy VCEP	Uncertain significance	PM2_Supporting	1	Uncertain significance	Uncertain significance
1114376	RUNX1	Myeloid Malignancy VCEP	Likely benign	BP7, PM2, BP4	0	Uncertain significance	Likely benign
1141521	RUNX1	Myeloid Malignancy VCEP	Likely benign	BP7, PM2_Supporting, BP4	-1	Likely benign	Likely benign
1082500	RUNX1	Myeloid Malignancy VCEP	Likely benign	BP7, PM2_Supporting, BP4	-1	Likely benign	Likely benign
339848	RUNX1	Myeloid Malignancy VCEP	Uncertain significance	BP4	-1	Likely benign	Uncertain significance
943347	RUNX1	Myeloid Malignancy VCEP	Uncertain significance		0	Uncertain significance	Uncertain significance
2067048	RUNX1	Myeloid Malignancy VCEP	Uncertain significance	BP4	-1	Likely benign	Uncertain significance
938322	RUNX1	Myeloid Malignancy VCEP	Uncertain significance		0	Uncertain significance	Uncertain significance
-	RUNX1	Myeloid Malignancy VCEP	Uncertain significance	PM2_Supporting, BP4	0	Uncertain significance	Uncertain significance
1035236	RUNX1	Myeloid Malignancy VCEP	Uncertain significance	PM2_Supporting, BP4	0	Uncertain significance	Uncertain significance
1035156	RUNX1	Myeloid Malignancy VCEP	Uncertain significance	PM2_Supporting, BP4	0	Uncertain significance	Uncertain significance
1023243	RUNX1	Myeloid Malignancy VCEP	Uncertain significance	PM2_Supporting, BP4	0	Uncertain significance	Uncertain significance
1014442	RUNX1	Myeloid Malignancy VCEP	Uncertain significance	PM2_Supporting, BP4	0	Uncertain significance	Uncertain significance
1055398	RUNX1	Myeloid Malignancy VCEP	Uncertain significance	PM2_Supporting, BP4	0	Uncertain significance	Uncertain significance
760670	RUNX1	Myeloid Malignancy VCEP	Likely benign	BP7, PM2_Supporting, BP4	-1	Likely benign	Likely benign
1009232	RUNX1	Myeloid Malignancy VCEP	Uncertain significance	PM2_Supporting, BP4	0	Uncertain significance	Uncertain significance
579777	RUNX1	Myeloid Malignancy VCEP	Uncertain significance	PM2_Supporting, BP4	0	Uncertain significance	Uncertain significance
517187	RUNX1	Myeloid Malignancy VCEP	Uncertain significance	PM2_Supporting, BP4	0	Uncertain significance	Uncertain significance
1155928	RUNX1	Myeloid Malignancy VCEP	Likely benign	BP7, PM2_Supporting, BP4	-1	Likely benign	Likely benign
1162089	RUNX1	Myeloid Malignancy VCEP	Likely benign	BP7, PM2_Supporting, BP4	-1	Likely benign	Likely benign
568926	RUNX1	Myeloid Malignancy VCEP	Uncertain significance	PM2_Supporting, BP4	0	Uncertain significance	Uncertain significance
642864	RUNX1	Myeloid Malignancy VCEP	Uncertain significance	BP4	-1	Likely benign	Uncertain significance
1337164	RUNX1	Myeloid Malignancy VCEP	Uncertain significance	PM2_Supporting	1	Uncertain significance	Uncertain significance
-	RUNX1	Myeloid Malignancy VCEP	Uncertain significance	PP3, PM2_Supporting	2	Uncertain significance	Uncertain significance
566052	RUNX1	Myeloid Malignancy VCEP	Uncertain significance	PM1_Supporting	1	Uncertain significance	Uncertain significance
532658	RUNX1	Myeloid Malignancy VCEP	Uncertain significance	BP4	-1	Likely benign	Uncertain significance
409814	RUNX1	Myeloid Malignancy VCEP	Uncertain significance	BP4	-1	Likely benign	Uncertain significance
1450492	RUNX1	Myeloid Malignancy VCEP	Uncertain significance	PM2_Supporting	1	Uncertain significance	Uncertain significance
561232	RUNX1	Myeloid Malignancy VCEP	Uncertain significance	PM1_Supporting, PP3, PS4_Supporting, PM2_Supporting	4	Uncertain significance	Uncertain significance
561247	RUNX1	Myeloid Malignancy VCEP	Uncertain significance	PM1_Supporting, PP3, PM2_Supporting	3	Uncertain significance	Uncertain significance
619750	VWF	von Willebrand Disease  VCEP	Uncertain significance	PP4_Moderate, PP3, PP1	4	Uncertain significance	Uncertain significance
291	VWF	von Willebrand Disease  VCEP	Pathogenic	PP4_Moderate, PP3, PM2_Supporting, PS3, PS4	12	Pathogenic	Pathogenic
-	VWF	von Willebrand Disease  VCEP	Likely pathogenic	PP1_Moderate, PP4_Moderate, PP3, PM2_Supporting, PS4_Moderate	8	Likely pathogenic	Likely pathogenic
619752	VWF	von Willebrand Disease  VCEP	Uncertain significance	PP4_Moderate, PP3, PM2_Supporting	4	Uncertain significance	Uncertain significance
100343	VWF	von Willebrand Disease  VCEP	Likely pathogenic	PP4_Moderate, PP3, PM2_Supporting, PS4_Moderate	6	Likely pathogenic	Likely pathogenic
256678	VWF	von Willebrand Disease  VCEP	Benign	BP4, BA1, BP5	-2	Benign	Benign
100337	VWF	von Willebrand Disease  VCEP	Pathogenic	PP4_Moderate, PP3, PM2_Supporting, PS4_Very Strong	12	Pathogenic	Pathogenic
293	VWF	von Willebrand Disease  VCEP	Uncertain significance	PS3, BP5, BS1, PM5_Supporting, PP3, PP4	2	Uncertain significance	Uncertain significance
100356	VWF	von Willebrand Disease  VCEP	Uncertain significance	PM2_Supporting	1	Uncertain significance	Uncertain significance
256682	VWF	von Willebrand Disease  VCEP	Benign	BA1, BP4	-1	Benign	Benign
284	VWF	von Willebrand Disease  VCEP	Pathogenic	PP1_Moderate, PS3_Supporting, PP4_Moderate, PP3, PM2_Supporting, PS4	11	Pathogenic	Pathogenic
-	VWF	von Willebrand Disease  VCEP	Uncertain significance	PP4_Moderate, PP3, PM2_Supporting	4	Uncertain significance	Uncertain significance
619937	VWF	von Willebrand Disease  VCEP	Likely benign	BS1	-4	Likely benign	Uncertain significance
-	VWF	von Willebrand Disease  VCEP	Uncertain significance	PP4_Moderate, PP3, PM2_Supporting, PS4_Supporting	5	Uncertain significance	Uncertain significance
1723280	VWF	von Willebrand Disease  VCEP	Uncertain significance		0	Uncertain significance	Uncertain significance
627354	VWF	von Willebrand Disease  VCEP	Uncertain significance	PP3	1	Uncertain significance	Uncertain significance
100450	VWF	von Willebrand Disease  VCEP	Uncertain significance	PS3_Supporting	1	Uncertain significance	Uncertain significance
235639	VWF	von Willebrand Disease  VCEP	Likely benign	BP4, BS1	-5	Likely benign	Likely benign
256702	VWF	von Willebrand Disease  VCEP	Benign	BA1	0	Benign	Benign
100436	VWF	von Willebrand Disease  VCEP	Likely benign	BS1, BP5, PP4	-4	Likely benign	Likely benign
256679	VWF	von Willebrand Disease  VCEP	Benign	BP4, BA1	-1	Benign	Benign
100309	VWF	von Willebrand Disease  VCEP	Pathogenic	PS2_Supporting, PP4_Moderate, PM5, PP3, PM2_Supporting, PS3	11	Pathogenic	Pathogenic
306	VWF	von Willebrand Disease  VCEP	Pathogenic	PS2_Supporting, PP4_Moderate, PM5, PP3, PM2_Supporting, PS4_Supporting, PS3	12	Pathogenic	Pathogenic
324987	ACADVL	ACADVL VCEP	Likely pathogenic	PP4_Moderate, PM3, PP3, PM2_Supporting	6	Likely pathogenic	Likely pathogenic
203572	ACADVL	ACADVL VCEP	Uncertain significance	PM5_Supporting, PP3, PM2_Supporting	3	Uncertain significance	Uncertain significance
889087	ACADVL	ACADVL VCEP	Uncertain significance	PM2, BP4	1	Uncertain significance	Uncertain significance
1684006	VWF	von Willebrand Disease  VCEP	Likely pathogenic	PP3, PP4, PM2_Supporting, PS3	7	Likely pathogenic	Likely pathogenic
294	VWF	von Willebrand Disease  VCEP	Pathogenic	PM3, PM2_Supporting, PP4_Moderate, PS3, PP3	10	Pathogenic	Pathogenic
100421	VWF	von Willebrand Disease  VCEP	Likely pathogenic	PP3, PP4, PM2_Supporting, PS3	7	Likely pathogenic	Likely pathogenic
100326	VWF	von Willebrand Disease  VCEP	Pathogenic	PP4_Moderate, PP3, PP1, PM2_Supporting, PS3, PS4_Moderate	11	Pathogenic	Pathogenic
300	VWF	von Willebrand Disease  VCEP	Pathogenic	PP4_Moderate, PP3, PP1, PM2_Supporting, PS3, PS4_Moderate	11	Pathogenic	Pathogenic
318	VWF	von Willebrand Disease  VCEP	Pathogenic	PP4_Moderate, PM3, PP1, PM2_Supporting, PS3	10	Pathogenic	Pathogenic
100313	VWF	von Willebrand Disease  VCEP	Pathogenic	PM5, PP3, PP1, PM2_Supporting, PS4_Supporting, PS3	10	Pathogenic	Pathogenic
100308	VWF	von Willebrand Disease  VCEP	Pathogenic	PP3, PP4, PS2_Moderate, PM5, PM2_Supporting, PS3	11	Pathogenic	Pathogenic
692533	MT-ND2	Mitochondrial Diseases VCEP	Uncertain significance	PM2_Supporting, PVS1_Strong	5	Uncertain significance	Uncertain significance
9720	MT-ND2	Mitochondrial Diseases VCEP	Likely pathogenic	PM2_Supporting, PVS1_Strong, PS3_Supporting	6	Likely pathogenic	Likely pathogenic
9700	MT-ND5	Mitochondrial Diseases VCEP	Uncertain significance	PP3, PM2_Supporting, PM6_Supporting	3	Uncertain significance	Uncertain significance
-	RUNX1	Myeloid Malignancy VCEP	Uncertain significance	PS4_Supporting, PM2_Supporting	2	Uncertain significance	Uncertain significance
463980	RUNX1	Myeloid Malignancy VCEP	Uncertain significance		0	Uncertain significance	Uncertain significance
409823	RUNX1	Myeloid Malignancy VCEP	Uncertain significance	BP4	-1	Likely benign	Uncertain significance
409816	RUNX1	Myeloid Malignancy VCEP	Uncertain significance	PM2_Supporting	1	Uncertain significance	Uncertain significance
239053	RUNX1	Myeloid Malignancy VCEP	Uncertain significance		0	Uncertain significance	Uncertain significance
239041	RUNX1	Myeloid Malignancy VCEP	Uncertain significance		0	Uncertain significance	Uncertain significance
1439732	RUNX1	Myeloid Malignancy VCEP	Uncertain significance	PM1_Supporting, PP3, PM2_Supporting	3	Uncertain significance	Uncertain significance
959039	RUNX1	Myeloid Malignancy VCEP	Uncertain significance	PM2_Supporting	1	Uncertain significance	Uncertain significance
1022744	RUNX1	Myeloid Malignancy VCEP	Uncertain significance	BP4	-1	Likely benign	Uncertain significance
1466670	RUNX1	Myeloid Malignancy VCEP	Uncertain significance	PM2_Supporting	1	Uncertain significance	Uncertain significance
1051210	RUNX1	Myeloid Malignancy VCEP	Uncertain significance	BP4	-1	Likely benign	Uncertain significance
2166136	RUNX1	Myeloid Malignancy VCEP	Uncertain significance	PM1	2	Uncertain significance	Uncertain significance
1338528	RUNX1	Myeloid Malignancy VCEP	Likely pathogenic	PM1_Strong, PP3, PM2_Supporting	6	Likely pathogenic	Likely pathogenic
3336850	RUNX1	Myeloid Malignancy VCEP	Likely pathogenic	PM1_Strong, PP3, PM2_Supporting	6	Likely pathogenic	Likely pathogenic
9701	MT-ND5	Mitochondrial Diseases VCEP	Uncertain significance	PP1, PP3, PM2_Supporting	3	Uncertain significance	Uncertain significance
-	ITGA2B	Platelet Disorders VCEP	Uncertain significance	BP7, PP4_Moderate, PM2_Supporting	2	Uncertain significance	Uncertain significance
2063683	ITGB3	Platelet Disorders VCEP	Benign	BA1, BP7	-1	Benign	Benign
18016	SERPINC1	Thrombosis VCEP	Pathogenic	PP3, PP4, PM2_Supporting, PS4, PM5, PP1_Moderate	11	Pathogenic	Pathogenic
18003	SERPINC1	Thrombosis VCEP	Likely pathogenic	PP3, PM2_Supporting, PS4_Moderate, PP1_Moderate	6	Likely pathogenic	Likely pathogenic
876603	SERPINC1	Thrombosis VCEP	Likely benign	BP4, BS1	-5	Likely benign	Likely benign
635233	SERPINC1	Thrombosis VCEP	Likely benign	BP4, BS1	-5	Likely benign	Likely benign
293839	SERPINC1	Thrombosis VCEP	Likely benign	BP4, BS1	-5	Likely benign	Likely benign
529743	SERPINC1	Thrombosis VCEP	Likely benign	BP4, BP7	-2	Likely benign	Likely benign
18010	SERPINC1	Thrombosis VCEP	Pathogenic	PP3, PP4, PM2_Supporting, PS4, PS3_Supporting, PP1_Strong	12	Pathogenic	Pathogenic
633211	FBN1	FBN1 VCEP	Pathogenic	PM1_Strong, PP2, PP3, PP1, PP4, PM2_Supporting, PS4_Moderate	11	Pathogenic	Pathogenic
42402	FBN1	FBN1 VCEP	Pathogenic	PP2, PP3, PP4, PM2_Supporting, PM1, PS4, PS2	14	Pathogenic	Pathogenic
200084	FBN1	FBN1 VCEP	Pathogenic	PP1_Strong, PP2, PP3, PP4, PM1, PS4	13	Pathogenic	Pathogenic
547340	FBN1	FBN1 VCEP	Pathogenic	PM1_Strong, PP2, PP3, PP4, PP1, PM2_Supporting, PS4	13	Pathogenic	Pathogenic
429425	FBN1	FBN1 VCEP	Likely pathogenic	PM1_Strong, PP2, PP3, PP4, PS4_Supporting, PM2_Supporting	9	Likely pathogenic	Likely pathogenic
492830	FBN1	FBN1 VCEP	Pathogenic	PM1_Strong, PP2, PP3, PP4, PM2_Supporting, PS4_Moderate	10	Pathogenic	Pathogenic
384344	FBN1	FBN1 VCEP	Uncertain significance	PP4, PP2, PM1	4	Uncertain significance	Uncertain significance
632813	FBN1	FBN1 VCEP	Likely pathogenic	PM1_Strong, PP2, PP3, PM2_Supporting	7	Likely pathogenic	Likely pathogenic
495644	FBN1	FBN1 VCEP	Likely pathogenic	PP2, PP3, PS4_Supporting, PM2_Supporting, PM1, PM5	8	Likely pathogenic	Likely pathogenic
222610	FBN1	FBN1 VCEP	Likely pathogenic	PM1_Strong, PP2, PP3, PM2_Supporting	7	Likely pathogenic	Likely pathogenic
36118	FBN1	FBN1 VCEP	Pathogenic	PP1_Strong, PP2, PM2_Supporting, PM6, PM1, PS4	14	Pathogenic	Pathogenic
571222	FBN1	FBN1 VCEP	Uncertain significance	PP2, PP3, PM2_Supporting, PM1	5	Uncertain significance	Uncertain significance
423498	FBN1	FBN1 VCEP	Pathogenic	PM1_Strong, PM6_Supporting, PP2, PP3, PM2_Supporting, PS4_Moderate	10	Pathogenic	Pathogenic
42436	FBN1	FBN1 VCEP	Pathogenic	PM1_Strong, PP4, PP2, PP3, PM2_Supporting, PS4_Moderate	10	Pathogenic	Pathogenic
381609	FBN1	FBN1 VCEP	Likely pathogenic	PP4, PP2, PP3, PM2_Supporting, PM1	6	Likely pathogenic	Likely pathogenic
16439	FBN1	FBN1 VCEP	Pathogenic	PP1_Strong, PVS1_Strong, PP4, PM2_Supporting, PS3, PS4	18	Pathogenic	Pathogenic
42443	FBN1	FBN1 VCEP	Likely pathogenic	PP2, PP3, PP4, PM2_Supporting, PS4_Moderate	6	Likely pathogenic	Likely pathogenic
547349	FBN1	FBN1 VCEP	Likely pathogenic	PVS1_Strong, PP4, PM2_Supporting	6	Likely pathogenic	Likely pathogenic
263414	FBN1	FBN1 VCEP	Likely pathogenic	PVS1_Strong, PP4, PM2_Supporting	6	Likely pathogenic	Likely pathogenic
547309	FBN1	FBN1 VCEP	Pathogenic	PM1_Strong, PM6_Supporting, PP4, PP2, PP3, PM2_Supporting, PS4	13	Pathogenic	Pathogenic
519760	FBN1	FBN1 VCEP	Pathogenic	PP4, PM2_Supporting, PVS1	10	Pathogenic	Pathogenic
520496	FBN1	FBN1 VCEP	Pathogenic	PP4, PP1, PM2_Supporting, PM6, PM4, PS4	11	Pathogenic	Pathogenic
618119	FBN1	FBN1 VCEP	Uncertain significance	PP2, PM2_Supporting	2	Uncertain significance	Uncertain significance
547338	FBN1	FBN1 VCEP	Likely pathogenic	PP2, PP3, PP4, PM2_Supporting, PS4_Moderate, PM1, PM5	10	Pathogenic	Likely pathogenic
1098776	FBN1	FBN1 VCEP	Likely pathogenic	PM1_Strong, PP2, PP3, PP4, PM2_Supporting	8	Likely pathogenic	Likely pathogenic
495662	FBN1	FBN1 VCEP	Likely pathogenic	PM1_Strong, PP4, PP2, PP3, PM2_Supporting	8	Likely pathogenic	Likely pathogenic
207529	TCF4	Rett and Angelman-like Disorders VCEP	Likely benign	BS2, BP4	-5	Likely benign	Likely benign
890675	TCF4	Rett and Angelman-like Disorders VCEP	Benign	BP7, BP5, BS1, BS2, BP4	-11	Benign	Benign
1791142	TCF4	Rett and Angelman-like Disorders VCEP	Uncertain significance	BP4	-1	Likely benign	Uncertain significance
373746	TCF4	Rett and Angelman-like Disorders VCEP	Likely benign	BS2, BP4	-5	Likely benign	Likely benign
664780	TCF4	Rett and Angelman-like Disorders VCEP	Likely benign	BS2, BP4	-5	Likely benign	Likely benign
205491	FOXG1	Rett and Angelman-like Disorders VCEP	Pathogenic	PS2_Very Strong, PP3, PM2_Supporting, PS4_Moderate	12	Pathogenic	Pathogenic
589694	FOXG1	Rett and Angelman-like Disorders VCEP	Uncertain significance		0	Uncertain significance	Uncertain significance
205483	FOXG1	Rett and Angelman-like Disorders VCEP	Uncertain significance	BS2_Supporting	-1	Likely benign	Uncertain significance
205462	FOXG1	Rett and Angelman-like Disorders VCEP	Benign	BS1, BS2, BP3	-9	Benign	Benign
158591	FOXG1	Rett and Angelman-like Disorders VCEP	Benign	BS2, BP4, BA1	-5	Benign	Benign
427212	ACADVL	ACADVL VCEP	Uncertain significance	PP3, PM2_Supporting	2	Uncertain significance	Uncertain significance
426177	ACADVL	ACADVL VCEP	Uncertain significance	PP3, PM2_Supporting	2	Uncertain significance	Uncertain significance
418711	ACADVL	ACADVL VCEP	Uncertain significance	PP3, PM2_Supporting	2	Uncertain significance	Uncertain significance
2757098	RUNX1	Myeloid Malignancy VCEP	Pathogenic	PM5_Supporting, PVS1, PM2_Supporting	10	Pathogenic	Pathogenic
2839411	RUNX1	Myeloid Malignancy VCEP	Pathogenic	PM5_Supporting, PVS1, PM2_Supporting	10	Pathogenic	Pathogenic
2701885	RUNX1	Myeloid Malignancy VCEP	Pathogenic	PM5_Supporting, PVS1, PM2_Supporting	10	Pathogenic	Pathogenic
2029556	RUNX1	Myeloid Malignancy VCEP	Pathogenic	PM5_Supporting, PVS1, PM2_Supporting, PS4_Supporting	11	Pathogenic	Pathogenic
2911507	RUNX1	Myeloid Malignancy VCEP	Likely pathogenic	PVS1, PM2_Supporting	9	Likely pathogenic	Uncertain significance
-	RUNX1	Myeloid Malignancy VCEP	Likely pathogenic	PVS1_Strong, PM5_Supporting, PM2_Supporting, PS4_Supporting	7	Likely pathogenic	Likely pathogenic
1211932	RUNX1	Myeloid Malignancy VCEP	Likely pathogenic	PVS1_Strong, PM5_Supporting, PM2_Supporting	6	Likely pathogenic	Likely pathogenic
2840535	RUNX1	Myeloid Malignancy VCEP	Likely pathogenic	PVS1_Strong, PM5_Supporting, PM2_Supporting	6	Likely pathogenic	Likely pathogenic
2808406	RUNX1	Myeloid Malignancy VCEP	Likely pathogenic	PVS1_Strong, PM5_Supporting, PM2_Supporting	6	Likely pathogenic	Likely pathogenic
2857333	RUNX1	Myeloid Malignancy VCEP	Likely pathogenic	PVS1_Strong, PM5_Supporting, PM2_Supporting	6	Likely pathogenic	Likely pathogenic
2857331	RUNX1	Myeloid Malignancy VCEP	Likely pathogenic	PVS1_Strong, PM5_Supporting, PM2_Supporting	6	Likely pathogenic	Likely pathogenic
2746077	RUNX1	Myeloid Malignancy VCEP	Likely pathogenic	PS4_Moderate, PVS1_Strong, PM5_Supporting, PM2_Supporting	8	Likely pathogenic	Likely pathogenic
2808511	RUNX1	Myeloid Malignancy VCEP	Likely pathogenic	PVS1_Strong, PM5_Supporting, PM2_Supporting	6	Likely pathogenic	Likely pathogenic
931873	RUNX1	Myeloid Malignancy VCEP	Likely pathogenic	PVS1_Strong, PM5_Supporting, PM2_Supporting	6	Likely pathogenic	Likely pathogenic
1199613	RUNX1	Myeloid Malignancy VCEP	Benign	BP7, BP4, BP2, BA1	-3	Benign	Benign
1292682	RUNX1	Myeloid Malignancy VCEP	Benign	BP7, BA1, BP4	-2	Benign	Benign
339883	RUNX1	Myeloid Malignancy VCEP	Benign	BA1, BP2, BP4	-2	Benign	Benign
339879	RUNX1	Myeloid Malignancy VCEP	Benign	BP7, BA1, BP4	-2	Benign	Benign
339881	RUNX1	Myeloid Malignancy VCEP	Benign	BP7, BA1, BP4, BP2	-3	Benign	Benign
339869	RUNX1	Myeloid Malignancy VCEP	Benign	BA1, BP2	-1	Benign	Benign
1222743	RUNX1	Myeloid Malignancy VCEP	Benign	BP7, BP4, BP2, BA1	-3	Benign	Benign
1540152	RUNX1	Myeloid Malignancy VCEP	Likely benign	BP7, PM2_Supporting, BP4	-1	Likely benign	Likely benign
1651361	RUNX1	Myeloid Malignancy VCEP	Likely benign	BP7, PM2_Supporting, BP4	-1	Likely benign	Likely benign
1988512	RUNX1	Myeloid Malignancy VCEP	Likely benign	BP7, PM2_Supporting, BP4	-1	Likely benign	Likely benign
1670366	RUNX1	Myeloid Malignancy VCEP	Likely benign	BP7, BP4	-2	Likely benign	Likely benign
1648386	RUNX1	Myeloid Malignancy VCEP	Likely benign	BP7, PM2_Supporting, BP4	-1	Likely benign	Likely benign
2895963	RUNX1	Myeloid Malignancy VCEP	Likely benign	BP7, PM2_Supporting, BP4	-1	Likely benign	Likely benign
1596540	RUNX1	Myeloid Malignancy VCEP	Likely benign	BP7, BP4	-2	Likely benign	Likely benign
1674831	RUNX1	Myeloid Malignancy VCEP	Likely benign	BP7, PM2_Supporting, BP4	-1	Likely benign	Likely benign
2101153	RUNX1	Myeloid Malignancy VCEP	Likely benign	BP7, PM2_Supporting, BP4	-1	Likely benign	Likely benign
1486967	RUNX1	Myeloid Malignancy VCEP	Likely benign	BP7, PM2_Supporting, BP4	-1	Likely benign	Likely benign
1371213	RUNX1	Myeloid Malignancy VCEP	Likely benign	PM2_Supporting, BS3_Supporting, BP4	-1	Likely benign	Likely benign
2084439	RUNX1	Myeloid Malignancy VCEP	Likely benign	BP7, PM2_Supporting, BP4	-1	Likely benign	Likely benign
567760	RUNX1	Myeloid Malignancy VCEP	Likely benign	BS1, PS4_Supporting, BP4	-4	Likely benign	Likely benign
2010770	RUNX1	Myeloid Malignancy VCEP	Likely benign	BP7, PM2_Supporting, BP4	-1	Likely benign	Likely benign
532677	RUNX1	Myeloid Malignancy VCEP	Likely benign	BP7, BP4	-2	Likely benign	Likely benign
774574	RUNX1	Myeloid Malignancy VCEP	Likely benign	BP7, PM2_Supporting, BP4	-1	Likely benign	Likely benign
435438	HNF4A	Monogenic Diabetes VCEP	Pathogenic	PP1_Moderate, PP4_Moderate, PP3, PM2_Supporting, PS4	10	Pathogenic	Pathogenic
447522	HNF4A	Monogenic Diabetes VCEP	Pathogenic	PVS1, PP4, PM2_Supporting	10	Pathogenic	Pathogenic
9210	HNF4A	Monogenic Diabetes VCEP	Pathogenic	PVS1, PP4, PM2_Supporting, PS4_Moderate, PP1_Strong	16	Pathogenic	Pathogenic
437910	HNF4A	Monogenic Diabetes VCEP	Uncertain significance	PP3, PM2_Supporting	2	Uncertain significance	Uncertain significance
-	HNF1A	Monogenic Diabetes VCEP	Pathogenic	PP4_Moderate, PVS1, PM2_Supporting	11	Pathogenic	Pathogenic
-	VWF	von Willebrand Disease  VCEP	Uncertain significance	PP4_Moderate, PM4, PM2_Supporting	5	Uncertain significance	Uncertain significance
100231	VWF	von Willebrand Disease  VCEP	Pathogenic	PM3, PM2_Supporting, PP4_Moderate, PS3, PP3	10	Pathogenic	Pathogenic
167115	GAA	Lysosomal Diseases VCEP	Benign	BA1	0	Benign	Benign
515407	GAA	Lysosomal Diseases VCEP	Likely benign	BP4	-1	Likely benign	Uncertain significance
507529	GAA	Lysosomal Diseases VCEP	Uncertain significance	PM2_Supporting, BP4	0	Uncertain significance	Uncertain significance
510672	GAA	Lysosomal Diseases VCEP	Uncertain significance	BP7, PM2_Supporting, BP4	-1	Likely benign	Likely benign
193975	GAA	Lysosomal Diseases VCEP	Uncertain significance	PM2_Supporting, BP4	0	Uncertain significance	Uncertain significance
864108	GAA	Lysosomal Diseases VCEP	Uncertain significance	PM5_Supporting, PP3, PM2_Supporting	3	Uncertain significance	Uncertain significance
642648	GAA	Lysosomal Diseases VCEP	Uncertain significance	PM2_Supporting	1	Uncertain significance	Uncertain significance
795822	RUNX1	Myeloid Malignancy VCEP	Likely benign	BP7, PM2_Supporting, BP4	-1	Likely benign	Likely benign
182963	TP53	TP53 VCEP	Likely pathogenic	BS3_Supporting, PS4_Moderate, PP3_Moderate, PM1, PM5, PP4, PM2_Supporting	9	Likely pathogenic	Likely pathogenic
12374	TP53	TP53 VCEP	Pathogenic	PS4_Moderate, PS3, PM1, PP1_Moderate, PP3, PM2_Supporting	12	Pathogenic	Pathogenic
376649	TP53	TP53 VCEP	Pathogenic	PS3, PP3_Moderate, PM1, PM5, PM2_Supporting, PS4_Supporting	12	Pathogenic	Pathogenic
215996	TP53	TP53 VCEP	Pathogenic	PM1_Supporting, PS4_Moderate, PS3, PP1_Strong, PP3, PM2_Supporting	13	Pathogenic	Pathogenic
12371	TP53	TP53 VCEP	Uncertain significance	BP4, PM2_Supporting	0	Uncertain significance	Uncertain significance
102645	PAH	Phenylketonuria VCEP	Likely pathogenic	PP3, PP4, PM3_Strong	6	Likely pathogenic	Likely pathogenic
102728	PAH	Phenylketonuria VCEP	Likely pathogenic	PP3_Moderate, PM5, PS3_Supporting, PM2_Supporting	6	Likely pathogenic	Likely pathogenic
102575	PAH	Phenylketonuria VCEP	Pathogenic	PM5, PS3_Supporting, PP4_Moderate, PP3_Strong, PM2_Supporting	10	Pathogenic	Pathogenic
102895	PAH	Phenylketonuria VCEP	Likely pathogenic	PP3_Moderate, PM3, PS3_Supporting, PP4, PM2_Supporting	7	Likely pathogenic	Likely pathogenic
-	PAH	Phenylketonuria VCEP	Likely pathogenic	PM3_Supporting, PP3_Moderate, PS3_Supporting, PP4, PM2_Supporting	6	Likely pathogenic	Likely pathogenic
-	PAH	Phenylketonuria VCEP	Pathogenic	PS3_Supporting, PP3_Strong, PP4_Moderate, PM2_Supporting, PM3_Strong	12	Pathogenic	Pathogenic
-	PAH	Phenylketonuria VCEP	Likely pathogenic	PP3_Moderate, PM3_Supporting, PP4_Moderate, PM2_Supporting	6	Likely pathogenic	Likely pathogenic
252114	LDLR	Familial Hypercholesterolemia VCEP	Uncertain significance	PM2, PP4	3	Uncertain significance	Uncertain significance
-	HNF4A	Monogenic Diabetes VCEP	Pathogenic	PVS1, PP4, PM2_Supporting, PP1_Strong	14	Pathogenic	Pathogenic
-	HNF1A	Monogenic Diabetes VCEP	Likely pathogenic	PVS1, PM2_Supporting	9	Likely pathogenic	Uncertain significance
-	HNF1A	Monogenic Diabetes VCEP	Pathogenic	PP1_Strong, PVS1, PP4_Moderate, PM2_Supporting	15	Pathogenic	Pathogenic
-	HNF1A	Monogenic Diabetes VCEP	Pathogenic	PP4_Moderate, PVS1, PM2_Supporting	11	Pathogenic	Pathogenic
972751	HNF1A	Monogenic Diabetes VCEP	Likely pathogenic	PM1_Supporting, PS4_Moderate, PP3, PP4, PM2_Supporting	6	Likely pathogenic	Likely pathogenic
2746579	HNF1A	Monogenic Diabetes VCEP	Likely pathogenic	PVS1, PM2_Supporting	9	Likely pathogenic	Uncertain significance
1398400	BMPR2	Pulmonary Hypertension VCEP	Uncertain significance	PM2_Supporting	1	Uncertain significance	Uncertain significance
458626	BMPR2	Pulmonary Hypertension VCEP	Likely benign	BS1	-4	Likely benign	Uncertain significance
-	HNF4A	Monogenic Diabetes VCEP	Uncertain significance	PP3, PM2_Supporting, PM1_Supporting	3	Uncertain significance	Uncertain significance
586009	HNF4A	Monogenic Diabetes VCEP	Uncertain significance	PP3, PM2_Supporting, PM1_Supporting	3	Uncertain significance	Uncertain significance
333638	BMPR2	Pulmonary Hypertension VCEP	Likely benign	BS1	-4	Likely benign	Uncertain significance
977222	BMPR2	Pulmonary Hypertension VCEP	Uncertain significance	PM1, PM2	4	Uncertain significance	Uncertain significance
-	HNF4A	Monogenic Diabetes VCEP	Pathogenic	PVS1, PM2_Supporting, PP1_Strong	13	Pathogenic	Pathogenic
425961	BMPR2	Pulmonary Hypertension VCEP	Likely benign	BP4, BS1	-5	Likely benign	Likely benign
425733	BMPR2	Pulmonary Hypertension VCEP	Likely pathogenic	PS1_Supporting, PM2_Supporting, PVS1_Strong	6	Likely pathogenic	Likely pathogenic
425842	BMPR2	Pulmonary Hypertension VCEP	Likely pathogenic	PM1, PS3	6	Likely pathogenic	Likely pathogenic
425844	BMPR2	Pulmonary Hypertension VCEP	Uncertain significance	PM1, PP3, PM2_Supporting	4	Uncertain significance	Uncertain significance
2854758	RUNX1	Myeloid Malignancy VCEP	Pathogenic	PM5_Supporting, PVS1, PM2_Supporting, PS4_Supporting	11	Pathogenic	Pathogenic
2635335	RUNX1	Myeloid Malignancy VCEP	Pathogenic	PM5_Supporting, PVS1, PM2_Supporting	10	Pathogenic	Pathogenic
2820865	RUNX1	Myeloid Malignancy VCEP	Pathogenic	PM1_Supporting, PVS1, PM2_Supporting, PM5	12	Pathogenic	Pathogenic
2759299	RUNX1	Myeloid Malignancy VCEP	Pathogenic	PM5_Supporting, PVS1, PM2_Supporting	10	Pathogenic	Pathogenic
2705087	RUNX1	Myeloid Malignancy VCEP	Pathogenic	PM5_Supporting, PVS1, PM2_Supporting	10	Pathogenic	Pathogenic
2101398	RUNX1	Myeloid Malignancy VCEP	Pathogenic	PS4, PVS1_Strong, PM5_Supporting, PM2_Supporting	10	Pathogenic	Pathogenic
2106464	RUNX1	Myeloid Malignancy VCEP	Likely pathogenic	PVS1_Strong, PM5_Supporting, PM2_Supporting	6	Likely pathogenic	Likely pathogenic
2579542	RUNX1	Myeloid Malignancy VCEP	Likely pathogenic	PVS1_Strong, PM5_Supporting, PM2_Supporting	6	Likely pathogenic	Likely pathogenic
2028205	RUNX1	Myeloid Malignancy VCEP	Likely pathogenic	PVS1_Strong, PM5_Supporting, PM2_Supporting	6	Likely pathogenic	Likely pathogenic
2008798	RUNX1	Myeloid Malignancy VCEP	Likely pathogenic	PVS1_Strong, PM5_Supporting, PM2_Supporting	6	Likely pathogenic	Likely pathogenic
1684398	RUNX1	Myeloid Malignancy VCEP	Likely pathogenic	PVS1_Strong, PM5_Supporting, PM2_Supporting	6	Likely pathogenic	Likely pathogenic
1460663	RUNX1	Myeloid Malignancy VCEP	Likely pathogenic	PVS1_Strong, PM5_Supporting, PM2_Supporting	6	Likely pathogenic	Likely pathogenic
1338564	RUNX1	Myeloid Malignancy VCEP	Likely pathogenic	PVS1_Strong, PM5_Supporting, PM2_Supporting	6	Likely pathogenic	Likely pathogenic
1041897	RUNX1	Myeloid Malignancy VCEP	Likely pathogenic	PVS1_Strong, PM5_Supporting, PM2_Supporting	6	Likely pathogenic	Likely pathogenic
1045299	RUNX1	Myeloid Malignancy VCEP	Likely pathogenic	PM1_Supporting, PS1_Moderate, PP3, PM2_Supporting, PS3_Moderate	7	Likely pathogenic	Likely pathogenic
-	RUNX1	Myeloid Malignancy VCEP	Likely pathogenic	PM5_Supporting, PP3, PM2_Supporting, PS4_Supporting, PM1	6	Likely pathogenic	Likely pathogenic
2092471	RUNX1	Myeloid Malignancy VCEP	Likely pathogenic	PVS1_Strong, PM5_Supporting, PM2_Supporting	6	Likely pathogenic	Likely pathogenic
1250489	RUNX1	Myeloid Malignancy VCEP	Benign	BP7, BP4, BP2, BA1	-3	Benign	Benign
415834	RUNX1	Myeloid Malignancy VCEP	Benign	BP2, BP4, BA1	-2	Benign	Benign
339828	RUNX1	Myeloid Malignancy VCEP	Benign	BP7, BP4, BA1	-2	Benign	Benign
1187157	RUNX1	Myeloid Malignancy VCEP	Benign	BP7, BA1, BP4	-2	Benign	Benign
1219872	RUNX1	Myeloid Malignancy VCEP	Benign	BP7, BP4, BA1	-2	Benign	Benign
2362516	RUNX1	Myeloid Malignancy VCEP	Benign	BP4, BA1	-1	Benign	Benign
1954710	RUNX1	Myeloid Malignancy VCEP	Likely benign	BP7, PM2_Supporting, BP4	-1	Likely benign	Likely benign
2124494	RUNX1	Myeloid Malignancy VCEP	Likely benign	BP7, PM2_Supporting, BP4	-1	Likely benign	Likely benign
1573179	RUNX1	Myeloid Malignancy VCEP	Likely benign	BP7, PM2_Supporting, BP4	-1	Likely benign	Likely benign
2073246	RUNX1	Myeloid Malignancy VCEP	Likely benign	BP7, PM2_Supporting, BP4	-1	Likely benign	Likely benign
2063621	RUNX1	Myeloid Malignancy VCEP	Likely benign	BP7, BP4	-2	Likely benign	Likely benign
897773	RUNX1	Myeloid Malignancy VCEP	Likely benign	BP7, BP4	-2	Likely benign	Likely benign
1094238	RUNX1	Myeloid Malignancy VCEP	Likely benign	BP7, BP4	-2	Likely benign	Likely benign
1124327	RUNX1	Myeloid Malignancy VCEP	Likely benign	BP7, BP4	-2	Likely benign	Likely benign
1527989	RUNX1	Myeloid Malignancy VCEP	Likely benign	BP7, BP4	-2	Likely benign	Likely benign
1537377	RUNX1	Myeloid Malignancy VCEP	Likely benign	BP7, PM2_Supporting, BP4	-1	Likely benign	Likely benign
897628	RUNX1	Myeloid Malignancy VCEP	Likely benign	BP7, PM2_Supporting, BP4	-1	Likely benign	Likely benign
1669797	RUNX1	Myeloid Malignancy VCEP	Likely benign	BP7, PM2_Supporting, BP4	-1	Likely benign	Likely benign
1586327	RUNX1	Myeloid Malignancy VCEP	Likely benign	BP7, PM2_Supporting, BP4	-1	Likely benign	Likely benign
1550333	RUNX1	Myeloid Malignancy VCEP	Likely benign	BP7, PM2_Supporting	0	Uncertain significance	Uncertain significance
1574283	RUNX1	Myeloid Malignancy VCEP	Likely benign	BP7, PM2_Supporting, BP4	-1	Likely benign	Likely benign
1692644	RUNX1	Myeloid Malignancy VCEP	Likely benign	BP7, BP4	-2	Likely benign	Likely benign
2132477	RUNX1	Myeloid Malignancy VCEP	Likely benign	BP7, PM2_Supporting, BP4	-1	Likely benign	Likely benign
1934143	RUNX1	Myeloid Malignancy VCEP	Likely benign	BP7, PM2_Supporting, BP4	-1	Likely benign	Likely benign
2122107	RUNX1	Myeloid Malignancy VCEP	Likely benign	BP7, PM2_Supporting, BP4	-1	Likely benign	Likely benign
2103401	RUNX1	Myeloid Malignancy VCEP	Likely benign	BP7, PM2_Supporting, BP4	-1	Likely benign	Likely benign
2058837	RUNX1	Myeloid Malignancy VCEP	Likely benign	BP7, PM2_Supporting, BP4	-1	Likely benign	Likely benign
2187610	RUNX1	Myeloid Malignancy VCEP	Likely benign	BP7, PM2_Supporting, BP4	-1	Likely benign	Likely benign
2023814	RUNX1	Myeloid Malignancy VCEP	Likely benign	BP7, PM2_Supporting, BP4	-1	Likely benign	Likely benign
2028071	RUNX1	Myeloid Malignancy VCEP	Likely benign	BP7, PM2_Supporting, BP4	-1	Likely benign	Likely benign
1638952	RUNX1	Myeloid Malignancy VCEP	Likely benign	BP7, PM2_Supporting, BP4	-1	Likely benign	Likely benign
1660302	RUNX1	Myeloid Malignancy VCEP	Likely benign	BP7, PM2_Supporting, BP4	-1	Likely benign	Likely benign
