#AlleleID	Type	Name	GeneID	GeneSymbol	HGNC_ID	ClinicalSignificance	ClinSigSimple	LastEvaluated	RS# (dbSNP)	nsv/esv (dbVar)	RCVaccession
1192584	single nucleotide variant	NM_000083.3(CLCN1):c.1393G>T (p.Val465Phe)	1180	CLCN1	HGNC:2019	Likely pathogenic	1	Aug 15, 2021	139158852	-	RCV001837017
3780349	single nucleotide variant	NM_032888.4(COL27A1):c.3339+1G>A	85301	COL27A1	HGNC:22986	Likely pathogenic	1	Mar 13, 2024	-1	-	RCV005116669
570850	single nucleotide variant	NM_001042492.3(NF1):c.288+2T>C	4763	NF1	HGNC:7765	Pathogenic	1	May 21, 2026	1555605406	-	RCV000704779|RCV006717343
3076656	single nucleotide variant	NM_152564.5(VPS13B):c.2445G>A (p.Trp815Ter)	157680	VPS13B	HGNC:2183	Pathogenic	1	Oct 30, 2023	1452649119	-	RCV003606960
2917607	single nucleotide variant	NM_000151.4(G6PC1):c.15G>C (p.Met5Ile)	2538	G6PC1	HGNC:4056	Likely pathogenic	1	Dec 11, 2023	374766396	-	RCV003511906
2835678	single nucleotide variant	NM_022725.4(FANCF):c.202C>T (p.Gln68Ter)	2188	FANCF	HGNC:3587	Likely pathogenic	1	Sep 14, 2023	762741561	-	RCV003468149
4958921	single nucleotide variant	NM_000388.4(CASR):c.2260C>T (p.Gln754Ter)	846	CASR	HGNC:1514	Pathogenic	1	Feb 26, 2026	-1	-	RCV006687921
3802925	single nucleotide variant	NM_001127208.3(TET2):c.2176C>T (p.Gln726Ter)	54790	TET2	HGNC:25941	Pathogenic	1	Mar 16, 2024	-1	-	RCV005147712
3222541	single nucleotide variant	NM_138376.3(TTC5):c.79C>T (p.Arg27Ter)	91875	TTC5	HGNC:19274	Likely pathogenic	1	Jun 22, 2023	552581393	-	RCV003986037
2159368	single nucleotide variant	NM_004586.3(RPS6KA3):c.709C>T (p.Pro237Ser)	6197	RPS6KA3	HGNC:10432	Pathogenic	1	Jun 02, 2022	2519732229	-	RCV003045421
2965868	single nucleotide variant	NM_198525.3(KIF7):c.1462C>T (p.Gln488Ter)	374654	KIF7	HGNC:30497	Pathogenic	1	Nov 06, 2022	2505490478	-	RCV003630321
1365080	single nucleotide variant	NM_000466.3(PEX1):c.3438+1G>A	5189	PEX1	HGNC:8850	Likely pathogenic	1	Apr 14, 2021	1554367284	-	RCV002017918
1170098	single nucleotide variant	NM_001904.4(CTNNB1):c.1444C>G (p.Gln482Glu)	-1	CTNNB1;LOC126806659	-	Likely pathogenic	1	Jul 19, 2021	1559474557	-	RCV001543613
3027152	single nucleotide variant	NM_018006.5(TRMU):c.234G>A (p.Trp78Ter)	55687	TRMU	HGNC:25481	Pathogenic/Likely pathogenic	1	Jul 30, 2024	2078022380	-	RCV003700699|RCV005036947|RCV006643184
792296	single nucleotide variant	NM_004006.3(DMD):c.8299G>T (p.Glu2767Ter)	1756	DMD	HGNC:2928	Pathogenic	1	May 28, 2019	1603280745	-	RCV000990605|RCV005912181
2402367	single nucleotide variant	NM_017588.3(WDR5):c.512C>T (p.Ser171Leu)	11091	WDR5	HGNC:12757	Likely pathogenic	1	Aug 15, 2024	2539677207	-	RCV003123166
2735527	single nucleotide variant	NM_030957.4(ADAMTS10):c.1893C>A (p.Tyr631Ter)	81794	ADAMTS10	HGNC:13201	Likely pathogenic	1	Jun 29, 2023	1235872718	-	RCV003307357
4012572	single nucleotide variant	NM_004098.4(EMX2):c.595A>C (p.Lys199Gln)	2018	EMX2	HGNC:3341	Likely pathogenic	1	May 01, 2025	-1	-	RCV005406706
204202	single nucleotide variant	NM_000218.3(KCNQ1):c.1686-2A>G	3784	KCNQ1	HGNC:6294	Pathogenic/Likely pathogenic	1	May 27, 2026	878854350	-	RCV000234808|RCV000456381|RCV000621754|RCV000786150|RCV006809608
620670	single nucleotide variant	NM_000628.5(IL10RB):c.611G>A (p.Trp204Ter)	3588	IL10RB	HGNC:5965	Pathogenic/Likely pathogenic	1	Feb 22, 2023	1329427406	-	RCV000778639
198645	single nucleotide variant	NM_003560.4(PLA2G6):c.1942G>A (p.Gly648Arg)	8398	PLA2G6	HGNC:9039	Likely pathogenic	1	Jun 21, 2022	794729212	-	RCV000990440|RCV002259328
2063947	single nucleotide variant	NM_005530.3(IDH3A):c.611+2T>G	3419	IDH3A	HGNC:5384	Likely pathogenic	1	Jun 30, 2022	1384133905	-	RCV002856230
39417	single nucleotide variant	NM_130837.3(OPA1):c.1459A>G (p.Ile487Val)	4976	OPA1	HGNC:8140	Likely pathogenic	1	Jun 24, 2022	387906899	-	RCV000023414|RCV000508763|RCV004786281
1508623	single nucleotide variant	NM_006567.5(FARS2):c.1256G>T (p.Arg419Leu)	10667	FARS2	HGNC:21062	Likely pathogenic	1	Feb 16, 2023	202183509	-	RCV001986491
48662	single nucleotide variant	NM_001382430.1(AKT1):c.73C>T (p.Arg25Cys)	207	AKT1	HGNC:391	Pathogenic	1	Jan 10, 2013	397514644	-	RCV000033177
1860082	single nucleotide variant	NM_005859.5(PURA):c.227A>T (p.Asp76Val)	5813	PURA	HGNC:9701	Likely pathogenic	1	Feb 03, 2022	2479504540	-	RCV002466350
1033136	single nucleotide variant	NM_001042492.3(NF1):c.725T>G (p.Met242Arg)	4763	NF1	HGNC:7765	Pathogenic	1	Dec 02, 2024	1555608765	-	RCV001347020
3413843	single nucleotide variant	NM_003128.3(SPTBN1):c.475-1G>A	6711	SPTBN1	HGNC:11275	Likely pathogenic	1	Sep 20, 2024	2549502583	-	RCV004595252
4962966	single nucleotide variant	NM_001377.3(DYNC2H1):c.6067G>T (p.Asp2023Tyr)	79659	DYNC2H1	HGNC:2962	Likely pathogenic	1	-	-1	-	RCV006699063
3807688	single nucleotide variant	NM_003573.2(LTBP4):c.340+1G>A	8425	LTBP4	HGNC:6717	Likely pathogenic	1	Aug 11, 2024	-1	-	RCV005158067
2838572	single nucleotide variant	NM_014252.4(SLC25A15):c.315-2A>C	10166	SLC25A15	HGNC:10985	Likely pathogenic	1	Oct 16, 2024	1226613511	-	RCV003472830
4961181	single nucleotide variant	NC_012920.1(MT-ND1):m.3578T>G	4535	MT-ND1	HGNC:7455	Likely pathogenic	1	Sep 22, 2025	-1	-	RCV006695893
621027	single nucleotide variant	NM_023110.3(FGFR1):c.1881G>C (p.Arg627Ser)	2260	FGFR1	HGNC:3688	Pathogenic/Likely pathogenic	1	Feb 18, 2019	1563436265	-	RCV000779636|RCV001257986
3721423	single nucleotide variant	NM_016955.4(SEPSECS):c.58C>T (p.Gln20Ter)	51091	SEPSECS	HGNC:30605	Likely pathogenic	1	May 05, 2024	-1	-	RCV005027327
1792912	single nucleotide variant	NM_005732.4(RAD50):c.3619-2A>G	10111	RAD50	HGNC:9816	Likely pathogenic	1	Dec 07, 2021	2149865515	-	RCV002452274
21991	single nucleotide variant	NM_016239.4(MYO15A):c.7801A>T (p.Lys2601Ter)	51168	MYO15A	HGNC:7594	Pathogenic	1	May 29, 1998	121908967	-	RCV000007367
3108159	single nucleotide variant	NM_000089.4(COL1A2):c.3951C>A (p.Cys1317Ter)	1278	COL1A2	HGNC:2198	Likely pathogenic	1	May 17, 2023	747369521	-	RCV003808737
573328	single nucleotide variant	NM_000138.5(FBN1):c.7398C>G (p.Tyr2466Ter)	2200	FBN1	HGNC:3603	Pathogenic	1	Jun 10, 2022	1555394402	-	RCV000690558
2838866	single nucleotide variant	NM_001243279.3(ACSF3):c.1366+1G>T	197322	ACSF3	HGNC:27288	Likely pathogenic	1	Jun 18, 2023	1389783773	-	RCV003474491
2975623	single nucleotide variant	NM_033056.4(PCDH15):c.4721G>A (p.Trp1574Ter)	65217	PCDH15	HGNC:14674	Pathogenic	1	Nov 07, 2022	2492400327	-	RCV003682749
15127	single nucleotide variant	NM_021828.5(HPSE2):c.1414C>T (p.Arg472Ter)	60495	HPSE2	HGNC:18374	Pathogenic	1	Dec 03, 2022	267606864	-	RCV000000108|RCV003555874
5083318	single nucleotide variant	NM_032119.4(ADGRV1):c.3635-2A>G	84059	ADGRV1	HGNC:17416	Likely pathogenic	1	Sep 06, 2023	-1	-	RCV006970167
3719386	single nucleotide variant	NM_014425.5(INVS):c.1207A>T (p.Lys403Ter)	27130	INVS	HGNC:17870	Likely pathogenic	1	May 22, 2024	-1	-	RCV005048839
857629	single nucleotide variant	NM_020964.3(EPG5):c.6049+5G>A	57724	EPG5	HGNC:29331	Likely pathogenic	1	Feb 25, 2023	2048968935	-	RCV001089501
2049325	single nucleotide variant	NM_001042492.3(NF1):c.1574T>A (p.Leu525Ter)	4763	NF1	HGNC:7765	Pathogenic	1	May 05, 2025	2143986336	-	RCV002801472
190044	single nucleotide variant	NM_212482.4(FN1):c.5921T>C (p.Leu1974Pro)	2335	FN1	HGNC:3778	Pathogenic	1	-	137854487	-	RCV000207403
2076114	single nucleotide variant	NM_194318.4(B3GLCT):c.851-1G>T	145173	B3GLCT	HGNC:20207	Likely pathogenic	1	Jul 30, 2022	1873228351	-	RCV002857528
2141201	single nucleotide variant	NM_001845.6(COL4A1):c.1103G>A (p.Gly368Asp)	1282	COL4A1	HGNC:2202	Likely pathogenic	1	Oct 03, 2023	2501565019	-	RCV002976112
545253	single nucleotide variant	NM_000170.3(GLDC):c.334+1G>C	2731	GLDC	HGNC:4313	Pathogenic	1	Apr 07, 2023	978795483	-	RCV000671228|RCV005430697
181424	single nucleotide variant	NM_001369598.1(ST7):c.489T>G (p.Tyr163Ter)	7982	ST7	HGNC:11351	Likely pathogenic	1	Dec 01, 2014	550492993	-	RCV000162112
646405	single nucleotide variant	NM_000334.4(SCN4A):c.4387C>A (p.Arg1463Ser)	6329	SCN4A	HGNC:10591	Likely pathogenic	1	Mar 17, 2025	774453167	-	RCV000810571|RCV001568013
5061368	single nucleotide variant	NM_001378477.3(NYX):c.410T>C (p.Leu137Pro)	60506	NYX	HGNC:8082	Pathogenic	1	Nov 21, 2024	-1	-	RCV006919732
2905345	single nucleotide variant	NM_000527.5(LDLR):c.314-2A>G	3949	LDLR	HGNC:6547	Pathogenic/Likely pathogenic	1	Mar 10, 2026	879254470	-	RCV003581465|RCV005860383
562726	single nucleotide variant	NM_001032221.6(STXBP1):c.817G>T (p.Glu273Ter)	6812	STXBP1	HGNC:11444	Pathogenic	1	Aug 13, 2024	1564352002	-	RCV006463934
3773100	single nucleotide variant	NM_001164508.2(NEB):c.700C>T (p.Gln234Ter)	4703	NEB	HGNC:7720	Pathogenic	1	Feb 19, 2024	-1	-	RCV005113164
511373	single nucleotide variant	NM_014362.4(HIBCH):c.595G>T (p.Gly199Ter)	26275	HIBCH	HGNC:4908	Pathogenic	1	Mar 23, 2015	755786597	-	RCV000623387
2223791	single nucleotide variant	NM_003383.5(VLDLR):c.820+1G>A	7436	VLDLR	HGNC:12698	Likely pathogenic	1	Jul 08, 2021	1563758564	-	RCV002722922|RCV003325245
4926757	single nucleotide variant	NM_001127671.2(LIFR):c.257+1G>T	3977	LIFR	HGNC:6597	Likely pathogenic	1	Sep 06, 2024	-1	-	RCV006641531
3151890	single nucleotide variant	NM_018062.4(FANCL):c.616G>T (p.Glu206Ter)	55120	FANCL	HGNC:20748	Pathogenic	1	Jun 06, 2023	1035067325	-	RCV003858041
972164	single nucleotide variant	NM_024312.5(GNPTAB):c.3016C>T (p.Gln1006Ter)	79158	GNPTAB	HGNC:29670	Pathogenic/Likely pathogenic	1	Jun 10, 2022	1952987753	-	RCV001263574|RCV006694870
4965939	single nucleotide variant	NM_020338.4(ZMIZ1):c.2307C>A (p.Tyr769Ter)	57178	ZMIZ1	HGNC:16493	Likely pathogenic	1	Aug 06, 2025	-1	-	RCV006705337
3713558	single nucleotide variant	NM_015102.5(NPHP4):c.1843C>T (p.Gln615Ter)	261734	NPHP4	HGNC:19104	Pathogenic/Likely pathogenic	1	Dec 10, 2024	-1	-	RCV005026665|RCV005112783
4390650	single nucleotide variant	NM_033380.3(COL4A5):c.143G>A (p.Gly48Glu)	1287	COL4A5	HGNC:2207	Pathogenic	1	Sep 10, 2025	-1	-	RCV005859728
1780233	single nucleotide variant	NM_001360016.2(G6PD):c.473G>A (p.Cys158Tyr)	2539	G6PD	HGNC:4057	Likely pathogenic	1	Aug 12, 2022	782487723	-	RCV002305838
143129	single nucleotide variant	NM_001348800.3(ZBTB20):c.1771C>G (p.Gln591Glu)	26137	ZBTB20	HGNC:13503	Pathogenic	1	-	483353065	-	RCV000149432
3224353	single nucleotide variant	NM_000443.4(ABCB4):c.3838T>A (p.Ter1280Arg)	5244	ABCB4	HGNC:45	Likely pathogenic	1	Apr 14, 2026	754770911	-	RCV003988735|RCV006686095
3235494	single nucleotide variant	NM_001083601.3(NAA60):c.130C>T (p.Arg44Cys)	79903	NAA60	HGNC:25875	Pathogenic	1	Apr 16, 2024	748506439	-	RCV004372008
1446587	single nucleotide variant	NM_152383.5(DIS3L2):c.2289+1G>A	129563	DIS3L2	HGNC:28648	Likely pathogenic	1	May 06, 2024	2106354449	-	RCV002027751
2004895	single nucleotide variant	NM_030962.4(SBF2):c.3257-1G>A	81846	SBF2	HGNC:2135	Likely pathogenic	1	Mar 03, 2024	746642259	-	RCV002646661
1902844	single nucleotide variant	NM_015512.5(DNAH1):c.8170C>T (p.Arg2724Ter)	25981	DNAH1	HGNC:2940	Pathogenic	1	Nov 16, 2024	1020480721	-	RCV003099086
3400942	single nucleotide variant	NM_002801.4(PSMB10):c.500G>A (p.Gly167Asp)	5699	PSMB10	HGNC:9538	Pathogenic	1	Jun 11, 2024	763700481	-	RCV004577060
22906	single nucleotide variant	NM_000358.3(TGFBI):c.1664G>A (p.Arg555Gln)	7045	TGFBI	HGNC:11771	Pathogenic	1	Apr 01, 2026	121909209	-	RCV000008316|RCV002512900|RCV006966974
905844	single nucleotide variant	NM_016366.3(CABP2):c.232G>A (p.Glu78Lys)	51475	CABP2	HGNC:1385	Pathogenic	1	Jul 06, 2019	1391730624	-	RCV001250409
44227	single nucleotide variant	NM_005343.4(HRAS):c.37G>C (p.Gly13Arg)	3265	HRAS	HGNC:5173	Pathogenic/Likely pathogenic	1	Nov 14, 2024	104894228	-	RCV000029213|RCV000029212|RCV000032852|RCV000173005|RCV000173006|RCV001255682|RCV001376004|RCV001781319|RCV001813211|RCV001849283|RCV004739310|RCV006253696|RCV006253693|RCV006253694|RCV006253695|RCV006805798
1321573	single nucleotide variant	NM_000132.4(F8):c.650T>G (p.Leu217Arg)	2157	F8	HGNC:3546	Likely pathogenic	1	Dec 03, 2020	2124134359	-	RCV001802555
3778442	single nucleotide variant	NM_004006.3(DMD):c.530+2T>A	1756	DMD	HGNC:2928	Pathogenic	1	Jan 31, 2025	-1	-	RCV005130965
969758	single nucleotide variant	NM_003482.4(KMT2D):c.400+2T>C	8085	KMT2D	HGNC:7133	Pathogenic	1	Oct 01, 2013	1938283570	-	RCV001261260
3748279	single nucleotide variant	NM_001481.3(DRC4):c.796G>T (p.Glu266Ter)	2622	DRC4	HGNC:4166	Pathogenic	1	Jun 02, 2024	-1	-	RCV005067101
3808280	single nucleotide variant	NM_033305.3(VPS13A):c.8471+1G>A	23230	VPS13A	HGNC:1908	Likely pathogenic	1	Mar 25, 2024	-1	-	RCV005158468
904893	single nucleotide variant	NM_001354761.2(ADD1):c.1A>G (p.Met1Val)	118	ADD1	HGNC:243	Likely pathogenic	1	Jul 01, 2019	1731205978	-	RCV001172284
5040970	single nucleotide variant	NM_000138.5(FBN1):c.3913T>A (p.Cys1305Ser)	2200	FBN1	HGNC:3603	Likely pathogenic	1	Feb 09, 2023	-1	-	RCV006859551
2405443	single nucleotide variant	NM_201280.3(BLOC1S5):c.19G>T (p.Glu7Ter)	63915	BLOC1S5	HGNC:18561	Likely pathogenic	1	Sep 23, 2022	1757380540	-	RCV003225915
1371528	single nucleotide variant	NM_001369.3(DNAH5):c.3184C>T (p.Gln1062Ter)	1767	DNAH5	HGNC:2950	Pathogenic	1	Aug 24, 2021	1440167859	-	RCV001921110
3161789	single nucleotide variant	NM_000350.3(ABCA4):c.2803G>A (p.Val935Ile)	24	ABCA4	HGNC:34	Likely pathogenic	1	Aug 07, 2023	765769761	-	RCV003868502
4824903	single nucleotide variant	NM_004260.4(RECQL4):c.3423C>A (p.Cys1141Ter)	9401	RECQL4	HGNC:9949	Pathogenic	1	Feb 04, 2025	-1	-	RCV006510281
3226360	single nucleotide variant	NM_006494.4(ERF):c.158G>C (p.Gly53Ala)	2077	ERF	HGNC:3444	Likely pathogenic	1	Feb 10, 2023	2513525682	-	RCV003991351
3400760	single nucleotide variant	NM_001023570.4(IQCB1):c.487+1G>A	9657	IQCB1	HGNC:28949	Likely pathogenic	1	May 23, 2026	1949714664	-	RCV004576763
5081021	single nucleotide variant	NM_015512.5(DNAH1):c.2871+2T>G	25981	DNAH1	HGNC:2940	Likely pathogenic	1	Dec 04, 2023	-1	-	RCV006954319
405441	single nucleotide variant	NM_001267550.2(TTN):c.86363G>A (p.Trp28788Ter)	7273	TTN	HGNC:12403	Pathogenic	1	Jun 27, 2023	1064793814	-	RCV000482062|RCV000825632|RCV001851162
4937095	single nucleotide variant	NM_013275.6(ANKRD11):c.6118G>T (p.Gly2040Ter)	29123	ANKRD11	HGNC:21316	Pathogenic	1	Jan 08, 2026	-1	-	RCV006670194
15209	single nucleotide variant	NM_000274.4(OAT):c.1058G>A (p.Gly353Asp)	4942	OAT	HGNC:8091	Pathogenic/Likely pathogenic	1	Aug 30, 2025	121965053	-	RCV000000193|RCV001091422|RCV006805640
1286838	single nucleotide variant	NM_001111125.3(IQSEC2):c.2297+2T>C	23096	IQSEC2	HGNC:29059	Likely pathogenic	1	Apr 13, 2021	2147096217	-	RCV001724784|RCV005925347
938212	single nucleotide variant	NM_018714.3(COG1):c.1428G>A (p.Trp476Ter)	9382	COG1	HGNC:6545	Pathogenic/Likely pathogenic	1	Mar 19, 2022	1227032564	-	RCV001202775
4798060	single nucleotide variant	NM_052867.4(NALCN):c.4300A>G (p.Ile1434Val)	259232	NALCN	HGNC:19082	Likely pathogenic	1	Dec 18, 2025	-1	-	RCV006450785
1859512	single nucleotide variant	NM_001034853.2(RPGR):c.2590G>T (p.Glu864Ter)	6103	RPGR	HGNC:10295	Pathogenic	1	Nov 19, 2021	2519789277	-	RCV002465139
1444880	single nucleotide variant	NM_000390.4(CHM):c.979C>T (p.Gln327Ter)	1121	CHM	HGNC:1940	Pathogenic	1	Dec 08, 2025	2147663380	-	RCV001960690|RCV004816823|RCV006262005|RCV006910341
2417421	single nucleotide variant	NM_004522.3(KIF5C):c.275A>G (p.Lys92Arg)	3800	KIF5C	HGNC:6325	Likely pathogenic	1	Dec 12, 2024	2468202034	-	RCV003152293|RCV004804589
846930	single nucleotide variant	NM_001083962.2(TCF4):c.1772T>C (p.Leu591Pro)	6925	TCF4	HGNC:11634	Likely pathogenic	1	Aug 24, 2021	2047106597	-	RCV001059274
818505	single nucleotide variant	NM_024675.4(PALB2):c.1786G>T (p.Gly596Ter)	79728	PALB2	HGNC:26144	Pathogenic	1	Oct 12, 2024	1966866081	-	RCV001030260|RCV004702588
3164004	single nucleotide variant	NM_004646.4(NPHS1):c.713-1G>A	4868	NPHS1	HGNC:7908	Pathogenic/Likely pathogenic	1	Mar 14, 2024	2513779373	-	RCV003854992|RCV005030331
4957772	single nucleotide variant	NM_003742.4(ABCB11):c.2815-1G>A	8647	ABCB11	HGNC:42	Likely pathogenic	1	Apr 14, 2026	-1	-	RCV006685546
789998	single nucleotide variant	NM_015215.4(CAMTA1):c.2639G>A (p.Trp880Ter)	23261	CAMTA1	HGNC:18806	Pathogenic	1	Jun 23, 2022	1576691273	-	RCV000986228|RCV002549659
544308	single nucleotide variant	NM_000441.2(SLC26A4):c.440T>C (p.Met147Thr)	5172	SLC26A4	HGNC:8818	Pathogenic/Likely pathogenic	1	Oct 14, 2025	1554354787	-	RCV000672680|RCV001004624|RCV003558518
2069051	single nucleotide variant	NM_021008.4(DEAF1):c.517+1G>T	10522	DEAF1	HGNC:14677	Likely pathogenic	1	Aug 17, 2023	2494457955	-	RCV002862267
550148	single nucleotide variant	NM_005687.5(FARSB):c.853G>A (p.Glu285Lys)	10056	FARSB	HGNC:17800	Pathogenic/Likely pathogenic	1	Jan 07, 2026	767956337	-	RCV000754846|RCV003727804|RCV004595857
1245472	single nucleotide variant	NM_138694.4(PKHD1):c.4346G>T (p.Gly1449Val)	5314	PKHD1	HGNC:9016	Likely pathogenic	1	Sep 01, 2021	2128144126	-	RCV001844870
1230224	single nucleotide variant	NM_000059.4(BRCA2):c.9502-1G>A	675	BRCA2	HGNC:1101	Likely pathogenic	1	Nov 22, 2025	1566260055	-	RCV002374155|RCV006469944
1878028	single nucleotide variant	NM_005566.4(LDHA):c.244G>A (p.Asp82Asn)	3939	LDHA	HGNC:6535	Likely pathogenic	1	Mar 12, 2022	2494611829	-	RCV003058293
1021530	single nucleotide variant	NM_022041.4(GAN):c.307C>T (p.Gln103Ter)	8139	GAN	HGNC:4137	Pathogenic	1	Jun 12, 2025	1313883569	-	RCV002035230
1318766	single nucleotide variant	NM_000137.4(FAH):c.1062+2T>G	2184	FAH	HGNC:3579	Pathogenic	1	Jul 29, 2021	2142107894	-	RCV001795584|RCV005922534
4993852	single nucleotide variant	NM_139248.3(LIPH):c.49+1G>A	200879	LIPH	HGNC:18483	Likely pathogenic	1	Jan 13, 2026	-1	-	RCV006744836
4900213	single nucleotide variant	NM_003611.3(OFD1):c.2261-2A>C	8481	OFD1	HGNC:2567	Likely pathogenic	1	Nov 08, 2025	-1	-	RCV006591503
587800	single nucleotide variant	NM_001844.5(COL2A1):c.3887-1G>C	1280	COL2A1	HGNC:2200	Pathogenic	1	Apr 20, 2018	1565666318	-	RCV000732663
1055385	single nucleotide variant	NM_000158.4(GBE1):c.143+2T>C	2632	GBE1	HGNC:4180	Pathogenic/Likely pathogenic	1	Oct 27, 2025	2107250439	-	RCV001377854|RCV001826132
1878015	single nucleotide variant	NM_000352.6(ABCC8):c.2694+1G>A	6833	ABCC8	HGNC:59	Pathogenic/Likely pathogenic	1	Jun 22, 2024	774574576	-	RCV003062341|RCV005045196|RCV003459723
1344164	single nucleotide variant	NM_000090.4(COL3A1):c.2023-1G>T	1281	COL3A1	HGNC:2201	Likely pathogenic	1	Apr 04, 2021	587779708	-	RCV002034276
799154	single nucleotide variant	NM_000478.6(ALPL):c.299C>T (p.Thr100Met)	249	ALPL	HGNC:438	Pathogenic/Likely pathogenic	1	Mar 10, 2026	1201942473	-	RCV001382223|RCV003229004|RCV004553548|RCV004782623|RCV005021310
622911	single nucleotide variant	NM_015272.5(RPGRIP1L):c.3594G>A (p.Trp1198Ter)	23322	RPGRIP1L	HGNC:29168	Likely pathogenic	1	Jan 25, 2023	1567800920	-	RCV000785895
1393373	single nucleotide variant	NM_001378454.1(ALMS1):c.9325C>T (p.Gln3109Ter)	7840	ALMS1	HGNC:428	Pathogenic	1	Oct 23, 2021	1558667813	-	RCV001949248
966005	single nucleotide variant	NM_173630.4(RTTN):c.2953A>G (p.Arg985Gly)	25914	RTTN	HGNC:18654	Pathogenic	1	Jul 05, 2023	1451563103	-	RCV001255727|RCV004719120
553593	single nucleotide variant	NM_000545.8(HNF1A):c.59G>T (p.Gly20Val)	6927	HNF1A	HGNC:11621	Likely pathogenic	1	Sep 16, 2018	1566092362	-	RCV000681881
3536228	single nucleotide variant	NM_000092.5(COL4A4):c.2545G>A (p.Gly849Ser)	1286	COL4A4	HGNC:2206	Likely pathogenic	1	Oct 09, 2024	-1	-	RCV004788658
442421	single nucleotide variant	NM_004006.3(DMD):c.3217G>T (p.Glu1073Ter)	1756	DMD	HGNC:2928	Pathogenic	1	Jul 09, 2024	398123931	-	RCV000516910|RCV005901130
1514626	single nucleotide variant	NM_213599.3(ANO5):c.1333-2A>T	203859	ANO5	HGNC:27337	Likely pathogenic	1	Nov 26, 2021	2133730668	-	RCV001963575
431711	single nucleotide variant	NM_001142800.2(EYS):c.2620C>T (p.Gln874Ter)	346007	EYS	HGNC:21555	Pathogenic/Likely pathogenic	1	Nov 23, 2025	760798455	-	RCV000504898|RCV001035568|RCV001376424|RCV006767137
1427976	single nucleotide variant	NM_003079.5(SMARCE1):c.493G>T (p.Glu165Ter)	6605	SMARCE1	HGNC:11109	Pathogenic	1	Dec 31, 2024	2143996133	-	RCV001926765|RCV005278974
2836567	single nucleotide variant	NM_003982.4(SLC7A7):c.1371C>G (p.Tyr457Ter)	9056	SLC7A7	HGNC:11065	Likely pathogenic	1	Feb 28, 2024	386833804	-	RCV003474031
973047	single nucleotide variant	NM_001958.5(EEF1A2):c.285C>A (p.His95Gln)	1917	EEF1A2	HGNC:3192	Likely pathogenic	1	Feb 14, 2020	1600908420	-	RCV004545821
2154961	single nucleotide variant	NM_000363.5(TNNI3):c.524A>C (p.Gln175Pro)	7137	TNNI3	HGNC:11947	Likely pathogenic	1	Feb 08, 2022	2515498269	-	RCV003009849
2951401	single nucleotide variant	NM_001145809.2(MYH14):c.2518C>T (p.Arg840Ter)	79784	MYH14	HGNC:23212	Pathogenic	1	Apr 08, 2025	2514389343	-	RCV003670787
2523674	single nucleotide variant	NM_003482.4(KMT2D):c.10615C>T (p.Arg3539Trp)	8085	KMT2D	HGNC:7133	Likely pathogenic	1	Feb 02, 2022	1943099538	-	RCV003225689
3730130	single nucleotide variant	NM_001122955.4(BSCL2):c.766-1G>A	26580	BSCL2	HGNC:15832	Likely pathogenic	1	Jun 03, 2024	-1	-	RCV005050876
1461157	single nucleotide variant	NM_000153.4(GALC):c.1291G>T (p.Gly431Ter)	2581	GALC	HGNC:4115	Pathogenic	1	Sep 25, 2021	2139961576	-	RCV001910300
4639414	single nucleotide variant	NM_014991.6(WDFY3):c.4175-2A>G	23001	WDFY3	HGNC:20751	Pathogenic	1	May 10, 2025	-1	-	RCV006251648
916412	single nucleotide variant	NM_004360.5(CDH1):c.687+1G>C	999	CDH1	HGNC:1748	Pathogenic/Likely pathogenic	1	Jul 08, 2025	1567504977	-	RCV001181241|RCV003316830
51435	single nucleotide variant	NM_000116.5(TAFAZZIN):c.700-1G>A	6901	TAFAZZIN	HGNC:11577	Pathogenic	1	May 18, 2017	397515747	-	RCV000035098
2083221	single nucleotide variant	NM_000133.4(F9):c.1272C>A (p.Phe424Leu)	2158	F9	HGNC:3551	Likely pathogenic	1	Jul 29, 2022	2520848016	-	RCV002852374
857143	single nucleotide variant	NM_000350.3(ABCA4):c.6005+1G>A	24	ABCA4	HGNC:34	Pathogenic	1	Oct 01, 2024	61748517	-	RCV001862490|RCV005418985|RCV006770700
4931169	single nucleotide variant	NM_000532.5(PCCB):c.1127G>C (p.Arg376Pro)	5096	PCCB	HGNC:8654	Likely pathogenic	1	Mar 15, 2024	-1	-	RCV006649724
2418776	single nucleotide variant	NM_015702.3(MMADHC):c.9+1G>A	27249	MMADHC	HGNC:25221	Likely pathogenic	1	Oct 13, 2023	1475458864	-	RCV003155743|RCV003475537
1022822	single nucleotide variant	NM_201253.3(CRB1):c.1522T>C (p.Cys508Arg)	23418	CRB1	HGNC:2343	Pathogenic	1	Jul 19, 2022	1664303657	-	RCV001343048
1165493	single nucleotide variant	NM_206933.4(USH2A):c.5447T>A (p.Val1816Glu)	7399	USH2A	HGNC:12601	Likely pathogenic	1	Apr 01, 2026	777011507	-	RCV001531658
788814	single nucleotide variant	NM_000474.4(TWIST1):c.362C>T (p.Thr121Ile)	7291	TWIST1	HGNC:12428	Pathogenic	1	Jun 02, 2025	1585617108	-	RCV000985114|RCV002550586
4927078	single nucleotide variant	NM_138694.4(PKHD1):c.3944T>G (p.Leu1315Arg)	5314	PKHD1	HGNC:9016	Likely pathogenic	1	Jan 27, 2026	-1	-	RCV006640216
3891603	single nucleotide variant	NM_001173464.2(KIF21A):c.2861G>T (p.Arg954Leu)	55605	KIF21A	HGNC:19349	Likely pathogenic	1	Feb 24, 2024	-1	-	RCV005252445
202282	single nucleotide variant	NM_001032221.6(STXBP1):c.224A>G (p.Tyr75Cys)	6812	STXBP1	HGNC:11444	Likely pathogenic	1	Nov 09, 2024	796053352	-	RCV001265425|RCV006555645
2227078	single nucleotide variant	NM_001605.3(AARS1):c.966T>G (p.Tyr322Ter)	16	AARS1	HGNC:20	Pathogenic/Likely pathogenic	1	Oct 28, 2023	145859060	-	RCV002707900|RCV003777670|RCV005363055
3529524	single nucleotide variant	NM_001127898.4(CLCN5):c.2108G>A (p.Gly703Asp)	1184	CLCN5	HGNC:2023	Likely pathogenic	1	Sep 13, 2024	-1	-	RCV004776365
25548	single nucleotide variant	NM_000513.2(OPN1MW):c.989G>A (p.Arg330Gln)	2652	OPN1MW	HGNC:4206	Pathogenic	1	Jun 07, 2002	104894916	-	RCV000011255
3149553	single nucleotide variant	NM_025099.6(CTC1):c.802C>T (p.Gln268Ter)	80169	CTC1	HGNC:26169	Pathogenic	1	Sep 04, 2023	2507933267	-	RCV003843279
3105703	single nucleotide variant	NM_001267550.2(TTN):c.68225-1G>A	7273	TTN	HGNC:12403	Likely pathogenic	1	Apr 28, 2023	1575854773	-	RCV003801420
4404410	single nucleotide variant	NM_002890.3(RASA1):c.1278T>G (p.Tyr426Ter)	5921	RASA1	HGNC:9871	Likely pathogenic	1	Jun 13, 2024	-1	-	RCV005882185
3735476	single nucleotide variant	NM_001105247.2(ARMC5):c.943C>T (p.Arg315Trp)	79798	ARMC5	HGNC:25781	Likely pathogenic	1	Dec 06, 2024	-1	-	RCV005055468
52337	single nucleotide variant	NM_000260.4(MYO7A):c.1963C>T (p.Gln655Ter)	4647	MYO7A	HGNC:7606	Pathogenic	1	Aug 04, 2023	397516291	-	RCV000036071|RCV001049833
1163798	single nucleotide variant	NM_170741.4(KCNJ16):c.395T>G (p.Ile132Arg)	3773	KCNJ16	HGNC:6262	Pathogenic	1	Jun 29, 2021	1202942323	-	RCV001528163
1352057	single nucleotide variant	NM_000170.3(GLDC):c.2885G>A (p.Arg962Gln)	2731	GLDC	HGNC:4313	Likely pathogenic	1	Jul 15, 2025	1452327155	-	RCV002013532|RCV006691227
2841683	single nucleotide variant	NM_000535.7(PMS2):c.164-1G>T	5395	PMS2	HGNC:9122	Likely pathogenic	1	Sep 18, 2023	763308607	-	RCV003452389
3146474	single nucleotide variant	NM_058179.4(PSAT1):c.76C>T (p.Gln26Ter)	29968	PSAT1	HGNC:19129	Pathogenic	1	Oct 09, 2023	2489629497	-	RCV003843829
210651	single nucleotide variant	NM_000143.4(FH):c.1394A>G (p.Tyr465Cys)	2271	FH	HGNC:3700	Pathogenic/Likely pathogenic	1	Sep 25, 2025	863224010	-	RCV000197211|RCV000445635|RCV002390521
682806	single nucleotide variant	NM_080680.3(COL11A2):c.4465G>A (p.Gly1489Ser)	1302	COL11A2	HGNC:2187	Pathogenic/Likely pathogenic	1	Mar 28, 2018	1583287711	-	RCV000856785|RCV006978676
3122428	single nucleotide variant	NM_001080414.4(CCDC88C):c.5101C>T (p.Arg1701Ter)	440193	CCDC88C	HGNC:19967	Pathogenic/Likely pathogenic	1	Jun 17, 2024	1475150514	-	RCV003819017|RCV005013204
935533	single nucleotide variant	NM_207122.2(EXT2):c.321T>A (p.Tyr107Ter)	2132	EXT2	HGNC:3513	Pathogenic	1	Jan 18, 2024	767802942	-	RCV001209788|RCV004720791
67629	single nucleotide variant	NM_000218.3(KCNQ1):c.1121T>A (p.Leu374His)	3784	KCNQ1	HGNC:6294	Pathogenic/Likely pathogenic	1	Aug 16, 2026	199472767	-	RCV000045965|RCV000057558|RCV000618916|RCV000721103|RCV001841624
58982	single nucleotide variant	NM_000548.5(TSC2):c.4779C>G (p.Tyr1593Ter)	7249	TSC2	HGNC:12363	Pathogenic	1	Nov 01, 2023	45517368	-	RCV000043086|RCV004537176
1862754	single nucleotide variant	NM_031407.7(HUWE1):c.6311A>G (p.Glu2104Gly)	10075	HUWE1	HGNC:30892	Likely pathogenic	1	May 21, 2020	2494286656	-	RCV002472161
609989	single nucleotide variant	NM_001009944.3(PKD1):c.6736C>T (p.Gln2246Ter)	5310	PKD1	HGNC:9008	Pathogenic	1	May 07, 2026	1567191534	-	RCV000756531|RCV001029873|RCV003413545
15358	single nucleotide variant	NM_012338.4(TSPAN12):c.709G>C (p.Ala237Pro)	23554	TSPAN12	HGNC:21641	Pathogenic	1	Feb 12, 2010	267607154	-	RCV000000347
3000847	single nucleotide variant	NM_005529.7(HSPG2):c.6748G>T (p.Glu2250Ter)	3339	HSPG2	HGNC:5273	Pathogenic	1	Mar 02, 2023	1572227825	-	RCV003721416
962699	single nucleotide variant	NM_152618.3(BBS12):c.1616G>A (p.Gly539Asp)	166379	BBS12	HGNC:26648	Pathogenic/Likely pathogenic	1	May 01, 2024	755314355	-	RCV001281168|RCV003523090
539654	single nucleotide variant	NM_000138.5(FBN1):c.5503T>A (p.Cys1835Ser)	2200	FBN1	HGNC:3603	Pathogenic	1	May 03, 2018	1555396198	-	RCV000663790|RCV000690179
1054944	single nucleotide variant	NM_001165963.4(SCN1A):c.4481G>A (p.Gly1494Glu)	6323	SCN1A	HGNC:10585	Pathogenic	1	Jan 15, 2026	2105462778	-	RCV006466808
3870561	single nucleotide variant	NM_003001.5(SDHC):c.20+2T>A	6391	SDHC	HGNC:10682	Likely pathogenic	1	Dec 07, 2024	-1	-	RCV005228762
38842	single nucleotide variant	NM_001040142.2(SCN2A):c.4419A>G (p.Ile1473Met)	6326	SCN2A	HGNC:10588	Pathogenic	1	Sep 29, 2009	387906685	-	RCV000022768|RCV002319426
682824	single nucleotide variant	NM_003482.4(KMT2D):c.5278A>T (p.Lys1760Ter)	8085	KMT2D	HGNC:7133	Pathogenic	1	-	1592142093	-	RCV000856790
4643070	single nucleotide variant	NM_032271.3(TRAF7):c.1306G>A (p.Glu436Lys)	84231	TRAF7	HGNC:20456	Likely pathogenic	1	Oct 23, 2025	-1	-	RCV006257811
1372610	single nucleotide variant	NM_003919.3(SGCE):c.1065-2A>G	8910	SGCE	HGNC:10808	Likely pathogenic	1	Aug 15, 2024	368043832	-	RCV002033823
2114974	single nucleotide variant	NM_004183.4(BEST1):c.575C>A (p.Ser192Ter)	7439	BEST1	HGNC:12703	Pathogenic/Likely pathogenic	1	Aug 10, 2023	2541372475	-	RCV002922007|RCV006825615
1499612	single nucleotide variant	NM_000097.7(CPOX):c.1063C>T (p.Gln355Ter)	1371	CPOX	HGNC:2321	Pathogenic	1	May 13, 2021	2107120273	-	RCV001873909
3060293	single nucleotide variant	NM_001004127.3(ALG11):c.27C>A (p.Cys9Ter)	440138	ALG11	HGNC:32456	Pathogenic	1	Dec 02, 2024	748982784	-	RCV003634014
2894868	single nucleotide variant	NM_002225.5(IVD):c.359G>A (p.Gly120Glu)	3712	IVD	HGNC:6186	Likely pathogenic	1	Oct 22, 2023	1890974853	-	RCV003501725
1409717	single nucleotide variant	NM_000138.5(FBN1):c.7454-1G>T	2200	FBN1	HGNC:3603	Pathogenic	1	Oct 19, 2022	2141222615	-	RCV001911246|RCV003223735
3050869	single nucleotide variant	NM_000540.3(RYR1):c.10381C>T (p.Gln3461Ter)	6261	RYR1	HGNC:10483	Pathogenic	1	Dec 30, 2023	1971304148	-	RCV003758079
2021202	single nucleotide variant	NM_006623.4(PHGDH):c.398G>A (p.Trp133Ter)	26227	PHGDH	HGNC:8923	Pathogenic	1	Aug 04, 2022	2464112148	-	RCV002721411
358307	single nucleotide variant	NM_000520.6(HEXA):c.709C>T (p.Gln237Ter)	3073	HEXA	HGNC:4878	Pathogenic/Likely pathogenic	1	Apr 28, 2025	150675340	-	RCV000411560|RCV003401387
3396461	single nucleotide variant	NM_052867.4(NALCN):c.951T>G (p.Phe317Leu)	259232	NALCN	HGNC:19082	Likely pathogenic	1	Jun 03, 2024	2503301904	-	RCV004560339
2100483	single nucleotide variant	NM_004268.5(MED17):c.1549C>T (p.Gln517Ter)	9440	MED17	HGNC:2375	Pathogenic	1	Oct 10, 2022	2497551789	-	RCV002872460
610353	single nucleotide variant	NM_000492.4(CFTR):c.3367+2T>A	1080	CFTR	HGNC:1884	Pathogenic	1	Nov 05, 2018	397508544	-	RCV000757815
1003044	single nucleotide variant	NM_000350.3(ABCA4):c.4217A>G (p.His1406Arg)	24	ABCA4	HGNC:34	Pathogenic/Likely pathogenic	1	Feb 05, 2025	1660186858	-	RCV001324844|RCV005235564|RCV006773882
2921228	single nucleotide variant	NM_001164508.2(NEB):c.1173T>A (p.Tyr391Ter)	4703	NEB	HGNC:7720	Pathogenic	1	Aug 25, 2023	766385695	-	RCV003515208
51542	single nucleotide variant	NM_000138.5(FBN1):c.4937G>A (p.Cys1646Tyr)	2200	FBN1	HGNC:3603	Pathogenic/Likely pathogenic	1	Aug 03, 2025	397515814	-	RCV000035213|RCV000483918|RCV006555359|RCV006849152
4882212	single nucleotide variant	NM_002529.4(NTRK1):c.2143G>T (p.Val715Leu)	4914	NTRK1	HGNC:8031	Pathogenic	1	Dec 08, 2025	-1	-	RCV006581123
3542791	single nucleotide variant	NM_000252.3(MTM1):c.1338G>A (p.Trp446Ter)	4534	MTM1	HGNC:7448	Pathogenic	1	May 30, 2024	-1	-	RCV004798375
3223884	single nucleotide variant	NM_006009.4(TUBA1A):c.1225G>T (p.Val409Phe)	7846	TUBA1A	HGNC:20766	Pathogenic	1	Feb 12, 2024	1565626928	-	RCV003988262
1858872	single nucleotide variant	NM_000179.3(MSH6):c.2263G>T (p.Glu755Ter)	2956	MSH6	HGNC:7329	Pathogenic	1	Jul 01, 2021	1669440921	-	RCV003164716
105067	single nucleotide variant	NM_000350.3(ABCA4):c.2948C>T (p.Thr983Ile)	24	ABCA4	HGNC:34	Pathogenic/Likely pathogenic	1	Jul 01, 2023	61752411	-	RCV000085527|RCV001075282|RCV006766841
3896016	single nucleotide variant	NM_001267727.2(ARSG):c.821G>A (p.Trp274Ter)	22901	ARSG	HGNC:24102	Likely pathogenic	1	Jan 12, 2023	-1	-	RCV005362274
1289917	single nucleotide variant	NM_002016.2(FLG):c.1378G>T (p.Glu460Ter)	2312	FLG	HGNC:3748	Pathogenic	1	-	199756380	-	RCV001730293
3727949	single nucleotide variant	NM_000297.4(PKD2):c.761C>A (p.Ser254Ter)	5311	PKD2	HGNC:9009	Pathogenic	1	Dec 28, 2023	-1	-	RCV005033030
4331999	single nucleotide variant	NM_007294.4(BRCA1):c.4675G>T (p.Glu1559Ter)	672	BRCA1	HGNC:1100	Pathogenic	1	Jul 28, 2025	-1	-	RCV005786593
107041	single nucleotide variant	NM_000090.4(COL3A1):c.746G>T (p.Gly249Val)	1281	COL3A1	HGNC:2201	Pathogenic	1	Mar 18, 2022	121912927	-	RCV000087533
391048	single nucleotide variant	NM_003036.4(SKI):c.59C>T (p.Thr20Met)	6497	SKI	HGNC:10896	Pathogenic	1	Jan 14, 2022	1060502671	-	RCV000457554
2171855	single nucleotide variant	NM_001151.4(SLC25A4):c.253C>T (p.Gln85Ter)	291	SLC25A4	HGNC:10990	Pathogenic	1	Apr 25, 2025	1163573848	-	RCV003029804
259759	single nucleotide variant	NM_000404.4(GLB1):c.464T>G (p.Leu155Arg)	2720	GLB1	HGNC:4298	Pathogenic	1	Jan 21, 2026	376710410	-	RCV000256106|RCV000665871|RCV000809706|RCV000984003|RCV001175291
3896944	single nucleotide variant	NM_001083962.2(TCF4):c.1880-1G>A	6925	TCF4	HGNC:11634	Pathogenic	1	Oct 16, 2024	-1	-	RCV005367918
2904781	single nucleotide variant	NM_006502.3(POLH):c.764+1G>C	5429	POLH	HGNC:9181	Pathogenic	1	Apr 17, 2024	772570523	-	RCV003555257
1781352	single nucleotide variant	NM_000095.3(COMP):c.1545C>A (p.Asp515Glu)	1311	COMP	HGNC:2227	Likely pathogenic	1	May 14, 2022	2055161717	-	RCV002306428
4406342	single nucleotide variant	NM_020435.4(GJC2):c.613C>T (p.Gln205Ter)	57165	GJC2	HGNC:17494	Likely pathogenic	1	Sep 22, 2025	-1	-	RCV005881150
2852114	single nucleotide variant	NM_001267550.2(TTN):c.53002+2T>G	7273	TTN	HGNC:12403	Likely pathogenic	1	Mar 13, 2026	1245385099	-	RCV003487143|RCV006664065
32019	single nucleotide variant	NM_021954.4(GJA3):c.560C>T (p.Pro187Leu)	2700	GJA3	HGNC:4277	Likely pathogenic	1	Jan 21, 2023	121917825	-	RCV000018501
4177602	single nucleotide variant	NM_000277.3(PAH):c.851G>A (p.Cys284Tyr)	5053	PAH	HGNC:8582	Likely pathogenic	1	Mar 11, 2025	-1	-	RCV005609532
245358	single nucleotide variant	NM_000527.5(LDLR):c.68-2A>G	3949	LDLR	HGNC:6547	Pathogenic/Likely pathogenic	1	Jan 17, 2025	879254396	-	RCV000237701|RCV005090199
3772284	single nucleotide variant	NM_003906.5(MCM3AP):c.2050G>T (p.Glu684Ter)	8888	MCM3AP	HGNC:6946	Pathogenic	1	Feb 14, 2024	-1	-	RCV005120603
4056972	single nucleotide variant	NM_000264.5(PTCH1):c.3543T>A (p.Tyr1181Ter)	5727	PTCH1	HGNC:9585	Pathogenic	1	Apr 11, 2025	-1	-	RCV005470072
103017	single nucleotide variant	NM_000531.6(OTC):c.167T>C (p.Met56Thr)	5009	OTC	HGNC:8512	Likely pathogenic	1	Feb 02, 2017	72554320	-	RCV000083354|RCV000507068
2739033	single nucleotide variant	NM_017849.4(TMEM127):c.185C>A (p.Ser62Ter)	55654	TMEM127	HGNC:26038	Likely pathogenic	1	Jul 21, 2023	1248364576	-	RCV003485906
454981	single nucleotide variant	NM_001182.5(ALDH7A1):c.192+3A>T	501	ALDH7A1	HGNC:877	Pathogenic/Likely pathogenic	1	Sep 10, 2025	773814169	-	RCV000534592|RCV005841598
4966910	single nucleotide variant	NM_000186.4(CFH):c.3531T>A (p.Tyr1177Ter)	3075	CFH	HGNC:4883	Likely pathogenic	1	Sep 01, 2025	-1	-	RCV006707257
4710709	single nucleotide variant	NM_015215.4(CAMTA1):c.940G>T (p.Glu314Ter)	23261	CAMTA1	HGNC:18806	Pathogenic	1	Oct 22, 2025	-1	-	RCV006358745
27062	single nucleotide variant	NM_000282.4(PCCA):c.862A>T (p.Arg288Ter)	5095	PCCA	HGNC:8653	Pathogenic	1	Jan 01, 1999	121964957	-	RCV000012803
2842103	single nucleotide variant	NM_013296.5(GPSM2):c.681+1G>A	29899	GPSM2	HGNC:29501	Likely pathogenic	1	Dec 13, 2021	774168389	-	RCV003456354
421006	single nucleotide variant	NM_000143.4(FH):c.1052C>G (p.Ser351Ter)	2271	FH	HGNC:3700	Pathogenic	1	Aug 01, 2025	1060500896	-	RCV001782982|RCV000494465
76801	single nucleotide variant	NM_004700.4(KCNQ4):c.725G>A (p.Trp242Ter)	9132	KCNQ4	HGNC:6298	Pathogenic	1	Jun 20, 2013	1648206560	-	RCV000056138
3225008	single nucleotide variant	NM_000181.4(GUSB):c.189G>C (p.Trp63Cys)	2990	GUSB	HGNC:4696	Likely pathogenic	1	Mar 25, 2024	1198438958	-	RCV003989964
25634	single nucleotide variant	NM_000133.4(F9):c.709C>T (p.Gln237Ter)	2158	F9	HGNC:3551	Pathogenic	1	Sep 11, 2013	137852244	-	RCV000011341
38559	single nucleotide variant	NM_006721.4(ADK):c.89G>A (p.Gly30Glu)	132	ADK	HGNC:257	Pathogenic	1	Oct 07, 2011	397514454	-	RCV000022445
4925356	single nucleotide variant	NM_001104631.2(PDE4D):c.947T>A (p.Leu316His)	5144	PDE4D	HGNC:8783	Likely pathogenic	1	Nov 26, 2024	-1	-	RCV006636496
4721899	single nucleotide variant	NM_006885.4(ZFHX3):c.5689G>T (p.Glu1897Ter)	463	ZFHX3	HGNC:777	Pathogenic	1	Nov 05, 2025	-1	-	RCV006332103
4995927	single nucleotide variant	NM_002161.6(IARS1):c.1700+1G>T	3376	IARS1	HGNC:5330	Likely pathogenic	1	Jan 14, 2025	-1	-	RCV006751796
415697	single nucleotide variant	NM_172107.4(KCNQ2):c.544G>A (p.Val182Met)	3785	KCNQ2	HGNC:6296	Likely pathogenic	1	Oct 29, 2023	1085307920	-	RCV000489646|RCV004796195|RCV006463056
5074507	single nucleotide variant	NM_001904.4(CTNNB1):c.1903G>T (p.Gly635Ter)	1499	CTNNB1	HGNC:2514	Likely pathogenic	1	Nov 17, 2021	-1	-	RCV006948001
97522	single nucleotide variant	NM_001365902.3(NFIX):c.716C>G (p.Ser239Ter)	4784	NFIX	HGNC:7788	Pathogenic	1	-	587779381	-	RCV000077780
223819	single nucleotide variant	NM_000169.3(GLA):c.1118G>A (p.Gly373Asp)	2717	GLA	HGNC:4296	Pathogenic	1	Sep 08, 2026	869312227	-	RCV000236260|RCV001193638
1060133	single nucleotide variant	NM_000038.6(APC):c.2507C>A (p.Ser836Ter)	324	APC	HGNC:583	Pathogenic	1	May 04, 2023	1580623270	-	RCV002432072|RCV004563883
3497008	single nucleotide variant	NM_001267550.2(TTN):c.54342G>A (p.Trp18114Ter)	7273	TTN	HGNC:12403	Likely pathogenic	1	Jun 02, 2024	-1	-	RCV005216304|RCV004775610
2668238	single nucleotide variant	NM_022124.6(CDH23):c.1570G>A (p.Glu524Lys)	64072	CDH23	HGNC:13733	Likely pathogenic	1	Dec 31, 2022	775202656	-	RCV003389515
4404320	single nucleotide variant	NM_001032221.6(STXBP1):c.125C>G (p.Ser42Cys)	6812	STXBP1	HGNC:11444	Likely pathogenic	1	Dec 24, 2024	-1	-	RCV005880607
1013771	single nucleotide variant	NM_006494.4(ERF):c.110T>C (p.Leu37Pro)	2077	ERF	HGNC:3444	Likely pathogenic	1	Aug 26, 2021	2036426238	-	RCV001317285
851324	single nucleotide variant	NM_001014.5(RPS10):c.401-2A>G	6204	RPS10	HGNC:10383	Likely pathogenic	1	May 20, 2019	1765648528	-	RCV001035752
3880238	single nucleotide variant	NM_152440.5(KICS2):c.1178A>G (p.Tyr393Cys)	144577	KICS2	HGNC:26517	Pathogenic	1	Feb 19, 2025	-1	-	RCV005208537
1925457	single nucleotide variant	NM_000090.4(COL3A1):c.2104G>A (p.Gly702Ser)	1281	COL3A1	HGNC:2201	Pathogenic	1	Apr 02, 2025	2153503006	-	RCV002651576
2785150	single nucleotide variant	NM_001111125.3(IQSEC2):c.3227T>C (p.Leu1076Pro)	23096	IQSEC2	HGNC:29059	Likely pathogenic	1	Sep 05, 2023	2519705025	-	RCV003384675
2738591	single nucleotide variant	NM_024665.7(TBL1XR1):c.1192A>T (p.Lys398Ter)	79718	TBL1XR1	HGNC:29529	Likely pathogenic	1	Jul 25, 2023	2108414274	-	RCV003317985
2886534	single nucleotide variant	NM_000081.4(LYST):c.7461-1G>A	1130	LYST	HGNC:1968	Likely pathogenic	1	Jun 25, 2023	2527723147	-	RCV003524968
200428	single nucleotide variant	NM_000030.3(AGXT):c.74T>G (p.Leu25Arg)	189	AGXT	HGNC:341	Pathogenic	1	Nov 27, 2014	180177262	-	RCV000186276
4016498	single nucleotide variant	NM_001348800.3(ZBTB20):c.1805-1G>A	26137	ZBTB20	HGNC:13503	Pathogenic	1	Apr 23, 2025	-1	-	RCV005415365
49717	single nucleotide variant	NM_025137.4(SPG11):c.2608A>G (p.Ile870Val)	80208	SPG11	HGNC:11226	Pathogenic	1	Oct 28, 2024	312262745	-	RCV000034194|RCV004799754
31854	single nucleotide variant	NM_001943.5(DSG2):c.797A>G (p.Asn266Ser)	1829	DSG2	HGNC:3049	Likely pathogenic	1	Dec 23, 2025	121913011	-	RCV000018308|RCV006250240|RCV006659144
2073221	single nucleotide variant	NM_001164508.2(NEB):c.6183+1G>T	4703	NEB	HGNC:7720	Likely pathogenic	1	Jun 17, 2022	557870969	-	RCV002842399
432708	single nucleotide variant	NM_000277.3(PAH):c.978G>A (p.Trp326Ter)	5053	PAH	HGNC:8582	Pathogenic	1	Oct 21, 2016	1555203761	-	RCV000506068
548120	single nucleotide variant	NM_000303.3(PMM2):c.618C>A (p.Phe206Leu)	5373	PMM2	HGNC:9115	Pathogenic	1	Jul 10, 2023	1460691341	-	RCV000672270
934038	single nucleotide variant	NM_000089.4(COL1A2):c.2063G>A (p.Gly688Glu)	1278	COL1A2	HGNC:2198	Likely pathogenic	1	Dec 03, 2025	1792108068	-	RCV002240948
922257	single nucleotide variant	NM_001164508.2(NEB):c.25259C>A (p.Ser8420Ter)	4703	NEB	HGNC:7720	Pathogenic	1	Jan 23, 2021	949111967	-	RCV001222360
2523781	single nucleotide variant	NM_022893.4(BCL11A):c.1504G>T (p.Glu502Ter)	53335	BCL11A	HGNC:13221	Likely pathogenic	1	May 02, 2023	2466230694	-	RCV003226071
513827	single nucleotide variant	NM_001042750.2(STAG2):c.476A>G (p.Tyr159Cys)	10735	STAG2	HGNC:11355	Likely pathogenic	1	Mar 08, 2018	1569511477	-	RCV000680247|RCV000761369
815408	single nucleotide variant	NM_000136.3(FANCC):c.522-1G>C	2176	FANCC	HGNC:3584	Likely pathogenic	1	Dec 12, 2025	1014112491	-	RCV001023758|RCV001068005|RCV002479219|RCV003311932
4960617	single nucleotide variant	NM_001199397.3(NEK1):c.3714+1G>T	4750	NEK1	HGNC:7744	Likely pathogenic	1	-	-1	-	RCV006694137
561094	single nucleotide variant	NM_003042.4(SLC6A1):c.471+1G>T	6529	SLC6A1	HGNC:11042	Likely pathogenic	1	Jun 24, 2018	1559623389	-	RCV005056430
2839098	single nucleotide variant	NM_000022.4(ADA):c.845G>T (p.Arg282Leu)	100	ADA	HGNC:186	Likely pathogenic	1	Apr 08, 2024	751635016	-	RCV003475674|RCV004587504
2092170	single nucleotide variant	NM_004646.4(NPHS1):c.1559C>A (p.Ser520Ter)	4868	NPHS1	HGNC:7908	Pathogenic	1	Dec 15, 2021	2513774314	-	RCV002908594
1935208	single nucleotide variant	NM_001080.3(ALDH5A1):c.431C>A (p.Ala144Asp)	7915	ALDH5A1	HGNC:408	Likely pathogenic	1	Mar 08, 2021	1489666051	-	RCV002510496
3546901	single nucleotide variant	NM_030632.3(ASXL3):c.956G>A (p.Trp319Ter)	80816	ASXL3	HGNC:29357	Likely pathogenic	1	Dec 13, 2024	-1	-	RCV004808519
236511	single nucleotide variant	NM_000546.6(TP53):c.158G>A (p.Trp53Ter)	7157	TP53	HGNC:11998	Pathogenic	1	Jun 11, 2025	876658483	-	RCV000222677|RCV000693351|RCV000785314|RCV002288852|RCV003475007
573617	single nucleotide variant	NM_000252.3(MTM1):c.1204G>A (p.Gly402Arg)	4534	MTM1	HGNC:7448	Likely pathogenic	1	Aug 23, 2022	1569565525	-	RCV000700810|RCV005901718
26114	single nucleotide variant	NM_000533.5(PLP1):c.44C>T (p.Pro15Leu)	5354	PLP1	HGNC:9086	Pathogenic/Likely pathogenic	1	Mar 16, 2026	11543022	-	RCV000011824|RCV001851798|RCV005222680
1061175	single nucleotide variant	NM_014251.3(SLC25A13):c.1063C>G (p.Arg355Gly)	10165	SLC25A13	HGNC:10983	Pathogenic	1	Oct 11, 2024	758827458	-	RCV001388981|RCV003469750|RCV006637002
453761	single nucleotide variant	NM_153717.3(EVC):c.617G>A (p.Ser206Asn)	2121	EVC	HGNC:3497	Pathogenic/Likely pathogenic	1	Feb 25, 2025	1017946059	-	RCV000548054|RCV000673804|RCV006960016
3225573	single nucleotide variant	NM_016615.5(SLC6A13):c.563+1G>A	6540	SLC6A13	HGNC:11046	Likely pathogenic	1	Mar 26, 2024	2497991209	-	RCV003990630
79636	single nucleotide variant	NM_000391.4(TPP1):c.229G>A (p.Gly77Arg)	1200	TPP1	HGNC:2073	Pathogenic	1	Jan 09, 2026	121908195	-	RCV000059626|RCV001731479|RCV001854253
2831590	single nucleotide variant	NM_000030.3(AGXT):c.292G>C (p.Asp98His)	189	AGXT	HGNC:341	Likely pathogenic	1	Oct 27, 2023	2528740306	-	RCV003445266
2183265	single nucleotide variant	NM_198904.4(GABRG2):c.715C>T (p.Gln239Ter)	2566	GABRG2	HGNC:4087	Pathogenic	1	Mar 26, 2022	2532592628	-	RCV003027838
4961617	single nucleotide variant	NM_000541.5(SAG):c.1102+2T>C	6295	SAG	HGNC:10521	Likely pathogenic	1	Aug 07, 2025	-1	-	RCV006696631
3522180	single nucleotide variant	NM_001267550.2(TTN):c.79221G>A (p.Trp26407Ter)	7273	TTN	HGNC:12403	Likely pathogenic	1	Jan 06, 2024	-1	-	RCV004765172
1695426	single nucleotide variant	NM_001615.4(ACTG2):c.116C>G (p.Pro39Arg)	72	ACTG2	HGNC:145	Likely pathogenic	1	Aug 29, 2022	1573461481	-	RCV002280001
107180	single nucleotide variant	NM_000090.4(COL3A1):c.636+1G>A	1281	COL3A1	HGNC:2201	Pathogenic	1	-	587779676	-	RCV000087671
548061	single nucleotide variant	NM_000070.3(CAPN3):c.801+1G>A	825	CAPN3	HGNC:1480	Pathogenic	1	Mar 17, 2024	1459288402	-	RCV000668182|RCV001509478|RCV003459593
4961671	single nucleotide variant	NM_020879.3(CCDC146):c.916C>T (p.Arg306Ter)	57639	CCDC146	HGNC:29296	Likely pathogenic	1	Aug 01, 2025	-1	-	RCV006696686
104764	single nucleotide variant	NM_000329.3(RPE65):c.544C>A (p.His182Asn)	6121	RPE65	HGNC:10294	Likely pathogenic	1	Mar 25, 2023	61752884	-	RCV000085204|RCV001250687
1063606	single nucleotide variant	NM_024675.4(PALB2):c.691A>T (p.Lys231Ter)	79728	PALB2	HGNC:26144	Pathogenic	1	Dec 07, 2022	2142437289	-	RCV001388611
369607	single nucleotide variant	NM_002653.5(PITX1):c.170-2A>G	5307	PITX1	HGNC:9004	Likely pathogenic	1	Nov 09, 2016	1057523765	-	RCV000437266
3877699	single nucleotide variant	NM_015631.6(TCTN3):c.737-1G>T	26123	TCTN3	HGNC:24519	Likely pathogenic	1	Mar 16, 2024	-1	-	RCV005227050
2738110	single nucleotide variant	NM_031263.4(HNRNPK):c.1361+1G>A	3190	HNRNPK	HGNC:5044	Pathogenic	1	Nov 04, 2025	2491951548	-	RCV003315468
3809406	single nucleotide variant	NM_015335.5(MED13L):c.6584A>G (p.His2195Arg)	23389	MED13L	HGNC:22962	Pathogenic	1	Feb 17, 2025	-1	-	RCV005162130
358233	single nucleotide variant	NM_000053.4(ATP7B):c.1708-2A>G	540	ATP7B	HGNC:870	Pathogenic	1	Jan 27, 2025	1057517024	-	RCV000409239
469958	single nucleotide variant	NM_003073.5(SMARCB1):c.184A>T (p.Lys62Ter)	6598	SMARCB1	HGNC:11103	Pathogenic	1	Feb 27, 2017	1555875917	-	RCV000532865
4394121	single nucleotide variant	NM_001370658.1(BTD):c.500C>T (p.Pro167Leu)	686	BTD	HGNC:1122	Likely pathogenic	1	Nov 01, 2025	-1	-	RCV005866627
3528655	single nucleotide variant	NM_006306.4(SMC1A):c.2776C>T (p.Arg926Cys)	8243	SMC1A	HGNC:11111	Likely pathogenic	1	Feb 20, 2024	-1	-	RCV004772488
3772647	single nucleotide variant	NM_000088.4(COL1A1):c.628G>T (p.Glu210Ter)	1277	COL1A1	HGNC:2197	Pathogenic	1	Apr 10, 2024	-1	-	RCV005115797
1161848	single nucleotide variant	NM_000430.4(PAFAH1B1):c.282G>A (p.Trp94Ter)	5048	PAFAH1B1	HGNC:8574	Likely pathogenic	1	-	2151660977	-	RCV001526557
3726805	single nucleotide variant	NM_015631.6(TCTN3):c.888+2T>C	26123	TCTN3	HGNC:24519	Likely pathogenic	1	Mar 28, 2024	-1	-	RCV005044117
3782306	single nucleotide variant	NM_000359.3(TGM1):c.1298+1G>C	7051	TGM1	HGNC:11777	Pathogenic	1	Jul 03, 2024	-1	-	RCV005126531
2860957	single nucleotide variant	NM_005901.6(SMAD2):c.655+1G>C	4087	SMAD2	HGNC:6768	Likely pathogenic	1	Oct 07, 2025	2144372568	-	RCV003542830
2668680	single nucleotide variant	NM_003283.6(TNNT1):c.334G>T (p.Glu112Ter)	7138	TNNT1	HGNC:11948	Pathogenic	1	May 31, 2023	1166914763	-	RCV003230311
474138	single nucleotide variant	NM_005732.4(RAD50):c.552-1G>A	10111	RAD50	HGNC:9816	Pathogenic/Likely pathogenic	1	Aug 18, 2025	1236278956	-	RCV000570029|RCV001783075|RCV002271531
3155698	single nucleotide variant	NM_000059.4(BRCA2):c.2260C>T (p.Gln754Ter)	675	BRCA2	HGNC:1101	Pathogenic	1	Nov 17, 2025	80358496	-	RCV003855740|RCV005522922
1332719	single nucleotide variant	NM_001015048.3(BAG5):c.1168C>T (p.Arg390Ter)	9529	BAG5	HGNC:941	Likely pathogenic	1	Jul 17, 2025	182208325	-	RCV001836658
15582	single nucleotide variant	NM_001145308.5(LRTOMT):c.242G>A (p.Arg81Gln)	220074	LRTOMT	HGNC:25033	Pathogenic/Likely pathogenic	1	Apr 30, 2026	137853185	-	RCV000000573|RCV000603810|RCV006697954|RCV006805645
1439014	single nucleotide variant	NM_006736.6(DNAJB2):c.204T>G (p.Tyr68Ter)	3300	DNAJB2	HGNC:5228	Pathogenic	1	Dec 04, 2020	2125082259	-	RCV001999715
4995253	single nucleotide variant	NM_005499.3(UBA2):c.1393C>T (p.Gln465Ter)	10054	UBA2	HGNC:30661	Likely pathogenic	1	Jun 05, 2025	-1	-	RCV006748493
818219	single nucleotide variant	NM_001298.3(CNGA3):c.589T>C (p.Ser197Pro)	1261	CNGA3	HGNC:2150	Likely pathogenic	1	Apr 16, 2019	1330263985	-	RCV001029776
576349	single nucleotide variant	NM_001374828.1(ARID1B):c.4509C>G (p.Tyr1503Ter)	57492	ARID1B	HGNC:18040	Pathogenic	1	Sep 08, 2016	377021700	-	RCV000710059
1369996	single nucleotide variant	NM_001174089.2(SLC4A11):c.582C>A (p.Tyr194Ter)	83959	SLC4A11	HGNC:16438	Pathogenic	1	Jul 26, 2021	763387034	-	RCV001930647
678018	single nucleotide variant	NM_019109.5(ALG1):c.1145T>A (p.Met382Lys)	56052	ALG1	HGNC:18294	Likely pathogenic	1	May 25, 2017	1596261268	-	RCV000851251
15592	single nucleotide variant	NM_000140.5(FECH):c.1137+3A>G	2235	FECH	HGNC:3647	Pathogenic/Likely pathogenic	1	Dec 17, 2024	202147607	-	RCV000000583|RCV001851512
1274836	single nucleotide variant	NM_000091.5(COL4A3):c.2881G>C (p.Gly961Arg)	1285	COL4A3	HGNC:2204	Likely pathogenic	1	-	1285576172	-	RCV001702999
1708603	single nucleotide variant	NM_001190274.2(FBXO11):c.2732C>A (p.Thr911Lys)	80204	FBXO11	HGNC:13590	Likely pathogenic	1	Feb 01, 2022	2530936585	-	RCV002291136
15595	single nucleotide variant	NM_000140.5(FECH):c.314+6A>C	2235	FECH	HGNC:3647	Pathogenic	1	Jul 01, 1998	786205246	-	RCV000000586
969275	single nucleotide variant	NM_024757.5(EHMT1):c.2018+1G>C	79813	EHMT1	HGNC:24650	Pathogenic	1	Feb 01, 2018	1950997931	-	RCV001263214
3188023	single nucleotide variant	NM_001242957.3(MAK):c.1223A>T (p.Glu408Val)	4117	MAK	HGNC:6816	Likely pathogenic	1	Oct 01, 2023	2532398657	-	RCV003890969
2743339	single nucleotide variant	NM_001323289.2(CDKL5):c.401G>C (p.Arg134Pro)	6792	CDKL5	HGNC:11411	Pathogenic	1	-	2518849359	-	RCV003326181
3850234	single nucleotide variant	NM_000285.4(PEPD):c.1066C>T (p.Gln356Ter)	5184	PEPD	HGNC:8840	Pathogenic	1	Sep 28, 2024	-1	-	RCV005195567
362938	single nucleotide variant	NM_000038.6(APC):c.3916G>T (p.Glu1306Ter)	324	APC	HGNC:583	Pathogenic	1	Aug 12, 2025	121913462	-	RCV000985300|RCV001180269|RCV004563307|RCV006273723
34446	single nucleotide variant	NM_018136.5(ASPM):c.6232C>T (p.Arg2078Ter)	259266	ASPM	HGNC:19048	Pathogenic	1	Sep 03, 2025	199422168	-	RCV000020784|RCV002466409
963397	single nucleotide variant	NM_002025.4(AFF2):c.3448G>T (p.Asp1150Tyr)	2334	AFF2	HGNC:3776	Pathogenic	1	Oct 16, 2018	781818996	-	RCV001251517
2189066	single nucleotide variant	NM_006493.4(CLN5):c.339+1G>T	1203	CLN5	HGNC:2076	Likely pathogenic	1	Mar 01, 2023	2501136089	-	RCV003044214
5041469	single nucleotide variant	NM_201253.3(CRB1):c.2041T>C (p.Cys681Arg)	23418	CRB1	HGNC:2343	Likely pathogenic	1	Oct 30, 2020	-1	-	RCV006856382
1477684	single nucleotide variant	NM_000268.4(NF2):c.599+1G>A	4771	NF2	HGNC:7773	Pathogenic/Likely pathogenic	1	May 30, 2024	1555993352	-	RCV001947008|RCV002258342|RCV004797978|RCV005925358
2840589	single nucleotide variant	NM_183050.4(BCKDHB):c.475C>A (p.Gln159Lys)	594	BCKDHB	HGNC:987	Likely pathogenic	1	Nov 01, 2023	2481884229	-	RCV003457475
3496920	single nucleotide variant	NM_016529.6(ATP8A2):c.649C>T (p.Gln217Ter)	51761	ATP8A2	HGNC:13533	Pathogenic	1	Jul 10, 2024	-1	-	RCV004698735
1804582	single nucleotide variant	NM_001267550.2(TTN):c.92404G>T (p.Gly30802Ter)	7273	TTN	HGNC:12403	Likely pathogenic	1	Jun 30, 2020	2469154798	-	RCV002364238
2432649	single nucleotide variant	NM_006767.4(LZTR1):c.1942+343C>T	8216	LZTR1	HGNC:6742	Likely pathogenic	1	Feb 28, 2025	1448197132	-	RCV003168010
247637	single nucleotide variant	NM_016008.4(DYNC2LI1):c.619C>T (p.Arg207Ter)	51626	DYNC2LI1	HGNC:24595	Pathogenic	1	Apr 17, 2025	745930390	-	RCV000239659|RCV001857844
1925471	single nucleotide variant	NM_001172509.2(SATB2):c.1204G>A (p.Glu402Lys)	23314	SATB2	HGNC:21637	Pathogenic	1	Mar 13, 2024	2468868479	-	RCV002651587|RCV004721126
29612	single nucleotide variant	NM_000421.5(KRT10):c.467G>A (p.Arg156His)	3858	KRT10	HGNC:6413	Pathogenic	1	Nov 23, 2025	58075662	-	RCV000015674|RCV000056497|RCV004562211|RCV004786265|RCV004755736|RCV006275856
1783593	single nucleotide variant	NM_000070.3(CAPN3):c.555C>G (p.Tyr185Ter)	825	CAPN3	HGNC:1480	Likely pathogenic	1	May 17, 2022	763449646	-	RCV002307037
1678928	single nucleotide variant	NM_024580.6(EFL1):c.2260C>T (p.Arg754Ter)	79631	EFL1	HGNC:25789	Likely pathogenic	1	Jan 10, 2025	1330065864	-	RCV002248311|RCV005254037
5019272	single nucleotide variant	NM_001377304.1(GFI1B):c.804C>G (p.Tyr268Ter)	8328	GFI1B	HGNC:4238	Likely pathogenic	1	Sep 17, 2020	-1	-	RCV006801881
34353	single nucleotide variant	NM_012463.4(ATP6V0A2):c.732-2A>G	23545	ATP6V0A2	HGNC:18481	Pathogenic	1	Dec 15, 2023	80356753	-	RCV000020690|RCV002281042|RCV003502507
540682	single nucleotide variant	NM_014625.4(NPHS2):c.979C>T (p.Leu327Phe)	7827	NPHS2	HGNC:13394	Likely pathogenic	1	May 25, 2026	748203170	-	RCV000672374|RCV001662741
514295	single nucleotide variant	NM_002180.3(IGHMBP2):c.1418+1G>C	3508	IGHMBP2	HGNC:5542	Likely pathogenic	1	Aug 18, 2016	1160978570	-	RCV000677267
1245953	single nucleotide variant	NM_000145.4(FSHR):c.349C>T (p.Gln117Ter)	2492	FSHR	HGNC:3969	Pathogenic	1	Oct 01, 2019	2104211236	-	RCV001663367
612465	single nucleotide variant	NM_024656.4(COLGALT1):c.460G>C (p.Ala154Pro)	79709	COLGALT1	HGNC:26182	Pathogenic	1	Aug 15, 2019	181844791	-	RCV000761583
1315215	single nucleotide variant	NM_001077365.2(POMT1):c.1058G>A (p.Trp353Ter)	10585	POMT1	HGNC:9202	Likely pathogenic	1	Apr 07, 2021	2131683250	-	RCV001782672
3861048	single nucleotide variant	NM_000195.5(HPS1):c.1743+2T>C	3257	HPS1	HGNC:5163	Likely pathogenic	1	Nov 19, 2024	-1	-	RCV005196396
102900	single nucleotide variant	NM_001271803.2(REEP2):c.215T>A (p.Phe72Tyr)	51308	REEP2	HGNC:17975	Pathogenic	1	Feb 06, 2014	483352925	-	RCV003444059
904292	single nucleotide variant	NM_078480.3(PUF60):c.1187C>A (p.Ser396Ter)	22827	PUF60	HGNC:17042	Pathogenic	1	Jan 15, 2020	1816412380	-	RCV001171553
630449	single nucleotide variant	NM_001130987.2(DYSF):c.4153C>T (p.Gln1385Ter)	8291	DYSF	HGNC:3097	Pathogenic/Likely pathogenic	1	Sep 07, 2022	1574340403	-	RCV000801537|RCV003461132
237508	single nucleotide variant	NM_004187.5(KDM5C):c.2152G>C (p.Ala718Pro)	8242	KDM5C	HGNC:11114	Pathogenic	1	Jul 25, 2014	878853141	-	RCV000224884
2088782	single nucleotide variant	NM_021954.4(GJA3):c.609C>A (p.Phe203Leu)	2700	GJA3	HGNC:4277	Pathogenic	1	Oct 17, 2022	2500171362	-	RCV002893878
2803957	single nucleotide variant	NM_001082538.3(TCTN1):c.823-2A>G	79600	TCTN1	HGNC:26113	Likely pathogenic	1	May 30, 2023	2548884767	-	RCV003391503
70463	single nucleotide variant	NM_001142864.4(PIEZO1):c.6058G>A (p.Ala2020Thr)	9780	PIEZO1	HGNC:28993	Pathogenic/Likely pathogenic	1	Dec 29, 2025	587776989	-	RCV000049233|RCV000224939|RCV006860547
4200132	single nucleotide variant	NM_000169.3(GLA):c.794C>G (p.Pro265Arg)	2717	GLA	HGNC:4296	Pathogenic	1	Sep 08, 2026	-1	-	RCV005645595
3518154	single nucleotide variant	NM_001694.4(ATP6V0C):c.376C>T (p.Arg126Ter)	527	ATP6V0C	HGNC:855	Likely pathogenic	1	Oct 01, 2024	-1	-	RCV004759476
970909	single nucleotide variant	NM_003070.5(SMARCA2):c.3314G>A (p.Arg1105His)	6595	SMARCA2	HGNC:11098	Pathogenic	1	Aug 13, 2024	281875197	-	RCV001262574|RCV003147603|RCV004035396|RCV006788499
3086368	single nucleotide variant	NM_001814.6(CTSC):c.1286G>A (p.Trp429Ter)	1075	CTSC	HGNC:2528	Pathogenic	1	Jan 19, 2024	887942959	-	RCV003783581
654315	single nucleotide variant	NM_004130.4(GYG1):c.7+1G>A	2992	GYG1	HGNC:4699	Likely pathogenic	1	Jul 07, 2025	949456055	-	RCV000825529|RCV002536056|RCV005902117
5036936	single nucleotide variant	NM_001355436.2(SPTB):c.2032A>T (p.Lys678Ter)	6710	SPTB	HGNC:11274	Likely pathogenic	1	Nov 07, 2023	-1	-	RCV006847799
2752085	single nucleotide variant	NM_020778.5(ALPK3):c.4313C>A (p.Ser1438Ter)	57538	ALPK3	HGNC:17574	Pathogenic	1	Apr 20, 2025	775335205	-	RCV003335962|RCV005931161|RCV006472409
2965654	single nucleotide variant	NM_145698.5(ACBD5):c.491-2A>G	91452	ACBD5	HGNC:23338	Likely pathogenic	1	May 23, 2023	2540889666	-	RCV003685321
790451	single nucleotide variant	NM_004453.4(ETFDH):c.1547T>C (p.Phe516Ser)	2110	ETFDH	HGNC:3483	Likely pathogenic	1	May 28, 2019	1580423432	-	RCV000987491
3543866	single nucleotide variant	NM_000170.3(GLDC):c.675C>A (p.Cys225Ter)	2731	GLDC	HGNC:4313	Pathogenic	1	Oct 14, 2024	-1	-	RCV004799855
960723	single nucleotide variant	NM_022124.6(CDH23):c.145+1G>T	64072	CDH23	HGNC:13733	Likely pathogenic	1	Dec 02, 2024	1850169561	-	RCV001239155|RCV005040079
4929480	single nucleotide variant	NM_000092.5(COL4A4):c.3965G>A (p.Gly1322Asp)	1286	COL4A4	HGNC:2206	Likely pathogenic	1	Sep 04, 2025	-1	-	RCV006643832
406882	single nucleotide variant	NM_000255.4(MMUT):c.643G>T (p.Gly215Cys)	4594	MMUT	HGNC:7526	Pathogenic/Likely pathogenic	1	Apr 08, 2025	121918258	-	RCV000478937|RCV000667041|RCV006640653
104675	single nucleotide variant	NM_001034853.2(RPGR):c.415G>T (p.Glu139Ter)	6103	RPGR	HGNC:10295	Pathogenic	1	Aug 22, 2023	62638645	-	RCV000085106|RCV005252748
545417	single nucleotide variant	NM_000317.3(PTS):c.317C>T (p.Thr106Met)	5805	PTS	HGNC:9689	Pathogenic	1	Apr 29, 2026	200712908	-	RCV000667396|RCV001091032|RCV006816864
193121	single nucleotide variant	NM_003482.4(KMT2D):c.5677C>T (p.Gln1893Ter)	8085	KMT2D	HGNC:7133	Pathogenic	1	Feb 05, 2022	794727420	-	RCV000176652|RCV001201615
24127	single nucleotide variant	NM_000352.6(ABCC8):c.3989-9G>A	6833	ABCC8	HGNC:59	Pathogenic	1	Mar 24, 2026	151344623	-	RCV000009656|RCV000144995|RCV000590487|RCV001277185|RCV001267446|RCV002467491|RCV003473069|RCV004532316|RCV005049326|RCV005357102
48506	single nucleotide variant	NM_001291415.2(KDM6A):c.1711C>T (p.Arg571Ter)	7403	KDM6A	HGNC:12637	Pathogenic	1	Feb 01, 2024	397514628	-	RCV000033120|RCV002513317|RCV004719670
1505668	single nucleotide variant	NM_000350.3(ABCA4):c.3862+2T>C	24	ABCA4	HGNC:34	Pathogenic	1	Mar 17, 2025	2101042802	-	RCV002047615
443937	single nucleotide variant	NM_001080.3(ALDH5A1):c.278G>T (p.Cys93Phe)	7915	ALDH5A1	HGNC:408	Pathogenic	1	Jan 13, 2025	765561257	-	RCV000521746|RCV000700364|RCV006978522
2905187	single nucleotide variant	NM_000212.3(ITGB3):c.1756T>C (p.Cys586Arg)	3690	ITGB3	HGNC:6156	Likely pathogenic	1	Jul 31, 2025	2547621029	-	RCV003560017
2741444	single nucleotide variant	NM_153717.3(EVC):c.801+1G>T	2121	EVC	HGNC:3497	Pathogenic/Likely pathogenic	1	Aug 06, 2025	1447653524	-	RCV003322662|RCV003777326|RCV004572927|RCV006976271
4184128	single nucleotide variant	NM_000284.4(PDHA1):c.986T>G (p.Leu329Arg)	5160	PDHA1	HGNC:8806	Likely pathogenic	1	Oct 15, 2024	-1	-	RCV006262033
4994165	single nucleotide variant	NM_024876.4(COQ8B):c.1035+1G>C	79934	COQ8B	HGNC:19041	Likely pathogenic	1	Jan 08, 2026	-1	-	RCV006743699
679855	single nucleotide variant	NM_006060.6(IKZF1):c.546C>A (p.Cys182Ter)	10320	IKZF1	HGNC:13176	Pathogenic	1	May 16, 2019	530073586	-	RCV000853408
4185868	single nucleotide variant	NM_001172509.2(SATB2):c.262C>T (p.Arg88Trp)	23314	SATB2	HGNC:21637	Likely pathogenic	1	May 03, 2024	-1	-	RCV005622864
1868299	single nucleotide variant	NM_000371.4(TTR):c.148G>T (p.Val50Leu)	7276	TTR	HGNC:12405	Pathogenic	1	Jul 02, 2025	28933979	-	RCV003050501|RCV006434527
3171362	single nucleotide variant	NM_015599.3(PGM3):c.85C>T (p.Arg29Ter)	5238	PGM3	HGNC:8907	Pathogenic	1	May 09, 2023	2538234999	-	RCV003876389
550743	single nucleotide variant	NM_001190737.2(NFIB):c.395T>C (p.Leu132Pro)	4781	NFIB	HGNC:7785	Pathogenic/Likely pathogenic	1	Oct 02, 2019	1554709654	-	RCV000677904|RCV000754576
653056	single nucleotide variant	NM_000152.5(GAA):c.1438-1G>T	2548	GAA	HGNC:4065	Pathogenic/Likely pathogenic	1	Jul 01, 2026	147804176	-	RCV000818785|RCV001785729|RCV006879431
2799018	single nucleotide variant	NM_001844.5(COL2A1):c.3536G>A (p.Gly1179Glu)	1280	COL2A1	HGNC:2200	Likely pathogenic	1	Mar 07, 2023	2540102569	-	RCV004529313
4923726	single nucleotide variant	NM_001458.5(FLNC):c.1048-1G>A	2318	FLNC	HGNC:3756	Likely pathogenic	1	Apr 17, 2026	-1	-	RCV006630605|RCV006725060
445275	single nucleotide variant	NM_130839.5(UBE3A):c.1608+1G>A	7337	UBE3A	HGNC:12496	Pathogenic	1	Mar 08, 2016	1555399890	-	RCV000523350
1844106	single nucleotide variant	NM_000257.4(MYH7):c.2150A>C (p.Asp717Ala)	4625	MYH7	HGNC:7577	Pathogenic	1	Feb 22, 2021	2502289272	-	RCV002432457
5075785	single nucleotide variant	NM_001379270.1(CNGA1):c.1382T>C (p.Ile461Thr)	-1	CNGA1;LOC101927157	-	Likely pathogenic	1	Apr 18, 2022	-1	-	RCV006955401
2098306	single nucleotide variant	NM_004183.4(BEST1):c.508C>T (p.Gln170Ter)	7439	BEST1	HGNC:12703	Pathogenic/Likely pathogenic	1	Oct 15, 2025	186544610	-	RCV002899642|RCV005356210|RCV006825574
243999	single nucleotide variant	NM_015166.4(MLC1):c.617G>T (p.Gly206Val)	23209	MLC1	HGNC:17082	Pathogenic	1	Jan 10, 2016	1114167286	-	RCV000491615
2949079	single nucleotide variant	NM_000306.4(POU1F1):c.23C>A (p.Ser8Ter)	5449	POU1F1	HGNC:9210	Pathogenic	1	May 27, 2023	1312054803	-	RCV003660547
1782971	single nucleotide variant	NM_001875.5(CPS1):c.3944G>A (p.Trp1315Ter)	1373	CPS1	HGNC:2323	Likely pathogenic	1	Mar 21, 2022	2469339987	-	RCV002309128
1928473	single nucleotide variant	NM_000642.3(AGL):c.3299G>A (p.Gly1100Glu)	178	AGL	HGNC:321	Pathogenic	1	Dec 19, 2025	2524757411	-	RCV002648188
1313708	single nucleotide variant	NM_006031.6(PCNT):c.4655C>A (p.Ser1552Ter)	5116	PCNT	HGNC:16068	Pathogenic	1	Aug 03, 2021	915028258	-	RCV001784806
4192400	single nucleotide variant	NM_001355436.2(SPTB):c.4732C>T (p.Gln1578Ter)	6710	SPTB	HGNC:11274	Pathogenic/Likely pathogenic	1	Sep 10, 2025	-1	-	RCV005631633
35802	single nucleotide variant	NM_033380.3(COL4A5):c.1912G>A (p.Gly638Ser)	1287	COL4A5	HGNC:2207	Pathogenic	1	Dec 01, 2024	104886147	-	RCV000021340|RCV005638405
391418	single nucleotide variant	NM_000969.5(RPL5):c.132C>G (p.Tyr44Ter)	6125	RPL5	HGNC:10360	Pathogenic	1	Nov 23, 2019	1060503527	-	RCV000466439
536049	single nucleotide variant	NM_147191.1(MMP21):c.643G>A (p.Glu215Lys)	118856	MMP21	HGNC:14357	Likely pathogenic	1	Apr 29, 2026	145789868	-	RCV000754882|RCV001592840
200539	single nucleotide variant	NM_000030.3(AGXT):c.698G>T (p.Arg233Leu)	189	AGXT	HGNC:341	Likely pathogenic	1	Nov 30, 2021	121908527	-	RCV000186329|RCV001857590
545904	single nucleotide variant	NM_001384140.1(PCDH15):c.1997+1G>T	65217	PCDH15	HGNC:14674	Likely pathogenic	1	Apr 13, 2018	763797356	-	RCV000674070
405727	single nucleotide variant	NM_144736.5(NDUFAF7):c.644A>G (p.His215Arg)	55471	NDUFAF7	HGNC:28816	Likely pathogenic	1	Sep 25, 2013	750543865	-	RCV000485664
5000424	single nucleotide variant	NM_015175.3(NBEAL2):c.6270C>A (p.Tyr2090Ter)	23218	NBEAL2	HGNC:31928	Likely pathogenic	1	Apr 29, 2026	-1	-	RCV006757073
407246	single nucleotide variant	NM_015570.4(AUTS2):c.624+2T>C	26053	AUTS2	HGNC:14262	Pathogenic	1	Jan 27, 2022	1064794696	-	RCV000482357
36552	single nucleotide variant	NM_000155.4(GALT):c.565-2A>G	2592	GALT	HGNC:4135	Likely pathogenic	1	Jul 19, 2016	111033731	-	RCV000022154
1330674	single nucleotide variant	NM_001013838.3(CARMIL2):c.1334+1G>T	146206	CARMIL2	HGNC:27089	Likely pathogenic	1	Dec 22, 2022	780608299	-	RCV003669249|RCV001824237
263788	single nucleotide variant	NM_005993.5(TBCD):c.2280C>A (p.Tyr760Ter)	6904	TBCD	HGNC:11581	Pathogenic	1	Jun 20, 2023	754750539	-	RCV000258906|RCV000523090
2862336	single nucleotide variant	NM_005228.5(EGFR):c.748-1G>A	1956	EGFR	HGNC:3236	Likely pathogenic	1	Dec 12, 2023	188703146	-	RCV003536255
3706123	single nucleotide variant	NM_015311.3(OBSL1):c.3617G>A (p.Trp1206Ter)	23363	OBSL1	HGNC:29092	Likely pathogenic	1	Jan 16, 2024	-1	-	RCV005024088
2974745	single nucleotide variant	NM_016239.4(MYO15A):c.3866+1G>T	51168	MYO15A	HGNC:7594	Pathogenic/Likely pathogenic	1	May 29, 2024	374742590	-	RCV003684444|RCV005014837
263777	single nucleotide variant	NM_001151.4(SLC25A4):c.707G>C (p.Arg236Pro)	291	SLC25A4	HGNC:10990	Pathogenic	1	Nov 14, 2016	770816416	-	RCV000258878
2523098	single nucleotide variant	NM_007055.4(POLR3A):c.2113C>G (p.Pro705Ala)	11128	POLR3A	HGNC:30074	Likely pathogenic	1	Apr 27, 2023	2493213156	-	RCV003388201
226318	single nucleotide variant	NM_000038.6(APC):c.562C>T (p.Gln188Ter)	324	APC	HGNC:583	Pathogenic	1	Mar 28, 2024	869312753	-	RCV000210089|RCV000501976|RCV004563140|RCV004649098
2209548	single nucleotide variant	NM_021942.6(TRAPPC11):c.1190G>A (p.Trp397Ter)	60684	TRAPPC11	HGNC:25751	Pathogenic	1	Mar 17, 2021	756883456	-	RCV002717426
1669727	single nucleotide variant	NM_014875.3(KIF14):c.103C>T (p.Arg35Ter)	9928	KIF14	HGNC:19181	Pathogenic/Likely pathogenic	1	Nov 20, 2024	774318019	-	RCV002224628|RCV003147739|RCV006854647
75642	single nucleotide variant	NM_000368.5(TSC1):c.395G>A (p.Gly132Asp)	7248	TSC1	HGNC:12362	Likely pathogenic	1	Nov 06, 2025	397514784	-	RCV000054889|RCV002513715|RCV006287157
4966215	single nucleotide variant	NM_001999.4(FBN2):c.3271A>T (p.Asn1091Tyr)	2201	FBN2	HGNC:3604	Likely pathogenic	1	Aug 30, 2025	-1	-	RCV006706087
795301	single nucleotide variant	NM_001001331.4(ATP2B2):c.1660-1G>A	491	ATP2B2	HGNC:815	Likely pathogenic	1	Apr 01, 2019	1575009907	-	RCV000997989
3395827	single nucleotide variant	NM_000548.5(TSC2):c.1856T>A (p.Leu619Ter)	7249	TSC2	HGNC:12363	Pathogenic	1	Dec 13, 2023	2543673284	-	RCV004556163
1063100	single nucleotide variant	NM_020937.4(FANCM):c.4270C>T (p.Arg1424Ter)	57697	FANCM	HGNC:23168	Pathogenic/Likely pathogenic	1	Dec 09, 2025	751954386	-	RCV001380939|RCV001564781
4189881	single nucleotide variant	NM_003042.4(SLC6A1):c.845C>T (p.Ser282Phe)	6529	SLC6A1	HGNC:11042	Likely pathogenic	1	Feb 27, 2025	-1	-	RCV005630051
215790	single nucleotide variant	NM_006494.4(ERF):c.23-2A>G	2077	ERF	HGNC:3444	Pathogenic	1	Nov 01, 2015	864321680	-	RCV000203301
1692354	single nucleotide variant	NM_006208.3(ENPP1):c.796G>A (p.Gly266Arg)	5167	ENPP1	HGNC:3356	Pathogenic	1	May 20, 2026	2114702042	-	RCV002273885
2185719	single nucleotide variant	NM_024408.4(NOTCH2):c.7099C>T (p.Gln2367Ter)	4853	NOTCH2	HGNC:7882	Pathogenic	1	May 22, 2022	2101141863	-	RCV003055693
3004836	single nucleotide variant	NM_000088.4(COL1A1):c.3369+2T>C	1277	COL1A1	HGNC:2197	Pathogenic	1	Mar 16, 2023	112838331	-	RCV003632045
482006	single nucleotide variant	NM_018082.6(POLR3B):c.1263+2T>C	55703	POLR3B	HGNC:30348	Pathogenic/Likely pathogenic	1	Jun 12, 2025	774526181	-	RCV000578741|RCV000763294|RCV001542054|RCV004698345|RCV005898550|RCV006842280
1061473	single nucleotide variant	NM_152564.5(VPS13B):c.8230C>T (p.Gln2744Ter)	157680	VPS13B	HGNC:2183	Pathogenic	1	Jun 27, 2025	2130810847	-	RCV001380191
27176	single nucleotide variant	NM_000387.6(SLC25A20):c.199-10T>G	788	SLC25A20	HGNC:1421	Pathogenic	1	May 23, 2026	541208710	-	RCV000012920|RCV000427395|RCV004757104|RCV006743808
169786	single nucleotide variant	NM_003560.4(PLA2G6):c.1634A>G (p.Lys545Arg)	8398	PLA2G6	HGNC:9039	Pathogenic/Likely pathogenic	1	Feb 16, 2024	121908681	-	RCV000147296|RCV003330510|RCV003507257|RCV002514834
1405835	single nucleotide variant	NM_206933.4(USH2A):c.12728G>A (p.Trp4243Ter)	7399	USH2A	HGNC:12601	Pathogenic	1	Aug 22, 2022	2102666433	-	RCV001940914|RCV006869591
433257	single nucleotide variant	NM_001042492.3(NF1):c.4892T>G (p.Leu1631Ter)	4763	NF1	HGNC:7765	Pathogenic	1	Sep 02, 2025	1555533292	-	RCV000506195|RCV003495141|RCV005682298
2186193	single nucleotide variant	NM_170665.4(ATP2A2):c.2939A>T (p.Asp980Val)	488	ATP2A2	HGNC:812	Pathogenic	1	Jun 17, 2022	2548566690	-	RCV003061815
1863277	single nucleotide variant	NM_004092.4(ECHS1):c.601C>T (p.Gln201Ter)	1892	ECHS1	HGNC:3151	Pathogenic	1	Nov 24, 2023	1849042311	-	RCV002470551|RCV003546857
851155	single nucleotide variant	NM_000092.5(COL4A4):c.658-2A>G	1286	COL4A4	HGNC:2206	Likely pathogenic	1	May 18, 2025	2061011908	-	RCV001051638
2844898	single nucleotide variant	NM_194248.3(OTOF):c.4225A>T (p.Lys1409Ter)	9381	OTOF	HGNC:8515	Pathogenic	1	Dec 22, 2023	1320406513	-	RCV003484470|RCV006748545
637487	single nucleotide variant	NM_153704.6(TMEM67):c.1318C>T (p.Arg440Trp)	91147	TMEM67	HGNC:28396	Pathogenic/Likely pathogenic	1	Jan 13, 2026	774746409	-	RCV000795737|RCV005047066
941298	single nucleotide variant	NM_000444.6(PHEX):c.1173+5G>A	5251	PHEX	HGNC:8918	Likely pathogenic	1	Jun 21, 2019	1930971527	-	RCV001216617|RCV006750120
3771562	single nucleotide variant	NM_201525.4(ADGRG1):c.1281C>A (p.Cys427Ter)	9289	ADGRG1	HGNC:4512	Pathogenic/Likely pathogenic	1	Dec 15, 2025	-1	-	RCV005120087|RCV006637308
1781881	single nucleotide variant	NM_000426.4(LAMA2):c.2395G>T (p.Gly799Ter)	3908	LAMA2	HGNC:6482	Likely pathogenic	1	Feb 08, 2022	781772588	-	RCV006695156
1460490	single nucleotide variant	NM_000271.5(NPC1):c.3422T>G (p.Val1141Gly)	4864	NPC1	HGNC:7897	Pathogenic/Likely pathogenic	1	Oct 22, 2025	144725473	-	RCV001864018|RCV004690149
101288	single nucleotide variant	NM_006363.6(SEC23B):c.689+1G>A	10483	SEC23B	HGNC:10702	Pathogenic	1	Oct 23, 2025	398124226	-	RCV000081409|RCV000689848|RCV001195899|RCV002288579|RCV006893810
609919	single nucleotide variant	NM_000138.5(FBN1):c.7787A>G (p.Tyr2596Cys)	2200	FBN1	HGNC:3603	Pathogenic/Likely pathogenic	1	Mar 04, 2024	1566891404	-	RCV000756135|RCV001855870|RCV002246008
2137313	single nucleotide variant	NM_001130987.2(DYSF):c.1276+2T>A	8291	DYSF	HGNC:3097	Pathogenic	1	Jan 24, 2022	2545492910	-	RCV003009469
15878	single nucleotide variant	NM_000038.6(APC):c.622C>T (p.Gln208Ter)	324	APC	HGNC:583	Pathogenic	1	Feb 26, 2025	137854583	-	RCV000000882|RCV000491262|RCV003335009
3174191	single nucleotide variant	NM_001002294.3(FMO3):c.10A>T (p.Lys4Ter)	2328	FMO3	HGNC:3771	Pathogenic	1	Jun 11, 2023	2526256716	-	RCV003873474
27623	single nucleotide variant	NM_004985.5(KRAS):c.34G>A (p.Gly12Ser)	3845	KRAS	HGNC:6407	Pathogenic	1	May 12, 2025	121913530	-	RCV000013414|RCV000038264|RCV000144971|RCV000119790|RCV000782191|RCV001851824|RCV004562205|RCV004668726|RCV004795403|RCV006253532|RCV006253531|RCV006820109
173912	single nucleotide variant	NM_003242.6(TGFBR2):c.859T>C (p.Trp287Arg)	7048	TGFBR2	HGNC:11773	Pathogenic/Likely pathogenic	1	Apr 08, 2022	727503472	-	RCV000152004|RCV002514932
3409284	single nucleotide variant	NM_000091.5(COL4A3):c.1526T>A (p.Leu509Ter)	1285	COL4A3	HGNC:2204	Pathogenic	1	-	2469677416	-	RCV004585215
23131	single nucleotide variant	NM_000325.6(PITX2):c.406G>C (p.Val136Leu)	5308	PITX2	HGNC:9005	Pathogenic	1	Aug 01, 2001	121909249	-	RCV000008560
974368	single nucleotide variant	NM_001356.5(DDX3X):c.1415A>C (p.His472Pro)	1654	DDX3X	HGNC:2745	Pathogenic/Likely pathogenic	1	Aug 07, 2025	2063923221	-	RCV001265801|RCV001751532
1313735	single nucleotide variant	NM_001378183.1(PIEZO2):c.3585C>A (p.Cys1195Ter)	63895	PIEZO2	HGNC:26270	Pathogenic	1	Jun 30, 2020	571800639	-	RCV001784833
1863263	single nucleotide variant	NM_024407.5(NDUFS7):c.304G>A (p.Asp102Asn)	374291	NDUFS7	HGNC:7714	Likely pathogenic	1	Oct 09, 2024	1568992973	-	RCV002470537
972569	single nucleotide variant	NM_170606.3(KMT2C):c.13334G>A (p.Gly4445Asp)	58508	KMT2C	HGNC:13726	Likely pathogenic	1	Jul 28, 2023	2091357682	-	RCV003323837
2903997	single nucleotide variant	NM_005921.2(MAP3K1):c.1348A>G (p.Met450Val)	4214	MAP3K1	HGNC:6848	Pathogenic	1	Sep 01, 2023	2530926325	-	RCV003527459
227688	single nucleotide variant	NM_031448.6(C19orf12):c.215C>T (p.Pro72Leu)	83636	C19orf12	HGNC:25443	Pathogenic/Likely pathogenic	1	Sep 07, 2025	201987973	-	RCV000211114|RCV006462099|RCV006893979
3022831	single nucleotide variant	NM_000018.4(ACADVL):c.839C>G (p.Thr280Arg)	37	ACADVL	HGNC:92	Likely pathogenic	1	May 09, 2023	2142978093	-	RCV003599987
21171	single nucleotide variant	NM_004733.4(SLC33A1):c.339T>G (p.Ser113Arg)	9197	SLC33A1	HGNC:95	Pathogenic	1	Feb 01, 2015	121909484	-	RCV000006506
360986	single nucleotide variant	NM_000548.5(TSC2):c.5160+4A>C	7249	TSC2	HGNC:12363	Pathogenic	1	Jan 01, 2016	45517403	-	RCV000415445|RCV001196213
79106	single nucleotide variant	NM_000211.5(ITGB2):c.382G>T (p.Asp128Tyr)	3689	ITGB2	HGNC:6155	Pathogenic	1	May 16, 2023	137852615	-	RCV000059049|RCV000087118
20812	single nucleotide variant	NM_003919.3(SGCE):c.587T>G (p.Leu196Arg)	8910	SGCE	HGNC:10808	Pathogenic	1	Nov 01, 2002	121908491	-	RCV000006129
3851071	single nucleotide variant	NM_000059.4(BRCA2):c.4067T>A (p.Leu1356Ter)	675	BRCA2	HGNC:1101	Pathogenic	1	Nov 13, 2024	-1	-	RCV005204039
448802	single nucleotide variant	NM_001040142.2(SCN2A):c.4766A>G (p.Tyr1589Cys)	6326	SCN2A	HGNC:10588	Pathogenic/Likely pathogenic	1	Jan 27, 2026	1553463119	-	RCV000548002|RCV000857242|RCV002319532|RCV006645807
4172038	single nucleotide variant	NM_138694.4(PKHD1):c.6332+40A>G	5314	PKHD1	HGNC:9016	Likely pathogenic	1	Jan 16, 2025	-1	-	RCV005605810
1289232	single nucleotide variant	NM_177924.5(ASAH1):c.427T>G (p.Cys143Gly)	427	ASAH1	HGNC:735	Pathogenic	1	Oct 04, 2021	2117037405	-	RCV001728066
222413	single nucleotide variant	NM_177438.3(DICER1):c.559C>T (p.Arg187Ter)	23405	DICER1	HGNC:17098	Pathogenic	1	Apr 22, 2026	763801533	-	RCV000206588|RCV003165501|RCV004800335
5024701	single nucleotide variant	NM_170707.4(LMNA):c.292G>T (p.Glu98Ter)	4000	LMNA	HGNC:6636	Likely pathogenic	1	Apr 18, 2024	-1	-	RCV006822955
1787815	single nucleotide variant	NM_004656.4(BAP1):c.421C>T (p.His141Tyr)	8314	BAP1	HGNC:950	Likely pathogenic	1	Dec 11, 2024	2471351500	-	RCV002328027
433561	single nucleotide variant	NM_000138.5(FBN1):c.5783G>A (p.Cys1928Tyr)	2200	FBN1	HGNC:3603	Pathogenic/Likely pathogenic	1	Feb 04, 2025	587782947	-	RCV000506228|RCV001384078|RCV001613330|RCV005338211
511330	single nucleotide variant	NM_001164508.2(NEB):c.5344-1G>C	4703	NEB	HGNC:7720	Likely pathogenic	1	Sep 07, 2022	1197561990	-	RCV000624651|RCV000674712|RCV003465359
2154178	single nucleotide variant	NM_000070.3(CAPN3):c.380-2A>G	825	CAPN3	HGNC:1480	Pathogenic	1	Jul 14, 2022	2548255667	-	RCV003019323
4952202	single nucleotide variant	NM_177438.3(DICER1):c.4315G>T (p.Glu1439Ter)	23405	DICER1	HGNC:17098	Pathogenic	1	Jan 09, 2026	-1	-	RCV006676288
530289	single nucleotide variant	NM_000548.5(TSC2):c.4711T>C (p.Tyr1571His)	7249	TSC2	HGNC:12363	Pathogenic	1	Jan 27, 2025	397514905	-	RCV000644175
1484680	single nucleotide variant	NM_000089.4(COL1A2):c.632G>A (p.Gly211Asp)	1278	COL1A2	HGNC:2198	Pathogenic/Likely pathogenic	1	Feb 04, 2025	72656378	-	RCV001959021|RCV003418259|RCV005868497
972331	single nucleotide variant	NM_000159.4(GCDH):c.635G>A (p.Trp212Ter)	2639	GCDH	HGNC:4189	Likely pathogenic	1	Mar 31, 2019	1970671544	-	RCV001264322
5018707	single nucleotide variant	NM_020401.4(NUP107):c.2233C>T (p.Arg745Ter)	57122	NUP107	HGNC:29914	Likely pathogenic	1	Oct 10, 2019	-1	-	RCV006844212
1790071	single nucleotide variant	NM_000057.4(BLM):c.3859G>T (p.Glu1287Ter)	641	BLM	HGNC:1058	Pathogenic	1	Sep 30, 2021	2505561874	-	RCV002355527
1441566	single nucleotide variant	NM_005720.4(ARPC1B):c.231C>A (p.Tyr77Ter)	10095	ARPC1B	HGNC:704	Pathogenic	1	Oct 05, 2022	116204707	-	RCV001962933
790541	single nucleotide variant	NM_022455.5(NSD1):c.3922-1G>C	64324	NSD1	HGNC:14234	Pathogenic	1	May 28, 2019	1581407682	-	RCV003232171
1860815	single nucleotide variant	NM_000088.4(COL1A1):c.141C>G (p.Tyr47Ter)	1277	COL1A1	HGNC:2197	Pathogenic	1	-	2509259501	-	RCV002467486
5084882	single nucleotide variant	NM_025216.3(WNT10A):c.1135C>T (p.Arg379Cys)	80326	WNT10A	HGNC:13829	Likely pathogenic	1	Jun 11, 2026	-1	-	RCV006763256
1367911	single nucleotide variant	NM_006516.4(SLC2A1):c.388G>T (p.Gly130Cys)	6513	SLC2A1	HGNC:11005	Pathogenic	1	Mar 10, 2021	80359819	-	RCV001871273
1288694	single nucleotide variant	NM_001040142.2(SCN2A):c.2017-2A>G	6326	SCN2A	HGNC:10588	Pathogenic	1	Sep 01, 2021	2105284299	-	RCV001727162
1710726	single nucleotide variant	NM_001319074.4(RAX2):c.145T>C (p.Ser49Pro)	84839	RAX2	HGNC:18286	Pathogenic	1	Oct 25, 2022	2037262817	-	RCV002294542
3834201	single nucleotide variant	NM_001256789.3(CACNA1F):c.1326G>A (p.Trp442Ter)	778	CACNA1F	HGNC:1393	Pathogenic	1	May 12, 2024	-1	-	RCV005182963
40389	single nucleotide variant	NM_033337.3(CAV3):c.183C>A (p.Ser61Arg)	859	CAV3	HGNC:1529	Likely pathogenic	1	Nov 04, 2022	116840796	-	RCV000024414|RCV003398568
3891122	single nucleotide variant	NM_020964.3(EPG5):c.6653A>C (p.His2218Pro)	57724	EPG5	HGNC:29331	Likely pathogenic	1	Sep 30, 2024	-1	-	RCV005251975
2903536	single nucleotide variant	NM_001378609.3(OTOGL):c.5826T>A (p.Cys1942Ter)	283310	OTOGL	HGNC:26901	Pathogenic	1	Dec 18, 2023	2541403255	-	RCV003560656
974120	single nucleotide variant	NM_030632.3(ASXL3):c.1612G>T (p.Glu538Ter)	80816	ASXL3	HGNC:29357	Pathogenic	1	Jul 26, 2018	2067601254	-	RCV001267475
558898	single nucleotide variant	NM_000249.4(MLH1):c.588+2T>G	4292	MLH1	HGNC:7127	Pathogenic	1	Jul 17, 2023	587779024	-	RCV003453469|RCV002352166|RCV000697484
521426	single nucleotide variant	NM_000171.4(GLRA1):c.859A>G (p.Thr287Ala)	2741	GLRA1	HGNC:4326	Likely pathogenic	1	Dec 20, 2017	1554083576	-	RCV002232625
91294	single nucleotide variant	NM_001042492.3(NF1):c.1392+1G>A	4763	NF1	HGNC:7765	Pathogenic	1	Feb 17, 2024	267604791	-	RCV000497249|RCV002318952
1020758	single nucleotide variant	NM_001195518.2(MICU1):c.933+2T>C	10367	MICU1	HGNC:1530	Likely pathogenic	1	Sep 06, 2022	1866073268	-	RCV002863706|RCV006811152
361315	single nucleotide variant	NM_020661.4(AICDA):c.92A>G (p.Tyr31Cys)	57379	AICDA	HGNC:13203	Likely pathogenic	1	Aug 04, 2025	1057519097	-	RCV000415972|RCV006696378
789901	single nucleotide variant	NM_201253.3(CRB1):c.488G>T (p.Cys163Phe)	23418	CRB1	HGNC:2343	Likely pathogenic	1	May 28, 2019	1571848855	-	RCV000986482
4927035	single nucleotide variant	NM_138694.4(PKHD1):c.2484C>A (p.Tyr828Ter)	5314	PKHD1	HGNC:9016	Likely pathogenic	1	Feb 06, 2025	-1	-	RCV006640172
976708	single nucleotide variant	NM_003754.3(EIF3F):c.671C>T (p.Pro224Leu)	8665	EIF3F	HGNC:3275	Likely pathogenic	1	-	1185010700	-	RCV001270450
23052	single nucleotide variant	NM_001089.3(ABCA3):c.4658T>C (p.Leu1553Pro)	21	ABCA3	HGNC:33	Pathogenic	1	Mar 25, 2004	121909183	-	RCV000008477
4840181	single nucleotide variant	NM_003072.5(SMARCA4):c.1419+1G>A	6597	SMARCA4	HGNC:11100	Likely pathogenic	1	Nov 19, 2025	-1	-	RCV006515233
4824929	single nucleotide variant	NM_001364171.2(ODAD1):c.170+2T>C	93233	ODAD1	HGNC:26560	Likely pathogenic	1	Jan 30, 2025	-1	-	RCV006510307
2147644	single nucleotide variant	NM_001048174.2(MUTYH):c.421-1G>A	4595	MUTYH	HGNC:7527	Likely pathogenic	1	Feb 22, 2022	2149158986	-	RCV003033736
425463	single nucleotide variant	NM_001371986.1(UNC80):c.8269G>T (p.Asp2757Tyr)	285175	UNC80	HGNC:26582	Likely pathogenic	1	May 23, 2016	1553619640	-	RCV000498933
415258	single nucleotide variant	NM_001112741.2(KCNC1):c.1273G>A (p.Val425Met)	3746	KCNC1	HGNC:6233	Pathogenic/Likely pathogenic	1	Sep 23, 2024	1085307785	-	RCV000489146|RCV001851315
1862511	single nucleotide variant	NM_000104.4(CYP1B1):c.717C>A (p.Ser239Arg)	1545	CYP1B1	HGNC:2597	Likely pathogenic	1	Jun 11, 2020	2465883561	-	RCV002471918
2897623	single nucleotide variant	NM_000061.3(BTK):c.895-2A>T	695	BTK	HGNC:1133	Pathogenic	1	Aug 31, 2024	193922132	-	RCV003511617
971781	single nucleotide variant	NM_000091.5(COL4A3):c.3952A>T (p.Lys1318Ter)	1285	COL4A3	HGNC:2204	Likely pathogenic	1	Oct 09, 2019	2073363435	-	RCV001263598
1925072	single nucleotide variant	NM_001042432.2(CLN3):c.126G>A (p.Trp42Ter)	1201	CLN3	HGNC:2074	Pathogenic/Likely pathogenic	1	Feb 27, 2023	781617143	-	RCV002644413|RCV003465993
1685694	single nucleotide variant	NM_001134407.3(GRIN2A):c.2169-1G>C	2903	GRIN2A	HGNC:4585	Pathogenic	1	-	2141231277	-	RCV002260528
1038942	single nucleotide variant	NM_020987.5(ANK3):c.2125C>T (p.Arg709Ter)	288	ANK3	HGNC:494	Likely pathogenic	1	Mar 24, 2021	1234025820	-	RCV001358746
4406831	single nucleotide variant	NM_000489.6(ATRX):c.5651C>T (p.Thr1884Ile)	546	ATRX	HGNC:886	Likely pathogenic	1	Sep 12, 2025	-1	-	RCV005883130
1813304	single nucleotide variant	NM_004612.4(TGFBR1):c.759G>A (p.Met253Ile)	7046	TGFBR1	HGNC:11772	Likely pathogenic	1	Jul 14, 2017	2490192138	-	RCV002394203
967280	single nucleotide variant	NM_005249.5(FOXG1):c.632T>C (p.Ile211Thr)	2290	FOXG1	HGNC:3811	Pathogenic	1	Jul 03, 2020	1594383648	-	RCV001258332
3033758	single nucleotide variant	NM_000238.4(KCNH2):c.268G>T (p.Glu90Ter)	3757	KCNH2	HGNC:6251	Pathogenic	1	Nov 15, 2023	777810074	-	RCV003648709
1802365	single nucleotide variant	NM_000143.4(FH):c.1192G>A (p.Gly398Ser)	2271	FH	HGNC:3700	Likely pathogenic	1	Feb 25, 2025	2147914878	-	RCV002351475|RCV005096733
15981	single nucleotide variant	NM_000404.4(GLB1):c.1498A>G (p.Thr500Ala)	2720	GLB1	HGNC:4298	Pathogenic	1	Jan 18, 2026	72555368	-	RCV000000991|RCV000673423|RCV001040694|RCV001818116|RCV002281685|RCV003137481|RCV006937921
5019113	single nucleotide variant	NM_001077365.2(POMT1):c.1802G>C (p.Arg601Thr)	10585	POMT1	HGNC:9202	Likely pathogenic	1	Nov 06, 2023	-1	-	RCV006801809
1506312	single nucleotide variant	NM_021939.4(FKBP10):c.612C>G (p.Tyr204Ter)	60681	FKBP10	HGNC:18169	Pathogenic	1	Oct 25, 2025	1227407669	-	RCV001886282|RCV006646186
4967145	single nucleotide variant	NM_001270508.2(TNFAIP3):c.1906+1G>T	7128	TNFAIP3	HGNC:11896	Likely pathogenic	1	Oct 10, 2025	-1	-	RCV006704248
95278	single nucleotide variant	NM_000249.4(MLH1):c.1616C>A (p.Ala539Asp)	4292	MLH1	HGNC:7127	Likely pathogenic	1	Dec 19, 2024	267607843	-	RCV002397764|RCV002545235|RCV003416490|RCV003451969|RCV005238006
2795439	single nucleotide variant	NM_032485.6(MCM8):c.1404C>A (p.Cys468Ter)	84515	MCM8	HGNC:16147	Likely pathogenic	1	Nov 01, 2023	531099221	-	RCV003389312
2836754	single nucleotide variant	NM_000359.3(TGM1):c.1928-1G>C	7051	TGM1	HGNC:11777	Likely pathogenic	1	Jun 01, 2023	112419023	-	RCV003474091
4170133	single nucleotide variant	NM_016222.4(DDX41):c.2T>C (p.Met1Thr)	51428	DDX41	HGNC:18674	Pathogenic	1	Jan 08, 2025	-1	-	RCV005600459
1878156	single nucleotide variant	NM_001370259.2(MEN1):c.286C>T (p.Gln96Ter)	4221	MEN1	HGNC:7010	Pathogenic	1	Jul 29, 2024	2136186060	-	RCV003062410
1289174	single nucleotide variant	NM_013296.5(GPSM2):c.832C>T (p.Arg278Ter)	29899	GPSM2	HGNC:29501	Pathogenic	1	Jun 09, 2025	762285081	-	RCV001728014|RCV006698402
4652017	single nucleotide variant	NR_199791.1(RNU2-2):n.8C>T	26855	RNU2-2	HGNC:10152	Likely pathogenic	1	Nov 27, 2025	-1	-	RCV006276003
2832554	single nucleotide variant	NM_000444.6(PHEX):c.2156G>C (p.Gly719Ala)	5251	PHEX	HGNC:8918	Likely pathogenic	1	Nov 10, 2023	2518713623	-	RCV003448534
1671125	single nucleotide variant	NM_003384.3(VRK1):c.197C>G (p.Ala66Gly)	7443	VRK1	HGNC:12718	Likely pathogenic	1	Jul 01, 2020	1887280587	-	RCV002227297
3009113	single nucleotide variant	NM_194248.3(OTOF):c.4776C>A (p.Cys1592Ter)	9381	OTOF	HGNC:8515	Pathogenic	1	Aug 19, 2023	372324595	-	RCV003695665
975412	single nucleotide variant	NM_025137.4(SPG11):c.2431C>T (p.Gln811Ter)	80208	SPG11	HGNC:11226	Pathogenic	1	Jun 01, 2026	756134516	-	RCV001268650|RCV001386275|RCV002451632|RCV005012705|RCV006753146|RCV006846467
2012262	single nucleotide variant	NM_000046.5(ARSB):c.499+2T>A	411	ARSB	HGNC:714	Likely pathogenic	1	Dec 09, 2024	2530606066	-	RCV002696153
4652390	single nucleotide variant	NM_015512.5(DNAH1):c.12020G>A (p.Trp4007Ter)	25981	DNAH1	HGNC:2940	Likely pathogenic	1	Dec 18, 2024	-1	-	RCV006279720
4968165	single nucleotide variant	NM_000297.4(PKD2):c.386C>A (p.Ser129Ter)	5311	PKD2	HGNC:9009	Pathogenic	1	May 28, 2026	-1	-	RCV006708638
5064716	single nucleotide variant	NM_002547.3(OPHN1):c.1421-2A>G	4983	OPHN1	HGNC:8148	Likely pathogenic	1	Oct 06, 2023	-1	-	RCV006912463
906194	single nucleotide variant	NM_007327.4(GRIN1):c.1939T>C (p.Tyr647His)	2902	GRIN1	HGNC:4584	Likely pathogenic	1	-	1833621750	-	RCV001175149
415345	single nucleotide variant	NM_001330260.2(SCN8A):c.2525T>A (p.Val842Glu)	6334	SCN8A	HGNC:10596	Pathogenic	1	Aug 18, 2020	1085307940	-	RCV000489752
107185	single nucleotide variant	NM_000090.4(COL3A1):c.2186G>A (p.Gly729Glu)	1281	COL3A1	HGNC:2201	Pathogenic	1	-	587779680	-	RCV000087676
103263	single nucleotide variant	NM_000531.6(OTC):c.958C>T (p.Arg320Ter)	5009	OTC	HGNC:8512	Pathogenic	1	Oct 27, 2025	72558473	-	RCV000083620|RCV000547443|RCV002514462
359046	single nucleotide variant	NM_003118.4(SPARC):c.787G>A (p.Glu263Lys)	6678	SPARC	HGNC:11219	Pathogenic	1	Jul 19, 2019	1057517663	-	RCV000412523
486747	single nucleotide variant	NM_004519.4(KCNQ3):c.899T>C (p.Phe300Ser)	3786	KCNQ3	HGNC:6297	Likely pathogenic	1	Jan 01, 2018	1554627439	-	RCV000585872
422350	single nucleotide variant	NM_033409.4(SLC52A3):c.1334T>G (p.Leu445Arg)	113278	SLC52A3	HGNC:16187	Likely pathogenic	1	Jul 27, 2015	761224042	-	RCV000494168
526230	single nucleotide variant	NM_000256.3(MYBPC3):c.2950C>T (p.Gln984Ter)	4607	MYBPC3	HGNC:7551	Pathogenic	1	Jan 29, 2024	1555120651	-	RCV000629004
188890	single nucleotide variant	NM_017777.4(MKS1):c.417+1G>A	54903	MKS1	HGNC:7121	Pathogenic/Likely pathogenic	1	Nov 27, 2023	756368560	-	RCV000171264|RCV001063303|RCV001826869|RCV003474920
962383	single nucleotide variant	NM_000135.4(FANCA):c.2504+2T>C	2175	FANCA	HGNC:3582	Pathogenic	1	Feb 28, 2020	2039260502	-	RCV001256274
1491254	single nucleotide variant	NM_000834.5(GRIN2B):c.1628G>A (p.Gly543Glu)	2904	GRIN2B	HGNC:4586	Pathogenic	1	Apr 16, 2021	2136479365	-	RCV001958738
2062859	single nucleotide variant	NM_000138.5(FBN1):c.7091G>C (p.Cys2364Ser)	2200	FBN1	HGNC:3603	Pathogenic	1	Jun 21, 2022	1597517925	-	RCV002828876
610421	single nucleotide variant	NM_001130987.2(DYSF):c.875C>G (p.Pro292Arg)	8291	DYSF	HGNC:3097	Likely pathogenic	1	Feb 11, 2019	1559053603	-	RCV000757939
634859	single nucleotide variant	NM_006772.3(SYNGAP1):c.2755C>T (p.Gln919Ter)	8831	SYNGAP1	HGNC:11497	Pathogenic	1	Feb 27, 2026	1554122242	-	RCV000812055|RCV001092258
4821266	single nucleotide variant	NM_001034853.2(RPGR):c.815G>A (p.Gly272Asp)	6103	RPGR	HGNC:10295	Likely pathogenic	1	Dec 03, 2025	-1	-	RCV006494913
513481	single nucleotide variant	NM_000033.4(ABCD1):c.2035T>A (p.Trp679Arg)	215	ABCD1	HGNC:61	Likely pathogenic	1	Nov 30, 2017	1557055405	-	RCV000625957
2087695	single nucleotide variant	NM_032383.5(HPS3):c.971-1G>A	84343	HPS3	HGNC:15597	Pathogenic	1	Dec 10, 2024	1722726229	-	RCV002880336
4184344	single nucleotide variant	NM_000284.4(PDHA1):c.555A>G (p.Gly185=)	5160	PDHA1	HGNC:8806	Likely pathogenic	1	Oct 15, 2024	-1	-	RCV006262250
3712066	single nucleotide variant	NM_000135.4(FANCA):c.1901-1G>T	2175	FANCA	HGNC:3582	Likely pathogenic	1	Jun 05, 2024	-1	-	RCV005017974
205558	single nucleotide variant	NM_031924.8(RSPH3):c.205-2A>G	83861	RSPH3	HGNC:21054	Pathogenic	1	Nov 11, 2025	142800871	-	RCV000186568|RCV004757155|RCV005892221|RCV006277741
1337807	single nucleotide variant	NM_000057.4(BLM):c.1489C>T (p.Gln497Ter)	641	BLM	HGNC:1058	Pathogenic/Likely pathogenic	1	Jun 01, 2026	2151158321	-	RCV001944778|RCV006858127
1809848	single nucleotide variant	NM_000143.4(FH):c.524T>G (p.Val175Gly)	2271	FH	HGNC:3700	Likely pathogenic	1	Jul 20, 2021	2527332504	-	RCV002340950
4647062	single nucleotide variant	NM_006017.3(PROM1):c.604C>T (p.Arg202Ter)	8842	PROM1	HGNC:9454	Pathogenic	1	Sep 12, 2025	-1	-	RCV006266267
4192182	single nucleotide variant	NM_017739.4(POMGNT1):c.1434G>A (p.Trp478Ter)	55624	POMGNT1	HGNC:19139	Likely pathogenic	1	Dec 08, 2024	-1	-	RCV005631415
3392501	single nucleotide variant	NM_130837.3(OPA1):c.1870+1G>C	4976	OPA1	HGNC:8140	Pathogenic	1	Mar 14, 2024	879255595	-	RCV004527521
3084831	single nucleotide variant	NM_005373.3(MPL):c.690+2T>C	4352	MPL	HGNC:7217	Likely pathogenic	1	Oct 04, 2023	2153916885	-	RCV003793504
855842	single nucleotide variant	NM_007294.4(BRCA1):c.80+2T>C	672	BRCA1	HGNC:1100	Pathogenic	1	Sep 25, 2023	80358128	-	RCV001077724|RCV005394731
4924396	single nucleotide variant	NM_001458.5(FLNC):c.5668+1G>C	2318	FLNC	HGNC:3756	Likely pathogenic	1	Sep 08, 2025	-1	-	RCV006634719
917798	single nucleotide variant	NM_000187.4(HGD):c.536T>G (p.Ile179Ser)	3081	HGD	HGNC:4892	Likely pathogenic	1	Mar 03, 2020	1031569954	-	RCV001194659
4907802	single nucleotide variant	NM_001089.3(ABCA3):c.494G>A (p.Trp165Ter)	21	ABCA3	HGNC:33	Pathogenic	1	-	-1	-	RCV006606085
22529	single nucleotide variant	NM_002775.5(HTRA1):c.754G>A (p.Ala252Thr)	5654	HTRA1	HGNC:9476	Pathogenic	1	May 22, 2025	113993968	-	RCV000007919|RCV005414319
3224337	single nucleotide variant	NM_000165.5(GJA1):c.690T>G (p.Tyr230Ter)	2697	GJA1	HGNC:4274	Likely pathogenic	1	Mar 17, 2024	775689247	-	RCV003988719
48453	single nucleotide variant	NM_001283.5(AP1S1):c.183-2A>G	1174	AP1S1	HGNC:559	Pathogenic	1	Sep 11, 2025	751430853	-	RCV000033081|RCV003574705|RCV004758617
4017344	single nucleotide variant	NM_014270.5(SLC7A9):c.291T>A (p.Tyr97Ter)	11136	SLC7A9	HGNC:11067	Likely pathogenic	1	Dec 09, 2024	-1	-	RCV005417001
1314724	single nucleotide variant	NM_000155.4(GALT):c.957C>G (p.His319Gln)	2592	GALT	HGNC:4135	Pathogenic/Likely pathogenic	1	Apr 24, 2025	111033792	-	RCV001782172
187026	single nucleotide variant	NM_000271.5(NPC1):c.2819C>T (p.Ser940Leu)	4864	NPC1	HGNC:7897	Pathogenic/Likely pathogenic	1	Apr 29, 2026	143124972	-	RCV000169010|RCV000728524|RCV000781669
815334	single nucleotide variant	NM_005732.4(RAD50):c.551+2T>C	10111	RAD50	HGNC:9816	Pathogenic/Likely pathogenic	1	Jan 20, 2023	1580987375	-	RCV001024210|RCV001784561
78983	single nucleotide variant	NM_152564.5(VPS13B):c.8217C>A (p.Cys2739Ter)	157680	VPS13B	HGNC:2183	Pathogenic	1	-	180177369	-	RCV000058905
4390688	single nucleotide variant	NM_001160372.4(TRAPPC9):c.183C>A (p.Tyr61Ter)	83696	TRAPPC9	HGNC:30832	Likely pathogenic	1	Sep 10, 2025	-1	-	RCV005859766
369748	single nucleotide variant	NM_001032221.6(STXBP1):c.794+5G>A	6812	STXBP1	HGNC:11444	Pathogenic	1	Aug 09, 2018	1057520631	-	RCV000444271|RCV001265150
3495366	single nucleotide variant	NM_018249.6(CDK5RAP2):c.1968G>C (p.Lys656Asn)	55755	CDK5RAP2	HGNC:18672	Likely pathogenic	1	Aug 01, 2024	-1	-	RCV005055026
3397858	single nucleotide variant	NM_005276.4(GPD1):c.806G>A (p.Arg269Gln)	2819	GPD1	HGNC:4455	Pathogenic	1	Jun 06, 2024	369575243	-	RCV004573501
516664	single nucleotide variant	NM_001165963.4(SCN1A):c.1178G>C (p.Arg393Pro)	6323	SCN1A	HGNC:10585	Pathogenic	1	May 21, 2021	121917927	-	RCV006607361
59350	single nucleotide variant	NM_000548.5(TSC2):c.136A>T (p.Arg46Ter)	7249	TSC2	HGNC:12363	Pathogenic	1	Apr 09, 2020	137854266	-	RCV000043457|RCV002470737
482050	single nucleotide variant	NM_000161.3(GCH1):c.541+1G>T	2643	GCH1	HGNC:4193	Pathogenic	1	Sep 01, 2021	1555358599	-	RCV000579215|RCV001059581
3050990	single nucleotide variant	NM_000540.3(RYR1):c.11517-2A>G	6261	RYR1	HGNC:10483	Likely pathogenic	1	Jul 15, 2023	2514535463	-	RCV003758111
539877	single nucleotide variant	NM_000138.5(FBN1):c.1579G>T (p.Glu527Ter)	2200	FBN1	HGNC:3603	Pathogenic	1	Nov 07, 2017	1555400267	-	RCV000663471
1393579	single nucleotide variant	NM_001079866.2(BCS1L):c.916C>T (p.Arg306Cys)	617	BCS1L	HGNC:1020	Pathogenic/Likely pathogenic	1	Jan 28, 2026	1197613485	-	RCV001972684|RCV002492132|RCV003475238|RCV006639281|RCV005361873
1436560	single nucleotide variant	NM_000092.5(COL4A4):c.4217-1G>A	1286	COL4A4	HGNC:2206	Likely pathogenic	1	Jan 26, 2021	1161487989	-	RCV001998423
1055761	single nucleotide variant	NM_014425.5(INVS):c.2786+1G>A	27130	INVS	HGNC:17870	Pathogenic/Likely pathogenic	1	Jan 27, 2025	935629850	-	RCV001378836|RCV002504632
5072303	single nucleotide variant	NM_058172.6(ANTXR2):c.1086+1G>A	118429	ANTXR2	HGNC:21732	Likely pathogenic	1	Sep 22, 2020	-1	-	RCV006955688
22782	single nucleotide variant	NM_000104.4(CYP1B1):c.1267A>T (p.Asn423Tyr)	1545	CYP1B1	HGNC:2597	Likely pathogenic	1	Apr 28, 2023	104893629	-	RCV000008183|RCV000008184|RCV003230351|RCV003593857
964268	single nucleotide variant	NM_001374828.1(ARID1B):c.1789C>T (p.Gln597Ter)	57492	ARID1B	HGNC:18040	Pathogenic/Likely pathogenic	1	Jul 15, 2021	1779032666	-	RCV001253257|RCV001255334|RCV001267290
33318	single nucleotide variant	NM_001100.4(ACTA1):c.287T>C (p.Leu96Pro)	58	ACTA1	HGNC:129	Pathogenic/Likely pathogenic	1	Aug 09, 2022	121909519	-	RCV000019941|RCV001731311|RCV003151730
477443	single nucleotide variant	NM_000059.4(BRCA2):c.7435+2T>C	675	BRCA2	HGNC:1101	Likely pathogenic	1	Apr 24, 2026	1434072252	-	RCV000562430
1054085	single nucleotide variant	NM_152564.5(VPS13B):c.580+1G>T	157680	VPS13B	HGNC:2183	Likely pathogenic	1	Jan 20, 2024	1846848656	-	RCV001376194
1666386	single nucleotide variant	NM_002880.4(RAF1):c.806C>T (p.Thr269Ile)	5894	RAF1	HGNC:9829	Likely pathogenic	1	-	2058951328	-	RCV002208731
4962921	single nucleotide variant	NM_000388.4(CASR):c.2405A>T (p.Asn802Ile)	846	CASR	HGNC:1514	Pathogenic	1	Mar 03, 2025	-1	-	RCV006699017
3501951	single nucleotide variant	NM_145038.5(DRC1):c.1205G>A (p.Trp402Ter)	92749	DRC1	HGNC:24245	Pathogenic	1	Nov 17, 2023	-1	-	RCV004729479
1843017	single nucleotide variant	NM_000249.4(MLH1):c.1942C>A (p.Pro648Thr)	4292	MLH1	HGNC:7127	Likely pathogenic	1	Jun 21, 2022	63750899	-	RCV002413199
4927198	single nucleotide variant	NM_138694.4(PKHD1):c.8441-1G>C	5314	PKHD1	HGNC:9016	Likely pathogenic	1	May 22, 2024	-1	-	RCV006640336
2832164	single nucleotide variant	NM_001851.6(COL9A1):c.1450-1G>T	1297	COL9A1	HGNC:2217	Likely pathogenic	1	Mar 21, 2023	755976129	-	RCV003447689
4984625	single nucleotide variant	NM_005902.4(SMAD3):c.1183T>C (p.Trp395Arg)	4088	SMAD3	HGNC:6769	Likely pathogenic	1	Jun 01, 2026	-1	-	RCV006734735
536149	single nucleotide variant	NM_001010867.4(IBA57):c.940C>T (p.Gln314Ter)	200205	IBA57	HGNC:27302	Pathogenic	1	Jun 25, 2018	1553264773	-	RCV000656687
3506840	single nucleotide variant	NM_003392.7(WNT5A):c.830G>C (p.Arg277Pro)	7474	WNT5A	HGNC:12784	Likely pathogenic	1	Jul 10, 2024	-1	-	RCV004730728
38717	single nucleotide variant	NM_005544.3(IRS1):c.1823C>G (p.Thr608Arg)	3667	IRS1	HGNC:6125	Pathogenic	1	Apr 01, 2003	104893642	-	RCV000022626
1802092	single nucleotide variant	NM_007294.4(BRCA1):c.4875T>G (p.Tyr1625Ter)	672	BRCA1	HGNC:1100	Pathogenic	1	Sep 18, 2023	886040251	-	RCV002330816|RCV003530237
2751931	single nucleotide variant	NM_001005273.3(CHD3):c.5092C>T (p.Arg1698Ter)	1107	CHD3	HGNC:1918	Likely pathogenic	1	Jan 30, 2023	2545112217	-	RCV003335813
3005132	single nucleotide variant	NM_003742.4(ABCB11):c.3448C>T (p.Gln1150Ter)	8647	ABCB11	HGNC:42	Pathogenic	1	Jun 27, 2023	1355492492	-	RCV003690376
2842061	single nucleotide variant	NM_000251.3(MSH2):c.2087C>G (p.Pro696Arg)	4436	MSH2	HGNC:7325	Likely pathogenic	1	Aug 07, 2023	267607994	-	RCV003454366
3543110	single nucleotide variant	NM_001143830.3(GAS2):c.533C>T (p.Thr178Ile)	2620	GAS2	HGNC:4167	Likely pathogenic	1	Jan 06, 2024	-1	-	RCV004798694
4649055	single nucleotide variant	NM_020795.4(NLGN2):c.1517A>G (p.Tyr506Cys)	57555	NLGN2	HGNC:14290	Likely pathogenic	1	Jun 12, 2025	-1	-	RCV006270742
2834539	single nucleotide variant	NM_022081.6(HPS4):c.232A>T (p.Arg78Ter)	89781	HPS4	HGNC:15844	Likely pathogenic	1	Oct 03, 2023	907021617	-	RCV003461731
577447	single nucleotide variant	NM_003361.4(UMOD):c.610C>G (p.Arg204Gly)	7369	UMOD	HGNC:12559	Pathogenic/Likely pathogenic	1	Mar 15, 2022	1567310019	-	RCV000714155|RCV002499299
1398110	single nucleotide variant	NM_001042492.3(NF1):c.5583T>G (p.Asn1861Lys)	4763	NF1	HGNC:7765	Likely pathogenic	1	May 02, 2021	2151541871	-	RCV001977206
958043	single nucleotide variant	NM_001042492.3(NF1):c.2774T>A (p.Leu925Ter)	4763	NF1	HGNC:7765	Pathogenic	1	Oct 10, 2019	2067073241	-	RCV001239404
358297	single nucleotide variant	NM_002225.5(IVD):c.232C>T (p.Arg78Ter)	3712	IVD	HGNC:6186	Pathogenic	1	Jun 27, 2025	765815516	-	RCV000410639|RCV000413831
1336524	single nucleotide variant	NM_004998.4(MYO1E):c.1228G>A (p.Glu410Lys)	4643	MYO1E	HGNC:7599	Likely pathogenic	1	Nov 10, 2017	2140342702	-	RCV001849753
999215	single nucleotide variant	NM_001347721.2(DYRK1A):c.476G>T (p.Gly159Val)	1859	DYRK1A	HGNC:3091	Likely pathogenic	1	Aug 27, 2021	1064796406	-	RCV001294451
54238	single nucleotide variant	NM_001005242.3(PKP2):c.2357+1G>T	5318	PKP2	HGNC:9024	Pathogenic/Likely pathogenic	1	Oct 01, 2025	111517471	-	RCV000038212|RCV000183715|RCV001262835
625298	single nucleotide variant	NM_022489.4(INF2):c.206T>C (p.Leu69Pro)	64423	INF2	HGNC:23791	Likely pathogenic	1	Jan 26, 2025	1595163820	-	RCV000789992|RCV005870873
195826	single nucleotide variant	NM_004006.3(DMD):c.10554-2A>G	1756	DMD	HGNC:2928	Pathogenic/Likely pathogenic	1	Jun 27, 2022	794727890	-	RCV000180065|RCV002515288
105076	single nucleotide variant	NM_000350.3(ABCA4):c.302+1G>A	24	ABCA4	HGNC:34	Pathogenic	1	Dec 21, 2025	61751413	-	RCV000085536|RCV006766843
186608	single nucleotide variant	NM_005562.3(LAMC2):c.667C>T (p.Arg223Ter)	3918	LAMC2	HGNC:6493	Pathogenic	1	Mar 23, 2024	753268823	-	RCV000169121|RCV001201907|RCV005008088
788719	single nucleotide variant	NM_001412.4(EIF1AX):c.295G>A (p.Glu99Lys)	1964	EIF1AX	HGNC:3250	Likely pathogenic	1	Aug 31, 2019	1603415028	-	RCV000984125
5068326	single nucleotide variant	NM_033380.3(COL4A5):c.1939G>A (p.Gly647Arg)	1287	COL4A5	HGNC:2207	Likely pathogenic	1	Sep 22, 2021	-1	-	RCV006926060
21751	single nucleotide variant	NM_004629.2(FANCG):c.313G>T (p.Glu105Ter)	2189	FANCG	HGNC:3588	Pathogenic	1	Jul 06, 2026	121434425	-	RCV000007104|RCV000706520|RCV001091823|RCV006756568|RCV006791252
818291	single nucleotide variant	NM_005142.3(CBLIF):c.661G>A (p.Gly221Arg)	2694	CBLIF	HGNC:4268	Likely pathogenic	1	Oct 08, 2019	1590859406	-	RCV001029986
1708911	single nucleotide variant	NM_024685.4(BBS10):c.569T>C (p.Ile190Thr)	79738	BBS10	HGNC:26291	Likely pathogenic	1	Mar 30, 2021	2540956687	-	RCV002291522
524794	single nucleotide variant	NM_000264.5(PTCH1):c.1209T>G (p.Tyr403Ter)	5727	PTCH1	HGNC:9585	Pathogenic	1	Feb 18, 2023	1432645175	-	RCV000628408|RCV002358749
27075	single nucleotide variant	NM_000892.5(KLKB1):c.367G>A (p.Gly123Arg)	3818	KLKB1	HGNC:6371	Pathogenic	1	Jul 01, 2007	121964952	-	RCV000012816
2668627	single nucleotide variant	NM_006031.6(PCNT):c.1345-1G>T	5116	PCNT	HGNC:16068	Likely pathogenic	1	Apr 01, 2023	2518099526	-	RCV003326719
806523	single nucleotide variant	NM_000143.4(FH):c.1390G>A (p.Gly464Arg)	2271	FH	HGNC:3700	Likely pathogenic	1	Mar 31, 2026	1573877922	-	RCV001011297
213587	single nucleotide variant	NM_015046.7(SETX):c.6106G>A (p.Gly2036Arg)	23064	SETX	HGNC:445	Likely pathogenic	1	Mar 31, 2025	863224919	-	RCV001723827|RCV005251106
1429426	single nucleotide variant	NM_000553.6(WRN):c.255G>A (p.Trp85Ter)	7486	WRN	HGNC:12791	Pathogenic	1	Sep 06, 2023	2130032264	-	RCV001993139
1670654	single nucleotide variant	NM_001163435.3(TBCK):c.1108C>T (p.Arg370Ter)	93627	TBCK	HGNC:28261	Pathogenic/Likely pathogenic	1	Jan 14, 2025	1452578209	-	RCV002226174|RCV005254032
51545	single nucleotide variant	NM_000138.5(FBN1):c.4942G>A (p.Asp1648Asn)	2200	FBN1	HGNC:3603	Pathogenic/Likely pathogenic	1	Oct 11, 2024	397515816	-	RCV000035216|RCV002513353
446653	single nucleotide variant	NM_001356.5(DDX3X):c.592A>C (p.Thr198Pro)	1654	DDX3X	HGNC:2745	Likely pathogenic	1	Oct 30, 2017	1555953158	-	RCV000522090
634309	single nucleotide variant	NM_002439.5(MSH3):c.2179C>T (p.Arg727Ter)	4437	MSH3	HGNC:7326	Pathogenic/Likely pathogenic	1	Jan 27, 2026	376667075	-	RCV000817435|RCV002427027|RCV003458547|RCV003461246
3093459	single nucleotide variant	NM_000182.5(HADHA):c.1917T>A (p.Tyr639Ter)	3030	HADHA	HGNC:4801	Pathogenic/Likely pathogenic	1	Mar 15, 2024	2465508638	-	RCV003784463|RCV004573310
544845	single nucleotide variant	NM_152564.5(VPS13B):c.3666+2T>A	157680	VPS13B	HGNC:2183	Likely pathogenic	1	Feb 09, 2018	386834082	-	RCV000672548
67793	single nucleotide variant	NM_000218.3(KCNQ1):c.917G>T (p.Gly306Val)	3784	KCNQ1	HGNC:6294	Likely pathogenic	1	Dec 17, 2025	199472742	-	RCV000057799|RCV006659176
2944328	single nucleotide variant	NM_001854.4(COL11A1):c.4417C>T (p.Arg1473Ter)	1301	COL11A1	HGNC:2186	Pathogenic	1	Mar 30, 2025	1185917760	-	RCV003659483
3890519	single nucleotide variant	NM_001256317.3(TMPRSS3):c.572+2T>G	64699	TMPRSS3	HGNC:11877	Likely pathogenic	1	Mar 12, 2025	-1	-	RCV005638718
965811	single nucleotide variant	NM_177987.3(TUBB8):c.394G>T (p.Gly132Cys)	347688	TUBB8	HGNC:20773	Likely pathogenic	1	Aug 31, 2020	782492611	-	RCV001255433
425438	single nucleotide variant	NM_001267550.2(TTN):c.100927C>T (p.Gln33643Ter)	7273	TTN	HGNC:12403	Likely pathogenic	1	Jul 11, 2016	1553500506	-	RCV000497701
443926	single nucleotide variant	NM_001374828.1(ARID1B):c.5110C>T (p.Gln1704Ter)	57492	ARID1B	HGNC:18040	Pathogenic	1	Oct 05, 2022	1554235950	-	RCV000521189
1244585	single nucleotide variant	NM_004826.4(ECEL1):c.1185-2A>G	9427	ECEL1	HGNC:3147	Pathogenic	1	Aug 26, 2021	2106185000	-	RCV001658834
5083922	single nucleotide variant	NM_000410.4(HFE):c.244C>T (p.Gln82Ter)	-1	HFE;HFE-AS1	-	Likely pathogenic	1	Nov 11, 2020	-1	-	RCV006979105
794008	single nucleotide variant	NM_014946.4(SPAST):c.1174-1G>C	6683	SPAST	HGNC:11233	Pathogenic	1	Sep 23, 2023	1553317024	-	RCV000993060|RCV003523053
3019692	single nucleotide variant	NM_001164508.2(NEB):c.22914T>A (p.Tyr7638Ter)	4703	NEB	HGNC:7720	Pathogenic	1	Jul 30, 2025	1035343199	-	RCV003628639
544496	single nucleotide variant	NM_000492.4(CFTR):c.4272C>A (p.Tyr1424Ter)	1080	CFTR	HGNC:1884	Pathogenic/Likely pathogenic	1	Aug 07, 2025	1800135	-	RCV000670985|RCV006644613
834163	single nucleotide variant	NM_000498.3(CYP11B2):c.953C>T (p.Thr318Met)	1585	CYP11B2	HGNC:2592	Pathogenic/Likely pathogenic	1	Nov 17, 2025	765921219	-	RCV001058716|RCV002497435|RCV006644692|RCV006799583
1446207	single nucleotide variant	NM_006567.5(FARS2):c.425A>G (p.Asp142Gly)	10667	FARS2	HGNC:21062	Likely pathogenic	1	Oct 24, 2024	2127643852	-	RCV001989047
4013400	single nucleotide variant	NM_000049.4(ASPA):c.415A>G (p.Met139Val)	443	ASPA	HGNC:756	Likely pathogenic	1	-	-1	-	RCV005410864
1310476	single nucleotide variant	NM_057175.5(NAA15):c.1118T>A (p.Leu373Ter)	80155	NAA15	HGNC:30782	Likely pathogenic	1	Oct 02, 2021	2110948948	-	RCV001775404
611753	single nucleotide variant	NM_017635.5(KMT5B):c.2434C>T (p.Arg812Ter)	51111	KMT5B	HGNC:24283	Likely pathogenic	1	Feb 22, 2024	1565212298	-	RCV000760963|RCV004027176
16217	single nucleotide variant	NM_000497.4(CYP11B1):c.956C>T (p.Thr319Met)	1584	CYP11B1	HGNC:2591	Pathogenic/Likely pathogenic	1	May 17, 2024	104894068	-	RCV000001237|RCV001781159|RCV002247232|RCV002496224
214073	single nucleotide variant	NM_024649.5(BBS1):c.48-3C>G	582	BBS1	HGNC:966	Pathogenic	1	Oct 05, 2015	869025204	-	RCV000207828
38536	single nucleotide variant	NM_000079.4(CHRNA1):c.997C>T (p.Arg333Trp)	1134	CHRNA1	HGNC:1955	Pathogenic/Likely pathogenic	1	Mar 24, 2026	374391312	-	RCV000022418|RCV000803477|RCV002255118|RCV006688361
2748448	single nucleotide variant	NM_000162.5(GCK):c.863+5G>A	2645	GCK	HGNC:4195	Likely pathogenic	1	Nov 01, 2022	2484512979	-	RCV003330057
198450	single nucleotide variant	NM_001005242.3(PKP2):c.397C>T (p.Gln133Ter)	5318	PKP2	HGNC:9024	Pathogenic	1	Dec 06, 2023	794729132	-	RCV000183801|RCV000624999|RCV001193344|RCV002354495
212489	single nucleotide variant	NM_005732.4(RAD50):c.3553C>T (p.Arg1185Ter)	10111	RAD50	HGNC:9816	Pathogenic/Likely pathogenic	1	Jan 25, 2026	778555849	-	RCV000199364|RCV000369650|RCV003462312|RCV006967363
19779	single nucleotide variant	NM_018389.5(SLC35C1):c.923C>G (p.Thr308Arg)	55343	SLC35C1	HGNC:20197	Pathogenic	1	Jun 15, 2002	28937886	-	RCV000005006
5067748	single nucleotide variant	NM_000330.4(RS1):c.214G>T (p.Glu72Ter)	-1	CDKL5;RS1	-	Pathogenic	1	Mar 18, 2024	-1	-	RCV006933283
553274	single nucleotide variant	NM_000307.5(POU3F4):c.478C>T (p.Gln160Ter)	5456	POU3F4	HGNC:9217	Pathogenic	1	Jul 05, 2018	1569280235	-	RCV000681550
4651019	single nucleotide variant	NM_001243133.2(NLRP3):c.1695A>C (p.Lys565Asn)	114548	NLRP3	HGNC:16400	Likely pathogenic	1	Dec 29, 2025	-1	-	RCV006273173
31255	single nucleotide variant	NM_020686.6(ABAT):c.659G>A (p.Arg220Lys)	18	ABAT	HGNC:23	Pathogenic	1	Jan 01, 2014	121434578	-	RCV000017603
2969855	single nucleotide variant	NM_000528.4(MAN2B1):c.681G>A (p.Trp227Ter)	4125	MAN2B1	HGNC:6826	Pathogenic/Likely pathogenic	1	Feb 27, 2024	2512512433	-	RCV003601597
20595	single nucleotide variant	NM_003896.4(ST3GAL5):c.862C>T (p.Arg288Ter)	8869	ST3GAL5	HGNC:10872	Pathogenic	1	Jun 11, 2025	104893668	-	RCV000005895|RCV001553145|RCV003904809
460232	single nucleotide variant	NM_001083116.3(PRF1):c.133G>A (p.Gly45Arg)	5551	PRF1	HGNC:9360	Pathogenic	1	Aug 07, 2025	578092914	-	RCV000534759|RCV003476291|RCV004696940|RCV004754465
852315	single nucleotide variant	NM_000051.4(ATM):c.4236+2T>A	472	ATM	HGNC:795	Likely pathogenic	1	Feb 06, 2019	1229926683	-	RCV001053047
16244	single nucleotide variant	NM_000429.3(MAT1A):c.914T>C (p.Leu305Pro)	4143	MAT1A	HGNC:6903	Pathogenic	1	Oct 01, 1995	118204004	-	RCV000001264
1163082	single nucleotide variant	NM_000543.5(SMPD1):c.1518C>A (p.Tyr506Ter)	6609	SMPD1	HGNC:11120	Likely pathogenic	1	Apr 25, 2021	943924098	-	RCV001527431
2915372	single nucleotide variant	NM_000147.5(FUCA1):c.969+1G>T	2517	FUCA1	HGNC:4006	Pathogenic	1	Jan 18, 2024	1570679652	-	RCV003495621
221070	single nucleotide variant	NM_017617.5(NOTCH1):c.1343G>A (p.Arg448Gln)	4851	NOTCH1	HGNC:7881	Pathogenic	1	Feb 24, 2015	864622056	-	RCV000203986
262809	single nucleotide variant	NM_000059.4(BRCA2):c.516+1G>T	675	BRCA2	HGNC:1101	Pathogenic/Likely pathogenic	1	Feb 27, 2025	397507762	-	RCV000258288|RCV001723868|RCV001855044|RCV002338818
45875	single nucleotide variant	NM_006516.4(SLC2A1):c.694C>T (p.Arg232Cys)	6513	SLC2A1	HGNC:11005	Pathogenic/Likely pathogenic	1	Jul 29, 2025	387907313	-	RCV000030841|RCV000189356|RCV001063268|RCV003445091
180280	single nucleotide variant	NM_002485.5(NBN):c.2117C>G (p.Ser706Ter)	4683	NBN	HGNC:7652	Pathogenic/Likely pathogenic	1	Jan 29, 2026	730881857	-	RCV000160795|RCV000212754|RCV000409031|RCV001535781|RCV003467263|RCV003407597
622738	single nucleotide variant	NM_000129.4(F13A1):c.563G>T (p.Trp188Leu)	2162	F13A1	HGNC:3531	Pathogenic	1	-	1561673120	-	RCV000785755
4967329	single nucleotide variant	NM_001253852.3(AP4B1):c.1399G>T (p.Glu467Ter)	10717	AP4B1	HGNC:572	Pathogenic	1	Jun 02, 2026	-1	-	RCV006704431
2834315	single nucleotide variant	NM_000400.4(ERCC2):c.1663C>T (p.Gln555Ter)	2068	ERCC2	HGNC:3434	Pathogenic/Likely pathogenic	1	May 12, 2026	753505084	-	RCV003467921|RCV003669427|RCV006703408
551513	single nucleotide variant	NM_206933.4(USH2A):c.6722C>T (p.Pro2241Leu)	7399	USH2A	HGNC:12601	Pathogenic/Likely pathogenic	1	Jan 24, 2025	1057518826	-	RCV000678653|RCV001042036|RCV001724131|RCV002283505|RCV002469254
940765	single nucleotide variant	NM_000158.4(GBE1):c.1618+1G>A	2632	GBE1	HGNC:4180	Pathogenic/Likely pathogenic	1	Jan 08, 2025	1703670302	-	RCV001218759|RCV003462743
421328	single nucleotide variant	NM_001267550.2(TTN):c.73504G>T (p.Glu24502Ter)	7273	TTN	HGNC:12403	Pathogenic	1	Sep 16, 2015	1131691543	-	RCV000494574
1701436	single nucleotide variant	NM_207581.4(DUOXA2):c.228G>T (p.Trp76Cys)	405753	DUOXA2	HGNC:32698	Likely pathogenic	1	Sep 01, 2022	377426710	-	RCV002283662
1214334	single nucleotide variant	NM_000493.4(COL10A1):c.1896C>G (p.Tyr632Ter)	-1	NT5DC1;COL10A1	-	Pathogenic	1	Dec 21, 2018	111033548	-	RCV006768154
4963289	single nucleotide variant	NM_033380.3(COL4A5):c.2051G>C (p.Gly684Ala)	1287	COL4A5	HGNC:2207	Likely pathogenic	1	May 06, 2026	-1	-	RCV006699824
940999	single nucleotide variant	NM_000256.3(MYBPC3):c.1458-1G>T	4607	MYBPC3	HGNC:7551	Pathogenic	1	Nov 09, 2023	397515903	-	RCV001220640
1471771	single nucleotide variant	NM_213599.3(ANO5):c.1333-2A>G	203859	ANO5	HGNC:27337	Likely pathogenic	1	Oct 06, 2021	2133730668	-	RCV002008654
929600	single nucleotide variant	NM_000033.4(ABCD1):c.411G>A (p.Trp137Ter)	215	ABCD1	HGNC:61	Pathogenic	1	Jun 30, 2022	2091706547	-	RCV001223136|RCV002322079|RCV003132290
621058	single nucleotide variant	NM_000157.4(GBA1):c.709A>G (p.Lys237Glu)	2629	GBA1	HGNC:4177	Pathogenic/Likely pathogenic	1	Jan 25, 2026	773409311	-	RCV000781408|RCV003144585
1668503	single nucleotide variant	NM_016148.5(SHANK1):c.1198C>T (p.Arg400Ter)	50944	SHANK1	HGNC:15474	Pathogenic	1	Jan 10, 2025	2123178553	-	RCV002222784
438263	single nucleotide variant	NM_130837.3(OPA1):c.865G>T (p.Glu289Ter)	4976	OPA1	HGNC:8140	Pathogenic/Likely pathogenic	1	Jun 26, 2024	1319065221	-	RCV000513373
3552237	single nucleotide variant	NM_030943.4(AMN):c.43+5G>A	81693	AMN	HGNC:14604	Likely pathogenic	1	Dec 19, 2024	-1	-	RCV004821095
3184485	single nucleotide variant	NM_001415.4(EIF2S3):c.620T>C (p.Ile207Thr)	1968	EIF2S3	HGNC:3267	Likely pathogenic	1	-	2518575520	-	RCV003883274
3019164	single nucleotide variant	NM_001127898.4(CLCN5):c.604-1G>C	1184	CLCN5	HGNC:2023	Likely pathogenic	1	Apr 10, 2024	2519419185	-	RCV003700095|RCV006708599
3085845	single nucleotide variant	NM_001329943.3(KIAA0586):c.961+1G>A	9786	KIAA0586	HGNC:19960	Pathogenic	1	May 09, 2023	2542905627	-	RCV003783215
4961016	single nucleotide variant	NM_019074.4(DLL4):c.1240+5G>A	54567	DLL4	HGNC:2910	Likely pathogenic	1	Sep 02, 2025	-1	-	RCV006694685
921526	single nucleotide variant	NM_015378.4(VPS13D):c.946C>T (p.Arg316Ter)	55187	VPS13D	HGNC:23595	Pathogenic/Likely pathogenic	1	Apr 06, 2020	758368974	-	RCV001201341|RCV001239940
2543923	single nucleotide variant	NM_001015877.2(PHF6):c.146C>T (p.Ser49Leu)	84295	PHF6	HGNC:18145	Likely pathogenic	1	May 12, 2023	2520470317	-	RCV003228888
861570	single nucleotide variant	NM_000170.3(GLDC):c.2167C>T (p.Gln723Ter)	2731	GLDC	HGNC:4313	Pathogenic/Likely pathogenic	1	Sep 15, 2025	779434645	-	RCV001095655
201370	single nucleotide variant	NM_001040142.2(SCN2A):c.4264A>G (p.Lys1422Glu)	6326	SCN2A	HGNC:10588	Pathogenic	1	Jun 05, 2018	796053137	-	RCV000189150|RCV001265491|RCV003325951
2833465	single nucleotide variant	NM_000329.3(RPE65):c.353+1G>A	6121	RPE65	HGNC:10294	Likely pathogenic	1	Feb 12, 2023	61752876	-	RCV003466252
27593	single nucleotide variant	NM_001354712.2(THRB):c.700G>A (p.Ala234Thr)	7068	THRB	HGNC:11799	Pathogenic	1	Jun 29, 2026	121918694	-	RCV000013381|RCV000502150|RCV001284717|RCV006738131|RCV006937985
798814	single nucleotide variant	NM_001356.5(DDX3X):c.1316-2A>G	1654	DDX3X	HGNC:2745	Pathogenic	1	Oct 16, 2019	1602135698	-	RCV000995529
3106788	single nucleotide variant	NM_000083.3(CLCN1):c.1484G>A (p.Gly495Glu)	1180	CLCN1	HGNC:2019	Likely pathogenic	1	Nov 07, 2023	1255229981	-	RCV003797318
4882368	single nucleotide variant	NM_000061.3(BTK):c.931A>T (p.Lys311Ter)	695	BTK	HGNC:1133	Pathogenic	1	Apr 28, 2025	-1	-	RCV006576467
4926571	single nucleotide variant	NM_001360.3(DHCR7):c.829C>T (p.Gln277Ter)	1717	DHCR7	HGNC:2860	Likely pathogenic	1	Feb 22, 2024	-1	-	RCV006639889
1478892	single nucleotide variant	NM_000143.4(FH):c.915T>G (p.Phe305Leu)	2271	FH	HGNC:3700	Likely pathogenic	1	Aug 13, 2021	2147916371	-	RCV002548762
947228	single nucleotide variant	NM_000051.4(ATM):c.3687C>A (p.Tyr1229Ter)	472	ATM	HGNC:795	Pathogenic/Likely pathogenic	1	Dec 04, 2024	2082303743	-	RCV001234931|RCV003373071|RCV004570593
964060	single nucleotide variant	NM_000156.6(GAMT):c.392-2A>G	2593	GAMT	HGNC:4136	Likely pathogenic	1	Apr 29, 2026	2082618808	-	RCV001251993|RCV001879840|RCV002222687
3818775	single nucleotide variant	NM_001852.4(COL9A2):c.823C>T (p.Arg275Ter)	1298	COL9A2	HGNC:2218	Pathogenic	1	Nov 29, 2024	-1	-	RCV005158781
4996242	single nucleotide variant	NM_007315.4(STAT1):c.1489C>T (p.Gln497Ter)	6772	STAT1	HGNC:11362	Likely pathogenic	1	Aug 02, 2025	-1	-	RCV006752111
463440	single nucleotide variant	NM_000282.4(PCCA):c.2119-9A>G	5095	PCCA	HGNC:8653	Pathogenic/Likely pathogenic	1	Jan 14, 2026	1389933015	-	RCV000534995
1377704	single nucleotide variant	NM_003835.4(RGS9):c.619C>T (p.Arg207Ter)	8787	RGS9	HGNC:10004	Pathogenic	1	May 05, 2025	1420558923	-	RCV001948118
3020288	single nucleotide variant	NM_001457.4(FLNB):c.2863+1G>A	2317	FLNB	HGNC:3755	Likely pathogenic	1	Sep 03, 2023	2471110969	-	RCV003700356
529235	single nucleotide variant	NM_025137.4(SPG11):c.2857G>T (p.Glu953Ter)	80208	SPG11	HGNC:11226	Pathogenic/Likely pathogenic	1	Aug 24, 2025	372906057	-	RCV000642550|RCV002282282|RCV005000438|RCV005010624
2413246	single nucleotide variant	NM_015295.3(SMCHD1):c.3938C>G (p.Ser1313Ter)	23347	SMCHD1	HGNC:29090	Pathogenic/Likely pathogenic	1	Feb 09, 2023	1345926097	-	RCV003134163|RCV003649427
611615	single nucleotide variant	NM_005612.5(REST):c.2227G>T (p.Glu743Ter)	5978	REST	HGNC:9966	Pathogenic	1	Oct 27, 2018	777288773	-	RCV000760805
5070740	single nucleotide variant	NM_004369.4(COL6A3):c.1309C>T (p.Gln437Ter)	1293	COL6A3	HGNC:2213	Likely pathogenic	1	Oct 12, 2022	-1	-	RCV006941133
611773	single nucleotide variant	NM_000424.4(KRT5):c.1363G>T (p.Glu455Ter)	3852	KRT5	HGNC:6442	Pathogenic	1	Sep 27, 2018	1294665232	-	RCV000760721
2410409	single nucleotide variant	NM_001355436.2(SPTB):c.4624C>T (p.Gln1542Ter)	6710	SPTB	HGNC:11274	Likely pathogenic	1	Dec 05, 2024	2503071579	-	RCV003132717
217215	single nucleotide variant	NM_001371986.1(UNC80):c.1078C>T (p.Arg360Ter)	285175	UNC80	HGNC:26582	Pathogenic/Likely pathogenic	1	Feb 13, 2023	200659479	-	RCV000207471|RCV000203562|RCV003556261|RCV004528993
3529631	single nucleotide variant	NM_078474.3(TM2D3):c.503G>A (p.Gly168Asp)	80213	TM2D3	HGNC:24128	Pathogenic/Likely pathogenic	1	Oct 10, 2025	-1	-	RCV005863915|RCV005402167
1047363	single nucleotide variant	NM_001370259.2(MEN1):c.1031C>G (p.Thr344Arg)	4221	MEN1	HGNC:7010	Pathogenic	1	Nov 29, 2022	1259681826	-	RCV001368588
1015575	single nucleotide variant	NM_000702.4(ATP1A2):c.1843G>A (p.Gly615Arg)	477	ATP1A2	HGNC:800	Pathogenic/Likely pathogenic	1	Dec 13, 2025	770053423	-	RCV001331358|RCV002546466
1174841	single nucleotide variant	NM_001005242.3(PKP2):c.869G>A (p.Trp290Ter)	5318	PKP2	HGNC:9024	Pathogenic	1	Jun 17, 2021	2137947204	-	RCV001543547
3726816	single nucleotide variant	NM_138413.4(HOGA1):c.166A>T (p.Lys56Ter)	112817	HOGA1	HGNC:25155	Likely pathogenic	1	May 29, 2024	-1	-	RCV005049934
3400397	single nucleotide variant	NM_000126.4(ETFA):c.451+1G>T	2108	ETFA	HGNC:3481	Likely pathogenic	1	Jan 04, 2024	780367967	-	RCV004576400
226852	single nucleotide variant	NM_000048.4(ASL):c.257A>C (p.Glu86Ala)	435	ASL	HGNC:746	Pathogenic/Likely pathogenic	1	Apr 15, 2024	869312986	-	RCV000210647
5073194	single nucleotide variant	NM_005869.4(CWC27):c.140-2A>T	10283	CWC27	HGNC:10664	Likely pathogenic	1	Oct 24, 2019	-1	-	RCV006966045
3188669	single nucleotide variant	NM_031885.5(BBS2):c.792G>A (p.Trp264Ter)	583	BBS2	HGNC:967	Pathogenic	1	Oct 01, 2023	2543720583	-	RCV003889733
1481450	single nucleotide variant	NM_002838.5(PTPRC):c.308C>G (p.Ser103Ter)	5788	PTPRC	HGNC:9666	Pathogenic	1	Jan 04, 2021	2102393172	-	RCV001963234|RCV002283573
939850	single nucleotide variant	NM_001164508.2(NEB):c.3042+1G>A	4703	NEB	HGNC:7720	Pathogenic/Likely pathogenic	1	Nov 30, 2024	2099408391	-	RCV001214060
106851	single nucleotide variant	NM_000090.4(COL3A1):c.2222G>A (p.Gly741Asp)	1281	COL3A1	HGNC:2201	Pathogenic/Likely pathogenic	1	Nov 04, 2025	553203474	-	RCV000087343|RCV006386754
3393756	single nucleotide variant	NM_018896.5(CACNA1G):c.626C>T (p.Pro209Leu)	8913	CACNA1G	HGNC:1394	Likely pathogenic	1	Apr 01, 2024	2544776076	-	RCV004546982
2671170	single nucleotide variant	NM_000518.4(HBB):c.-136C>A	3043	HBB	HGNC:4827	Likely pathogenic	1	May 10, 2023	33994806	-	RCV003236443
31849	single nucleotide variant	NM_001943.5(DSG2):c.146G>A (p.Arg49His)	1829	DSG2	HGNC:3049	Pathogenic/Likely pathogenic	1	May 08, 2026	121913006	-	RCV000018303|RCV000211715|RCV000181198|RCV002254518|RCV005403721|RCV006879026
3307954	single nucleotide variant	NM_000368.5(TSC1):c.2392-1G>T	7248	TSC1	HGNC:12362	Likely pathogenic	1	Feb 21, 2024	397514822	-	RCV004442600|RCV005939150
517639	single nucleotide variant	NM_020919.4(ALS2):c.1921C>T (p.Gln641Ter)	57679	ALS2	HGNC:443	Pathogenic	1	Mar 28, 2023	1553511680	-	RCV000640989
650973	single nucleotide variant	NM_000179.3(MSH6):c.3556+1G>T	2956	MSH6	HGNC:7329	Pathogenic/Likely pathogenic	1	Aug 28, 2025	1060502926	-	RCV000800963|RCV000826201|RCV001574493|RCV003453666|RCV003166197|RCV004723203|RCV005682399
1434486	single nucleotide variant	NM_000264.5(PTCH1):c.2212A>T (p.Lys738Ter)	5727	PTCH1	HGNC:9585	Pathogenic	1	Jul 24, 2021	2118026370	-	RCV001866649
553532	single nucleotide variant	NM_033380.3(COL4A5):c.4315G>C (p.Gly1439Arg)	1287	COL4A5	HGNC:2207	Likely pathogenic	1	Sep 16, 2018	1569508169	-	RCV000681802
827541	single nucleotide variant	NM_000539.3(RHO):c.969C>A (p.Cys323Ter)	6010	RHO	HGNC:10012	Likely pathogenic	1	Mar 03, 2025	142771862	-	RCV001035033|RCV006770527
590361	single nucleotide variant	NM_014780.5(CUL7):c.3685C>T (p.Gln1229Ter)	9820	CUL7	HGNC:21024	Likely pathogenic	1	Oct 10, 2014	1561875767	-	RCV000778114
2752687	single nucleotide variant	NM_006516.4(SLC2A1):c.194G>A (p.Trp65Ter)	6513	SLC2A1	HGNC:11005	Likely pathogenic	1	-	2524999434	-	RCV003337741|RCV006741420
5061274	single nucleotide variant	NM_001039591.3(USP9X):c.435+1G>A	8239	USP9X	HGNC:12632	Likely pathogenic	1	Sep 18, 2023	-1	-	RCV006933486
3824461	single nucleotide variant	NM_005518.4(HMGCS2):c.634G>T (p.Gly212Ter)	3158	HMGCS2	HGNC:5008	Pathogenic	1	Jun 10, 2024	-1	-	RCV005173500
984552	single nucleotide variant	NM_001365999.1(SZT2):c.9775C>T (p.Arg3259Ter)	23334	SZT2	HGNC:29040	Pathogenic/Likely pathogenic	1	Apr 11, 2023	1005930319	-	RCV001291651|RCV001383855
2421839	single nucleotide variant	NM_020320.5(RARS2):c.1261C>T (p.Gln421Ter)	57038	RARS2	HGNC:21406	Pathogenic	1	Jun 16, 2023	1726024963	-	RCV003159541|RCV003548998
2848921	single nucleotide variant	NM_001393769.1(MED12L):c.565C>T (p.Gln189Ter)	116931	MED12L	HGNC:16050	Likely pathogenic	1	Jan 26, 2024	2530392269	-	RCV003492904
4961538	single nucleotide variant	NM_014927.5(CNKSR2):c.2087C>A (p.Ser696Ter)	22866	CNKSR2	HGNC:19701	Likely pathogenic	1	Mar 20, 2026	-1	-	RCV006696252
621746	single nucleotide variant	NM_000521.4(HEXB):c.445+1G>A	3074	HEXB	HGNC:4879	Pathogenic	1	Mar 24, 2025	761197472	-	RCV000781464
3503214	single nucleotide variant	NM_001323289.2(CDKL5):c.2564C>G (p.Ser855Ter)	6792	CDKL5	HGNC:11411	Pathogenic	1	Aug 21, 2024	-1	-	RCV004727773
420569	single nucleotide variant	NM_000321.3(RB1):c.2104C>T (p.Gln702Ter)	5925	RB1	HGNC:9884	Pathogenic	1	Sep 18, 2013	1131690865	-	RCV000492425
1389500	single nucleotide variant	NM_138694.4(PKHD1):c.6839G>A (p.Trp2280Ter)	5314	PKHD1	HGNC:9016	Pathogenic/Likely pathogenic	1	Jan 06, 2025	758404336	-	RCV001905031
1291665	single nucleotide variant	NM_152443.3(RDH12):c.698T>A (p.Val233Asp)	145226	RDH12	HGNC:19977	Pathogenic/Likely pathogenic	1	Oct 22, 2025	144148976	-	RCV001733411|RCV006750187|RCV006836093
2833743	single nucleotide variant	NM_031885.5(BBS2):c.940+1G>A	583	BBS2	HGNC:967	Likely pathogenic	1	Feb 15, 2024	2543713728	-	RCV003465053|RCV005021985
922755	single nucleotide variant	NM_014946.4(SPAST):c.1325A>T (p.Glu442Val)	6683	SPAST	HGNC:11233	Likely pathogenic	1	Aug 10, 2025	1553318215	-	RCV001215693
4841037	single nucleotide variant	NM_025009.5(CEP135):c.1368T>G (p.Tyr456Ter)	9662	CEP135	HGNC:29086	Pathogenic	1	Jan 08, 2026	-1	-	RCV006531174
1386588	single nucleotide variant	NM_017534.6(MYH2):c.3757A>T (p.Lys1253Ter)	4620	MYH2	HGNC:7572	Pathogenic	1	Nov 27, 2020	2142297044	-	RCV001882016
1334270	single nucleotide variant	NM_001040142.2(SCN2A):c.707C>G (p.Thr236Ser)	6326	SCN2A	HGNC:10588	Pathogenic	1	Feb 16, 2022	2105247122	-	RCV001847369|RCV002319729
856007	single nucleotide variant	NM_206933.4(USH2A):c.1450C>T (p.Gln484Ter)	7399	USH2A	HGNC:12601	Pathogenic/Likely pathogenic	1	Jul 08, 2025	766370703	-	RCV002554764|RCV003455415|RCV006636605|RCV006770891
27912	single nucleotide variant	NM_005633.4(SOS1):c.1294T>C (p.Trp432Arg)	6654	SOS1	HGNC:11187	Pathogenic	1	Jul 30, 2025	267607080	-	RCV000013733|RCV000159161|RCV000211853|RCV000818949
1944212	single nucleotide variant	NM_000091.5(COL4A3):c.4982G>C (p.Arg1661Pro)	1285	COL4A3	HGNC:2204	Likely pathogenic	1	Jun 03, 2023	374158562	-	RCV003111876
2832917	single nucleotide variant	NM_052845.4(MMAB):c.63C>A (p.Cys21Ter)	326625	MMAB	HGNC:19331	Likely pathogenic	1	Mar 12, 2024	376611965	-	RCV003470143
1831484	single nucleotide variant	NM_000251.3(MSH2):c.1057A>T (p.Lys353Ter)	4436	MSH2	HGNC:7325	Pathogenic	1	Jul 09, 2018	2104252491	-	RCV002399145
1351788	single nucleotide variant	NM_014319.5(LEMD3):c.2023+1G>A	23592	LEMD3	HGNC:28887	Likely pathogenic	1	Oct 14, 2021	2136354712	-	RCV001998570
4924871	single nucleotide variant	NM_005502.4(ABCA1):c.3112C>T (p.Gln1038Ter)	19	ABCA1	HGNC:29	Pathogenic	1	Oct 15, 2025	-1	-	RCV006635635
481744	single nucleotide variant	NM_000046.5(ARSB):c.753C>G (p.Tyr251Ter)	411	ARSB	HGNC:714	Pathogenic	1	Jul 30, 2024	765711776	-	RCV000579253|RCV000677594
409319	single nucleotide variant	NM_139242.4(MTFMT):c.353A>G (p.Tyr118Cys)	123263	MTFMT	HGNC:29666	Likely pathogenic	1	Jun 30, 2014	751294162	-	RCV000482804
398346	single nucleotide variant	NM_000391.4(TPP1):c.182T>G (p.Leu61Arg)	1200	TPP1	HGNC:2073	Likely pathogenic	1	Oct 13, 2025	1060502179	-	RCV001379112|RCV006452652
22712	single nucleotide variant	NM_206937.2(LIG4):c.2440C>T (p.Arg814Ter)	3981	LIG4	HGNC:6601	Pathogenic/Likely pathogenic	1	Jan 16, 2026	104894419	-	RCV000008112|RCV000399723|RCV000763320|RCV000623453|RCV003483426|RCV004532308
1428814	single nucleotide variant	NM_001352754.2(ARMC9):c.895C>T (p.Arg299Ter)	80210	ARMC9	HGNC:20730	Pathogenic/Likely pathogenic	1	Mar 07, 2025	754385274	-	RCV002002458|RCV005225550|RCV006945880
1464835	single nucleotide variant	NM_138694.4(PKHD1):c.1693+1G>T	5314	PKHD1	HGNC:9016	Pathogenic/Likely pathogenic	1	Jul 17, 2025	2128209217	-	RCV001995839|RCV003464357
3794409	single nucleotide variant	NM_000350.3(ABCA4):c.6076C>A (p.Leu2026Met)	24	ABCA4	HGNC:34	Likely pathogenic	1	Jul 27, 2024	-1	-	RCV005140585
16453	single nucleotide variant	NM_001041.4(SI):c.350A>G (p.Gln117Arg)	6476	SI	HGNC:10856	Pathogenic	1	Jun 29, 2001	121912612	-	RCV000001479
4958679	single nucleotide variant	NM_000431.4(MVK):c.1039G>C (p.Gly347Arg)	4598	MVK	HGNC:7530	Pathogenic	1	Mar 31, 2026	-1	-	RCV006693582
3769916	single nucleotide variant	NM_015665.6(AAAS):c.308-2A>G	8086	AAAS	HGNC:13666	Likely pathogenic	1	Jan 08, 2025	-1	-	RCV005105767
1033158	single nucleotide variant	NM_001042492.3(NF1):c.2324A>C (p.Glu775Ala)	4763	NF1	HGNC:7765	Pathogenic	1	Feb 20, 2025	2067032355	-	RCV001340912|RCV005372658
170042	single nucleotide variant	NM_000252.3(MTM1):c.1261C>T (p.Arg421Ter)	4534	MTM1	HGNC:7448	Pathogenic	1	Sep 29, 2023	587783771	-	RCV000146392|RCV000724986|RCV003389044|RCV004017420
961575	single nucleotide variant	NM_002609.4(PDGFRB):c.1613T>A (p.Ile538Asn)	5159	PDGFRB	HGNC:8804	Pathogenic	1	Aug 10, 2018	1760301005	-	RCV001249590
3499828	single nucleotide variant	NM_000278.5(PAX2):c.331G>A (p.Ala111Thr)	5076	PAX2	HGNC:8616	Pathogenic	1	Dec 14, 2023	-1	-	RCV004721870
1868084	single nucleotide variant	NM_000083.3(CLCN1):c.809G>T (p.Gly270Val)	1180	CLCN1	HGNC:2019	Pathogenic	1	Feb 23, 2024	1490537212	-	RCV003062145
434150	single nucleotide variant	NM_174936.4(PCSK9):c.1402A>G (p.Thr468Ala)	255738	PCSK9	HGNC:20001	Pathogenic	1	-	1553137693	-	RCV000508921
2751465	single nucleotide variant	NM_000038.6(APC):c.1438C>T (p.Gln480Ter)	324	APC	HGNC:583	Pathogenic	1	Feb 16, 2025	570514864	-	RCV004566223|RCV005435117|RCV005931158
2910678	single nucleotide variant	NM_006031.6(PCNT):c.9700+2T>C	5116	PCNT	HGNC:16068	Likely pathogenic	1	Nov 07, 2023	2519140512	-	RCV003569768
3762689	single nucleotide variant	NM_001089.3(ABCA3):c.4765C>T (p.Gln1589Ter)	21	ABCA3	HGNC:33	Pathogenic	1	Nov 19, 2024	-1	-	RCV005088607
586262	single nucleotide variant	NM_000169.3(GLA):c.132G>A (p.Trp44Ter)	2717	GLA	HGNC:4296	Pathogenic	1	Nov 28, 2017	398123202	-	RCV000730691
33386	single nucleotide variant	NM_000080.4(CHRNE):c.250C>T (p.Arg84Ter)	1145	CHRNE	HGNC:1966	Pathogenic	1	Oct 07, 2025	121909513	-	RCV000020015|RCV000687026|RCV001781291
4184193	single nucleotide variant	NM_000284.4(PDHA1):c.649C>A (p.Pro217Thr)	5160	PDHA1	HGNC:8806	Likely pathogenic	1	Oct 15, 2024	-1	-	RCV006262099
2184268	single nucleotide variant	NM_014956.5(CEP164):c.194+2T>C	22897	CEP164	HGNC:29182	Likely pathogenic	1	Apr 07, 2022	2540461335	-	RCV003046906
3414667	single nucleotide variant	NM_000202.8(IDS):c.1006G>C (p.Gly336Arg)	3423	IDS	HGNC:5389	Pathogenic	1	Jun 07, 2024	-1	-	RCV004597003
259910	single nucleotide variant	NM_001174147.2(LMX1B):c.227G>A (p.Trp76Ter)	4010	LMX1B	HGNC:6654	Pathogenic	1	Jul 10, 2017	886039574	-	RCV000254843
1828571	single nucleotide variant	NM_001379610.1(SPINK1):c.174C>A (p.Cys58Ter)	6690	SPINK1	HGNC:11244	Pathogenic	1	Apr 15, 2016	35737774	-	RCV002407500
1400746	single nucleotide variant	NM_005219.5(DIAPH1):c.402+2T>C	1729	DIAPH1	HGNC:2876	Likely pathogenic	1	Sep 25, 2023	2154596613	-	RCV001976454
510603	single nucleotide variant	NM_000138.5(FBN1):c.3125G>A (p.Gly1042Asp)	2200	FBN1	HGNC:3603	Likely pathogenic	1	Nov 11, 2024	1555398680	-	RCV002314335|RCV004782472
1676344	single nucleotide variant	NM_002473.6(MYH9):c.3486G>T (p.Arg1162Ser)	4627	MYH9	HGNC:7579	Likely pathogenic	1	-	2016767710	-	RCV002245421
4995537	single nucleotide variant	NM_000092.5(COL4A4):c.115-2A>G	1286	COL4A4	HGNC:2206	Likely pathogenic	1	May 28, 2026	-1	-	RCV006749064
76855	single nucleotide variant	NM_000540.3(RYR1):c.14690G>T (p.Gly4897Val)	6261	RYR1	HGNC:10483	Pathogenic	1	May 11, 2010	118192148	-	RCV000056194|RCV000119551
4931152	single nucleotide variant	NM_022132.5(MCCC2):c.1568G>A (p.Ser523Asn)	64087	MCCC2	HGNC:6937	Likely pathogenic	1	Jan 10, 2024	-1	-	RCV006649708
186763	single nucleotide variant	NM_000370.3(TTPA):c.2T>C (p.Met1Thr)	7274	TTPA	HGNC:12404	Pathogenic/Likely pathogenic	1	Apr 29, 2026	786204758	-	RCV000169618|RCV000517006|RCV003416054
540641	single nucleotide variant	NM_001918.5(DBT):c.555+1G>A	1629	DBT	HGNC:2698	Likely pathogenic	1	Jan 04, 2018	1553231037	-	RCV005430714
1432680	single nucleotide variant	NM_031885.5(BBS2):c.1798-2A>G	583	BBS2	HGNC:967	Likely pathogenic	1	Jul 19, 2023	2144130282	-	RCV002000329
3993732	single nucleotide variant	NM_000251.3(MSH2):c.1276+3A>C	4436	MSH2	HGNC:7325	Likely pathogenic	1	Jan 06, 2026	-1	-	RCV005378437
941433	single nucleotide variant	NM_213653.4(HJV):c.985C>T (p.Arg329Ter)	148738	HJV	HGNC:4887	Pathogenic	1	Jul 03, 2023	782386455	-	RCV001234645
1063163	single nucleotide variant	NM_015072.5(TTLL5):c.2212C>T (p.Arg738Ter)	23093	TTLL5	HGNC:19963	Pathogenic	1	Oct 29, 2024	377702881	-	RCV001390262
2852289	single nucleotide variant	NM_001009944.3(PKD1):c.11519A>C (p.His3840Pro)	5310	PKD1	HGNC:9008	Likely pathogenic	1	Sep 10, 2025	2544619758	-	RCV003486477|RCV004741507
1384552	single nucleotide variant	NM_001040142.2(SCN2A):c.2928C>A (p.Asn976Lys)	6326	SCN2A	HGNC:10588	Pathogenic	1	Nov 29, 2022	2105336790	-	RCV001955692
2931533	single nucleotide variant	NM_019098.5(CNGB3):c.1519C>T (p.Gln507Ter)	54714	CNGB3	HGNC:2153	Pathogenic	1	Sep 29, 2023	2538079393	-	RCV003572443
4998634	single nucleotide variant	NM_000033.4(ABCD1):c.1619T>G (p.Phe540Cys)	215	ABCD1	HGNC:61	Likely pathogenic	1	Feb 18, 2026	-1	-	RCV006755076
3238717	single nucleotide variant	NM_001970.5(EIF5A):c.165+1G>A	1984	EIF5A	HGNC:3300	Likely pathogenic	1	Dec 18, 2023	2508657357	-	RCV004379986
790391	single nucleotide variant	NM_000335.5(SCN5A):c.3454C>T (p.Gln1152Ter)	6331	SCN5A	HGNC:10593	Pathogenic	1	May 28, 2019	1575751854	-	RCV000987208
2980374	single nucleotide variant	NM_032119.4(ADGRV1):c.11518G>T (p.Glu3840Ter)	84059	ADGRV1	HGNC:17416	Pathogenic	1	Feb 18, 2023	1755691727	-	RCV003686341
5059249	single nucleotide variant	NM_001378454.1(ALMS1):c.6908T>A (p.Phe2303Tyr)	7840	ALMS1	HGNC:428	Likely pathogenic	1	Oct 14, 2019	-1	-	RCV006934498
553588	single nucleotide variant	NM_000278.5(PAX2):c.220G>T (p.Glu74Ter)	5076	PAX2	HGNC:8616	Pathogenic	1	Apr 14, 2024	754146050	-	RCV000681874|RCV005223120
3525971	single nucleotide variant	NM_133259.4(LRPPRC):c.3364+2T>C	10128	LRPPRC	HGNC:15714	Likely pathogenic	1	Oct 15, 2025	-1	-	RCV004766881
20333	single nucleotide variant	NM_001048174.2(MUTYH):c.1103G>A (p.Gly368Asp)	4595	MUTYH	HGNC:7527	Pathogenic/Likely pathogenic	1	Jun 01, 2026	36053993	-	RCV000005614|RCV000005615|RCV000079501|RCV000121598|RCV000144637|RCV000115748|RCV000501239|RCV000477907|RCV000493920|RCV000515320|RCV001262769|RCV001580144|RCV001574076|RCV002051775|RCV004528084|RCV004785246|RCV004808548|RCV005016243|RCV006451760|RCV006451759|RCV006451758|RCV006451889|RCV006700149|RCV006683846
1168653	single nucleotide variant	NM_006208.3(ENPP1):c.2344C>T (p.Arg782Ter)	5167	ENPP1	HGNC:3356	Pathogenic	1	Dec 10, 2024	1782357136	-	RCV001536097|RCV003558835|RCV003388023
1334506	single nucleotide variant	NM_001036.6(RYR3):c.6248A>C (p.Gln2083Pro)	6263	RYR3	HGNC:10485	Pathogenic	1	-	2152767575	-	RCV001842232
962395	single nucleotide variant	NM_000135.4(FANCA):c.2223-3C>G	2175	FANCA	HGNC:3582	Pathogenic	1	Feb 28, 2020	2039278966	-	RCV001256591
4404791	single nucleotide variant	NM_000141.5(FGFR2):c.940-2A>T	2263	FGFR2	HGNC:3689	Pathogenic	1	Mar 10, 2025	-1	-	RCV005882569
4405303	single nucleotide variant	NM_021625.5(TRPV4):c.2355G>C (p.Trp785Cys)	59341	TRPV4	HGNC:18083	Likely pathogenic	1	Nov 24, 2024	-1	-	RCV005884574
512367	single nucleotide variant	NM_001083962.2(TCF4):c.680G>A (p.Trp227Ter)	6925	TCF4	HGNC:11634	Pathogenic	1	Feb 23, 2016	1555797231	-	RCV000623798
168851	single nucleotide variant	NM_001197104.2(KMT2A):c.458C>G (p.Ser153Ter)	4297	KMT2A	HGNC:7132	Pathogenic	1	Apr 11, 2014	587783678	-	RCV000146140
1451400	single nucleotide variant	NM_080860.4(RSPH1):c.1A>C (p.Met1Leu)	89765	RSPH1	HGNC:12371	Pathogenic	1	Oct 22, 2025	566463967	-	RCV001960515
3413408	single nucleotide variant	NM_001282531.3(ADNP):c.326G>A (p.Cys109Tyr)	23394	ADNP	HGNC:15766	Likely pathogenic	1	Jul 17, 2023	2515592600	-	RCV004594815
1367297	single nucleotide variant	NM_014297.5(ETHE1):c.596-2A>T	23474	ETHE1	HGNC:23287	Likely pathogenic	1	Feb 02, 2024	863223954	-	RCV002000629
3083975	single nucleotide variant	NM_000089.4(COL1A2):c.488G>T (p.Gly163Val)	1278	COL1A2	HGNC:2198	Likely pathogenic	1	Oct 29, 2024	2484701452	-	RCV003782167|RCV006774914
1052614	single nucleotide variant	NM_002249.6(KCNN3):c.1606G>A (p.Ala536Thr)	3782	KCNN3	HGNC:6292	Pathogenic/Likely pathogenic	1	Nov 21, 2025	2101782564	-	RCV001374389
1458415	single nucleotide variant	NM_001283009.2(RTEL1):c.1263T>A (p.Tyr421Ter)	51750	RTEL1	HGNC:15888	Pathogenic	1	Jun 19, 2021	2145411479	-	RCV001972398
682847	single nucleotide variant	NM_000195.5(HPS1):c.507+2T>G	3257	HPS1	HGNC:5163	Likely pathogenic	1	Aug 05, 2019	1591109881	-	RCV000856814
4373658	single nucleotide variant	NM_000138.5(FBN1):c.7570+1G>T	2200	FBN1	HGNC:3603	Likely pathogenic	1	Jul 16, 2025	-1	-	RCV005833427|RCV006569188
546211	single nucleotide variant	NM_000352.6(ABCC8):c.3868-1G>A	6833	ABCC8	HGNC:59	Pathogenic/Likely pathogenic	1	Jan 22, 2026	766431403	-	RCV000667948|RCV001220536|RCV002246134|RCV003459592|RCV004556811|RCV005049641|RCV005418286|RCV006644600
1292263	single nucleotide variant	NM_016239.4(MYO15A):c.9534C>A (p.Cys3178Ter)	51168	MYO15A	HGNC:7594	Pathogenic	1	-	2142402323	-	RCV002225048
1710728	single nucleotide variant	NM_130811.4(SNAP25):c.529C>T (p.Gln177Ter)	6616	SNAP25	HGNC:11132	Pathogenic	1	Feb 11, 2022	2514853451	-	RCV002294544
2978108	single nucleotide variant	NM_002734.5(PRKAR1A):c.549+1G>A	5573	PRKAR1A	HGNC:9388	Pathogenic/Likely pathogenic	1	Sep 25, 2025	2509413013	-	RCV003627996|RCV006276377
540923	single nucleotide variant	NM_206933.4(USH2A):c.12580T>C (p.Cys4194Arg)	7399	USH2A	HGNC:12601	Pathogenic/Likely pathogenic	1	Nov 05, 2025	769001387	-	RCV000673184|RCV001376749|RCV003472152|RCV006642466|RCV006872109
2852200	single nucleotide variant	NM_004415.4(DSP):c.3451G>T (p.Glu1151Ter)	1832	DSP	HGNC:3052	Likely pathogenic	1	Nov 16, 2022	2533923720	-	RCV003487216
24967	single nucleotide variant	NM_002764.4(PRPS1):c.341A>G (p.Asn114Ser)	5631	PRPS1	HGNC:9462	Likely pathogenic	1	Apr 02, 2020	137852540	-	RCV000010606|RCV000622306|RCV001328985
2916128	single nucleotide variant	NM_019109.5(ALG1):c.1072+1G>T	56052	ALG1	HGNC:18294	Likely pathogenic	1	May 30, 2023	1957010104	-	RCV003502981
2999536	single nucleotide variant	NM_001042492.3(NF1):c.7970+3A>C	4763	NF1	HGNC:7765	Pathogenic	1	Apr 26, 2023	1567627282	-	RCV003599486
683162	single nucleotide variant	NM_000235.4(LIPA):c.920C>A (p.Ala307Asp)	3988	LIPA	HGNC:6617	Likely pathogenic	1	Feb 24, 2026	754964952	-	RCV000857259|RCV001869315|RCV003489942|RCV006666408
438512	single nucleotide variant	NM_006014.5(LAGE3):c.316G>T (p.Val106Phe)	8270	LAGE3	HGNC:26058	Pathogenic	1	Oct 25, 2017	1557211306	-	RCV000513483
3498124	single nucleotide variant	NM_000346.4(SOX9):c.494A>C (p.His165Pro)	6662	SOX9	HGNC:11204	Likely pathogenic	1	Apr 17, 2025	-1	-	RCV004702113
5003977	single nucleotide variant	NM_001257180.2(SLC20A2):c.1709+1G>A	6575	SLC20A2	HGNC:10947	Likely pathogenic	1	Nov 15, 2021	-1	-	RCV006776319
67931	single nucleotide variant	NM_000492.4(CFTR):c.1478A>G (p.Gln493Arg)	1080	CFTR	HGNC:1884	Likely pathogenic	1	Jan 14, 2026	397508214	-	RCV000577263|RCV006644383
260240	single nucleotide variant	NM_001347721.2(DYRK1A):c.630C>A (p.Tyr210Ter)	1859	DYRK1A	HGNC:3091	Pathogenic	1	Apr 23, 2023	746177928	-	RCV000256014|RCV001265300|RCV003640883
2106574	single nucleotide variant	NM_000295.5(SERPINA1):c.847A>T (p.Lys283Ter)	5265	SERPINA1	HGNC:8941	Pathogenic	1	Feb 06, 2024	1566753359	-	RCV002947641
563161	single nucleotide variant	NM_002185.5(IL7R):c.83-1G>A	3575	IL7R	HGNC:6024	Pathogenic	1	Oct 11, 2023	200803157	-	RCV000689926
2414789	single nucleotide variant	NM_020944.3(GBA2):c.2608C>T (p.Arg870Ter)	57704	GBA2	HGNC:18986	Likely pathogenic	1	Dec 23, 2024	1347178549	-	RCV003145809|RCV005429426
1488738	single nucleotide variant	NM_002485.5(NBN):c.1398-2A>G	4683	NBN	HGNC:7652	Likely pathogenic	1	Oct 06, 2021	2129704501	-	RCV002010366
3022550	single nucleotide variant	NM_000271.5(NPC1):c.1757+1G>A	4864	NPC1	HGNC:7897	Likely pathogenic	1	Oct 28, 2025	2058813191	-	RCV003605430
4929994	single nucleotide variant	NM_000278.5(PAX2):c.954C>G (p.Tyr318Ter)	5076	PAX2	HGNC:8616	Pathogenic	1	Mar 06, 2026	-1	-	RCV006645574
4837411	single nucleotide variant	NM_003383.5(VLDLR):c.1186+1G>T	7436	VLDLR	HGNC:12698	Likely pathogenic	1	Jan 13, 2026	-1	-	RCV006521504
4963190	single nucleotide variant	NM_001003694.2(BRPF1):c.2839C>T (p.Gln947Ter)	7862	BRPF1	HGNC:14255	Likely pathogenic	1	Jan 23, 2026	-1	-	RCV006699725
1709959	single nucleotide variant	NM_000071.3(CBS):c.784A>G (p.Thr262Ala)	875	CBS	HGNC:1550	Likely pathogenic	1	Nov 25, 2024	2517436753	-	RCV002293059|RCV003101691|RCV004572125
3715492	single nucleotide variant	NM_001297.5(CNGB1):c.1373-2A>G	1258	CNGB1	HGNC:2151	Likely pathogenic	1	Dec 10, 2025	-1	-	RCV005009962|RCV006564230
4983295	single nucleotide variant	NM_000137.4(FAH):c.837+2T>C	2184	FAH	HGNC:3579	Pathogenic	1	Apr 01, 2026	-1	-	RCV006732910
406148	single nucleotide variant	NM_006218.4(PIK3CA):c.278G>A (p.Arg93Gln)	5290	PIK3CA	HGNC:8975	Pathogenic	1	Mar 28, 2026	1064793663	-	RCV000487221|RCV002464207|RCV006254062|RCV005252905|RCV006648527
4967886	single nucleotide variant	NM_025114.4(CEP290):c.3685C>T (p.Gln1229Ter)	80184	CEP290	HGNC:29021	Likely pathogenic	1	Mar 19, 2026	-1	-	RCV006708271
1315117	single nucleotide variant	NM_000282.4(PCCA):c.1900-2A>G	5095	PCCA	HGNC:8653	Likely pathogenic	1	Feb 01, 2024	2152998141	-	RCV001782573
2086866	single nucleotide variant	NM_004183.4(BEST1):c.293A>G (p.Glu98Gly)	7439	BEST1	HGNC:12703	Likely pathogenic	1	Feb 05, 2025	2541362236	-	RCV002866283|RCV005235669
806145	single nucleotide variant	NM_001184880.2(PCDH19):c.565G>T (p.Glu189Ter)	57526	PCDH19	HGNC:14270	Pathogenic/Likely pathogenic	1	Feb 14, 2020	1602637696	-	RCV001008024|RCV001089725
236615	single nucleotide variant	NM_007194.4(CHEK2):c.1315C>T (p.Gln439Ter)	11200	CHEK2	HGNC:16627	Pathogenic	1	Nov 13, 2025	778989252	-	RCV000217777|RCV000255686|RCV000576345
2058928	single nucleotide variant	NM_001368809.2(AMPD2):c.319C>T (p.Gln107Ter)	271	AMPD2	HGNC:469	Pathogenic	1	Jun 11, 2022	2524398223	-	RCV002820600
2079322	single nucleotide variant	NM_194454.3(KRIT1):c.1249A>T (p.Lys417Ter)	889	KRIT1	HGNC:1573	Pathogenic	1	Sep 27, 2022	2535871507	-	RCV002881566
187794	single nucleotide variant	NM_001165963.4(SCN1A):c.2792G>C (p.Arg931Pro)	6323	SCN1A	HGNC:10585	Pathogenic/Likely pathogenic	1	Sep 01, 2025	794726718	-	RCV000180915|RCV005865265|RCV006461721
1784216	single nucleotide variant	NM_024312.5(GNPTAB):c.2991T>A (p.Tyr997Ter)	79158	GNPTAB	HGNC:29670	Likely pathogenic	1	Dec 30, 2021	1952988471	-	RCV006694482
5019870	single nucleotide variant	NM_033100.4(CDHR1):c.1486-2A>G	92211	CDHR1	HGNC:14550	Likely pathogenic	1	Oct 26, 2022	-1	-	RCV006812456
40348	single nucleotide variant	NM_016042.4(EXOSC3):c.395A>C (p.Asp132Ala)	51010	EXOSC3	HGNC:17944	Pathogenic	1	May 23, 2026	141138948	-	RCV000024366|RCV000190687|RCV000224817|RCV000761614|RCV001836713|RCV003156064|RCV004757111|RCV005364888
223993	single nucleotide variant	NM_000169.3(GLA):c.627G>A (p.Trp209Ter)	2717	GLA	HGNC:4296	Pathogenic	1	Sep 08, 2026	869312350	-	RCV005644759
972430	single nucleotide variant	NM_004006.3(DMD):c.3898G>T (p.Glu1300Ter)	1756	DMD	HGNC:2928	Likely pathogenic	1	Mar 31, 2019	2098280321	-	RCV006694945
4453360	single nucleotide variant	NM_000127.3(EXT1):c.1418-1G>T	2131	EXT1	HGNC:3512	Likely pathogenic	1	Sep 05, 2024	-1	-	RCV006004535|RCV006797366
34015	single nucleotide variant	NM_000346.4(SOX9):c.1320C>A (p.Tyr440Ter)	6662	SOX9	HGNC:11204	Pathogenic	1	Sep 09, 2025	80338688	-	RCV000020282|RCV000310390
3787610	single nucleotide variant	NM_003998.4(NFKB1):c.512T>A (p.Leu171Ter)	4790	NFKB1	HGNC:7794	Pathogenic	1	May 23, 2024	-1	-	RCV005125176
2936936	single nucleotide variant	NM_000308.4(CTSA):c.843T>A (p.Cys281Ter)	5476	CTSA	HGNC:9251	Pathogenic/Likely pathogenic	1	Jan 26, 2026	771878314	-	RCV003598207
815673	single nucleotide variant	NM_002878.4(RAD51D):c.739-2A>T	5892	RAD51D	HGNC:9823	Likely pathogenic	1	Oct 23, 2019	1597856297	-	RCV001026370
672243	single nucleotide variant	NM_001374623.1(PNPLA1):c.158C>G (p.Ser53Trp)	285848	PNPLA1	HGNC:21246	Pathogenic/Likely pathogenic	1	Sep 08, 2023	1207879599	-	RCV000845154|RCV003388599|RCV003558609
3797125	single nucleotide variant	NM_001844.5(COL2A1):c.1365+2T>C	1280	COL2A1	HGNC:2200	Pathogenic	1	Jul 03, 2024	-1	-	RCV005140085
1515599	single nucleotide variant	NM_000465.4(BARD1):c.1678-1G>T	580	BARD1	HGNC:952	Pathogenic/Likely pathogenic	1	Jun 01, 2025	767208318	-	RCV001981212|RCV004947007
842443	single nucleotide variant	NM_000138.5(FBN1):c.7655G>T (p.Cys2552Phe)	2200	FBN1	HGNC:3603	Likely pathogenic	1	Nov 21, 2019	113334360	-	RCV001046098
102959	single nucleotide variant	NM_001321759.2(CDIN1):c.533T>A (p.Leu178Gln)	84529	CDIN1	HGNC:26929	Likely pathogenic	1	Jul 11, 2019	587777100	-	RCV000083301
1200116	single nucleotide variant	NM_001127222.2(CACNA1A):c.3031G>A (p.Ala1011Thr)	773	CACNA1A	HGNC:1388	Likely pathogenic	1	Aug 20, 2021	1263091149	-	RCV001580140
2978302	single nucleotide variant	NM_017950.4(CCDC40):c.1160-2A>C	55036	CCDC40	HGNC:26090	Likely pathogenic	1	Jan 15, 2023	2510295726	-	RCV003650944
258069	single nucleotide variant	NM_001267550.2(TTN):c.67637-1G>C	7273	TTN	HGNC:12403	Likely pathogenic	1	Feb 07, 2013	886038831	-	RCV000245208|RCV001594391
1056109	single nucleotide variant	NM_000289.6(PFKM):c.159+1G>T	5213	PFKM	HGNC:8877	Likely pathogenic	1	May 23, 2026	1305706304	-	RCV001378843
4960957	single nucleotide variant	NM_001127255.2(NLRP7):c.2323C>T (p.Pro775Ser)	199713	NLRP7	HGNC:22947	Likely pathogenic	1	Mar 16, 2026	-1	-	RCV006694628
3112915	single nucleotide variant	NM_001267550.2(TTN):c.6514C>T (p.Gln2172Ter)	7273	TTN	HGNC:12403	Likely pathogenic	1	Dec 06, 2023	77675851	-	RCV003807582
545274	single nucleotide variant	NM_000136.3(FANCC):c.1534-2A>G	2176	FANCC	HGNC:3584	Likely pathogenic	1	Jul 31, 2017	1554827166	-	RCV000668308
4965660	single nucleotide variant	NM_003742.4(ABCB11):c.514C>T (p.Gln172Ter)	8647	ABCB11	HGNC:42	Pathogenic	1	Oct 07, 2025	-1	-	RCV006705058
575847	single nucleotide variant	NM_024426.6(WT1):c.472G>T (p.Glu158Ter)	7490	WT1	HGNC:12796	Pathogenic	1	May 28, 2019	1565001383	-	RCV000988519
3092178	single nucleotide variant	NM_000388.4(CASR):c.492+2T>C	846	CASR	HGNC:1514	Likely pathogenic	1	Jan 27, 2024	2473215439	-	RCV003787797
1896783	single nucleotide variant	NM_001184.4(ATR):c.184C>T (p.Gln62Ter)	545	ATR	HGNC:882	Pathogenic/Likely pathogenic	1	Nov 14, 2024	1443962821	-	RCV003088957|RCV006961432
419750	single nucleotide variant	NM_000314.8(PTEN):c.761A>C (p.Lys254Thr)	5728	PTEN	HGNC:9588	Likely pathogenic	1	May 07, 2021	1114167633	-	RCV001764473|RCV000491807
3188581	single nucleotide variant	NM_001354768.3(NRL):c.604C>A (p.Arg202=)	4901	NRL	HGNC:8002	Likely pathogenic	1	Oct 01, 2023	1350116482	-	RCV003889645
16649	single nucleotide variant	NM_024884.3(L2HGDH):c.164G>A (p.Gly55Asp)	79944	L2HGDH	HGNC:20499	Pathogenic	1	Nov 30, 2023	118204021	-	RCV000001677|RCV003398413
362123	single nucleotide variant	NM_000520.6(HEXA):c.805G>C (p.Gly269Arg)	3073	HEXA	HGNC:4878	Likely pathogenic	1	Aug 22, 2023	121907954	-	RCV000416443
1055648	single nucleotide variant	NM_005045.4(RELN):c.5615-2A>G	5649	RELN	HGNC:9957	Likely pathogenic	1	Mar 13, 2025	2117168257	-	RCV001377913
682352	single nucleotide variant	NM_021830.5(TWNK):c.1314C>G (p.Asn438Lys)	56652	TWNK	HGNC:1160	Likely pathogenic	1	Jul 17, 2019	1366090807	-	RCV000855765
3544395	single nucleotide variant	NM_003235.5(TG):c.5713C>T (p.Gln1905Ter)	7038	TG	HGNC:11764	Pathogenic	1	Oct 16, 2024	-1	-	RCV004800875
2904793	single nucleotide variant	NM_001024630.4(RUNX2):c.590T>C (p.Phe197Ser)	860	RUNX2	HGNC:10472	Pathogenic	1	Mar 29, 2024	2548593499	-	RCV003555268
2836009	single nucleotide variant	NM_024996.7(GFM1):c.1909+2T>A	85476	GFM1	HGNC:13780	Likely pathogenic	1	Aug 14, 2023	1725682836	-	RCV003461691
431568	single nucleotide variant	NM_201253.3(CRB1):c.2842+5G>A	23418	CRB1	HGNC:2343	Pathogenic/Likely pathogenic	1	Dec 30, 2024	773914330	-	RCV000504958|RCV001250645|RCV001310547|RCV001857211|RCV003446102|RCV005010447|RCV005418175|RCV006857268
1336483	single nucleotide variant	NM_001101.5(ACTB):c.439C>A (p.Arg147Ser)	60	ACTB	HGNC:132	Pathogenic	1	Aug 19, 2024	2128241302	-	RCV001849711|RCV003320383|RCV003320384|RCV005251292
3066474	single nucleotide variant	NM_000057.4(BLM):c.1051C>T (p.Gln351Ter)	641	BLM	HGNC:1058	Pathogenic	1	Jul 08, 2024	2151152283	-	RCV003615386
2862429	single nucleotide variant	NM_001242896.3(DEPDC5):c.3696+1G>A	9681	DEPDC5	HGNC:18423	Likely pathogenic	1	Dec 08, 2023	2522420920	-	RCV003594914
2282104	single nucleotide variant	NM_001256627.2(BRSK2):c.978-1G>C	9024	BRSK2	HGNC:11405	Pathogenic	1	May 31, 2022	2539547016	-	RCV002841009
22340	single nucleotide variant	NM_001814.6(CTSC):c.1040A>G (p.Tyr347Cys)	1075	CTSC	HGNC:2528	Pathogenic	1	Mar 03, 2023	104894211	-	RCV000007724|RCV000128617|RCV002512877
5060028	single nucleotide variant	NM_000090.4(COL3A1):c.2258G>A (p.Gly753Asp)	1281	COL3A1	HGNC:2201	Likely pathogenic	1	Nov 28, 2022	-1	-	RCV006943998
789902	single nucleotide variant	NM_201253.3(CRB1):c.984G>A (p.Trp328Ter)	23418	CRB1	HGNC:2343	Pathogenic	1	Dec 19, 2025	1571878277	-	RCV000986486|RCV001858643|RCV003454996|RCV003454997|RCV005001126
16705	single nucleotide variant	NM_000785.4(CYP27B1):c.962C>G (p.Thr321Arg)	1594	CYP27B1	HGNC:2606	Pathogenic	1	Nov 01, 1999	118204007	-	RCV000001733
1054854	single nucleotide variant	NM_001048174.2(MUTYH):c.849+1G>T	4595	MUTYH	HGNC:7527	Likely pathogenic	1	May 15, 2026	2149136521	-	RCV001378451|RCV005912606|RCV006709536
1856754	single nucleotide variant	NM_004329.3(BMPR1A):c.299G>A (p.Cys100Tyr)	657	BMPR1A	HGNC:1076	Likely pathogenic	1	Sep 28, 2020	2133408741	-	RCV002435586
1015119	single nucleotide variant	NM_000255.4(MMUT):c.438T>A (p.Tyr146Ter)	4594	MMUT	HGNC:7526	Pathogenic	1	Mar 15, 2021	200735240	-	RCV001327988
4858547	single nucleotide variant	NM_000350.3(ABCA4):c.5066C>T (p.Ser1689Phe)	24	ABCA4	HGNC:34	Pathogenic	1	Jul 08, 2025	-1	-	RCV006540427
3815456	single nucleotide variant	NM_033109.5(PNPT1):c.2013+1G>A	87178	PNPT1	HGNC:23166	Likely pathogenic	1	Jan 06, 2025	-1	-	RCV005161406
4325865	single nucleotide variant	NM_001256627.2(BRSK2):c.551C>A (p.Pro184His)	9024	BRSK2	HGNC:11405	Likely pathogenic	1	Aug 25, 2025	-1	-	RCV005781560
210409	single nucleotide variant	NM_000071.3(CBS):c.1135C>T (p.Arg379Trp)	875	CBS	HGNC:1550	Pathogenic/Likely pathogenic	1	Dec 29, 2025	769080151	-	RCV000196320|RCV000763061|RCV001853130|RCV003987440|RCV006659286
615682	single nucleotide variant	NM_000132.4(F8):c.6547A>G (p.Met2183Val)	2157	F8	HGNC:3546	Pathogenic/Likely pathogenic	1	Feb 22, 2024	781797728	-	RCV000851608|RCV001310761|RCV001286233
981644	single nucleotide variant	NM_000037.4(ANK1):c.841C>T (p.Arg281Ter)	286	ANK1	HGNC:492	Pathogenic/Likely pathogenic	1	Aug 25, 2025	1829712320	-	RCV001287819|RCV001508247|RCV006788514
3895765	single nucleotide variant	NM_001384125.1(BLTP1):c.12113-1G>C	84162	BLTP1	HGNC:26953	Likely pathogenic	1	Dec 22, 2022	-1	-	RCV005365690
2845003	single nucleotide variant	NM_000133.4(F9):c.1084A>G (p.Lys362Glu)	2158	F9	HGNC:3551	Likely pathogenic	1	Nov 29, 2022	2520845596	-	RCV003484568
16721	single nucleotide variant	NM_005908.4(MANBA):c.1276C>T (p.Gln426Ter)	4126	MANBA	HGNC:6831	Pathogenic	1	Dec 01, 2002	121434336	-	RCV000001750
4962922	single nucleotide variant	NM_004068.4(AP2M1):c.358T>A (p.Tyr120Asn)	1173	AP2M1	HGNC:564	Pathogenic	1	Sep 20, 2024	-1	-	RCV006699018
800249	single nucleotide variant	NM_000133.4(F9):c.1290C>A (p.Ser430Arg)	2158	F9	HGNC:3551	Likely pathogenic	1	May 20, 2019	762229532	-	RCV001002616
982495	single nucleotide variant	NM_130837.3(OPA1):c.1886T>C (p.Leu629Pro)	4976	OPA1	HGNC:8140	Likely pathogenic	1	Apr 11, 2025	1711513392	-	RCV001288317|RCV004531061
2753452	single nucleotide variant	NM_004064.5(CDKN1B):c.169C>T (p.Gln57Ter)	1027	CDKN1B	HGNC:1785	Pathogenic/Likely pathogenic	1	Sep 30, 2025	2136355696	-	RCV003339038|RCV006472422|RCV006829165
2857636	single nucleotide variant	NM_025099.6(CTC1):c.896G>A (p.Trp299Ter)	80169	CTC1	HGNC:26169	Pathogenic	1	Nov 29, 2023	2507932362	-	RCV003530367
971691	single nucleotide variant	NM_000642.3(AGL):c.867G>A (p.Trp289Ter)	178	AGL	HGNC:321	Likely pathogenic	1	Jan 26, 2019	1650926061	-	RCV001264160
2838252	single nucleotide variant	NM_014363.6(SACS):c.13319C>A (p.Ser4440Ter)	26278	SACS	HGNC:10519	Pathogenic	1	Jun 17, 2023	973719913	-	RCV003466343|RCV005927721
543205	single nucleotide variant	NM_000203.5(IDUA):c.1650+1G>A	3425	IDUA	HGNC:5391	Likely pathogenic	1	Sep 24, 2017	1434521185	-	RCV000669579
1400157	single nucleotide variant	NM_001042492.3(NF1):c.2990+2T>C	4763	NF1	HGNC:7765	Pathogenic	1	Nov 03, 2025	2151430861	-	RCV001997066
5064334	single nucleotide variant	NM_004006.3(DMD):c.4801G>T (p.Glu1601Ter)	1756	DMD	HGNC:2928	Likely pathogenic	1	May 16, 2023	-1	-	RCV006916208
1314517	single nucleotide variant	NM_004006.3(DMD):c.8217+32103G>T	1756	DMD	HGNC:2928	Likely pathogenic	1	Apr 15, 2024	2148165214	-	RCV003223334|RCV006933094
358060	single nucleotide variant	NM_001876.4(CPT1A):c.772-2A>G	1374	CPT1A	HGNC:2328	Likely pathogenic	1	Sep 14, 2016	1057517245	-	RCV000409488
33485	single nucleotide variant	NM_001122630.2(CDKN1C):c.812C>A (p.Ser271Ter)	1028	CDKN1C	HGNC:1786	Pathogenic	1	Jun 01, 2010	267606716	-	RCV000009292
1829151	single nucleotide variant	NM_000138.5(FBN1):c.1328-1G>A	2200	FBN1	HGNC:3603	Pathogenic	1	Jan 25, 2018	2505617872	-	RCV002385829|RCV005931894
360018	single nucleotide variant	NM_032228.6(FAR1):c.1439G>A (p.Arg480His)	84188	FAR1	HGNC:26222	Pathogenic/Likely pathogenic	1	Jan 09, 2026	1057517926	-	RCV000413132|RCV001431536|RCV004786679
47863	single nucleotide variant	NM_207352.4(CYP4V2):c.1445C>A (p.Ser482Ter)	285440	CYP4V2	HGNC:23198	Pathogenic	1	Apr 12, 2012	146494374	-	RCV000032534
4011626	single nucleotide variant	NM_080916.3(DGUOK):c.493G>A (p.Glu165Lys)	1716	DGUOK	HGNC:2858	Pathogenic/Likely pathogenic	1	Aug 15, 2025	-1	-	RCV005408175|RCV006479674
425440	single nucleotide variant	NM_001267550.2(TTN):c.93781C>T (p.Arg31261Ter)	7273	TTN	HGNC:12403	Likely pathogenic	1	Jan 01, 2026	1553528016	-	RCV000497363|RCV002524077|RCV004992282|RCV006945166
3400540	single nucleotide variant	NM_001018115.3(FANCD2):c.2672C>A (p.Ser891Ter)	2177	FANCD2	HGNC:3585	Likely pathogenic	1	Mar 25, 2024	768907834	-	RCV004576543
5036472	single nucleotide variant	NM_007129.5(ZIC2):c.967C>T (p.His323Tyr)	7546	ZIC2	HGNC:12873	Likely pathogenic	1	Sep 27, 2019	-1	-	RCV006844841
51567	single nucleotide variant	NM_000138.5(FBN1):c.6119G>A (p.Cys2040Tyr)	2200	FBN1	HGNC:3603	Pathogenic/Likely pathogenic	1	Mar 01, 2021	397515830	-	RCV000035239
923046	single nucleotide variant	NM_014049.5(ACAD9):c.1173G>A (p.Trp391Ter)	28976	ACAD9	HGNC:21497	Pathogenic	1	Sep 30, 2025	1488118393	-	RCV001219417|RCV006705473
16771	single nucleotide variant	NM_001099287.2(NIPAL4):c.586+1G>A	348938	NIPAL4	HGNC:28018	Pathogenic	1	Aug 22, 2024	1561831582	-	RCV000001802|RCV006966928
4966345	single nucleotide variant	NM_003470.3(USP7):c.2919+1G>A	7874	USP7	HGNC:12630	Likely pathogenic	1	Nov 27, 2025	-1	-	RCV006706217
1351562	single nucleotide variant	NM_001384474.1(LOXHD1):c.5518-1G>A	125336	LOXHD1	HGNC:26521	Likely pathogenic	1	Mar 27, 2022	2143921132	-	RCV001974005
364922	single nucleotide variant	NM_020247.5(COQ8A):c.830T>C (p.Leu277Pro)	56997	COQ8A	HGNC:16812	Likely pathogenic	1	Jul 10, 2025	781518112	-	RCV000423719|RCV000515534
2876455	single nucleotide variant	NM_015909.4(NBAS):c.952C>T (p.Gln318Ter)	51594	NBAS	HGNC:15625	Pathogenic	1	Jun 15, 2023	1047332996	-	RCV003548496
1318122	single nucleotide variant	NM_000817.3(GAD1):c.87C>G (p.Tyr29Ter)	2571	GAD1	HGNC:4092	Pathogenic	1	Dec 09, 2021	774772554	-	RCV001789740
1061812	single nucleotide variant	NM_000264.5(PTCH1):c.1067+1G>T	5727	PTCH1	HGNC:9585	Pathogenic	1	Sep 06, 2024	2118387075	-	RCV001388489
800659	single nucleotide variant	NM_001256789.3(CACNA1F):c.2225T>G (p.Phe742Cys)	778	CACNA1F	HGNC:1393	Pathogenic	1	Jan 19, 2024	1602644716	-	RCV001002917|RCV003558628
3839220	single nucleotide variant	NM_000548.5(TSC2):c.5160+4A>T	7249	TSC2	HGNC:12363	Pathogenic	1	Jun 18, 2024	-1	-	RCV005179306
1503030	single nucleotide variant	NM_000474.4(TWIST1):c.419C>T (p.Ser140Leu)	7291	TWIST1	HGNC:12428	Likely pathogenic	1	Oct 16, 2025	1554441987	-	RCV001943496|RCV004591641
1366657	single nucleotide variant	NM_014956.5(CEP164):c.1996G>T (p.Glu666Ter)	22897	CEP164	HGNC:29182	Pathogenic	1	Dec 13, 2021	2136318333	-	RCV001939395
2794394	single nucleotide variant	NM_006245.4(PPP2R5D):c.649T>C (p.Phe217Leu)	5528	PPP2R5D	HGNC:9312	Likely pathogenic	1	Aug 03, 2023	2532476482	-	RCV003387562
514321	single nucleotide variant	NM_006593.4(TBR1):c.673A>T (p.Ile225Phe)	10716	TBR1	HGNC:11590	Likely pathogenic	1	Mar 01, 2016	1553510217	-	RCV000627099
5070057	single nucleotide variant	NM_007315.4(STAT1):c.986C>T (p.Pro329Leu)	6772	STAT1	HGNC:11362	Likely pathogenic	1	Apr 12, 2021	-1	-	RCV006944190
443594	single nucleotide variant	NM_001199397.3(NEK1):c.3616G>T (p.Glu1206Ter)	4750	NEK1	HGNC:7744	Pathogenic	1	Sep 02, 2017	1554020563	-	RCV000522610
4799642	single nucleotide variant	NM_000133.4(F9):c.680T>C (p.Val227Ala)	2158	F9	HGNC:3551	Pathogenic	1	Jan 30, 2026	-1	-	RCV006457579
485257	single nucleotide variant	NM_032043.3(BRIP1):c.1140+1G>A	83990	BRIP1	HGNC:20473	Likely pathogenic	1	Nov 03, 2025	1555607628	-	RCV000583292|RCV000636063|RCV004568292
1696172	single nucleotide variant	NM_000312.4(PROC):c.497A>G (p.Tyr166Cys)	5624	PROC	HGNC:9451	Likely pathogenic	1	-	2468340110	-	RCV002280946
1064755	single nucleotide variant	NM_001367823.1(ARHGEF18):c.3145C>T (p.Gln1049Ter)	23370	ARHGEF18	HGNC:17090	Pathogenic	1	Jul 25, 2022	2145910842	-	RCV001389895
3892958	single nucleotide variant	NM_018122.5(DARS2):c.550C>A (p.Gln184Lys)	55157	DARS2	HGNC:25538	Likely pathogenic	1	Jan 21, 2025	-1	-	RCV005255285
244206	single nucleotide variant	NM_170707.4(LMNA):c.3G>C (p.Met1Ile)	4000	LMNA	HGNC:6636	Pathogenic	1	Apr 28, 2017	794728598	-	RCV000236357|RCV000678713
801293	single nucleotide variant	NM_206933.4(USH2A):c.7040T>A (p.Val2347Glu)	7399	USH2A	HGNC:12601	Pathogenic	1	Jan 09, 2020	1667316070	-	RCV001199806
397360	single nucleotide variant	NM_016169.4(SUFU):c.1023-2A>T	51684	SUFU	HGNC:16466	Likely pathogenic	1	Aug 08, 2024	1060501105	-	RCV000472343|RCV003448312|RCV006748935
4641383	single nucleotide variant	NM_000642.3(AGL):c.3259+927A>G	178	AGL	HGNC:321	Pathogenic	1	Nov 10, 2025	-1	-	RCV006252651
3526097	single nucleotide variant	NM_001854.4(COL11A1):c.3277-1G>C	1301	COL11A1	HGNC:2186	Likely pathogenic	1	Aug 20, 2024	-1	-	RCV004768473
3552579	single nucleotide variant	NM_001135629.3(PPP1R21):c.2096T>C (p.Leu699Pro)	129285	PPP1R21	HGNC:30595	Pathogenic	1	Dec 16, 2024	-1	-	RCV004994498
2057687	single nucleotide variant	NM_001845.6(COL4A1):c.3262G>A (p.Gly1088Arg)	1282	COL4A1	HGNC:2202	Likely pathogenic	1	Oct 23, 2024	2501771081	-	RCV002810858
4405108	single nucleotide variant	NM_001347721.2(DYRK1A):c.408T>A (p.Tyr136Ter)	1859	DYRK1A	HGNC:3091	Likely pathogenic	1	Nov 01, 2024	-1	-	RCV005884376
3394078	single nucleotide variant	NM_005932.4(MIPEP):c.1854G>A (p.Trp618Ter)	4285	MIPEP	HGNC:7104	Likely pathogenic	1	-	2547645010	-	RCV004547305
3188665	single nucleotide variant	NM_031885.5(BBS2):c.1276G>T (p.Glu426Ter)	583	BBS2	HGNC:967	Likely pathogenic	1	Oct 01, 2023	2543707803	-	RCV003889729
397861	single nucleotide variant	NM_000051.4(ATM):c.2554C>T (p.Gln852Ter)	472	ATM	HGNC:795	Pathogenic	1	Jan 09, 2026	758081262	-	RCV000457787|RCV000762819|RCV001015914|RCV003168780|RCV003155940|RCV004696912|RCV006827710
611665	single nucleotide variant	NM_001563.4(IMPG1):c.175C>T (p.Arg59Ter)	3617	IMPG1	HGNC:6055	Pathogenic/Likely pathogenic	1	May 30, 2025	200651043	-	RCV000760627|RCV006760692|RCV006692671
1667262	single nucleotide variant	NM_007194.4(CHEK2):c.1006C>T (p.Gln336Ter)	11200	CHEK2	HGNC:16627	Pathogenic/Likely pathogenic	1	Oct 23, 2025	2145841361	-	RCV002214248|RCV003336505|RCV004047195
679244	single nucleotide variant	NM_032536.4(NTNG2):c.599C>T (p.Ser200Leu)	84628	NTNG2	HGNC:14288	Likely pathogenic	1	Jun 01, 2022	1227245973	-	RCV000852336|RCV004768715
185759	single nucleotide variant	NM_005957.5(MTHFR):c.1808C>G (p.Ser603Cys)	4524	MTHFR	HGNC:7436	Pathogenic	1	-	758206023	-	RCV000167624
3076781	single nucleotide variant	NM_016180.5(SLC45A2):c.269C>A (p.Ser90Ter)	51151	SLC45A2	HGNC:16472	Pathogenic	1	Feb 08, 2023	952902764	-	RCV003736029
4865418	single nucleotide variant	NM_000545.8(HNF1A):c.421C>T (p.Gln141Ter)	6927	HNF1A	HGNC:11621	Pathogenic	1	Jul 16, 2025	-1	-	RCV006534763
247333	single nucleotide variant	NM_020184.4(CNNM4):c.1682-1G>C	26504	CNNM4	HGNC:105	Pathogenic	1	-	879255500	-	RCV000239384
3718617	single nucleotide variant	NM_032119.4(ADGRV1):c.2017-1G>A	84059	ADGRV1	HGNC:17416	Likely pathogenic	1	May 07, 2024	-1	-	RCV005037706|RCV005105254|RCV005937650
3536283	single nucleotide variant	NM_057175.5(NAA15):c.245-2A>C	80155	NAA15	HGNC:30782	Likely pathogenic	1	Oct 11, 2024	-1	-	RCV004789690
2797064	single nucleotide variant	NM_130839.5(UBE3A):c.290C>A (p.Ser97Ter)	7337	UBE3A	HGNC:12496	Likely pathogenic	1	Jun 14, 2023	772110423	-	RCV003406229
1380264	single nucleotide variant	NM_005051.3(QARS1):c.514C>T (p.Gln172Ter)	5859	QARS1	HGNC:9751	Pathogenic	1	Jul 19, 2022	2107111037	-	RCV002569142
214479	single nucleotide variant	NM_004985.5(KRAS):c.57G>C (p.Leu19Phe)	3845	KRAS	HGNC:6407	Pathogenic	1	Jan 18, 2023	121913538	-	RCV000201922|RCV001839449|RCV003654222
29338	single nucleotide variant	NM_000426.4(LAMA2):c.4645C>T (p.Arg1549Ter)	3908	LAMA2	HGNC:6482	Pathogenic	1	Sep 20, 2025	121913575	-	RCV000015369|RCV000674731|RCV001203616|RCV005357127
1694369	single nucleotide variant	NM_000088.4(COL1A1):c.543+2T>C	1277	COL1A1	HGNC:2197	Pathogenic/Likely pathogenic	1	Dec 03, 2025	2144588834	-	RCV002277764|RCV006705695
680110	single nucleotide variant	NM_052867.4(NALCN):c.191A>G (p.Tyr64Cys)	259232	NALCN	HGNC:19082	Likely pathogenic	1	Jun 28, 2019	762389271	-	RCV000855469
2985509	single nucleotide variant	NM_001122955.4(BSCL2):c.1006-2A>C	26580	BSCL2	HGNC:15832	Likely pathogenic	1	Oct 27, 2025	879254029	-	RCV003744196|RCV006814629
652085	single nucleotide variant	NM_032888.4(COL27A1):c.4809+1G>C	85301	COL27A1	HGNC:22986	Likely pathogenic	1	Jun 23, 2020	766405509	-	RCV000793298
94409	single nucleotide variant	NM_001110.4(ADAM10):c.1511G>A (p.Ser504Asn)	102	ADAM10	HGNC:188	Pathogenic	1	Sep 01, 2013	483352913	-	RCV000074428
5000243	single nucleotide variant	NM_000486.6(AQP2):c.102G>A (p.Trp34Ter)	359	AQP2	HGNC:634	Likely pathogenic	1	Apr 29, 2026	-1	-	RCV006756401
543371	single nucleotide variant	NM_152618.3(BBS12):c.760G>T (p.Glu254Ter)	166379	BBS12	HGNC:26648	Pathogenic/Likely pathogenic	1	Jun 18, 2025	1553941304	-	RCV000671908|RCV001855571|RCV006770446
2419119	single nucleotide variant	NM_000044.6(AR):c.1360G>A (p.Gly454Arg)	367	AR	HGNC:644	Likely pathogenic	1	Jan 01, 2022	2147321608	-	RCV003154803
800957	single nucleotide variant	NM_004429.5(EFNB1):c.253C>T (p.Gln85Ter)	1947	EFNB1	HGNC:3226	Pathogenic	1	Mar 27, 2025	2080468871	-	RCV001250921|RCV003769398
105220	single nucleotide variant	NM_000350.3(ABCA4):c.4919G>A (p.Arg1640Gln)	24	ABCA4	HGNC:34	Pathogenic/Likely pathogenic	1	Mar 05, 2026	61751403	-	RCV000085684|RCV000321118|RCV000504816|RCV000787505|RCV003223338|RCV005031587|RCV006634901|RCV006766863
2835854	single nucleotide variant	NM_013339.4(ALG6):c.1061C>T (p.Pro354Leu)	29929	ALG6	HGNC:23157	Likely pathogenic	1	Jan 25, 2024	763303967	-	RCV003468218
2885053	single nucleotide variant	NM_000264.5(PTCH1):c.2250+1G>T	5727	PTCH1	HGNC:9585	Pathogenic/Likely pathogenic	1	Sep 12, 2025	2118020615	-	RCV003504167|RCV006634969
2417373	single nucleotide variant	NM_001197104.2(KMT2A):c.2455C>T (p.Gln819Ter)	4297	KMT2A	HGNC:7132	Pathogenic	1	Sep 07, 2022	2134268900	-	RCV003152245
1780161	single nucleotide variant	NM_001360016.2(G6PD):c.130G>A (p.Ala44Thr)	2539	G6PD	HGNC:4057	Pathogenic	1	Nov 24, 2023	2523273296	-	RCV002305760
3108069	single nucleotide variant	NM_002582.4(PARN):c.784-1G>A	5073	PARN	HGNC:8609	Likely pathogenic	1	May 20, 2024	1970777169	-	RCV003800767|RCV004794659
801017	single nucleotide variant	NM_001204.7(BMPR2):c.470C>G (p.Ser157Ter)	659	BMPR2	HGNC:1078	Pathogenic	1	-	1574485996	-	RCV001003675
2929019	single nucleotide variant	NM_000521.4(HEXB):c.439G>T (p.Glu147Ter)	3074	HEXB	HGNC:4879	Pathogenic	1	Oct 13, 2023	1748946983	-	RCV003503384
4871372	single nucleotide variant	NM_052867.4(NALCN):c.517C>T (p.Arg173Ter)	259232	NALCN	HGNC:19082	Pathogenic	1	Nov 24, 2025	-1	-	RCV006575616
16895	single nucleotide variant	NM_152783.5(D2HGDH):c.1315A>G (p.Asn439Asp)	728294	D2HGDH	HGNC:28358	Pathogenic	1	Oct 01, 2005	121434362	-	RCV000001930
4013512	single nucleotide variant	NM_001029896.2(WDR45):c.56-1G>A	11152	WDR45	HGNC:28912	Pathogenic	1	Apr 07, 2025	-1	-	RCV005411074
2928150	single nucleotide variant	NM_138413.4(HOGA1):c.907C>G (p.Arg303Gly)	112817	HOGA1	HGNC:25155	Likely pathogenic	1	May 07, 2024	149150736	-	RCV003564958|RCV005047711
2972476	single nucleotide variant	NM_003482.4(KMT2D):c.11866C>T (p.Gln3956Ter)	8085	KMT2D	HGNC:7133	Pathogenic	1	Jan 13, 2023	2120435220	-	RCV003754125|RCV006757559
178699	single nucleotide variant	NM_000138.5(FBN1):c.1633C>T (p.Arg545Cys)	2200	FBN1	HGNC:3603	Pathogenic/Likely pathogenic	1	Aug 28, 2025	730880099	-	RCV000157225|RCV000256026|RCV000507510|RCV000589881|RCV000631935|RCV000763358|RCV002313006|RCV003105802|RCV006770014
1055975	single nucleotide variant	NM_000051.4(ATM):c.7515+1G>T	472	ATM	HGNC:795	Pathogenic/Likely pathogenic	1	Sep 24, 2025	1591161831	-	RCV001379897|RCV004037639
1811560	single nucleotide variant	NM_002439.5(MSH3):c.638T>G (p.Leu213Ter)	4437	MSH3	HGNC:7326	Pathogenic/Likely pathogenic	1	Sep 08, 2025	2546721087	-	RCV002361514|RCV004572326|RCV003458859|RCV003776251
23671	single nucleotide variant	NM_000163.5(GHR):c.341T>C (p.Phe114Ser)	2690	GHR	HGNC:4263	Pathogenic	1	Mar 01, 1993	121909357	-	RCV000009164
800420	single nucleotide variant	NM_201253.3(CRB1):c.1667T>C (p.Leu556Pro)	23418	CRB1	HGNC:2343	Likely pathogenic	1	Jun 23, 2019	1571524269	-	RCV001002991
3016055	single nucleotide variant	NM_000380.4(XPA):c.712G>T (p.Glu238Ter)	7507	XPA	HGNC:12814	Pathogenic	1	Mar 28, 2023	2490184995	-	RCV003688300
4169570	single nucleotide variant	NM_001040108.2(MLH3):c.735C>G (p.Tyr245Ter)	27030	MLH3	HGNC:7128	Pathogenic	1	Jun 03, 2026	-1	-	RCV005603098
4200275	single nucleotide variant	NM_000169.3(GLA):c.141G>T (p.Trp47Cys)	2717	GLA	HGNC:4296	Likely pathogenic	1	Sep 08, 2026	-1	-	RCV005645757
4405672	single nucleotide variant	NM_004766.3(COPB2):c.1401+2T>A	9276	COPB2	HGNC:2232	Likely pathogenic	1	Aug 27, 2024	-1	-	RCV005885935
1936585	single nucleotide variant	NM_001356.5(DDX3X):c.45+2T>A	1654	DDX3X	HGNC:2745	Likely pathogenic	1	Dec 01, 2022	2519481241	-	RCV002512404
1468064	single nucleotide variant	NM_000090.4(COL3A1):c.2869G>A (p.Gly957Ser)	1281	COL3A1	HGNC:2201	Pathogenic	1	Mar 14, 2022	121912913	-	RCV001949481
1683983	single nucleotide variant	NM_000091.5(COL4A3):c.944G>A (p.Gly315Asp)	1285	COL4A3	HGNC:2204	Likely pathogenic	1	Jun 14, 2022	1287109722	-	RCV002466748
624940	single nucleotide variant	NM_014874.4(MFN2):c.1127T>G (p.Met376Arg)	9927	MFN2	HGNC:16877	Pathogenic/Likely pathogenic	1	Jan 22, 2024	1569854342	-	RCV000789378|RCV001869222|RCV004997312|RCV006924146
1673308	single nucleotide variant	NM_018076.5(ODAD2):c.97G>T (p.Glu33Ter)	55130	ODAD2	HGNC:25583	Pathogenic	1	Oct 10, 2025	752348839	-	RCV002238983
424674	single nucleotide variant	NM_007325.5(GRIA3):c.1964T>C (p.Phe655Ser)	2892	GRIA3	HGNC:4573	Pathogenic	1	Jan 06, 2017	1135401788	-	RCV000496189
4868351	single nucleotide variant	NM_000059.4(BRCA2):c.4459A>T (p.Lys1487Ter)	675	BRCA2	HGNC:1101	Pathogenic	1	Jun 24, 2025	-1	-	RCV006553849
2022100	single nucleotide variant	NM_152564.5(VPS13B):c.11393-1G>C	157680	VPS13B	HGNC:2183	Likely pathogenic	1	Aug 23, 2022	747363890	-	RCV002755398
2174372	single nucleotide variant	NM_000303.3(PMM2):c.460A>T (p.Arg154Ter)	5373	PMM2	HGNC:9115	Pathogenic	1	Feb 28, 2025	1475508285	-	RCV003049628
4177595	single nucleotide variant	NM_000277.3(PAH):c.838G>T (p.Glu280Ter)	5053	PAH	HGNC:8582	Likely pathogenic	1	May 29, 2025	-1	-	RCV005609525
791906	single nucleotide variant	NM_001127222.2(CACNA1A):c.653C>G (p.Ser218Trp)	773	CACNA1A	HGNC:1388	Likely pathogenic	1	May 28, 2019	121908225	-	RCV000990172
3785864	single nucleotide variant	NM_022455.5(NSD1):c.4498-2A>G	64324	NSD1	HGNC:14234	Likely pathogenic	1	May 19, 2024	-1	-	RCV005133757
959536	single nucleotide variant	NM_201253.3(CRB1):c.2843-1G>T	23418	CRB1	HGNC:2343	Likely pathogenic	1	Jun 18, 2024	878853368	-	RCV001226168|RCV001828805|RCV003473786
3046751	single nucleotide variant	NM_006767.4(LZTR1):c.321-2A>G	8216	LZTR1	HGNC:6742	Likely pathogenic	1	Apr 28, 2023	1924435164	-	RCV003717182
1055993	single nucleotide variant	NM_000352.6(ABCC8):c.4297G>A (p.Gly1433Ser)	6833	ABCC8	HGNC:59	Pathogenic/Likely pathogenic	1	Jul 25, 2023	781090024	-	RCV001376864|RCV003473896
3036111	single nucleotide variant	NM_000195.5(HPS1):c.1940+1G>A	3257	HPS1	HGNC:5163	Pathogenic/Likely pathogenic	1	May 24, 2024	2538732612	-	RCV003715347|RCV006643195
2988089	single nucleotide variant	NM_000018.4(ACADVL):c.1752-2A>G	37	ACADVL	HGNC:92	Likely pathogenic	1	Dec 09, 2022	2508369819	-	RCV003601676
910717	single nucleotide variant	NM_000238.4(KCNH2):c.2701C>T (p.Gln901Ter)	3757	KCNH2	HGNC:6251	Pathogenic/Likely pathogenic	1	Jun 24, 2021	1800975855	-	RCV001841113|RCV002429839
16946	single nucleotide variant	NM_001352514.2(HLCS):c.1151T>C (p.Leu384Pro)	3141	HLCS	HGNC:4976	Pathogenic	1	Apr 29, 2026	119103227	-	RCV000001984
1329839	single nucleotide variant	NM_005654.6(NR2F1):c.331A>G (p.Lys111Glu)	7025	NR2F1	HGNC:7975	Likely pathogenic	1	Jan 25, 2022	2149941611	-	RCV001823039
2795546	single nucleotide variant	NM_001041.4(SI):c.570T>A (p.Tyr190Ter)	6476	SI	HGNC:10856	Likely pathogenic	1	Mar 03, 2021	1714299831	-	RCV003389590
23598	single nucleotide variant	NM_000901.5(NR3C2):c.2771T>C (p.Leu924Pro)	4306	NR3C2	HGNC:7979	Likely pathogenic	1	Jan 21, 2021	121912563	-	RCV000009090|RCV001804719
16950	single nucleotide variant	NM_001352514.2(HLCS):c.2089G>A (p.Val697Met)	3141	HLCS	HGNC:4976	Pathogenic/Likely pathogenic	1	Jan 21, 2026	119103231	-	RCV000001988|RCV000185961
213861	single nucleotide variant	NM_004006.3(DMD):c.5350G>T (p.Glu1784Ter)	1756	DMD	HGNC:2928	Pathogenic	1	Mar 10, 2026	777864641	-	RCV000201039|RCV000506941|RCV003317147
1166028	single nucleotide variant	NM_000372.5(TYR):c.1036+1G>A	7299	TYR	HGNC:12442	Pathogenic/Likely pathogenic	1	Jan 01, 2025	763715899	-	RCV001531120|RCV001587463|RCV003463045|RCV006275883|RCV005005950
244080	single nucleotide variant	NM_052965.4(TSEN15):c.455A>G (p.Tyr152Cys)	116461	TSEN15	HGNC:16791	Pathogenic	1	Sep 26, 2016	879253779	-	RCV000234975
2175543	single nucleotide variant	NM_001079866.2(BCS1L):c.656-1G>A	617	BCS1L	HGNC:1020	Likely pathogenic	1	Apr 29, 2024	1470234875	-	RCV003040466
3408569	single nucleotide variant	NM_006915.3(RP2):c.512G>A (p.Trp171Ter)	6102	RP2	HGNC:10274	Pathogenic	1	Jan 01, 2011	-1	-	RCV004816240
2751476	single nucleotide variant	NM_000038.6(APC):c.298G>T (p.Glu100Ter)	324	APC	HGNC:583	Pathogenic/Likely pathogenic	1	Jun 25, 2025	1561464319	-	RCV003334829|RCV005629687
260864	single nucleotide variant	NM_003590.5(CUL3):c.1377G>A (p.Lys459=)	8452	CUL3	HGNC:2553	Likely pathogenic	1	Sep 29, 2016	886038765	-	RCV000256456
497452	single nucleotide variant	NM_000257.4(MYH7):c.1207C>G (p.Arg403Gly)	4625	MYH7	HGNC:7577	Likely pathogenic	1	Jan 09, 2017	3218714	-	RCV000614191
5058046	single nucleotide variant	NM_000307.5(POU3F4):c.955A>T (p.Lys319Ter)	5456	POU3F4	HGNC:9217	Likely pathogenic	1	Jul 30, 2019	-1	-	RCV006912900
260379	single nucleotide variant	NM_024818.6(UBA5):c.855C>A (p.Tyr285Ter)	79876	UBA5	HGNC:23230	Pathogenic	1	Nov 10, 2020	745968949	-	RCV000255496
2671447	single nucleotide variant	NM_000376.3(VDR):c.856T>C (p.Trp286Arg)	7421	VDR	HGNC:12679	Pathogenic	1	Nov 01, 2022	2539969247	-	RCV003236657
269447	single nucleotide variant	NM_000282.4(PCCA):c.2118+1G>A	5095	PCCA	HGNC:8653	Likely pathogenic	1	Dec 18, 2015	886043045	-	RCV000388612
204051	single nucleotide variant	NM_001356.5(DDX3X):c.1175T>C (p.Leu392Pro)	1654	DDX3X	HGNC:2745	Likely pathogenic	1	Apr 06, 2021	796052232	-	RCV001706923
264467	single nucleotide variant	NM_001844.5(COL2A1):c.2609G>T (p.Gly870Val)	1280	COL2A1	HGNC:2200	Pathogenic	1	Dec 11, 2015	886041429	-	RCV000379858
903627	single nucleotide variant	NM_025099.6(CTC1):c.3358C>T (p.Gln1120Ter)	80169	CTC1	HGNC:26169	Pathogenic	1	May 03, 2020	1986946690	-	RCV001170019
577557	single nucleotide variant	NM_001126108.2(SLC12A3):c.2938G>A (p.Gly980Arg)	6559	SLC12A3	HGNC:10912	Pathogenic/Likely pathogenic	1	Jan 05, 2026	34803727	-	RCV000713331|RCV000762975|RCV001328220|RCV004026827|RCV006634308|RCV006872205
5080261	single nucleotide variant	NM_000843.4(GRM6):c.1564T>G (p.Cys522Gly)	-1	GRM6;ZNF454	-	Likely pathogenic	1	Oct 22, 2021	-1	-	RCV006970495
570728	single nucleotide variant	NM_017534.6(MYH2):c.4537+1G>C	4620	MYH2	HGNC:7572	Likely pathogenic	1	Oct 23, 2020	567336764	-	RCV000699454|RCV001268492
4998103	single nucleotide variant	NM_014738.6(TMEM94):c.3776G>A (p.Trp1259Ter)	9772	TMEM94	HGNC:28983	Pathogenic	1	Jun 12, 2026	-1	-	RCV006753768
3552534	single nucleotide variant	NM_000550.3(TYRP1):c.554A>G (p.Tyr185Cys)	7306	TYRP1	HGNC:12450	Likely pathogenic	1	Aug 22, 2024	-1	-	RCV004823280
165793	single nucleotide variant	NM_130839.5(UBE3A):c.2027C>T (p.Thr676Ile)	7337	UBE3A	HGNC:12496	Pathogenic	1	Feb 14, 2014	587781236	-	RCV000144312
4110229	single nucleotide variant	NM_007194.4(CHEK2):c.1372A>T (p.Lys458Ter)	11200	CHEK2	HGNC:16627	Pathogenic	1	May 28, 2025	-1	-	RCV005537368
4660822	single nucleotide variant	NM_000321.3(RB1):c.746C>G (p.Ser249Ter)	5925	RB1	HGNC:9884	Pathogenic	1	Sep 15, 2025	-1	-	RCV006282455
800488	single nucleotide variant	NM_000539.3(RHO):c.560G>A (p.Cys187Tyr)	6010	RHO	HGNC:10012	Pathogenic/Likely pathogenic	1	Apr 02, 2024	1578280588	-	RCV001003171|RCV001229176|RCV001265196|RCV006960347
245575	single nucleotide variant	NM_000527.5(LDLR):c.463T>C (p.Cys155Arg)	3949	LDLR	HGNC:6547	Pathogenic/Likely pathogenic	1	Jan 29, 2026	879254535	-	RCV000237283|RCV002338778|RCV006605256
357250	single nucleotide variant	NM_000182.5(HADHA):c.2071G>T (p.Glu691Ter)	3030	HADHA	HGNC:4801	Likely pathogenic	1	Aug 09, 2016	1057517132	-	RCV000410253
1451462	single nucleotide variant	NM_024675.4(PALB2):c.3180T>A (p.Cys1060Ter)	79728	PALB2	HGNC:26144	Pathogenic/Likely pathogenic	1	Mar 02, 2025	2142298948	-	RCV001941626
590642	single nucleotide variant	NM_017637.6(BNC2):c.2663A>G (p.His888Arg)	54796	BNC2	HGNC:30988	Pathogenic	1	Oct 04, 2019	1563774686	-	RCV000760297|RCV000852368
1414160	single nucleotide variant	NM_001244008.2(KIF1A):c.79A>T (p.Ile27Phe)	547	KIF1A	HGNC:888	Likely pathogenic	1	Aug 30, 2021	2056552812	-	RCV002020498
3522243	single nucleotide variant	NM_001267550.2(TTN):c.99862C>T (p.Gln33288Ter)	7273	TTN	HGNC:12403	Likely pathogenic	1	Jan 06, 2024	-1	-	RCV004765235
1323990	single nucleotide variant	NM_000092.5(COL4A4):c.1967A>G (p.Asp656Gly)	1286	COL4A4	HGNC:2206	Likely pathogenic	1	Jun 01, 2025	1387537859	-	RCV001807901
561743	single nucleotide variant	NM_000501.4(ELN):c.690T>A (p.Tyr230Ter)	2006	ELN	HGNC:3327	Pathogenic	1	Jun 29, 2018	1400530335	-	RCV000705833
1876808	single nucleotide variant	NM_032634.4(PIGO):c.1114C>T (p.Gln372Ter)	84720	PIGO	HGNC:23215	Pathogenic	1	Jul 01, 2024	1276296360	-	RCV003074442|RCV006698484
840291	single nucleotide variant	NM_024685.4(BBS10):c.598A>T (p.Lys200Ter)	79738	BBS10	HGNC:26291	Pathogenic	1	Feb 15, 2019	1951767589	-	RCV001038598
245760	single nucleotide variant	NM_000527.5(LDLR):c.724C>T (p.Gln242Ter)	3949	LDLR	HGNC:6547	Pathogenic/Likely pathogenic	1	Apr 29, 2026	879254658	-	RCV000237860|RCV006882984
357397	single nucleotide variant	NM_000112.4(SLC26A2):c.541C>T (p.Gln181Ter)	1836	SLC26A2	HGNC:10994	Likely pathogenic	1	Mar 16, 2016	1057517483	-	RCV000409182|RCV000410110|RCV000411159|RCV000412066
541094	single nucleotide variant	NM_206933.4(USH2A):c.2023C>T (p.Gln675Ter)	7399	USH2A	HGNC:12601	Pathogenic/Likely pathogenic	1	Aug 28, 2025	868562952	-	RCV000669090|RCV001727790|RCV001861774|RCV003453278|RCV004817887|RCV006901639
534512	single nucleotide variant	NM_001848.3(COL6A1):c.905G>A (p.Gly302Glu)	1291	COL6A1	HGNC:2211	Pathogenic	1	Feb 23, 2024	1556425566	-	RCV000653570
226856	single nucleotide variant	NM_000048.4(ASL):c.718+5G>A	435	ASL	HGNC:746	Pathogenic/Likely pathogenic	1	May 21, 2021	869312990	-	RCV000210713
4920824	single nucleotide variant	NM_001278716.2(FBXL4):c.1232G>C (p.Cys411Ser)	26235	FBXL4	HGNC:13601	Likely pathogenic	1	Oct 24, 2025	-1	-	RCV006615937
4194598	single nucleotide variant	NM_000069.3(CACNA1S):c.4014T>A (p.Cys1338Ter)	779	CACNA1S	HGNC:1397	Likely pathogenic	1	May 02, 2024	-1	-	RCV005637941
789498	single nucleotide variant	NM_000518.5(HBB):c.294C>G (p.His98Gln)	3043	HBB	HGNC:4827	Pathogenic/Likely pathogenic	1	Apr 09, 2025	34515413	-	RCV000985742
3807633	single nucleotide variant	NM_017613.4(DONSON):c.1151+1G>A	29980	DONSON	HGNC:2993	Likely pathogenic	1	Jul 30, 2024	-1	-	RCV005158012
1314832	single nucleotide variant	NM_000202.8(IDS):c.104-2A>G	3423	IDS	HGNC:5389	Pathogenic/Likely pathogenic	1	Jun 07, 2024	2089505773	-	RCV001782283|RCV005922463
4925014	single nucleotide variant	NM_177531.6(PKHD1L1):c.847C>T (p.Arg283Ter)	93035	PKHD1L1	HGNC:20313	Likely pathogenic	1	May 12, 2025	-1	-	RCV006635780
2895000	single nucleotide variant	NM_001089.3(ABCA3):c.3208G>A (p.Ala1070Thr)	21	ABCA3	HGNC:33	Likely pathogenic	1	Dec 17, 2025	1165435486	-	RCV003559894|RCV006454443
3399848	single nucleotide variant	NM_024685.4(BBS10):c.103C>T (p.Gln35Ter)	79738	BBS10	HGNC:26291	Likely pathogenic	1	Jan 05, 2024	2540957802	-	RCV004573996
4870519	single nucleotide variant	NM_001126128.2(PROK2):c.2T>C (p.Met1Thr)	60675	PROK2	HGNC:18455	Likely pathogenic	1	Mar 24, 2025	-1	-	RCV006554913
539887	single nucleotide variant	NM_000138.5(FBN1):c.1463G>A (p.Cys488Tyr)	2200	FBN1	HGNC:3603	Pathogenic/Likely pathogenic	1	May 07, 2024	1555400372	-	RCV000663459|RCV001058787|RCV001805786|RCV002388172|RCV006845930
546626	single nucleotide variant	NM_153676.4(USH1C):c.104+1G>A	10083	USH1C	HGNC:12597	Pathogenic/Likely pathogenic	1	Mar 31, 2025	1287021691	-	RCV000671948|RCV001057158|RCV006642441
962316	single nucleotide variant	NM_000135.4(FANCA):c.3934+1G>A	2175	FANCA	HGNC:3582	Likely pathogenic	1	Jan 22, 2024	2062087795	-	RCV001256627|RCV003635954
1061844	single nucleotide variant	NM_000278.5(PAX2):c.250G>A (p.Gly84Ser)	5076	PAX2	HGNC:8616	Pathogenic/Likely pathogenic	1	Jul 20, 2025	2133836340	-	RCV001385353|RCV004815521|RCV006813810
1063816	single nucleotide variant	NM_000135.4(FANCA):c.2299C>T (p.Gln767Ter)	2175	FANCA	HGNC:3582	Pathogenic	1	Jun 14, 2020	947786901	-	RCV001383871
3414376	single nucleotide variant	NM_003383.5(VLDLR):c.821-1G>A	7436	VLDLR	HGNC:12698	Pathogenic	1	May 29, 2021	-1	-	RCV004596712
481391	single nucleotide variant	NM_001510.4(GRID2):c.671G>A (p.Arg224Gln)	2895	GRID2	HGNC:4576	Likely pathogenic	1	Nov 08, 2017	368143665	-	RCV000578455
193884	single nucleotide variant	NM_001267550.2(TTN):c.107377+1G>A	7273	TTN	HGNC:12403	Pathogenic/Likely pathogenic	1	Jul 07, 2026	112188483	-	RCV000209587|RCV000413060|RCV000797446|RCV002485159|RCV004017452|RCV003380504|RCV006741237|RCV006748382|RCV006938256|RCV006704604
2750750	single nucleotide variant	NM_001165963.4(SCN1A):c.2800A>C (p.Met934Leu)	6323	SCN1A	HGNC:10585	Likely pathogenic	1	Oct 03, 2023	1559199628	-	RCV003334469
904064	single nucleotide variant	NM_016035.5(COQ4):c.305G>A (p.Arg102His)	51117	COQ4	HGNC:19693	Pathogenic	1	Jan 04, 2021	929713295	-	RCV001374711|RCV001644928|RCV003482334
169985	single nucleotide variant	NM_000252.3(MTM1):c.420C>G (p.Tyr140Ter)	4534	MTM1	HGNC:7448	Pathogenic	1	Feb 08, 2013	587783825	-	RCV000146450
2068023	single nucleotide variant	NM_001077365.2(POMT1):c.987-2A>G	10585	POMT1	HGNC:9202	Likely pathogenic	1	Jan 22, 2023	1453773610	-	RCV002846242
205253	single nucleotide variant	NM_002047.4(GARS1):c.373G>A (p.Glu125Lys)	2617	GARS1	HGNC:4162	Pathogenic	1	Nov 22, 2013	797044855	-	RCV000190657|RCV001260977
4962474	single nucleotide variant	NM_001113498.3(MDGA2):c.2739T>G (p.Tyr913Ter)	161357	MDGA2	HGNC:19835	Pathogenic	1	May 26, 2026	-1	-	RCV006697926
3002989	single nucleotide variant	NM_001372066.1(TFAP2A):c.800T>C (p.Leu267Ser)	7020	TFAP2A	HGNC:11742	Likely pathogenic	1	Mar 09, 2023	2532358360	-	RCV003695083
4796954	single nucleotide variant	NM_001378414.1(HDAC4):c.739G>A (p.Glu247Lys)	9759	HDAC4	HGNC:14063	Pathogenic	1	-	-1	-	RCV006449317
228230	single nucleotide variant	NM_001384140.1(PCDH15):c.158-1G>A	65217	PCDH15	HGNC:14674	Pathogenic	1	Sep 28, 2023	876657418	-	RCV000222386|RCV003474993
971688	single nucleotide variant	NM_000642.3(AGL):c.516C>A (p.Cys172Ter)	178	AGL	HGNC:321	Likely pathogenic	1	Nov 10, 2019	1650330685	-	RCV001263788
541469	single nucleotide variant	NM_000642.3(AGL):c.2682-2A>G	178	AGL	HGNC:321	Likely pathogenic	1	Nov 27, 2017	1185321132	-	RCV000671061
102333	single nucleotide variant	NM_138694.4(PKHD1):c.8824C>T (p.Arg2942Ter)	5314	PKHD1	HGNC:9016	Pathogenic	1	Apr 29, 2026	398124500	-	RCV000169555|RCV000790758|RCV003474684
550577	single nucleotide variant	NM_002585.4(PBX1):c.701G>A (p.Arg234Gln)	5087	PBX1	HGNC:8632	Likely pathogenic	1	Jan 04, 2018	1553248112	-	RCV000677637
4999334	single nucleotide variant	NM_000053.4(ATP7B):c.3881C>G (p.Ala1294Gly)	540	ATP7B	HGNC:870	Likely pathogenic	1	Apr 29, 2026	-1	-	RCV006757959
524813	single nucleotide variant	NM_000368.5(TSC1):c.1208C>A (p.Ser403Ter)	7248	TSC1	HGNC:12362	Pathogenic	1	Nov 24, 2023	118203504	-	RCV000642033
2087122	single nucleotide variant	NM_000092.5(COL4A4):c.816+2T>G	1286	COL4A4	HGNC:2206	Likely pathogenic	1	Aug 06, 2022	2475639659	-	RCV002862714
3099774	single nucleotide variant	NM_005373.3(MPL):c.11G>A (p.Trp4Ter)	4352	MPL	HGNC:7217	Pathogenic/Likely pathogenic	1	Jan 30, 2026	755410233	-	RCV003799488|RCV006643243
974482	single nucleotide variant	NM_001267550.2(TTN):c.38767A>T (p.Lys12923Ter)	7273	TTN	HGNC:12403	Likely pathogenic	1	May 03, 2019	750990843	-	RCV001267670
2738234	single nucleotide variant	NM_004656.4(BAP1):c.1228C>T (p.Gln410Ter)	-1	DNAH1;BAP1	-	Pathogenic	1	Jan 10, 2025	2153226834	-	RCV003316975|RCV003484416|RCV004949059|RCV006259450
1678303	single nucleotide variant	NM_018668.5(VPS33B):c.1519C>T (p.Arg507Ter)	26276	VPS33B	HGNC:12712	Pathogenic	1	Sep 03, 2025	773306000	-	RCV002246808|RCV006470289
3876523	single nucleotide variant	NM_001267550.2(TTN):c.30598+1G>T	7273	TTN	HGNC:12403	Likely pathogenic	1	Jun 29, 2024	-1	-	RCV005220221
3774494	single nucleotide variant	NM_000527.5(LDLR):c.1952A>G (p.Asp651Gly)	3949	LDLR	HGNC:6547	Likely pathogenic	1	Feb 19, 2024	-1	-	RCV005112029
76899	single nucleotide variant	NM_000540.3(RYR1):c.14741G>C (p.Arg4914Thr)	6261	RYR1	HGNC:10483	Pathogenic	1	Feb 16, 2025	118192154	-	RCV000056238|RCV000119557
639587	single nucleotide variant	NM_000051.4(ATM):c.6415G>T (p.Glu2139Ter)	472	ATM	HGNC:795	Pathogenic/Likely pathogenic	1	Jul 05, 2024	1339238483	-	RCV000806638|RCV001189507|RCV001644830|RCV003155959|RCV005047090|RCV006820599
1874460	single nucleotide variant	NM_001844.5(COL2A1):c.2312G>C (p.Gly771Ala)	1280	COL2A1	HGNC:2200	Pathogenic	1	Aug 02, 2022	2540132104	-	RCV003058375
79585	single nucleotide variant	NM_000448.3(RAG1):c.2924G>A (p.Arg975Gln)	5896	RAG1	HGNC:9831	Pathogenic/Likely pathogenic	1	Dec 22, 2025	150739647	-	RCV000059574|RCV000780682|RCV001384587|RCV003474652|RCV005042182|RCV005890409
2430420	single nucleotide variant	NM_001048174.2(MUTYH):c.1072C>T (p.Gln358Ter)	4595	MUTYH	HGNC:7527	Pathogenic	1	Jan 26, 2023	878854183	-	RCV003182815
1429474	single nucleotide variant	NM_004553.6(NDUFS6):c.46G>T (p.Glu16Ter)	4726	NDUFS6	HGNC:7713	Pathogenic/Likely pathogenic	1	Apr 29, 2026	773818474	-	RCV001993154|RCV006639169|RCV006756860
364188	single nucleotide variant	NM_004380.3(CREBBP):c.4520T>C (p.Leu1507Pro)	1387	CREBBP	HGNC:2348	Likely pathogenic	1	Sep 06, 2016	1057520191	-	RCV000419060
1274554	single nucleotide variant	NM_206933.4(USH2A):c.5728C>T (p.Gln1910Ter)	7399	USH2A	HGNC:12601	Pathogenic	1	Mar 28, 2025	2031617950	-	RCV001700553|RCV005868302
26536	single nucleotide variant	NM_001323289.2(CDKL5):c.525A>T (p.Arg175Ser)	6792	CDKL5	HGNC:11411	Likely pathogenic	1	Sep 23, 2024	61749700	-	RCV000012252|RCV000133372|RCV004724735
28917	single nucleotide variant	NM_004448.4(ERBB2):c.2740G>A (p.Glu914Lys)	2064	ERBB2	HGNC:3430	Pathogenic	1	Sep 30, 2004	28933368	-	RCV000014892
3707033	single nucleotide variant	NM_004268.5(MED17):c.110C>A (p.Ser37Ter)	9440	MED17	HGNC:2375	Likely pathogenic	1	Sep 15, 2024	-1	-	RCV005004747
1003840	single nucleotide variant	NM_015650.4(IFT54):c.1693C>T (p.Arg565Ter)	26146	IFT54	HGNC:17861	Pathogenic/Likely pathogenic	1	May 07, 2025	760692076	-	RCV001326264|RCV006699379
975360	single nucleotide variant	NM_004984.4(KIF5A):c.1378C>T (p.Arg460Ter)	3798	KIF5A	HGNC:6323	Pathogenic	1	Nov 15, 2025	1882272161	-	RCV001267900|RCV006466183
213440	single nucleotide variant	NM_000455.5(STK11):c.863-1G>A	6794	STK11	HGNC:11389	Likely pathogenic	1	May 02, 2015	863224448	-	RCV000196256
2191350	single nucleotide variant	NM_145207.3(AFG2A):c.251G>C (p.Arg84Pro)	166378	AFG2A	HGNC:18119	Likely pathogenic	1	May 12, 2022	745858366	-	RCV003048097
845623	single nucleotide variant	NM_000088.4(COL1A1):c.2155G>T (p.Gly719Cys)	1277	COL1A1	HGNC:2197	Pathogenic	1	Sep 16, 2024	72651645	-	RCV001048795
4837467	single nucleotide variant	NM_007078.3(LDB3):c.838C>T (p.Gln280Ter)	11155	LDB3	HGNC:15710	Pathogenic	1	Jan 14, 2026	-1	-	RCV006521560
3017808	single nucleotide variant	NM_001142800.2(EYS):c.2829T>A (p.Cys943Ter)	346007	EYS	HGNC:21555	Pathogenic	1	Apr 17, 2023	2533358904	-	RCV003696645|RCV004818404
531021	single nucleotide variant	NM_001042492.3(NF1):c.6148-1G>C	4763	NF1	HGNC:7765	Pathogenic/Likely pathogenic	1	May 21, 2025	1555534661	-	RCV000632433|RCV005572349|RCV005603643
484585	single nucleotide variant	NM_000059.4(BRCA2):c.3870C>A (p.Cys1290Ter)	675	BRCA2	HGNC:1101	Pathogenic	1	Sep 22, 2025	1555283445	-	RCV000582374|RCV001390681|RCV002298698
4405902	single nucleotide variant	NM_016341.4(PLCE1):c.789C>A (p.Tyr263Ter)	51196	PLCE1	HGNC:17175	Pathogenic	1	Oct 31, 2024	-1	-	RCV005880710
1694318	single nucleotide variant	NM_001370658.1(BTD):c.675C>A (p.Cys225Ter)	686	BTD	HGNC:1122	Likely pathogenic	1	Feb 01, 2013	767518580	-	RCV002466297
3396018	single nucleotide variant	NM_024757.5(EHMT1):c.3203G>C (p.Cys1068Ser)	79813	EHMT1	HGNC:24650	Pathogenic	1	-	-1	-	RCV004720451
3396756	single nucleotide variant	NM_000094.4(COL7A1):c.7025G>A (p.Gly2342Asp)	1294	COL7A1	HGNC:2214	Likely pathogenic	1	Mar 07, 2024	2530892715	-	RCV004566635
3762140	single nucleotide variant	NM_001143981.2(CHRDL1):c.349G>T (p.Glu117Ter)	91851	CHRDL1	HGNC:29861	Pathogenic/Likely pathogenic	1	Jul 05, 2024	-1	-	RCV005087558|RCV006929526
4184468	single nucleotide variant	NM_006421.5(ARFGEF1):c.73G>A (p.Val25Met)	10565	ARFGEF1	HGNC:15772	Likely pathogenic	1	Jan 17, 2025	-1	-	RCV005620571
3776478	single nucleotide variant	NM_020821.3(VPS13C):c.8155C>T (p.Gln2719Ter)	54832	VPS13C	HGNC:23594	Pathogenic	1	Mar 21, 2024	-1	-	RCV005116853
368219	single nucleotide variant	NM_001378687.1(ATP2C1):c.2197C>T (p.Gln733Ter)	27032	ATP2C1	HGNC:13211	Pathogenic	1	Apr 28, 2015	1057520634	-	RCV000436933
2171490	single nucleotide variant	NM_004100.5(EYA4):c.1574G>A (p.Trp525Ter)	2070	EYA4	HGNC:3522	Pathogenic	1	Mar 17, 2025	2535379771	-	RCV003034488
4794548	single nucleotide variant	NM_000062.3(SERPING1):c.551-2A>G	710	SERPING1	HGNC:1228	Pathogenic	1	Dec 15, 2025	-1	-	RCV006436641|RCV006811798
31360	single nucleotide variant	NM_002016.2(FLG):c.7661C>G (p.Ser2554Ter)	2312	FLG	HGNC:3748	Pathogenic/Likely pathogenic	1	Dec 14, 2023	121909626	-	RCV000017716|RCV000017717|RCV002490380|RCV004719654
20738	single nucleotide variant	NM_182643.3(DLC1):c.2875A>G (p.Thr959Ala)	10395	DLC1	HGNC:2897	Pathogenic	1	Jan 01, 2000	121908500	-	RCV000006053
801137	single nucleotide variant	NM_014363.6(SACS):c.9266C>T (p.Pro3089Leu)	26278	SACS	HGNC:10519	Likely pathogenic	1	-	1593125290	-	RCV001003607
1459393	single nucleotide variant	NM_000350.3(ABCA4):c.6288G>C (p.Glu2096Asp)	24	ABCA4	HGNC:34	Likely pathogenic	1	Mar 10, 2022	2100994099	-	RCV002050775
840067	single nucleotide variant	NM_000020.3(ACVRL1):c.1133C>G (p.Pro378Arg)	94	ACVRL1	HGNC:175	Likely pathogenic	1	Mar 18, 2020	1940833669	-	RCV001039935
1290841	single nucleotide variant	NM_057175.5(NAA15):c.46C>G (p.Arg16Gly)	80155	NAA15	HGNC:30782	Likely pathogenic	1	Jan 16, 2020	2110800853	-	RCV001732487
1899416	single nucleotide variant	NM_153033.5(KCTD7):c.520G>A (p.Ala174Thr)	154881	KCTD7	HGNC:21957	Likely pathogenic	1	Jun 09, 2025	1440055692	-	RCV003100267
2838524	single nucleotide variant	NM_003060.4(SLC22A5):c.1074T>G (p.Tyr358Ter)	6584	SLC22A5	HGNC:10969	Likely pathogenic	1	Jan 26, 2022	1580892200	-	RCV003472797
3018784	single nucleotide variant	NM_002340.6(LSS):c.626A>T (p.Asn209Ile)	4047	LSS	HGNC:6708	Likely pathogenic	1	Oct 16, 2023	766810560	-	RCV003704275
27549	single nucleotide variant	NM_003242.6(TGFBR2):c.1069G>T (p.Gly357Trp)	7048	TGFBR2	HGNC:11773	Likely pathogenic	1	Nov 27, 2023	104893814	-	RCV000013334|RCV006937981
132190	single nucleotide variant	NM_024675.4(PALB2):c.2761C>T (p.Gln921Ter)	79728	PALB2	HGNC:26144	Pathogenic	1	Sep 18, 2024	180177124	-	RCV001030342|RCV003162530
443272	single nucleotide variant	NM_001330078.2(NRXN1):c.3757C>T (p.Arg1253Ter)	9378	NRXN1	HGNC:8008	Pathogenic/Likely pathogenic	1	Oct 17, 2022	1201575289	-	RCV000523187|RCV001857997|RCV006931546
77660	single nucleotide variant	NM_170707.4(LMNA):c.1046G>T (p.Arg349Leu)	4000	LMNA	HGNC:6636	Pathogenic/Likely pathogenic	1	Jun 05, 2026	58789393	-	RCV000057219|RCV001854172|RCV003343625|RCV006741228
3778983	single nucleotide variant	NM_001371596.2(MFSD8):c.719C>G (p.Ser240Ter)	256471	MFSD8	HGNC:28486	Pathogenic	1	Feb 10, 2025	-1	-	RCV005129328
939911	single nucleotide variant	NM_001130987.2(DYSF):c.3228+1G>A	8291	DYSF	HGNC:3097	Pathogenic/Likely pathogenic	1	May 23, 2025	2092371566	-	RCV001201509|RCV005614494|RCV006920626
4192038	single nucleotide variant	NM_001384125.1(BLTP1):c.4951C>T (p.Arg1651Ter)	84162	BLTP1	HGNC:26953	Likely pathogenic	1	Nov 01, 2024	-1	-	RCV005636487
1441587	single nucleotide variant	NM_172250.3(MMAA):c.365T>C (p.Leu122Pro)	166785	MMAA	HGNC:18871	Pathogenic/Likely pathogenic	1	Nov 13, 2025	760875006	-	RCV001942196
5058319	single nucleotide variant	NM_000533.5(PLP1):c.659G>T (p.Cys220Phe)	-1	PLP1;RAB9B	-	Likely pathogenic	1	Nov 05, 2019	-1	-	RCV006916549
4966438	single nucleotide variant	NM_003611.3(OFD1):c.2413C>T (p.Gln805Ter)	8481	OFD1	HGNC:2567	Pathogenic	1	Sep 10, 2025	-1	-	RCV006706310
509311	single nucleotide variant	NM_001267550.2(TTN):c.75974G>A (p.Trp25325Ter)	7273	TTN	HGNC:12403	Pathogenic/Likely pathogenic	1	Apr 16, 2024	1553602546	-	RCV000618810|RCV000800140|RCV003319989
215057	single nucleotide variant	NM_080680.3(COL11A2):c.2662C>A (p.Pro888Thr)	1302	COL11A2	HGNC:2187	Pathogenic	1	Jan 30, 2015	864309523	-	RCV000202578
1315360	single nucleotide variant	NM_014270.5(SLC7A9):c.1306G>T (p.Glu436Ter)	11136	SLC7A9	HGNC:11067	Likely pathogenic	1	May 14, 2021	988712826	-	RCV001783776
985842	single nucleotide variant	NM_002863.5(PYGL):c.72C>A (p.Asn24Lys)	5836	PYGL	HGNC:9725	Pathogenic	1	Aug 27, 2020	1375868904	-	RCV001293798
856912	single nucleotide variant	NM_000554.6(CRX):c.239A>G (p.Glu80Gly)	1406	CRX	HGNC:2383	Pathogenic	1	Sep 03, 2024	104894671	-	RCV006770723
1060634	single nucleotide variant	NM_001374828.1(ARID1B):c.4453C>T (p.Gln1485Ter)	57492	ARID1B	HGNC:18040	Pathogenic	1	May 20, 2020	2128366503	-	RCV001381747|RCV004813171
434839	single nucleotide variant	NM_000527.5(LDLR):c.987C>G (p.Cys329Trp)	3949	LDLR	HGNC:6547	Likely pathogenic	1	Mar 01, 2016	1555804467	-	RCV000509097
1309725	single nucleotide variant	NM_032444.4(SLX4):c.4910C>G (p.Ser1637Ter)	84464	SLX4	HGNC:23845	Pathogenic	1	Nov 03, 2021	2151116816	-	RCV003237475
4897664	single nucleotide variant	NM_001368894.2(PAX6):c.725-1G>A	5080	PAX6	HGNC:8620	Pathogenic	1	Aug 31, 2025	-1	-	RCV006598518
5074196	single nucleotide variant	NM_000091.5(COL4A3):c.415G>C (p.Gly139Arg)	-1	COL4A3;MFF-DT	-	Likely pathogenic	1	Sep 30, 2024	-1	-	RCV006962026
25824	single nucleotide variant	NM_194277.3(FRMD7):c.252G>A (p.Val84=)	90167	FRMD7	HGNC:8079	Pathogenic	1	Nov 01, 2006	137852209	-	RCV000011532
26678	single nucleotide variant	NM_006517.5(SLC16A2):c.1079T>G (p.Leu360Trp)	6567	SLC16A2	HGNC:10923	Pathogenic	1	May 01, 2008	104894939	-	RCV000012405
1329257	single nucleotide variant	NM_000352.6(ABCC8):c.4147G>A (p.Gly1383Arg)	6833	ABCC8	HGNC:59	Likely pathogenic	1	Aug 16, 2023	748233295	-	RCV001822847|RCV003321873
677041	single nucleotide variant	NM_000314.8(PTEN):c.802-1G>A	5728	PTEN	HGNC:9588	Pathogenic/Likely pathogenic	1	Oct 23, 2025	1257124719	-	RCV000850161|RCV001211799|RCV001572487|RCV003453773|RCV003169079
650368	single nucleotide variant	NM_002225.5(IVD):c.1112T>C (p.Val371Ala)	3712	IVD	HGNC:6186	Pathogenic/Likely pathogenic	1	Jan 18, 2026	754600862	-	RCV000800024
1781358	single nucleotide variant	NM_000047.3(ARSL):c.916A>G (p.Thr306Ala)	415	ARSL	HGNC:719	Pathogenic	1	Jun 01, 2022	2518346615	-	RCV002306434
1693079	single nucleotide variant	NM_001283009.2(RTEL1):c.691G>T (p.Asp231Tyr)	51750	RTEL1	HGNC:15888	Likely pathogenic	1	-	2517017153	-	RCV003126211
536275	single nucleotide variant	NM_000249.4(MLH1):c.735C>G (p.Tyr245Ter)	4292	MLH1	HGNC:7127	Pathogenic	1	Jul 17, 2023	1553645226	-	RCV000657736|RCV003451607
2838782	single nucleotide variant	NM_000070.3(CAPN3):c.1162C>T (p.Gln388Ter)	825	CAPN3	HGNC:1480	Pathogenic	1	Jul 28, 2023	1051798261	-	RCV003460315|RCV003631324
3007414	single nucleotide variant	NM_000268.4(NF2):c.643G>T (p.Glu215Ter)	4771	NF2	HGNC:7773	Pathogenic	1	Apr 14, 2023	2518575597	-	RCV003608331
2739087	single nucleotide variant	NM_032801.5(JAM3):c.690T>G (p.Cys230Trp)	83700	JAM3	HGNC:15532	Likely pathogenic	1	Jul 28, 2023	2497297743	-	RCV003485933
1318010	single nucleotide variant	NM_020999.4(NEUROG3):c.284G>C (p.Arg95Pro)	50674	NEUROG3	HGNC:13806	Pathogenic	1	-	2133227148	-	RCV001789609
481637	single nucleotide variant	NM_001172509.2(SATB2):c.1A>G (p.Met1Val)	23314	SATB2	HGNC:21637	Likely pathogenic	1	Nov 13, 2017	1553507391	-	RCV000578907
3536354	single nucleotide variant	NM_003070.5(SMARCA2):c.2966C>A (p.Thr989Lys)	6595	SMARCA2	HGNC:11098	Likely pathogenic	1	Oct 11, 2024	-1	-	RCV004789761
105231	single nucleotide variant	NM_000350.3(ABCA4):c.5065T>C (p.Ser1689Pro)	24	ABCA4	HGNC:34	Pathogenic/Likely pathogenic	1	Feb 26, 2026	61753020	-	RCV000085695|RCV000408570|RCV004815119|RCV006688449|RCV006776808
71116	single nucleotide variant	NM_004646.4(NPHS1):c.2495T>C (p.Leu832Pro)	4868	NPHS1	HGNC:7908	Likely pathogenic	1	-	386833916	-	RCV000049890
4016541	single nucleotide variant	NM_000089.4(COL1A2):c.2269G>T (p.Gly757Cys)	1278	COL1A2	HGNC:2198	Pathogenic	1	May 12, 2025	-1	-	RCV005415504
852074	single nucleotide variant	NM_001277115.2(DNAH11):c.3426-1G>A	8701	DNAH11	HGNC:2942	Pathogenic/Likely pathogenic	1	May 18, 2025	774855011	-	RCV001058221|RCV003985835|RCV006785041
1055282	single nucleotide variant	NM_001348800.3(ZBTB20):c.1882C>A (p.His628Asn)	26137	ZBTB20	HGNC:13503	Likely pathogenic	1	Sep 16, 2022	2108083606	-	RCV001378576|RCV002285175
17247	single nucleotide variant	NM_024006.6(VKORC1):c.134T>C (p.Val45Ala)	79001	VKORC1	HGNC:23663	Pathogenic	1	Feb 05, 2004	104894540	-	RCV000002292
983529	single nucleotide variant	NM_002599.5(PDE2A):c.1439A>G (p.Asp480Gly)	5138	PDE2A	HGNC:8777	Pathogenic	1	Jan 21, 2021	1855880808	-	RCV001290005
4642961	single nucleotide variant	NM_020987.5(ANK3):c.3163C>T (p.Gln1055Ter)	288	ANK3	HGNC:494	Pathogenic	1	Mar 11, 2025	-1	-	RCV006257702
366421	single nucleotide variant	NM_001267550.2(TTN):c.64742G>A (p.Trp21581Ter)	7273	TTN	HGNC:12403	Likely pathogenic	1	May 14, 2019	1057523344	-	RCV000427280|RCV001221206
3179075	single nucleotide variant	NM_003227.4(TFR2):c.1938C>G (p.Tyr646Ter)	7036	TFR2	HGNC:11762	Pathogenic	1	Jul 13, 2023	1324815806	-	RCV003879508
1313248	single nucleotide variant	NM_000152.5(GAA):c.995C>A (p.Ser332Ter)	2548	GAA	HGNC:4065	Pathogenic/Likely pathogenic	1	May 23, 2024	757608620	-	RCV001783328|RCV006638939
3733673	single nucleotide variant	NM_080680.3(COL11A2):c.4339G>C (p.Gly1447Arg)	1302	COL11A2	HGNC:2187	Likely pathogenic	1	Jan 09, 2025	-1	-	RCV005052978
1840115	single nucleotide variant	NM_000535.7(PMS2):c.2068A>T (p.Lys690Ter)	5395	PMS2	HGNC:9122	Pathogenic	1	Jan 02, 2019	587781909	-	RCV002422067
2737574	single nucleotide variant	NM_006280.3(SSR4):c.235C>T (p.Arg79Ter)	6748	SSR4	HGNC:11326	Likely pathogenic	1	Nov 07, 2022	2520526295	-	RCV003314515
24666	single nucleotide variant	m.2939C>A	4550	MT-RNR2	HGNC:7471	Pathogenic	1	Nov 11, 1981	199474824	-	RCV000010253
374322	single nucleotide variant	NM_004320.6(ATP2A1):c.1184+1G>A	487	ATP2A1	HGNC:811	Pathogenic/Likely pathogenic	1	Jan 27, 2026	551660089	-	RCV000424927|RCV000812735|RCV005898133
2836629	single nucleotide variant	NM_054012.4(ASS1):c.269G>A (p.Gly90Asp)	445	ASS1	HGNC:758	Likely pathogenic	1	Apr 22, 2023	1422867920	-	RCV003466416
419706	single nucleotide variant	NM_000314.8(PTEN):c.210-1G>C	5728	PTEN	HGNC:9588	Pathogenic/Likely pathogenic	1	May 14, 2026	1114167621	-	RCV000491942|RCV003449277|RCV004669003|RCV006802545
961039	single nucleotide variant	NM_022336.4(EDAR):c.287T>C (p.Phe96Ser)	10913	EDAR	HGNC:2895	Likely pathogenic	1	Jun 01, 2020	1697319420	-	RCV001271097
4404852	single nucleotide variant	NM_001130053.5(EEF1D):c.966C>A (p.Tyr322Ter)	1936	EEF1D	HGNC:3211	Pathogenic	1	Mar 05, 2025	-1	-	RCV005882631
625095	single nucleotide variant	NM_000530.8(MPZ):c.1A>G (p.Met1Val)	4359	MPZ	HGNC:7225	Pathogenic	1	May 07, 2024	1427063795	-	RCV000789714|RCV001323341|RCV002225729
2842640	single nucleotide variant	NM_001127208.3(TET2):c.3571C>T (p.Gln1191Ter)	54790	TET2	HGNC:25941	Pathogenic	1	-	1729381211	-	RCV004557997
4647352	single nucleotide variant	NM_020821.3(VPS13C):c.9152G>A (p.Trp3051Ter)	54832	VPS13C	HGNC:23594	Pathogenic	1	Sep 03, 2025	-1	-	RCV006266558
5021119	single nucleotide variant	NM_000372.5(TYR):c.1015A>C (p.Ser339Arg)	7299	TYR	HGNC:12442	Likely pathogenic	1	Feb 05, 2021	-1	-	RCV006826469
558194	single nucleotide variant	NM_004371.4(COPA):c.715G>C (p.Ala239Pro)	1314	COPA	HGNC:2230	Pathogenic	1	Oct 29, 2024	1557868211	-	RCV000700608
27363	single nucleotide variant	NM_000360.4(TH):c.1141C>A (p.Gln381Lys)	7054	TH	HGNC:11782	Pathogenic/Likely pathogenic	1	Oct 28, 2024	121917762	-	RCV000013117
1063997	single nucleotide variant	NM_001042492.3(NF1):c.3616G>T (p.Glu1206Ter)	4763	NF1	HGNC:7765	Pathogenic	1	Oct 09, 2020	2151435605	-	RCV001381679
3108562	single nucleotide variant	NM_001199107.2(TBC1D24):c.1306C>T (p.Gln436Ter)	57465	TBC1D24	HGNC:29203	Pathogenic	1	May 25, 2023	2505526251	-	RCV006624690
985987	single nucleotide variant	NM_005144.5(HR):c.2818C>T (p.Arg940Ter)	55806	HR	HGNC:5172	Pathogenic	1	Dec 23, 2025	761216172	-	RCV006504836|RCV006691476
3399137	single nucleotide variant	NM_138694.4(PKHD1):c.1553G>A (p.Trp518Ter)	5314	PKHD1	HGNC:9016	Likely pathogenic	1	Dec 01, 2023	1403804729	-	RCV004574568
945746	single nucleotide variant	NM_000535.7(PMS2):c.65C>G (p.Ser22Ter)	5395	PMS2	HGNC:9122	Pathogenic/Likely pathogenic	1	Jan 28, 2025	767028531	-	RCV001233504|RCV002375243|RCV003449728|RCV006773721
4406579	single nucleotide variant	NM_001009944.3(PKD1):c.6012C>G (p.Tyr2004Ter)	5310	PKD1	HGNC:9008	Likely pathogenic	1	Mar 14, 2025	-1	-	RCV005882876
427654	single nucleotide variant	NM_170707.4(LMNA):c.1588C>T (p.Leu530Phe)	4000	LMNA	HGNC:6636	Pathogenic/Likely pathogenic	1	Oct 28, 2020	780302064	-	RCV000500844|RCV000697810
627546	single nucleotide variant	NM_001035.3(RYR2):c.854G>T (p.Ser285Ile)	6262	RYR2	HGNC:10484	Likely pathogenic	1	Sep 04, 2018	1342435908	-	RCV002537344
1386736	single nucleotide variant	NM_001278.5(CHUK):c.427C>T (p.Arg143Ter)	1147	CHUK	HGNC:1974	Pathogenic	1	Aug 11, 2021	769592752	-	RCV001893337
54350	single nucleotide variant	NM_005159.5(ACTC1):c.553C>T (p.Arg185Trp)	70	ACTC1	HGNC:143	Likely pathogenic	1	Nov 03, 2016	397517065	-	RCV000038333|RCV000622330
559492	single nucleotide variant	NM_000090.4(COL3A1):c.3202G>T (p.Gly1068Cys)	1281	COL3A1	HGNC:2201	Likely pathogenic	1	Dec 30, 2019	1559061954	-	RCV000693892
801748	single nucleotide variant	NM_004006.3(DMD):c.2381-2A>C	1756	DMD	HGNC:2928	Likely pathogenic	1	-	1603634749	-	RCV001004420
3722636	single nucleotide variant	NM_006129.5(BMP1):c.2288G>A (p.Trp763Ter)	649	BMP1	HGNC:1067	Likely pathogenic	1	Jan 30, 2024	-1	-	RCV005041094
1413943	single nucleotide variant	NM_000257.4(MYH7):c.495G>C (p.Met165Ile)	4625	MYH7	HGNC:7577	Likely pathogenic	1	Dec 03, 2021	1555338758	-	RCV002047963
3891251	single nucleotide variant	NM_003361.4(UMOD):c.314G>A (p.Gly105Asp)	7369	UMOD	HGNC:12559	Likely pathogenic	1	-	1162633293	-	RCV005255069
4011316	single nucleotide variant	NM_001267550.2(TTN):c.49046T>G (p.Leu16349Ter)	7273	TTN	HGNC:12403	Likely pathogenic	1	Mar 07, 2025	-1	-	RCV005405162
1459041	single nucleotide variant	NM_000249.4(MLH1):c.61G>C (p.Ala21Pro)	4292	MLH1	HGNC:7127	Likely pathogenic	1	Aug 12, 2021	2080897397	-	RCV002016807
17311	single nucleotide variant	NM_014874.4(MFN2):c.751C>G (p.Pro251Ala)	9927	MFN2	HGNC:16877	Pathogenic	1	-	28940295	-	RCV000002360|RCV000789417
5064399	single nucleotide variant	NM_004006.3(DMD):c.251T>A (p.Leu84Ter)	1756	DMD	HGNC:2928	Likely pathogenic	1	Feb 27, 2023	-1	-	RCV006933418
391354	single nucleotide variant	NM_001048174.2(MUTYH):c.1156C>T (p.Gln386Ter)	4595	MUTYH	HGNC:7527	Pathogenic/Likely pathogenic	1	Aug 04, 2025	766420907	-	RCV000465367|RCV000773657
1315365	single nucleotide variant	NM_014140.4(SMARCAL1):c.1934G>A (p.Arg645His)	50485	SMARCAL1	HGNC:11102	Pathogenic/Likely pathogenic	1	Apr 29, 2026	1281345070	-	RCV001783781
17315	single nucleotide variant	NM_014874.4(MFN2):c.280C>T (p.Arg94Trp)	9927	MFN2	HGNC:16877	Pathogenic	1	Jun 10, 2026	119103263	-	RCV000002364|RCV000190245|RCV000200468|RCV000199279|RCV000415132|RCV001173686|RCV003162206|RCV004558234|RCV004558235|RCV006923566
3697247	single nucleotide variant	NM_006767.4(LZTR1):c.651+5G>C	8216	LZTR1	HGNC:6742	Likely pathogenic	1	Dec 09, 2024	-1	-	RCV004995615
540789	single nucleotide variant	NM_000478.6(ALPL):c.862+1G>A	249	ALPL	HGNC:438	Pathogenic	1	Aug 29, 2025	1553413512	-	RCV000669273|RCV004568522|RCV005645140
153504	single nucleotide variant	NM_001323289.2(CDKL5):c.125A>G (p.Lys42Arg)	6792	CDKL5	HGNC:11411	Pathogenic/Likely pathogenic	1	Jul 11, 2024	267608429	-	RCV000133319|RCV000145514|RCV004724838
2834192	single nucleotide variant	NM_003659.4(AGPS):c.637+2T>A	8540	AGPS	HGNC:327	Likely pathogenic	1	May 31, 2023	2468548491	-	RCV003466240
360966	single nucleotide variant	NM_130839.5(UBE3A):c.2272G>A (p.Gly758Arg)	7337	UBE3A	HGNC:12496	Pathogenic	1	May 07, 2016	1057518770	-	RCV000415459
5059333	single nucleotide variant	NM_001164508.2(NEB):c.22273-1G>T	-1	NEB;RIF1	-	Likely pathogenic	1	Jan 30, 2019	-1	-	RCV006927367
1860255	single nucleotide variant	NM_000111.3(SLC26A3):c.1514+1G>A	1811	SLC26A3	HGNC:3018	Pathogenic	1	May 27, 2025	746758186	-	RCV002466896|RCV003775492
1059371	single nucleotide variant	NM_000179.3(MSH6):c.467C>A (p.Ser156Ter)	2956	MSH6	HGNC:7329	Pathogenic	1	Dec 15, 2022	63749873	-	RCV001381543|RCV005361590
4016299	single nucleotide variant	NM_001270974.2(HYDIN):c.10243G>T (p.Glu3415Ter)	54768	HYDIN	HGNC:19368	Likely pathogenic	1	Nov 23, 2024	-1	-	RCV005415165
1234190	single nucleotide variant	NM_001384355.1(RAD21L1):c.85A>T (p.Lys29Ter)	642636	RAD21L1	HGNC:16271	Pathogenic	1	Aug 23, 2021	1161340148	-	RCV001648495
3407601	single nucleotide variant	NM_003816.3(ADAM9):c.2020G>T (p.Glu674Ter)	8754	ADAM9	HGNC:216	Pathogenic	1	Jan 01, 2021	-1	-	RCV004818694
212090	single nucleotide variant	NM_001048174.2(MUTYH):c.1390A>T (p.Lys464Ter)	4595	MUTYH	HGNC:7527	Pathogenic/Likely pathogenic	1	Jan 10, 2026	863224502	-	RCV000198593|RCV001184572
358005	single nucleotide variant	NM_005609.4(PYGM):c.1827+1G>C	5837	PYGM	HGNC:9726	Likely pathogenic	1	Oct 18, 2025	1057517442	-	RCV000409723|RCV003319195
446478	single nucleotide variant	NM_003336.4(UBE2A):c.125+2T>C	7319	UBE2A	HGNC:12472	Pathogenic	1	Oct 06, 2017	1556235612	-	RCV000522360|RCV005901201
31693	single nucleotide variant	NM_001953.5(TYMP):c.516+2T>C	1890	TYMP	HGNC:3148	Pathogenic	1	Jan 14, 2016	797044454	-	RCV000018134
834939	single nucleotide variant	NM_017780.4(CHD7):c.2729C>G (p.Ser910Ter)	55636	CHD7	HGNC:20626	Pathogenic	1	Jun 24, 2019	1804054410	-	RCV001037820
17343	single nucleotide variant	NM_005609.4(PYGM):c.1187T>C (p.Leu396Pro)	5837	PYGM	HGNC:9726	Pathogenic	1	Jan 01, 1995	119103254	-	RCV000002394
1436598	single nucleotide variant	NM_000454.5(SOD1):c.49G>T (p.Gly17Cys)	6647	SOD1	HGNC:11179	Likely pathogenic	1	May 07, 2021	121912453	-	RCV001971733
798728	single nucleotide variant	NM_005993.5(TBCD):c.2380-1G>A	6904	TBCD	HGNC:11581	Likely pathogenic	1	Aug 07, 2019	1599617641	-	RCV000995890
3494618	single nucleotide variant	NM_000260.4(MYO7A):c.3997C>T (p.Gln1333Ter)	4647	MYO7A	HGNC:7606	Likely pathogenic	1	Jan 02, 2024	-1	-	RCV005055233
1192610	single nucleotide variant	NM_006892.4(DNMT3B):c.1579T>C (p.Cys527Arg)	1789	DNMT3B	HGNC:2979	Pathogenic	1	Aug 20, 2021	2146029958	-	RCV001568341
3042457	single nucleotide variant	NM_198129.4(LAMA3):c.5542C>T (p.Gln1848Ter)	3909	LAMA3	HGNC:6483	Pathogenic	1	Feb 24, 2023	984660543	-	RCV003715594
3401240	single nucleotide variant	NM_000206.3(IL2RG):c.511G>T (p.Glu171Ter)	3561	IL2RG	HGNC:6010	Pathogenic/Likely pathogenic	1	Jun 01, 2025	763359860	-	RCV004577431|RCV006488988
788699	single nucleotide variant	NM_002957.6(RXRA):c.671G>A (p.Ser224Asn)	6256	RXRA	HGNC:10477	Likely pathogenic	1	Aug 31, 2019	1588299621	-	RCV000984088
1398897	single nucleotide variant	NM_206933.4(USH2A):c.262T>A (p.Cys88Ser)	7399	USH2A	HGNC:12601	Likely pathogenic	1	Sep 06, 2022	2102788720	-	RCV001929986
4993889	single nucleotide variant	NM_015512.5(DNAH1):c.10968+2C>T	25981	DNAH1	HGNC:2940	Likely pathogenic	1	Nov 07, 2025	-1	-	RCV006744873|RCV006961982
414717	single nucleotide variant	NM_001349253.2(SCN11A):c.1187T>C (p.Leu396Pro)	11280	SCN11A	HGNC:10583	Pathogenic	1	Apr 25, 2017	1085307142	-	RCV000488990|RCV000489242
1475697	single nucleotide variant	NM_172107.4(KCNQ2):c.1679G>C (p.Arg560Pro)	3785	KCNQ2	HGNC:6296	Likely pathogenic	1	Jul 01, 2021	1057517919	-	RCV006558173
3412503	single nucleotide variant	NM_021954.4(GJA3):c.64G>A (p.Gly22Ser)	2700	GJA3	HGNC:4277	Pathogenic/Likely pathogenic	1	May 14, 2025	2500174567	-	RCV004593641
4887150	single nucleotide variant	NM_002662.5(PLD1):c.2914G>T (p.Glu972Ter)	5337	PLD1	HGNC:9067	Pathogenic	1	Feb 28, 2025	-1	-	RCV006584033
824932	single nucleotide variant	NM_001164508.2(NEB):c.6542G>A (p.Trp2181Ter)	4703	NEB	HGNC:7720	Pathogenic	1	Jan 20, 2019	2099082250	-	RCV001061559
4016122	single nucleotide variant	NM_024721.5(ZFHX4):c.2713C>T (p.Gln905Ter)	79776	ZFHX4	HGNC:30939	Pathogenic	1	Jul 16, 2026	-1	-	RCV005414988
22669	single nucleotide variant	NM_003394.4(WNT10B):c.994C>T (p.Arg332Trp)	7480	WNT10B	HGNC:12775	Pathogenic	1	Mar 10, 2023	121918349	-	RCV000008069|RCV003555964
95837	single nucleotide variant	NM_000249.4(MLH1):c.790+4A>G	4292	MLH1	HGNC:7127	Pathogenic/Likely pathogenic	1	Oct 24, 2023	267607786	-	RCV001026934|RCV001353500|RCV003153352|RCV003388825
77812	single nucleotide variant	NM_170707.4(LMNA):c.608A>T (p.Glu203Val)	4000	LMNA	HGNC:6636	Pathogenic/Likely pathogenic	1	Oct 21, 2024	28933092	-	RCV000057429|RCV002513739|RCV004799772
48372	single nucleotide variant	NM_001382.4(DPAGT1):c.206T>A (p.Ile69Asn)	1798	DPAGT1	HGNC:2995	Pathogenic	1	Oct 01, 2012	397514586	-	RCV000032992
32350	single nucleotide variant	NM_000088.4(COL1A1):c.543G>A (p.Met181Ile)	1277	COL1A1	HGNC:2197	Pathogenic/Likely pathogenic	1	Jul 30, 2025	72667022	-	RCV000018852|RCV001851923|RCV005801734
801212	single nucleotide variant	NM_000407.5(GP1BB):c.3G>C (p.Met1Ile)	2812	GP1BB	HGNC:4440	Likely pathogenic	1	-	1601247763	-	RCV001003542
565522	single nucleotide variant	NM_004562.3(PRKN):c.734+1G>A	5071	PRKN	HGNC:8607	Likely pathogenic	1	Jun 19, 2018	1562430103	-	RCV001378933
2900091	single nucleotide variant	NM_000153.4(GALC):c.316G>A (p.Gly106Arg)	2581	GALC	HGNC:4115	Likely pathogenic	1	Jun 30, 2023	749615956	-	RCV003502183|RCV006851046
2055457	single nucleotide variant	NM_001375808.2(LPIN2):c.699-1G>T	9663	LPIN2	HGNC:14450	Likely pathogenic	1	Jun 08, 2022	2510266165	-	RCV002811257
3715840	single nucleotide variant	NM_000303.3(PMM2):c.93C>A (p.Phe31Leu)	5373	PMM2	HGNC:9115	Pathogenic/Likely pathogenic	1	Feb 25, 2025	-1	-	RCV005017881
1292255	single nucleotide variant	NM_016239.4(MYO15A):c.8944C>T (p.Gln2982Ter)	51168	MYO15A	HGNC:7594	Pathogenic/Likely pathogenic	1	Sep 25, 2024	774312110	-	RCV002225041|RCV003660900
3077152	single nucleotide variant	NM_000391.4(TPP1):c.1266+1G>A	1200	TPP1	HGNC:2073	Likely pathogenic	1	May 17, 2023	2493796805	-	RCV003737622
5063071	single nucleotide variant	NM_014795.4(ZEB2):c.436G>T (p.Glu146Ter)	9839	ZEB2	HGNC:14881	Likely pathogenic	1	Oct 25, 2022	-1	-	RCV006927275
4652126	single nucleotide variant	NM_000053.4(ATP7B):c.2279C>A (p.Pro760His)	540	ATP7B	HGNC:870	Likely pathogenic	1	Aug 29, 2024	-1	-	RCV006569392
976455	single nucleotide variant	NM_004364.5(CEBPA):c.175G>T (p.Glu59Ter)	1050	CEBPA	HGNC:1833	Pathogenic	1	Dec 15, 2021	1210600080	-	RCV001269749|RCV001880198
3407605	single nucleotide variant	NM_003322.6(TULP1):c.499+5G>T	7287	TULP1	HGNC:12423	Likely pathogenic	1	Jan 01, 2020	-1	-	RCV004814065
637679	single nucleotide variant	NM_001114753.3(ENG):c.1453G>T (p.Glu485Ter)	2022	ENG	HGNC:3349	Pathogenic/Likely pathogenic	1	Sep 12, 2025	997074986	-	RCV000819516|RCV005902080|RCV006635511
3843444	single nucleotide variant	NM_001242896.3(DEPDC5):c.4674G>A (p.Trp1558Ter)	9681	DEPDC5	HGNC:18423	Pathogenic	1	Sep 22, 2024	-1	-	RCV005192479
260265	single nucleotide variant	NM_003560.4(PLA2G6):c.208C>T (p.Arg70Ter)	8398	PLA2G6	HGNC:9039	Pathogenic	1	Dec 01, 2025	886039552	-	RCV000255422|RCV001205763|RCV004767205|RCV006704650
1944185	single nucleotide variant	NM_001399.5(EDA):c.826C>G (p.Arg276Gly)	1896	EDA	HGNC:3157	Likely pathogenic	1	Feb 08, 2024	387907197	-	RCV003111851
1055207	single nucleotide variant	NM_000091.5(COL4A3):c.469-2A>G	1285	COL4A3	HGNC:2204	Likely pathogenic	1	Jun 09, 2022	2125916202	-	RCV001379618|RCV006949099
67668	single nucleotide variant	NM_000218.3(KCNQ1):c.1637C>T (p.Ser546Leu)	3784	KCNQ1	HGNC:6294	Pathogenic	1	Dec 20, 2025	199473480	-	RCV000046008|RCV000057608|RCV000182209|RCV000619557|RCV001807769|RCV001841635|RCV006805888
265024	single nucleotide variant	NM_002734.5(PRKAR1A):c.738T>G (p.Tyr246Ter)	5573	PRKAR1A	HGNC:9388	Pathogenic	1	Oct 08, 2022	886041351	-	RCV000349156|RCV001382881
1840119	single nucleotide variant	NM_000251.3(MSH2):c.2068C>A (p.Gln690Lys)	4436	MSH2	HGNC:7325	Likely pathogenic	1	Feb 04, 2026	587779134	-	RCV002422071|RCV003454322|RCV005097919
1491006	single nucleotide variant	NM_000153.4(GALC):c.349A>T (p.Met117Leu)	2581	GALC	HGNC:4115	Pathogenic/Likely pathogenic	1	Dec 31, 2025	145580093	-	RCV001949562
3733908	single nucleotide variant	NM_016239.4(MYO15A):c.10021C>T (p.Gln3341Ter)	51168	MYO15A	HGNC:7594	Pathogenic	1	Jan 09, 2025	-1	-	RCV005053213
273474	single nucleotide variant	NM_016239.4(MYO15A):c.6764+2T>A	51168	MYO15A	HGNC:7594	Pathogenic/Likely pathogenic	1	Mar 18, 2026	763975867	-	RCV000369680|RCV000600824|RCV000778490|RCV006864420
3855493	single nucleotide variant	NM_173494.2(DNAAF6):c.573T>A (p.Tyr191Ter)	139212	DNAAF6	HGNC:28570	Likely pathogenic	1	Jan 08, 2025	-1	-	RCV005206092
2401417	single nucleotide variant	NM_000540.3(RYR1):c.14488T>C (p.Ser4830Pro)	6261	RYR1	HGNC:10483	Likely pathogenic	1	Jan 25, 2023	1568604535	-	RCV002789973
2066642	single nucleotide variant	NM_001031725.6(DDX59):c.454C>T (p.Gln152Ter)	83479	DDX59	HGNC:25360	Pathogenic	1	Jul 21, 2023	774120769	-	RCV002828802
1437173	single nucleotide variant	NM_020166.5(MCCC1):c.1594+1G>A	56922	MCCC1	HGNC:6936	Likely pathogenic	1	Mar 31, 2025	966900131	-	RCV001999544
2983453	single nucleotide variant	NM_000293.3(PHKB):c.2895+1G>A	5257	PHKB	HGNC:8927	Likely pathogenic	1	Jan 10, 2023	1191733811	-	RCV003628141
29771	single nucleotide variant	NM_000213.5(ITGB4):c.467T>C (p.Leu156Pro)	3691	ITGB4	HGNC:6158	Pathogenic	1	Apr 01, 1998	121912461	-	RCV000015853
546870	single nucleotide variant	NM_000260.4(MYO7A):c.6321G>A (p.Trp2107Ter)	4647	MYO7A	HGNC:7606	Pathogenic	1	Jul 12, 2025	773945008	-	RCV000667049|RCV001855473|RCV006642351
2993767	single nucleotide variant	NM_033305.3(VPS13A):c.3812+1G>T	23230	VPS13A	HGNC:1908	Likely pathogenic	1	Mar 04, 2023	2537897539	-	RCV003723677
3131904	single nucleotide variant	NM_176787.5(PIGN):c.1921A>T (p.Arg641Ter)	23556	PIGN	HGNC:8967	Pathogenic	1	Dec 01, 2023	148925938	-	RCV003827032
2802513	single nucleotide variant	NM_017934.7(PHIP):c.2320-2A>G	55023	PHIP	HGNC:15673	Likely pathogenic	1	Mar 19, 2025	200515013	-	RCV004536681|RCV005099988
439477	single nucleotide variant	NM_015365.3(AMMECR1):c.429T>A (p.Tyr143Ter)	9949	AMMECR1	HGNC:467	Likely pathogenic	1	May 14, 2020	765498367	-	RCV000515137
2137494	single nucleotide variant	NM_004004.6(GJB2):c.595T>G (p.Ser199Ala)	2706	GJB2	HGNC:4284	Likely pathogenic	1	Jan 18, 2022	2500249364	-	RCV003000025
3884940	single nucleotide variant	NM_013314.4(BLNK):c.902+2T>C	29760	BLNK	HGNC:14211	Likely pathogenic	1	Oct 21, 2025	-1	-	RCV005238549
1691224	single nucleotide variant	NM_005861.4(STUB1):c.525-1G>A	10273	STUB1	HGNC:11427	Likely pathogenic	1	Mar 07, 2022	2151505158	-	RCV002272705
3160111	single nucleotide variant	NM_020320.5(RARS2):c.127C>T (p.Gln43Ter)	57038	RARS2	HGNC:21406	Pathogenic/Likely pathogenic	1	Dec 04, 2025	2484886631	-	RCV003859166|RCV006643287
4842956	single nucleotide variant	NM_002529.4(NTRK1):c.1326T>A (p.Cys442Ter)	4914	NTRK1	HGNC:8031	Pathogenic	1	Nov 10, 2025	-1	-	RCV006530146
246642	single nucleotide variant	NM_000527.5(LDLR):c.2548-2A>G	3949	LDLR	HGNC:6547	Likely pathogenic	1	Mar 25, 2016	879255227	-	RCV000237388
17445	single nucleotide variant	NM_032409.3(PINK1):c.1311G>A (p.Trp437Ter)	65018	PINK1	HGNC:14581	Pathogenic	1	Sep 01, 2008	74315356	-	RCV000002507
1173920	single nucleotide variant	NM_032638.5(GATA2):c.869C>A (p.Ser290Ter)	2624	GATA2	HGNC:4171	Pathogenic	1	Jul 06, 2021	2068685370	-	RCV001542218
1448750	single nucleotide variant	NM_020207.7(ERCC6L2):c.3493-2A>G	375748	ERCC6L2	HGNC:26922	Likely pathogenic	1	Nov 18, 2021	2133202969	-	RCV001963842
2125826	single nucleotide variant	NM_000548.5(TSC2):c.2545A>C (p.Thr849Pro)	7249	TSC2	HGNC:12363	Likely pathogenic	1	Jan 19, 2022	781713438	-	RCV002954248
1036182	single nucleotide variant	NM_000512.5(GALNS):c.1155C>A (p.Tyr385Ter)	2588	GALNS	HGNC:4122	Pathogenic/Likely pathogenic	1	Oct 02, 2024	1426905479	-	RCV001578332
1313330	single nucleotide variant	NM_001130682.3(GUCY1A1):c.1086+1G>T	2982	GUCY1A1	HGNC:4685	Pathogenic/Likely pathogenic	1	Dec 30, 2024	587777320	-	RCV001783406
27381	single nucleotide variant	NM_001065.4(TNFRSF1A):c.176G>C (p.Cys59Ser)	7132	TNFRSF1A	HGNC:11916	Pathogenic/Likely pathogenic	1	Jan 19, 2026	104895223	-	RCV000013135|RCV005411294
3000331	single nucleotide variant	NM_000512.5(GALNS):c.851T>G (p.Phe284Cys)	2588	GALNS	HGNC:4122	Likely pathogenic	1	Feb 24, 2023	1163264200	-	RCV003599563
1196975	single nucleotide variant	NM_145199.3(LIPT1):c.2T>C (p.Met1Thr)	51601	LIPT1	HGNC:29569	Likely pathogenic	1	Oct 24, 2019	367951310	-	RCV001577022
395415	single nucleotide variant	NM_138694.4(PKHD1):c.6907A>T (p.Ile2303Phe)	5314	PKHD1	HGNC:9016	Pathogenic/Likely pathogenic	1	Feb 20, 2024	751084512	-	RCV000474720|RCV002481410|RCV006766962
1059217	single nucleotide variant	NM_000092.5(COL4A4):c.2842G>T (p.Gly948Ter)	1286	COL4A4	HGNC:2206	Pathogenic	1	Nov 18, 2020	2150219679	-	RCV001386888|RCV004531197
1357493	single nucleotide variant	NM_015046.7(SETX):c.1484T>C (p.Leu495Pro)	23064	SETX	HGNC:445	Pathogenic	1	Feb 19, 2021	2131461009	-	RCV001872206
1061480	single nucleotide variant	NM_152564.5(VPS13B):c.9333T>G (p.Tyr3111Ter)	157680	VPS13B	HGNC:2183	Pathogenic	1	Nov 21, 2022	1563497733	-	RCV001384640
207253	single nucleotide variant	NM_133433.4(NIPBL):c.7263+4A>C	25836	NIPBL	HGNC:28862	Pathogenic	1	Oct 13, 2017	797045781	-	RCV000192509
791223	single nucleotide variant	NM_000719.7(CACNA1C):c.1113G>A (p.Trp371Ter)	775	CACNA1C	HGNC:1390	Likely pathogenic	1	May 28, 2019	1555672574	-	RCV000988767
545286	single nucleotide variant	NM_000136.3(FANCC):c.996+1G>A	2176	FANCC	HGNC:3584	Pathogenic/Likely pathogenic	1	Jan 14, 2026	370510954	-	RCV000671064|RCV002532107|RCV003303098
395014	single nucleotide variant	NM_001369.3(DNAH5):c.4053+1G>T	1767	DNAH5	HGNC:2950	Likely pathogenic	1	Dec 16, 2024	1060501466	-	RCV000469666
4013616	single nucleotide variant	NM_000439.5(PCSK1):c.1603C>T (p.Leu535Phe)	5122	PCSK1	HGNC:8743	Likely pathogenic	1	Jan 01, 2025	-1	-	RCV005411117
573047	single nucleotide variant	NM_000540.3(RYR1):c.1342A>T (p.Ile448Phe)	6261	RYR1	HGNC:10483	Pathogenic/Likely pathogenic	1	Mar 05, 2026	911417327	-	RCV000692043|RCV004586880|RCV005392294|RCV005001101|RCV006634920
17476	single nucleotide variant	NM_001173464.2(KIF21A):c.2861G>A (p.Arg954Gln)	55605	KIF21A	HGNC:19349	Pathogenic	1	Jun 03, 2024	121912586	-	RCV000002541|RCV000002540|RCV002254900|RCV005234777|RCV006830897
2105632	single nucleotide variant	NM_001164496.2(CFAP44):c.535C>T (p.Arg179Ter)	55779	CFAP44	HGNC:25631	Pathogenic	1	Jun 28, 2022	769673594	-	RCV002910065
1059153	single nucleotide variant	NM_001875.5(CPS1):c.4191G>A (p.Trp1397Ter)	1373	CPS1	HGNC:2323	Pathogenic/Likely pathogenic	1	Jul 25, 2022	1172971002	-	RCV001381094|RCV003469658
1428993	single nucleotide variant	NM_000383.4(AIRE):c.173C>G (p.Ala58Gly)	326	AIRE	HGNC:360	Pathogenic/Likely pathogenic	1	Jan 05, 2026	747941115	-	RCV002022142
3028962	single nucleotide variant	NM_000487.6(ARSA):c.958T>G (p.Trp320Gly)	410	ARSA	HGNC:713	Likely pathogenic	1	Apr 28, 2023	748753862	-	RCV003608378
4924970	single nucleotide variant	NM_017780.4(CHD7):c.3062T>G (p.Val1021Gly)	55636	CHD7	HGNC:20626	Pathogenic	1	Aug 28, 2025	-1	-	RCV006635736
264092	single nucleotide variant	NM_181458.4(PAX3):c.784C>T (p.Arg262Ter)	5077	PAX3	HGNC:8617	Pathogenic	1	Aug 07, 2025	886041319	-	RCV000315662|RCV000660215|RCV006952279
3136478	single nucleotide variant	NM_000020.3(ACVRL1):c.806C>A (p.Ser269Ter)	94	ACVRL1	HGNC:175	Pathogenic	1	Feb 26, 2023	2540164135	-	RCV003837808
40153	single nucleotide variant	NM_032901.4(COX14):c.57G>A (p.Met19Ile)	84987	COX14	HGNC:28216	Pathogenic	1	Jan 13, 2012	587776904	-	RCV000024195
984529	single nucleotide variant	NM_001429.4(EP300):c.3685G>T (p.Glu1229Ter)	2033	EP300	HGNC:3373	Pathogenic	1	Feb 01, 2021	866430850	-	RCV001291579
24917	single nucleotide variant	NM_000451.4(SHOX):c.517C>T (p.Arg173Cys)	6473	SHOX	HGNC:10853	Pathogenic	1	Jan 01, 2026	137852556	-	RCV000010554|RCV000394044|RCV004757101
188173	single nucleotide variant	NM_002055.5(GFAP):c.803C>A (p.Ala268Asp)	2670	GFAP	HGNC:4235	Pathogenic	1	Jan 08, 2015	797044582	-	RCV000192148
622256	single nucleotide variant	NM_021628.3(ALOXE3):c.306T>A (p.Tyr102Ter)	59344	ALOXE3	HGNC:13743	Pathogenic	1	Jun 08, 2018	1568005543	-	RCV000782395
1451430	single nucleotide variant	NM_152383.5(DIS3L2):c.581C>G (p.Ser194Ter)	129563	DIS3L2	HGNC:28648	Pathogenic	1	Jun 08, 2022	772157269	-	RCV001960523
4644285	single nucleotide variant	NM_000112.4(SLC26A2):c.-26+1G>T	1836	SLC26A2	HGNC:10994	Likely pathogenic	1	Sep 22, 2025	-1	-	RCV006260817
3876500	single nucleotide variant	NM_001267550.2(TTN):c.22624C>T (p.Gln7542Ter)	7273	TTN	HGNC:12403	Likely pathogenic	1	Jul 12, 2024	-1	-	RCV005218246
974472	single nucleotide variant	NM_014585.6(SLC40A1):c.238G>A (p.Gly80Ser)	30061	SLC40A1	HGNC:10909	Pathogenic/Likely pathogenic	1	Jan 24, 2026	978427853	-	RCV001385870
262964	single nucleotide variant	NM_007294.4(BRCA1):c.4185+2T>C	672	BRCA1	HGNC:1100	Pathogenic	1	Oct 02, 2015	431825406	-	RCV000258409
553543	single nucleotide variant	NM_000091.5(COL4A3):c.3070+2T>C	-1	COL4A3;MFF-DT	-	Likely pathogenic	1	Sep 16, 2018	1173685095	-	RCV000681818
1465200	single nucleotide variant	NM_003060.4(SLC22A5):c.1384G>A (p.Gly462Ser)	6584	SLC22A5	HGNC:10969	Likely pathogenic	1	Dec 27, 2022	1193551446	-	RCV002013934
4926163	single nucleotide variant	NM_206933.4(USH2A):c.8845+628C>T	7399	USH2A	HGNC:12601	Likely pathogenic	1	Sep 29, 2024	-1	-	RCV006642178
653126	single nucleotide variant	NM_001386393.1(PANK2):c.1082+1G>C	80025	PANK2	HGNC:15894	Likely pathogenic	1	Jan 05, 2024	1600548506	-	RCV000808102
1017670	single nucleotide variant	NM_000552.5(VWF):c.5235G>A (p.Trp1745Ter)	7450	VWF	HGNC:12726	Pathogenic	1	Jul 01, 2020	267607352	-	RCV001787130
136651	single nucleotide variant	NM_006432.5(NPC2):c.3G>C (p.Met1Ile)	10577	NPC2	HGNC:14537	Pathogenic/Likely pathogenic	1	Dec 24, 2023	483352893	-	RCV000119339|RCV003330496
242595	single nucleotide variant	NM_144997.7(FLCN):c.1539-2A>G	201163	FLCN	HGNC:27310	Pathogenic/Likely pathogenic	1	Feb 11, 2026	878855214	-	RCV000230210|RCV000498117|RCV003380528|RCV006707644
1064800	single nucleotide variant	NM_001174089.2(SLC4A11):c.672G>A (p.Trp224Ter)	83959	SLC4A11	HGNC:16438	Pathogenic	1	Feb 13, 2025	772916997	-	RCV001389005|RCV005606824
2402553	single nucleotide variant	NM_000091.5(COL4A3):c.610-1G>A	1285	COL4A3	HGNC:2204	Likely pathogenic	1	Apr 09, 2024	2469545357	-	RCV003123358|RCV005029908
3870987	single nucleotide variant	NM_201384.3(PLEC):c.10354C>T (p.Gln3452Ter)	5339	PLEC	HGNC:9069	Pathogenic	1	Aug 07, 2024	-1	-	RCV005210646
17512	single nucleotide variant	NM_207122.2(EXT2):c.1305+1G>A	2132	EXT2	HGNC:3513	Pathogenic	1	Apr 29, 2019	864309637	-	RCV000002577|RCV005887212
1986827	single nucleotide variant	NM_001692.4(ATP6V1B1):c.786-1G>A	525	ATP6V1B1	HGNC:853	Likely pathogenic	1	Jun 27, 2025	2466299618	-	RCV002618184|RCV006640994
962430	single nucleotide variant	NM_000135.4(FANCA):c.893+920C>A	2175	FANCA	HGNC:3582	Pathogenic	1	Feb 28, 2020	1174586234	-	RCV001256457
1166655	single nucleotide variant	NM_003070.5(SMARCA2):c.2554G>C (p.Glu852Gln)	6595	SMARCA2	HGNC:11098	Pathogenic	1	Jun 10, 2021	281875199	-	RCV001533101
2985731	single nucleotide variant	NM_000294.3(PHKG2):c.392+2T>G	5261	PHKG2	HGNC:8931	Likely pathogenic	1	Dec 22, 2022	2543462043	-	RCV003628039
168198	single nucleotide variant	NM_022455.5(NSD1):c.4844A>C (p.Tyr1615Ser)	64324	NSD1	HGNC:14234	Likely pathogenic	1	Feb 08, 2013	398124378	-	RCV003231246
929590	single nucleotide variant	NM_000202.8(IDS):c.22C>T (p.Arg8Ter)	3423	IDS	HGNC:5389	Pathogenic	1	Jun 07, 2024	1602750610	-	RCV001216081
3408000	single nucleotide variant	NM_001252024.2(TRPM1):c.2336T>C (p.Leu779Pro)	4308	TRPM1	HGNC:7146	Likely pathogenic	1	Jan 01, 2014	-1	-	RCV004814460
4929164	single nucleotide variant	NM_178138.6(LHX3):c.448C>T (p.Gln150Ter)	8022	LHX3	HGNC:6595	Likely pathogenic	1	Jun 11, 2024	-1	-	RCV006643703
2172142	single nucleotide variant	NM_032581.4(HYCC1):c.154-1G>T	84668	HYCC1	HGNC:24587	Likely pathogenic	1	Mar 25, 2022	2534440798	-	RCV003035206
445892	single nucleotide variant	NM_000747.3(CHRNB1):c.727C>T (p.Arg243Cys)	1140	CHRNB1	HGNC:1961	Pathogenic/Likely pathogenic	1	Jan 11, 2026	199875082	-	RCV000522217|RCV000559793|RCV006696400
488111	single nucleotide variant	NM_000536.4(RAG2):c.1320A>C (p.Lys440Asn)	5897	RAG2	HGNC:9832	Likely pathogenic	1	Mar 06, 2018	754413772	-	RCV000681593
25225	single nucleotide variant	NM_000132.4(F8):c.822G>A (p.Trp274Ter)	2157	F8	HGNC:3546	Pathogenic	1	Jan 01, 1995	34371500	-	RCV000010899
2668259	single nucleotide variant	NM_001384140.1(PCDH15):c.705+5G>A	65217	PCDH15	HGNC:14674	Likely pathogenic	1	Dec 31, 2022	2547624796	-	RCV003389536
2999663	single nucleotide variant	NM_000218.3(KCNQ1):c.915G>C (p.Trp305Cys)	3784	KCNQ1	HGNC:6294	Likely pathogenic	1	May 21, 2025	1488745091	-	RCV003648399|RCV005623110
449773	single nucleotide variant	NM_001267550.2(TTN):c.54812-1G>T	7273	TTN	HGNC:12403	Likely pathogenic	1	Feb 10, 2022	1416873295	-	RCV001378254
5018480	single nucleotide variant	NM_006390.4(IPO8):c.2911C>T (p.Arg971Ter)	10526	IPO8	HGNC:9853	Likely pathogenic	1	Dec 16, 2022	-1	-	RCV006840594
422449	single nucleotide variant	NM_000284.4(PDHA1):c.1046C>T (p.Ala349Val)	5160	PDHA1	HGNC:8806	Likely pathogenic	1	Jun 08, 2017	1131691952	-	RCV000493478
3543371	single nucleotide variant	NM_022132.5(MCCC2):c.797A>T (p.His266Leu)	64087	MCCC2	HGNC:6937	Likely pathogenic	1	Jun 22, 2023	-1	-	RCV004801492
3862782	single nucleotide variant	NM_004629.2(FANCG):c.1133C>A (p.Ser378Ter)	2189	FANCG	HGNC:3588	Pathogenic	1	Apr 24, 2026	-1	-	RCV005208055
801326	single nucleotide variant	NM_000350.3(ABCA4):c.1912C>T (p.Pro638Ser)	24	ABCA4	HGNC:34	Pathogenic	1	Jan 09, 2020	754088610	-	RCV001199602
1015171	single nucleotide variant	NM_006516.4(SLC2A1):c.985G>A (p.Glu329Lys)	6513	SLC2A1	HGNC:11005	Pathogenic/Likely pathogenic	1	Aug 13, 2025	2124448063	-	RCV001376893|RCV001647141|RCV001773659
215753	single nucleotide variant	NM_014268.4(MAPRE2):c.260A>G (p.Tyr87Cys)	10982	MAPRE2	HGNC:6891	Pathogenic	1	Dec 03, 2015	864309717	-	RCV000203280
970151	single nucleotide variant	NM_001165963.4(SCN1A):c.5180A>G (p.Asp1727Gly)	6323	SCN1A	HGNC:10585	Pathogenic/Likely pathogenic	1	Dec 16, 2025	1689278062	-	RCV001261536
3775403	single nucleotide variant	NM_003235.5(TG):c.3860G>A (p.Trp1287Ter)	7038	TG	HGNC:11764	Pathogenic	1	Feb 16, 2024	-1	-	RCV005123133
2957585	single nucleotide variant	NM_000593.6(TAP1):c.1738C>T (p.Gln580Ter)	6890	TAP1	HGNC:43	Pathogenic	1	Apr 24, 2023	1331472742	-	RCV003620071
4929257	single nucleotide variant	NM_015166.4(MLC1):c.525+1G>T	23209	MLC1	HGNC:17082	Likely pathogenic	1	Mar 24, 2025	-1	-	RCV006643796
538134	single nucleotide variant	NM_001042492.3(NF1):c.1607C>G (p.Ser536Ter)	4763	NF1	HGNC:7765	Pathogenic/Likely pathogenic	1	Jan 31, 2025	1555612859	-	RCV000659995|RCV005623355
1275060	single nucleotide variant	NM_003041.4(SLC5A2):c.1102C>T (p.Arg368Trp)	6524	SLC5A2	HGNC:11037	Likely pathogenic	1	Feb 18, 2026	148410166	-	RCV001702314|RCV002503164|RCV006865815
573779	single nucleotide variant	NM_000548.5(TSC2):c.1118A>G (p.Gln373Arg)	7249	TSC2	HGNC:12363	Likely pathogenic	1	Mar 04, 2024	397515131	-	RCV000691479
4908458	single nucleotide variant	NM_018062.4(FANCL):c.691+1G>A	55120	FANCL	HGNC:20748	Likely pathogenic	1	Feb 07, 2025	-1	-	RCV006614183
861278	single nucleotide variant	NM_003995.4(NPR2):c.2870G>A (p.Arg957His)	4882	NPR2	HGNC:7944	Likely pathogenic	1	May 10, 2020	1828565145	-	RCV001264759
78144	single nucleotide variant	NM_000238.4(KCNH2):c.1714G>A (p.Gly572Ser)	3757	KCNH2	HGNC:6251	Pathogenic	1	Feb 04, 2026	9333649	-	RCV000057959|RCV000181811|RCV000631548|RCV000619615|RCV000678923|RCV004813051|RCV006776705
2835275	single nucleotide variant	NM_153676.4(USH1C):c.249-1G>A	10083	USH1C	HGNC:12597	Likely pathogenic	1	Oct 28, 2024	1850962546	-	RCV003464777|RCV006642973
860129	single nucleotide variant	NM_013382.7(POMT2):c.1312C>T (p.Gln438Ter)	29954	POMT2	HGNC:19743	Pathogenic	1	Jun 01, 2019	995812794	-	RCV001093129
1859433	single nucleotide variant	NM_020632.3(ATP6V0A4):c.1510C>T (p.Gln504Ter)	50617	ATP6V0A4	HGNC:866	Pathogenic	1	Sep 07, 2022	2485855824	-	RCV002465060
965773	single nucleotide variant	NM_004461.3(FARSA):c.1230C>A (p.Asn410Lys)	2193	FARSA	HGNC:3592	Pathogenic	1	Sep 08, 2020	1971301248	-	RCV001255422
4957508	single nucleotide variant	NM_000443.4(ABCB4):c.2662G>T (p.Glu888Ter)	5244	ABCB4	HGNC:45	Pathogenic	1	Apr 14, 2026	-1	-	RCV006684787
1323778	single nucleotide variant	NM_016333.4(SRRM2):c.6127C>T (p.Arg2043Ter)	23524	SRRM2	HGNC:16639	Pathogenic	1	Jan 11, 2022	747576963	-	RCV001807712|RCV003238152
2796669	single nucleotide variant	NM_032578.4(MYPN):c.1324C>T (p.Gln442Ter)	84665	MYPN	HGNC:23246	Likely pathogenic	1	Sep 13, 2023	2495675414	-	RCV003404288
611821	single nucleotide variant	NM_001199107.2(TBC1D24):c.442G>T (p.Glu148Ter)	57465	TBC1D24	HGNC:29203	Pathogenic	1	Aug 23, 2022	763626059	-	RCV000760799|RCV006612486
481613	single nucleotide variant	NM_001165963.4(SCN1A):c.4853-1G>C	6323	SCN1A	HGNC:10585	Pathogenic	1	Jan 21, 2022	1553520530	-	RCV000578728|RCV001387750|RCV002289845
27028	single nucleotide variant	NM_000170.3(GLDC):c.1166C>T (p.Ala389Val)	2731	GLDC	HGNC:4313	Pathogenic/Likely pathogenic	1	Apr 29, 2026	121964979	-	RCV000012769|RCV000482511|RCV004566736|RCV004629140|RCV006791282
2928257	single nucleotide variant	NM_001365999.1(SZT2):c.4480+1G>T	23334	SZT2	HGNC:29040	Likely pathogenic	1	Sep 25, 2023	2545826394	-	RCV003565004
389222	single nucleotide variant	NM_032119.4(ADGRV1):c.2898G>A (p.Glu966=)	84059	ADGRV1	HGNC:17416	Pathogenic/Likely pathogenic	1	May 06, 2026	1060499796	-	RCV000454318|RCV005407113|RCV006974455
4182681	single nucleotide variant	NM_000016.6(ACADM):c.247G>T (p.Glu83Ter)	34	ACADM	HGNC:89	Likely pathogenic	1	May 27, 2025	-1	-	RCV005612428
446889	single nucleotide variant	NM_005249.5(FOXG1):c.624C>A (p.Tyr208Ter)	2290	FOXG1	HGNC:3811	Pathogenic	1	Aug 25, 2025	267606826	-	RCV000550163|RCV001003977
561942	single nucleotide variant	NM_001130987.2(DYSF):c.5724G>A (p.Trp1908Ter)	8291	DYSF	HGNC:3097	Pathogenic	1	Apr 25, 2018	1558787893	-	RCV000693077
327135	single nucleotide variant	NM_004183.4(BEST1):c.139C>T (p.Arg47Cys)	7439	BEST1	HGNC:12703	Pathogenic/Likely pathogenic	1	Jun 15, 2025	765333778	-	RCV001376914|RCV006802258
1783805	single nucleotide variant	NM_000642.3(AGL):c.2783G>A (p.Trp928Ter)	178	AGL	HGNC:321	Likely pathogenic	1	Feb 28, 2022	1182488370	-	RCV002307249
962247	single nucleotide variant	NM_001142864.4(PIEZO1):c.6964G>T (p.Glu2322Ter)	9780	PIEZO1	HGNC:28993	Pathogenic	1	Jul 20, 2020	774561483	-	RCV001250671
2844655	single nucleotide variant	NM_014270.5(SLC7A9):c.459C>A (p.Cys153Ter)	11136	SLC7A9	HGNC:11067	Pathogenic	1	Apr 07, 2026	555734325	-	RCV003480452|RCV006741423
613733	single nucleotide variant	NM_012158.4(FBXL3):c.445C>T (p.Arg149Ter)	26224	FBXL3	HGNC:13599	Pathogenic	1	Apr 12, 2019	374431043	-	RCV000767371
4925384	single nucleotide variant	NM_001378615.1(CC2D2A):c.3433C>T (p.Gln1145Ter)	57545	CC2D2A	HGNC:29253	Likely pathogenic	1	Jun 26, 2025	-1	-	RCV006636525
639830	single nucleotide variant	NM_000352.6(ABCC8):c.496C>T (p.Gln166Ter)	6833	ABCC8	HGNC:59	Pathogenic/Likely pathogenic	1	Mar 06, 2024	1591896370	-	RCV000807622|RCV005049702
1459097	single nucleotide variant	NM_001165963.4(SCN1A):c.751A>T (p.Met251Leu)	6323	SCN1A	HGNC:10585	Likely pathogenic	1	Feb 21, 2021	2105890375	-	RCV006468887
26794	single nucleotide variant	NM_001110556.2(FLNA):c.620C>T (p.Pro207Leu)	2316	FLNA	HGNC:3754	Pathogenic/Likely pathogenic	1	May 11, 2025	28935469	-	RCV000012521|RCV000415125|RCV001000894|RCV002354156|RCV002509151|RCV003764562|RCV004545725|RCV005887456|RCV005887457
363448	single nucleotide variant	NM_000546.6(TP53):c.527G>T (p.Cys176Phe)	7157	TP53	HGNC:11998	Pathogenic/Likely pathogenic	1	Feb 09, 2025	786202962	-	RCV001244047|RCV004022202|RCV002348142|RCV005230299|RCV006254022|RCV006254020|RCV006254021|RCV006254023
4172358	single nucleotide variant	NM_000349.3(STAR):c.37T>C (p.Ser13Pro)	6770	STAR	HGNC:11359	Pathogenic/Likely pathogenic	1	Sep 24, 2025	-1	-	RCV005611970
615755	single nucleotide variant	NM_001060.6(TBXA2R):c.787-2A>G	6915	TBXA2R	HGNC:11608	Likely pathogenic	1	Feb 01, 2019	1599869510	-	RCV000851879
1441399	single nucleotide variant	NM_000026.4(ADSL):c.733C>T (p.Arg245Ter)	158	ADSL	HGNC:291	Pathogenic	1	Sep 13, 2022	2146658733	-	RCV001942110
514314	single nucleotide variant	NM_001367721.1(CASK):c.2155+1G>C	8573	CASK	HGNC:1497	Likely pathogenic	1	May 15, 2018	1555977199	-	RCV000627089
4925029	single nucleotide variant	NM_182548.4(LHFPL5):c.34A>T (p.Lys12Ter)	222662	LHFPL5	HGNC:21253	Likely pathogenic	1	-	-1	-	RCV006635791
45561	single nucleotide variant	NM_000551.4(VHL):c.320G>C (p.Arg107Pro)	7428	VHL	HGNC:12687	Pathogenic/Likely pathogenic	1	Jan 08, 2026	193922609	-	RCV000030583|RCV000486047|RCV000492682|RCV000816283
264990	single nucleotide variant	NM_000444.6(PHEX):c.1080-1G>A	5251	PHEX	HGNC:8918	Pathogenic	1	Oct 31, 2018	886041695	-	RCV000350821|RCV000763206
3226323	single nucleotide variant	NM_006186.4(NR4A2):c.968G>A (p.Cys323Tyr)	4929	NR4A2	HGNC:7981	Likely pathogenic	1	Mar 21, 2023	1686756273	-	RCV003991314
3017163	single nucleotide variant	NM_025215.6(PUS1):c.717C>G (p.Tyr239Ter)	80324	PUS1	HGNC:15508	Pathogenic	1	Apr 11, 2023	779651314	-	RCV003699208
4404294	single nucleotide variant	NM_000135.4(FANCA):c.1827-1G>C	2175	FANCA	HGNC:3582	Pathogenic	1	Jan 04, 2025	-1	-	RCV005880581|RCV005938220
4816663	single nucleotide variant	NM_003072.5(SMARCA4):c.1812+1G>T	6597	SMARCA4	HGNC:11100	Likely pathogenic	1	Jun 16, 2025	-1	-	RCV006503483
4827817	single nucleotide variant	NM_207122.2(EXT2):c.626+1G>C	2132	EXT2	HGNC:3513	Pathogenic	1	Apr 10, 2025	-1	-	RCV006505083|RCV006811844
3862093	single nucleotide variant	NM_001276270.2(MBD4):c.972T>A (p.Cys324Ter)	8930	MBD4	HGNC:6919	Pathogenic	1	Jan 19, 2025	-1	-	RCV005206957
941867	single nucleotide variant	NM_000143.4(FH):c.1300T>C (p.Cys434Arg)	2271	FH	HGNC:3700	Pathogenic/Likely pathogenic	1	Sep 06, 2024	1659745968	-	RCV002563095|RCV004951363|RCV006646163
577363	single nucleotide variant	NM_015346.4(ZFYVE26):c.960G>A (p.Trp320Ter)	23503	ZFYVE26	HGNC:20761	Pathogenic	1	Apr 02, 2025	1177577061	-	RCV000713441|RCV003768108
2417486	single nucleotide variant	NM_030923.5(TMEM163):c.412C>T (p.Arg138Cys)	81615	TMEM163	HGNC:25380	Pathogenic	1	Feb 14, 2023	2468508886	-	RCV003152358
2752105	single nucleotide variant	NM_080916.3(DGUOK):c.142+4A>C	1716	DGUOK	HGNC:2858	Likely pathogenic	1	Oct 19, 2023	2466942669	-	RCV003335982
3856806	single nucleotide variant	NM_000352.6(ABCC8):c.275G>A (p.Gly92Asp)	6833	ABCC8	HGNC:59	Likely pathogenic	1	Oct 17, 2024	-1	-	RCV005200875
625436	single nucleotide variant	NM_181882.3(PRX):c.589G>T (p.Glu197Ter)	57716	PRX	HGNC:13797	Pathogenic/Likely pathogenic	1	Sep 24, 2025	753857146	-	RCV000789550|RCV001357486|RCV002535808|RCV006704876
1877912	single nucleotide variant	NM_000314.8(PTEN):c.209+1G>C	5728	PTEN	HGNC:9588	Pathogenic	1	May 14, 2026	1554897280	-	RCV003062286|RCV003170968|RCV004700911|RCV006699458|RCV006811407
48617	single nucleotide variant	NM_022095.4(ZNF335):c.3332G>A (p.Arg1111His)	63925	ZNF335	HGNC:15807	Likely pathogenic	1	Nov 21, 2025	397514642	-	RCV000033174
976987	single nucleotide variant	NM_014946.4(SPAST):c.1405T>G (p.Phe469Val)	6683	SPAST	HGNC:11233	Pathogenic	1	-	2148754101	-	RCV001391582
44948	single nucleotide variant	NM_000518.4(HBB):c.-136C>T	3043	HBB	HGNC:4827	Pathogenic/Likely pathogenic	1	Apr 19, 2024	33994806	-	RCV000029949|RCV004998111
3867506	single nucleotide variant	NM_001267550.2(TTN):c.30151C>T (p.Arg10051Ter)	7273	TTN	HGNC:12403	Likely pathogenic	1	Jul 16, 2024	-1	-	RCV005218697
4834461	single nucleotide variant	NM_015189.3(EXOC6B):c.915+2T>G	23233	EXOC6B	HGNC:17085	Likely pathogenic	1	Sep 13, 2025	-1	-	RCV006518593
3507390	single nucleotide variant	NM_001127898.4(CLCN5):c.2360+2T>G	1184	CLCN5	HGNC:2023	Likely pathogenic	1	Jul 09, 2024	-1	-	RCV004755069
3782450	single nucleotide variant	NM_017780.4(CHD7):c.2498+5G>A	55636	CHD7	HGNC:20626	Pathogenic	1	Nov 15, 2024	-1	-	RCV005126675
3181809	single nucleotide variant	NM_000135.4(FANCA):c.1007-1G>A	2175	FANCA	HGNC:3582	Pathogenic	1	Oct 14, 2025	2544276097	-	RCV003876477|RCV005015068
3525656	single nucleotide variant	NM_000552.5(VWF):c.4205A>C (p.Gln1402Pro)	7450	VWF	HGNC:12726	Likely pathogenic	1	Aug 07, 2024	-1	-	RCV004766565
2974054	single nucleotide variant	NM_001127671.2(LIFR):c.561+1G>T	3977	LIFR	HGNC:6597	Likely pathogenic	1	Jul 09, 2023	1746506127	-	RCV003684038
2879384	single nucleotide variant	NM_000334.4(SCN4A):c.1606+1G>C	6329	SCN4A	HGNC:10591	Likely pathogenic	1	Jun 14, 2023	2509313987	-	RCV003506043
25083	single nucleotide variant	NM_000194.2(HPRT1):c.209G>A (p.Gly70Glu)	3251	HPRT1	HGNC:5157	Pathogenic	1	Dec 15, 2025	137852487	-	RCV000010743|RCV000010742|RCV001851784
419531	single nucleotide variant	NM_000179.3(MSH6):c.3173-1G>A	2956	MSH6	HGNC:7329	Pathogenic/Likely pathogenic	1	Mar 07, 2024	397515875	-	RCV000490839|RCV001856943|RCV003449319
4650569	single nucleotide variant	NM_000032.5(ALAS2):c.1342C>G (p.Arg448Gly)	212	ALAS2	HGNC:397	Likely pathogenic	1	Dec 29, 2025	-1	-	RCV006274602
1429521	single nucleotide variant	NM_001844.5(COL2A1):c.2902G>T (p.Glu968Ter)	1280	COL2A1	HGNC:2200	Pathogenic	1	Apr 02, 2025	144572461	-	RCV001993183
2753332	single nucleotide variant	NM_024529.5(CDC73):c.685A>T (p.Arg229Ter)	79577	CDC73	HGNC:16783	Pathogenic	1	Feb 08, 2024	2527324739	-	RCV003338970|RCV004572940
2476919	single nucleotide variant	NM_024665.7(TBL1XR1):c.847A>C (p.Ser283Arg)	79718	TBL1XR1	HGNC:29529	Likely pathogenic	1	Feb 01, 2023	2473700513	-	RCV003223151
928012	single nucleotide variant	NM_000135.4(FANCA):c.3554G>A (p.Trp1185Ter)	2175	FANCA	HGNC:3582	Pathogenic	1	Jun 19, 2019	770393751	-	RCV001224011
5065821	single nucleotide variant	NM_001298.3(CNGA3):c.1664T>C (p.Ile555Thr)	1261	CNGA3	HGNC:2150	Likely pathogenic	1	Apr 13, 2023	-1	-	RCV006923249
2133657	single nucleotide variant	NM_015910.7(WDPCP):c.161-1G>C	51057	WDPCP	HGNC:28027	Likely pathogenic	1	Jan 16, 2022	1177318115	-	RCV003005446
561255	single nucleotide variant	NM_015450.3(POT1):c.1163+1G>A	25913	POT1	HGNC:17284	Likely pathogenic	1	Jul 15, 2025	1562981766	-	RCV000696191|RCV002325396|RCV003478425
3008736	single nucleotide variant	NM_003383.5(VLDLR):c.448+1G>C	7436	VLDLR	HGNC:12698	Likely pathogenic	1	Mar 20, 2023	2488721121	-	RCV003692879
444785	single nucleotide variant	NM_000218.3(KCNQ1):c.943T>C (p.Tyr315His)	3784	KCNQ1	HGNC:6294	Pathogenic/Likely pathogenic	1	Dec 26, 2022	1554894448	-	RCV000521598|RCV003532152
3536934	single nucleotide variant	NM_000341.4(SLC3A1):c.1190A>G (p.Tyr397Cys)	6519	SLC3A1	HGNC:11025	Likely pathogenic	1	Mar 15, 2024	-1	-	RCV004785928
1396362	single nucleotide variant	NM_206933.4(USH2A):c.13349C>T (p.Pro4450Leu)	7399	USH2A	HGNC:12601	Likely pathogenic	1	Sep 19, 2022	2102665385	-	RCV001934719
1323866	single nucleotide variant	NM_001267550.2(TTN):c.77604T>G (p.Tyr25868Ter)	7273	TTN	HGNC:12403	Likely pathogenic	1	Mar 31, 2021	752137856	-	RCV001807792
3225566	single nucleotide variant	NM_001204285.2(MUC1):c.1354-1G>A	4582	MUC1	HGNC:7508	Likely pathogenic	1	Mar 26, 2024	2526888534	-	RCV003990623
1874587	single nucleotide variant	NM_004004.6(GJB2):c.251T>C (p.Val84Ala)	2706	GJB2	HGNC:4284	Likely pathogenic	1	Nov 29, 2022	2500251812	-	RCV003041181
24850	single nucleotide variant	NM_000044.6(AR):c.2650A>T (p.Lys884Ter)	367	AR	HGNC:644	Pathogenic	1	Sep 15, 1991	137852568	-	RCV000010485
1677663	single nucleotide variant	NM_000089.4(COL1A2):c.1207G>C (p.Gly403Arg)	1278	COL1A2	HGNC:2198	Pathogenic	1	May 04, 2022	2115898280	-	RCV002249375|RCV002277099
1935244	single nucleotide variant	NM_001080.3(ALDH5A1):c.1257C>A (p.Phe419Leu)	7915	ALDH5A1	HGNC:408	Pathogenic	1	Mar 08, 2021	765595608	-	RCV002510532
2963568	single nucleotide variant	NM_000350.3(ABCA4):c.470T>G (p.Leu157Trp)	24	ABCA4	HGNC:34	Likely pathogenic	1	Feb 10, 2025	953605928	-	RCV003681665
4826733	single nucleotide variant	NM_001042545.2(LTBP4):c.2248C>T (p.Gln750Ter)	8425	LTBP4	HGNC:6717	Pathogenic	1	May 25, 2025	-1	-	RCV006512508
942628	single nucleotide variant	NM_181458.4(PAX3):c.242G>A (p.Gly81Asp)	5077	PAX3	HGNC:8617	Likely pathogenic	1	Jul 09, 2026	587776586	-	RCV001237226|RCV006755258
65655	single nucleotide variant	NM_006087.4(TUBB4A):c.4C>G (p.Arg2Gly)	10382	TUBB4A	HGNC:20774	Pathogenic	1	Apr 01, 2013	587776983	-	RCV000043680|RCV000258667
547844	single nucleotide variant	NM_000303.3(PMM2):c.179-1G>T	5373	PMM2	HGNC:9115	Likely pathogenic	1	Mar 22, 2017	1166138838	-	RCV000665818
1043347	single nucleotide variant	NM_001903.5(CTNNA1):c.616C>T (p.Gln206Ter)	1495	CTNNA1	HGNC:2509	Pathogenic	1	Aug 07, 2025	773383379	-	RCV001369125|RCV005809585
23507	single nucleotide variant	NM_007126.5(VCP):c.464G>A (p.Arg155His)	7415	VCP	HGNC:12666	Pathogenic	1	Dec 22, 2025	121909329	-	RCV000008989|RCV000540496|RCV000523065|RCV001271089|RCV002336080
547718	single nucleotide variant	NM_000070.3(CAPN3):c.2050+1G>A	825	CAPN3	HGNC:1480	Pathogenic	1	Nov 03, 2025	768374736	-	RCV000669271|RCV001784257|RCV004526742|RCV005010658
246340	single nucleotide variant	NM_000527.5(LDLR):c.1801G>T (p.Asp601Tyr)	3949	LDLR	HGNC:6547	Likely pathogenic	1	Mar 25, 2016	753707206	-	RCV000238532
2114971	single nucleotide variant	NM_198075.4(LRRC56):c.159C>A (p.Tyr53Ter)	115399	LRRC56	HGNC:25430	Pathogenic/Likely pathogenic	1	Jul 05, 2022	2539848777	-	RCV002922004|RCV003147798
4906373	single nucleotide variant	NM_000439.5(PCSK1):c.1653G>A (p.Trp551Ter)	5122	PCSK1	HGNC:8743	Likely pathogenic	1	Nov 14, 2025	-1	-	RCV006597582
3733818	single nucleotide variant	NM_001384474.1(LOXHD1):c.3833G>A (p.Trp1278Ter)	125336	LOXHD1	HGNC:26521	Pathogenic	1	Jan 09, 2025	-1	-	RCV005053123
17729	single nucleotide variant	NM_015404.4(WHRN):c.307C>T (p.Gln103Ter)	25861	WHRN	HGNC:16361	Pathogenic	1	Apr 01, 2007	137852840	-	RCV000002809
1684193	single nucleotide variant	NM_057175.5(NAA15):c.1410+5G>A	80155	NAA15	HGNC:30782	Pathogenic	1	Jun 20, 2022	761336394	-	RCV002255738
3860415	single nucleotide variant	NM_001163435.3(TBCK):c.932-2A>C	93627	TBCK	HGNC:28261	Likely pathogenic	1	Oct 06, 2024	-1	-	RCV005198624
27893	single nucleotide variant	NM_003126.4(SPTA1):c.82C>A (p.Arg28Ser)	6708	SPTA1	HGNC:11272	Pathogenic	1	Jan 05, 2024	121918642	-	RCV000013708|RCV000013709|RCV001508010|RCV006820114
45849	single nucleotide variant	NM_003036.4(SKI):c.94C>G (p.Leu32Val)	6497	SKI	HGNC:10896	Pathogenic	1	Dec 20, 2018	387907304	-	RCV000030817|RCV001266120
850926	single nucleotide variant	NM_000249.4(MLH1):c.546-2A>T	4292	MLH1	HGNC:7127	Pathogenic/Likely pathogenic	1	Jul 08, 2025	267607759	-	RCV001058830|RCV001532969|RCV003455272
3499814	single nucleotide variant	NM_177559.3(CSNK2A1):c.151A>C (p.Ser51Arg)	1457	CSNK2A1	HGNC:2457	Pathogenic	1	Nov 26, 2025	-1	-	RCV004721856|RCV005632724
815231	single nucleotide variant	NM_000465.4(BARD1):c.1569-1G>A	580	BARD1	HGNC:952	Likely pathogenic	1	Apr 20, 2026	1574756672	-	RCV001012177|RCV002549361
1868237	single nucleotide variant	NM_000088.4(COL1A1):c.634G>A (p.Gly212Arg)	1277	COL1A1	HGNC:2197	Pathogenic	1	Jan 23, 2025	72667034	-	RCV003050488
1909228	single nucleotide variant	NM_181426.2(CCDC39):c.610-2A>C	339829	CCDC39	HGNC:25244	Pathogenic	1	Sep 20, 2022	756235547	-	RCV002602807
131940	single nucleotide variant	NM_015474.4(SAMHD1):c.1411-2A>G	25939	SAMHD1	HGNC:15925	Pathogenic	1	Jan 12, 2026	515726141	-	RCV000114348|RCV003137627|RCV005031599|RCV004739368
4824181	single nucleotide variant	NM_181783.4(TMTC3):c.212G>A (p.Arg71His)	160418	TMTC3	HGNC:26899	Pathogenic	1	Oct 08, 2025	-1	-	RCV006509728
3864061	single nucleotide variant	NM_004958.4(MTOR):c.5408A>C (p.His1803Pro)	2475	MTOR	HGNC:3942	Likely pathogenic	1	Oct 11, 2021	-1	-	RCV005208526
3732356	single nucleotide variant	NM_000540.3(RYR1):c.7833C>T (p.Cys2611=)	6261	RYR1	HGNC:10483	Likely pathogenic	1	Nov 13, 2024	-1	-	RCV005416777
1214519	single nucleotide variant	NM_000136.3(FANCC):c.70C>T (p.Gln24Ter)	2176	FANCC	HGNC:3584	Pathogenic/Likely pathogenic	1	Sep 29, 2022	2136101386	-	RCV001615391|RCV002368623|RCV003339687
1039786	single nucleotide variant	NM_206933.4(USH2A):c.12283G>A (p.Gly4095Ser)	7399	USH2A	HGNC:12601	Pathogenic/Likely pathogenic	1	Jul 31, 2024	1315543696	-	RCV001366542|RCV006872862
2751811	single nucleotide variant	NM_000465.4(BARD1):c.1476T>G (p.Tyr492Ter)	580	BARD1	HGNC:952	Pathogenic	1	Jul 11, 2023	758190979	-	RCV003335693|RCV003358165
4022305	single nucleotide variant	NM_000089.4(COL1A2):c.2656G>C (p.Gly886Arg)	1278	COL1A2	HGNC:2198	Pathogenic	1	Dec 23, 2024	-1	-	RCV005429661
3766479	single nucleotide variant	NM_001041.4(SI):c.2184G>A (p.Trp728Ter)	6476	SI	HGNC:10856	Pathogenic	1	Jul 23, 2024	-1	-	RCV005106204
2942865	single nucleotide variant	NM_000330.4(RS1):c.619C>A (p.His207Asn)	6247	RS1	HGNC:10457	Likely pathogenic	1	Feb 14, 2024	2147188931	-	RCV003661194
3798529	single nucleotide variant	NM_007186.6(CEP250):c.4108C>T (p.Gln1370Ter)	11190	CEP250	HGNC:1859	Pathogenic	1	May 26, 2025	-1	-	RCV005144117
535355	single nucleotide variant	NM_001039591.3(USP9X):c.5273T>A (p.Val1758Asp)	8239	USP9X	HGNC:12632	Pathogenic	1	Jan 26, 2017	1555933732	-	RCV000656272
801497	single nucleotide variant	NM_000390.4(CHM):c.1413+1G>T	1121	CHM	HGNC:1940	Pathogenic	1	Sep 10, 2022	1926202120	-	RCV001092046|RCV001199668
244379	single nucleotide variant	NM_000251.3(MSH2):c.897T>G (p.Tyr299Ter)	4436	MSH2	HGNC:7325	Pathogenic	1	Jul 28, 2023	879254104	-	RCV000236542|RCV001056344|RCV002444936|RCV003454717
538213	single nucleotide variant	NM_001042492.3(NF1):c.6642+18A>G	4763	NF1	HGNC:7765	Pathogenic/Likely pathogenic	1	Oct 03, 2025	1555534893	-	RCV000660095|RCV001575829|RCV002352075|RCV004568480
2799947	single nucleotide variant	NM_000325.6(PITX2):c.308A>G (p.Gln103Arg)	5308	PITX2	HGNC:9005	Likely pathogenic	1	Dec 12, 2022	2529773049	-	RCV003394439
1062880	single nucleotide variant	NM_000059.4(BRCA2):c.4318A>T (p.Lys1440Ter)	675	BRCA2	HGNC:1101	Pathogenic	1	Jun 12, 2020	80358668	-	RCV001384652
812749	single nucleotide variant	NM_024675.4(PALB2):c.1653T>G (p.Tyr551Ter)	79728	PALB2	HGNC:26144	Pathogenic	1	Dec 30, 2023	118203997	-	RCV001012602|RCV001284026|RCV001860714
1452093	single nucleotide variant	NM_000092.5(COL4A4):c.3170G>T (p.Gly1057Val)	1286	COL4A4	HGNC:2206	Pathogenic	1	Jan 31, 2024	2150172729	-	RCV002016500
622607	single nucleotide variant	NM_000546.6(TP53):c.595G>T (p.Gly199Ter)	7157	TP53	HGNC:11998	Pathogenic	1	Dec 01, 2018	1567551821	-	RCV000785258
495170	single nucleotide variant	NM_130837.3(OPA1):c.1681+1G>C	4976	OPA1	HGNC:8140	Pathogenic	1	Feb 23, 2018	886041318	-	RCV000598674
1153044	single nucleotide variant	NM_130839.5(UBE3A):c.1682G>A (p.Gly561Glu)	7337	UBE3A	HGNC:12496	Likely pathogenic	1	May 13, 2021	2077884610	-	RCV001788548
2149506	single nucleotide variant	NM_022124.6(CDH23):c.624+1G>A	64072	CDH23	HGNC:13733	Likely pathogenic	1	Feb 14, 2024	2132359280	-	RCV003021267|RCV003475467
961416	single nucleotide variant	NM_024884.3(L2HGDH):c.339T>A (p.Cys113Ter)	79944	L2HGDH	HGNC:20499	Likely pathogenic	1	Jul 10, 2021	2030444679	-	RCV001249463|RCV001814291
4191953	single nucleotide variant	NM_001142800.2(EYS):c.3878-1G>C	346007	EYS	HGNC:21555	Likely pathogenic	1	Aug 31, 2023	-1	-	RCV005636400
3732957	single nucleotide variant	NM_000132.4(F8):c.4534G>T (p.Glu1512Ter)	2157	F8	HGNC:3546	Likely pathogenic	1	Dec 25, 2024	-1	-	RCV005603900
536578	single nucleotide variant	NM_000081.4(LYST):c.7159C>T (p.Arg2387Ter)	1130	LYST	HGNC:1968	Likely pathogenic	1	May 29, 2018	1553283111	-	RCV000658241
1021730	single nucleotide variant	NM_001378183.1(PIEZO2):c.7807G>T (p.Glu2603Ter)	63895	PIEZO2	HGNC:26270	Pathogenic	1	Dec 15, 2022	2034210482	-	RCV001336567|RCV002546784
1516301	single nucleotide variant	NM_001369268.1(ACAN):c.630-13G>A	176	ACAN	HGNC:319	Pathogenic	1	Aug 29, 2025	750130640	-	RCV002038624|RCV006846608
3850371	single nucleotide variant	NM_002528.7(NTHL1):c.251G>A (p.Trp84Ter)	4913	NTHL1	HGNC:8028	Pathogenic	1	Sep 30, 2024	-1	-	RCV005195704
4817375	single nucleotide variant	NM_000048.4(ASL):c.197G>A (p.Gly66Asp)	435	ASL	HGNC:746	Pathogenic	1	Sep 10, 2025	-1	-	RCV006504006
3859967	single nucleotide variant	NM_006005.3(WFS1):c.1915T>G (p.Trp639Gly)	7466	WFS1	HGNC:12762	Pathogenic/Likely pathogenic	1	Oct 03, 2024	-1	-	RCV005200438|RCV006958043
623236	single nucleotide variant	NM_014625.4(NPHS2):c.929A>T (p.Glu310Val)	7827	NPHS2	HGNC:13394	Pathogenic	1	Nov 21, 2018	1572255744	-	RCV000786978
1015187	single nucleotide variant	NM_000414.4(HSD17B4):c.652G>T (p.Val218Leu)	3295	HSD17B4	HGNC:5213	Pathogenic/Likely pathogenic	1	Mar 06, 2024	1749878115	-	RCV001645023|RCV002546240|RCV003469556
1786282	single nucleotide variant	NM_007294.4(BRCA1):c.3550G>T (p.Gly1184Ter)	672	BRCA1	HGNC:1100	Pathogenic	1	May 27, 2022	1472194405	-	RCV002454864
2476574	single nucleotide variant	NM_001379180.1(ESRRB):c.738T>G (p.Tyr246Ter)	2103	ESRRB	HGNC:3473	Likely pathogenic	1	Feb 01, 2023	773887736	-	RCV003222806
1466156	single nucleotide variant	NM_139058.3(ARX):c.1125G>A (p.Trp375Ter)	170302	ARX	HGNC:18060	Pathogenic	1	Nov 04, 2020	2147320638	-	RCV001883211
975346	single nucleotide variant	NM_170682.4(P2RX2):c.1057G>A (p.Gly353Arg)	22953	P2RX2	HGNC:15459	Pathogenic/Likely pathogenic	1	Apr 30, 2026	202138002	-	RCV001268412|RCV005253781|RCV006842787
854042	single nucleotide variant	NM_007294.4(BRCA1):c.5066T>A (p.Met1689Lys)	672	BRCA1	HGNC:1100	Likely pathogenic	1	Mar 27, 2026	80357061	-	RCV001072190|RCV002339351|RCV006697622
25038	single nucleotide variant	NM_001278116.2(L1CAM):c.1939+5G>A	3897	L1CAM	HGNC:6470	Likely pathogenic	1	Feb 14, 2024	879253716	-	RCV000794947|RCV003151719
353992	single nucleotide variant	NM_172107.4(KCNQ2):c.1085A>G (p.Tyr362Cys)	3785	KCNQ2	HGNC:6296	Likely pathogenic	1	Jun 13, 2023	1057516111	-	RCV000678165|RCV004791435
105651	single nucleotide variant	NM_004183.4(BEST1):c.884T>C (p.Ile295Thr)	7439	BEST1	HGNC:12703	Pathogenic/Likely pathogenic	1	Oct 01, 2024	281865253	-	RCV000086180|RCV004815161|RCV005417960|RCV006805976
17818	single nucleotide variant	NM_000158.4(GBE1):c.1543C>T (p.Arg515Cys)	2632	GBE1	HGNC:4180	Pathogenic/Likely pathogenic	1	Jul 28, 2025	80338672	-	RCV000002910|RCV000020161|RCV000210646|RCV001246690|RCV005639065|RCV006951824
1442623	single nucleotide variant	NM_021964.3(ZNF148):c.1913C>A (p.Pro638Gln)	7707	ZNF148	HGNC:12933	Likely pathogenic	1	Feb 19, 2021	2107830116	-	RCV002040295
1491194	single nucleotide variant	NM_001368894.2(PAX6):c.400-2A>T	5080	PAX6	HGNC:8620	Pathogenic	1	Aug 17, 2021	1592532580	-	RCV001975078
213817	single nucleotide variant	NM_213599.3(ANO5):c.762+1G>A	203859	ANO5	HGNC:27337	Pathogenic/Likely pathogenic	1	Jan 19, 2026	372221490	-	RCV000201014|RCV000725769|RCV000823520|RCV006824038
4641997	single nucleotide variant	NM_015175.3(NBEAL2):c.3222-2A>T	23218	NBEAL2	HGNC:31928	Pathogenic	1	Oct 09, 2025	-1	-	RCV006255085
2144487	single nucleotide variant	NM_032119.4(ADGRV1):c.12285+1G>T	84059	ADGRV1	HGNC:17416	Likely pathogenic	1	Jan 16, 2022	765705070	-	RCV003007551
4923634	single nucleotide variant	NM_001458.5(FLNC):c.7365C>G (p.Tyr2455Ter)	2318	FLNC	HGNC:3756	Pathogenic	1	Apr 23, 2025	-1	-	RCV006629025
4924100	single nucleotide variant	NM_017763.6(RNF43):c.2308+1G>A	54894	RNF43	HGNC:18505	Likely pathogenic	1	Dec 15, 2025	-1	-	RCV006634167
2836036	single nucleotide variant	NM_024996.7(GFM1):c.1981C>T (p.Gln661Ter)	85476	GFM1	HGNC:13780	Likely pathogenic	1	Mar 22, 2024	2473064367	-	RCV003468280
39354	single nucleotide variant	NM_004281.4(BAG3):c.367C>T (p.Arg123Ter)	9531	BAG3	HGNC:939	Pathogenic/Likely pathogenic	1	Jan 13, 2026	387906875	-	RCV000023350|RCV000211711|RCV000247382|RCV000254992|RCV000627789
443971	single nucleotide variant	NM_000255.4(MMUT):c.571G>A (p.Ala191Thr)	4594	MMUT	HGNC:7526	Likely pathogenic	1	Nov 10, 2023	1313120333	-	RCV000520146|RCV003446136
2067560	single nucleotide variant	NM_001379270.1(CNGA1):c.107+1G>A	1259	CNGA1	HGNC:2148	Likely pathogenic	1	Jul 22, 2024	1314598960	-	RCV002856494|RCV006957545
3408622	single nucleotide variant	NM_001378477.3(NYX):c.1009T>C (p.Cys337Arg)	60506	NYX	HGNC:8082	Likely pathogenic	1	Jan 01, 2016	-1	-	RCV004817270
5071140	single nucleotide variant	NM_000094.4(COL7A1):c.4484G>A (p.Gly1495Asp)	1294	COL7A1	HGNC:2214	Likely pathogenic	1	Mar 26, 2024	-1	-	RCV006937743
971681	single nucleotide variant	NM_005373.3(MPL):c.758G>A (p.Trp253Ter)	4352	MPL	HGNC:7217	Likely pathogenic	1	Sep 15, 2019	1647019692	-	RCV001264136
512161	single nucleotide variant	NM_001271.4(CHD2):c.1532T>C (p.Met511Thr)	1106	CHD2	HGNC:1917	Likely pathogenic	1	Oct 10, 2016	1555440555	-	RCV000624885
2402768	single nucleotide variant	NM_022356.4(P3H1):c.640C>T (p.Arg214Ter)	64175	P3H1	HGNC:19316	Pathogenic	1	Jan 12, 2026	200899260	-	RCV003123573|RCV005602019
1313375	single nucleotide variant	NM_000202.8(IDS):c.1589T>A (p.Leu530Ter)	3423	IDS	HGNC:5389	Pathogenic	1	Oct 13, 2021	2124648259	-	RCV001783453
3548889	single nucleotide variant	NM_004369.4(COL6A3):c.6472G>C (p.Gly2158Arg)	1293	COL6A3	HGNC:2213	Likely pathogenic	1	Apr 01, 2026	-1	-	RCV004811213
610104	single nucleotide variant	NM_000018.4(ACADVL):c.566T>C (p.Ile189Thr)	37	ACADVL	HGNC:92	Likely pathogenic	1	Jun 20, 2017	1567563311	-	RCV000755773
3728049	single nucleotide variant	NM_000203.5(IDUA):c.299+1G>A	3425	IDUA	HGNC:5391	Likely pathogenic	1	Jun 04, 2024	-1	-	RCV005033103
509244	single nucleotide variant	NM_001267550.2(TTN):c.107578C>T (p.Gln35860Ter)	7273	TTN	HGNC:12403	Pathogenic/Likely pathogenic	1	Sep 29, 2025	1009131948	-	RCV000619039|RCV001004985|RCV001389433|RCV002483701|RCV003151795|RCV006699303
653850	single nucleotide variant	NM_006516.4(SLC2A1):c.102T>G (p.Asn34Lys)	6513	SLC2A1	HGNC:11005	Likely pathogenic	1	Jan 01, 2014	1570601007	-	RCV000824820
2903762	single nucleotide variant	NM_000108.5(DLD):c.988G>T (p.Glu330Ter)	1738	DLD	HGNC:2898	Pathogenic	1	Jul 17, 2023	2535601329	-	RCV003511553
1935311	single nucleotide variant	NM_005198.5(CHKB):c.150C>A (p.Tyr50Ter)	1120	CHKB	HGNC:1938	Likely pathogenic	1	-	1252318649	-	RCV002510642
5000452	single nucleotide variant	NM_003846.3(PEX11B):c.139C>T (p.Gln47Ter)	8799	PEX11B	HGNC:8853	Likely pathogenic	1	Apr 29, 2026	-1	-	RCV006757101
1485572	single nucleotide variant	NM_001903.5(CTNNA1):c.2298+1G>C	1495	CTNNA1	HGNC:2509	Likely pathogenic	1	Apr 17, 2024	2150337651	-	RCV002029357
1334885	single nucleotide variant	NM_001886.3(CRYBA4):c.277T>C (p.Ser93Pro)	1413	CRYBA4	HGNC:2396	Likely pathogenic	1	Aug 11, 2021	2145980854	-	RCV002221291
2081615	single nucleotide variant	NM_014956.5(CEP164):c.2361+1G>A	22897	CEP164	HGNC:29182	Likely pathogenic	1	Oct 22, 2024	2044759367	-	RCV002889498|RCV005928653|RCV006825561
413926	single nucleotide variant	NM_078480.3(PUF60):c.604-2A>C	22827	PUF60	HGNC:17042	Likely pathogenic	1	Jan 19, 2017	1554643168	-	RCV000488445
3399754	single nucleotide variant	NM_020686.6(ABAT):c.604-1G>A	18	ABAT	HGNC:23	Likely pathogenic	1	Dec 19, 2023	2549085900	-	RCV004573900
2737020	single nucleotide variant	NM_004046.6(ATP5F1A):c.1252G>A (p.Gly418Arg)	498	ATP5F1A	HGNC:823	Likely pathogenic	1	Aug 26, 2025	1412572728	-	RCV003313764|RCV006705820
2883923	single nucleotide variant	NM_014639.4(SKIC3):c.3248C>A (p.Ser1083Ter)	9652	SKIC3	HGNC:23639	Pathogenic/Likely pathogenic	1	Jun 29, 2023	540722823	-	RCV003559839|RCV006965068
1063016	single nucleotide variant	NM_000053.4(ATP7B):c.3206A>G (p.His1069Arg)	540	ATP7B	HGNC:870	Pathogenic	1	Aug 10, 2021	201738147	-	RCV001381921
241755	single nucleotide variant	NM_000321.3(RB1):c.1814+3A>C	5925	RB1	HGNC:9884	Pathogenic	1	May 20, 2024	376886420	-	RCV000227413
4927005	single nucleotide variant	NM_138694.4(PKHD1):c.131-2A>G	5314	PKHD1	HGNC:9016	Likely pathogenic	1	Apr 29, 2026	-1	-	RCV006640141|RCV006757740
2744426	single nucleotide variant	NM_000095.3(COMP):c.1526A>G (p.Asp509Gly)	1311	COMP	HGNC:2227	Likely pathogenic	1	Mar 06, 2023	2145900493	-	RCV003327823
791584	single nucleotide variant	NM_000294.3(PHKG2):c.1070T>C (p.Leu357Pro)	5261	PHKG2	HGNC:8931	Likely pathogenic	1	May 28, 2019	762089284	-	RCV000989595
647671	single nucleotide variant	NM_000455.5(STK11):c.498C>G (p.Tyr166Ter)	6794	STK11	HGNC:11389	Pathogenic	1	Aug 23, 2024	1555738205	-	RCV000818713|RCV004949999
815941	single nucleotide variant	NM_000061.3(BTK):c.837T>A (p.Tyr279Ter)	695	BTK	HGNC:1133	Pathogenic	1	Jan 01, 2019	1603007888	-	RCV001027551
620817	single nucleotide variant	NM_000494.4(COL17A1):c.1687+1G>T	1308	COL17A1	HGNC:2194	Likely pathogenic	1	Jul 08, 2023	1564679226	-	RCV003558578
2885907	single nucleotide variant	NM_001369.3(DNAH5):c.325A>T (p.Lys109Ter)	1767	DNAH5	HGNC:2950	Pathogenic	1	Jan 05, 2023	2547160581	-	RCV003539000
639270	single nucleotide variant	NM_000314.8(PTEN):c.302T>A (p.Ile101Asn)	5728	PTEN	HGNC:9588	Pathogenic/Likely pathogenic	1	Jun 18, 2025	1339631701	-	RCV000803332|RCV002464324|RCV003353034
248651	single nucleotide variant	NM_000374.5(UROD):c.578G>C (p.Arg193Pro)	7389	UROD	HGNC:12591	Likely pathogenic	1	Jun 10, 2024	143823335	-	RCV000240668|RCV001857846|RCV002509339
4015735	single nucleotide variant	NM_012086.5(GTF3C3):c.1525G>A (p.Ala509Thr)	9330	GTF3C3	HGNC:4666	Pathogenic	1	May 15, 2025	-1	-	RCV005413246
789780	single nucleotide variant	NM_000810.4(GABRA5):c.902C>G (p.Thr301Arg)	2558	GABRA5	HGNC:4079	Pathogenic/Likely pathogenic	1	Sep 26, 2023	1595438268	-	RCV000986170|RCV001561246
447693	single nucleotide variant	NM_000143.4(FH):c.700A>C (p.Thr234Pro)	2271	FH	HGNC:3700	Likely pathogenic	1	Apr 15, 2026	372505976	-	RCV002527738|RCV005338230|RCV006646131
544625	single nucleotide variant	NM_000048.4(ASL):c.133T>A (p.Tyr45Asn)	435	ASL	HGNC:746	Likely pathogenic	1	Jan 23, 2024	771012029	-	RCV000666421
3111225	single nucleotide variant	NM_000377.3(WAS):c.463+1G>A	7454	WAS	HGNC:12731	Likely pathogenic	1	Nov 01, 2023	2519281091	-	RCV003801681
245603	single nucleotide variant	NM_000527.5(LDLR):c.514G>A (p.Asp172Asn)	3949	LDLR	HGNC:6547	Pathogenic/Likely pathogenic	1	May 12, 2026	879254554	-	RCV000238587|RCV001385842|RCV002338784|RCV004597767|RCV005404434
33191	single nucleotide variant	NM_000021.4(PSEN1):c.833G>T (p.Arg278Ile)	5663	PSEN1	HGNC:9508	Pathogenic	1	Jun 25, 2022	63749891	-	RCV000019782|RCV000084379|RCV002513126
26050	single nucleotide variant	NM_000531.6(OTC):c.444G>C (p.Leu148Phe)	5009	OTC	HGNC:8512	Pathogenic	1	Mar 17, 1997	66741318	-	RCV000011758|RCV000083441
4187172	single nucleotide variant	NM_002074.5(GNB1):c.844G>C (p.Gly282Arg)	2782	GNB1	HGNC:4396	Likely pathogenic	1	Nov 14, 2024	-1	-	RCV005626013|RCV006973096
445703	single nucleotide variant	NM_144997.7(FLCN):c.649C>T (p.Gln217Ter)	201163	FLCN	HGNC:27310	Pathogenic	1	Dec 20, 2024	1555609899	-	RCV000519187|RCV002367730|RCV003500542
2402882	single nucleotide variant	NM_000553.6(WRN):c.600G>T (p.Trp200Cys)	7486	WRN	HGNC:12791	Likely pathogenic	1	Jan 24, 2023	2130050166	-	RCV003126320
4819931	single nucleotide variant	NM_198999.3(SLC26A5):c.1120G>T (p.Glu374Ter)	375611	SLC26A5	HGNC:9359	Pathogenic	1	Jun 25, 2025	-1	-	RCV006493495
987613	single nucleotide variant	NM_006279.5(ST3GAL3):c.891+1G>T	6487	ST3GAL3	HGNC:10866	Likely pathogenic	1	Apr 19, 2021	2082857900	-	RCV006466261
992382	single nucleotide variant	NM_005228.5(EGFR):c.3162+1G>T	1956	EGFR	HGNC:3236	Likely pathogenic	1	Sep 22, 2021	1034084415	-	RCV001307449
541750	single nucleotide variant	NM_001164508.2(NEB):c.927+1G>A	4703	NEB	HGNC:7720	Likely pathogenic	1	May 19, 2017	374562457	-	RCV000667075
1468067	single nucleotide variant	NM_001079866.2(BCS1L):c.320+1G>A	617	BCS1L	HGNC:1020	Pathogenic	1	Oct 29, 2023	386833856	-	RCV001956328
30381	single nucleotide variant	NM_000518.5(HBB):c.328G>A (p.Val110Met)	3043	HBB	HGNC:4827	Pathogenic	1	Aug 20, 2024	33969677	-	RCV000016585|RCV000169614|RCV000641606|RCV001553627|RCV003476897
419457	single nucleotide variant	NM_000179.3(MSH6):c.1239G>C (p.Trp413Cys)	2956	MSH6	HGNC:7329	Pathogenic/Likely pathogenic	1	Sep 30, 2024	1114167736	-	RCV000630168|RCV000491524
3400798	single nucleotide variant	NM_001122769.3(LCA5):c.604T>C (p.Ser202Pro)	167691	LCA5	HGNC:31923	Likely pathogenic	1	Feb 04, 2024	2533438607	-	RCV004576801
1349965	single nucleotide variant	NM_178138.6(LHX3):c.79+1990T>G	8022	LHX3	HGNC:6595	Likely pathogenic	1	Jan 22, 2023	1831680321	-	RCV001987085
801230	single nucleotide variant	NM_003126.4(SPTA1):c.2464+1G>A	6708	SPTA1	HGNC:11272	Likely pathogenic	1	Sep 10, 2020	774632615	-	RCV001003796|RCV001265552|RCV001508909
1177714	single nucleotide variant	NM_000059.4(BRCA2):c.2484T>A (p.Tyr828Ter)	675	BRCA2	HGNC:1101	Pathogenic	1	Jan 06, 2021	45619134	-	RCV001546994
106427	single nucleotide variant	NM_017415.3(KLHL3):c.1295G>A (p.Ser432Asn)	26249	KLHL3	HGNC:6354	Pathogenic/Likely pathogenic	1	Mar 22, 2022	199469631	-	RCV000128522|RCV002477257
1706604	single nucleotide variant	NM_024596.5(MCPH1):c.168C>G (p.Tyr56Ter)	79648	MCPH1	HGNC:6954	Pathogenic	1	Dec 16, 2021	765627692	-	RCV002287679
2834592	single nucleotide variant	NM_001023570.4(IQCB1):c.100+1G>A	9657	IQCB1	HGNC:28949	Likely pathogenic	1	Jul 22, 2023	2472529375	-	RCV003461750|RCV005927713
438739	single nucleotide variant	NM_012123.4(MTO1):c.1324C>T (p.Arg442Ter)	25821	MTO1	HGNC:19261	Pathogenic/Likely pathogenic	1	Dec 13, 2025	200583827	-	RCV000514491|RCV001216068|RCV006767157
971758	single nucleotide variant	NM_000092.5(COL4A4):c.994G>T (p.Gly332Ter)	1286	COL4A4	HGNC:2206	Likely pathogenic	1	Dec 31, 2019	2060521689	-	RCV001264180
543738	single nucleotide variant	NM_000255.4(MMUT):c.385+2T>C	4594	MMUT	HGNC:7526	Pathogenic	1	Dec 14, 2025	1192889987	-	RCV000673129|RCV001384679
801128	single nucleotide variant	NM_001987.5(ETV6):c.1201T>C (p.Tyr401His)	2120	ETV6	HGNC:3495	Likely pathogenic	1	-	1591750551	-	RCV001003909
413615	single nucleotide variant	NM_000631.5(NCF4):c.118-1G>A	4689	NCF4	HGNC:7662	Pathogenic/Likely pathogenic	1	Apr 29, 2026	28445840	-	RCV000488142|RCV001200053|RCV006913025
4926794	single nucleotide variant	NM_002454.3(MTRR):c.547G>T (p.Glu183Ter)	4552	MTRR	HGNC:7473	Likely pathogenic	1	Nov 14, 2024	-1	-	RCV006641568
1055055	single nucleotide variant	NM_001267550.2(TTN):c.79273A>T (p.Lys26425Ter)	7273	TTN	HGNC:12403	Likely pathogenic	1	Nov 21, 2020	1706063163	-	RCV001376993
2832958	single nucleotide variant	NM_002435.3(MPI):c.487+1G>A	4351	MPI	HGNC:7216	Likely pathogenic	1	Jun 01, 2023	2505815924	-	RCV003470173
1332577	single nucleotide variant	NM_000540.3(RYR1):c.7614+1G>A	6261	RYR1	HGNC:10483	Pathogenic	1	Feb 08, 2022	2145606794	-	RCV001829283
975060	single nucleotide variant	NM_001171613.2(PREPL):c.1630-1G>A	9581	PREPL	HGNC:30228	Likely pathogenic	1	Oct 23, 2020	1673116593	-	RCV001267922
1832662	single nucleotide variant	NM_014845.6(FIG4):c.1389-1G>C	9896	FIG4	HGNC:16873	Likely pathogenic	1	Jun 29, 2020	2486178697	-	RCV002396600
651561	single nucleotide variant	NM_000255.4(MMUT):c.2125-3C>G	4594	MMUT	HGNC:7526	Pathogenic	1	May 17, 2023	1581815342	-	RCV001386487
104699	single nucleotide variant	NM_001034853.2(RPGR):c.904T>C (p.Cys302Arg)	6103	RPGR	HGNC:10295	Likely pathogenic	1	Jan 21, 2020	62640589	-	RCV000085132|RCV006766795
3805466	single nucleotide variant	NM_006949.4(STXBP2):c.558C>G (p.Tyr186Ter)	6813	STXBP2	HGNC:11445	Pathogenic	1	Jan 19, 2025	-1	-	RCV005148744
536493	single nucleotide variant	NM_007294.4(BRCA1):c.2875A>T (p.Arg959Ter)	672	BRCA1	HGNC:1100	Pathogenic	1	Mar 15, 2016	1401324575	-	RCV000657675
548970	single nucleotide variant	NM_000022.4(ADA):c.845+1G>C	100	ADA	HGNC:186	Pathogenic/Likely pathogenic	1	Aug 29, 2024	766590645	-	RCV000667118
32758	single nucleotide variant	NM_015865.7(SLC14A1):c.663+1G>T	6563	SLC14A1	HGNC:10918	Pathogenic	1	May 22, 1998	77744921	-	RCV000019292
4184810	single nucleotide variant	NM_015884.4(MBTPS2):c.1313C>T (p.Pro438Leu)	51360	MBTPS2	HGNC:15455	Pathogenic	1	Dec 16, 2022	-1	-	RCV006274525
858311	single nucleotide variant	NM_000089.4(COL1A2):c.1424G>T (p.Gly475Val)	1278	COL1A2	HGNC:2198	Likely pathogenic	1	-	1791951769	-	RCV001089658
3535784	single nucleotide variant	NM_001854.4(COL11A1):c.2135G>C (p.Gly712Ala)	1301	COL11A1	HGNC:2186	Likely pathogenic	1	Jun 24, 2022	-1	-	RCV004788214
492943	single nucleotide variant	NM_031433.4(MFRP):c.169C>T (p.Arg57Ter)	83552	MFRP	HGNC:18121	Pathogenic/Likely pathogenic	1	May 05, 2025	1422497202	-	RCV000594206|RCV001386036|RCV006816662
18008	single nucleotide variant	NM_000271.5(NPC1):c.2974G>C (p.Gly992Arg)	4864	NPC1	HGNC:7897	Pathogenic/Likely pathogenic	1	Apr 29, 2026	80358254	-	RCV000003103|RCV000489250|RCV000590044|RCV006878939
99005	single nucleotide variant	NM_000455.5(STK11):c.877G>T (p.Glu293Ter)	6794	STK11	HGNC:11389	Pathogenic	1	Jan 10, 2025	398123405	-	RCV000078913|RCV004678606|RCV005051747
3526099	single nucleotide variant	NM_000089.4(COL1A2):c.2179G>T (p.Gly727Cys)	1278	COL1A2	HGNC:2198	Pathogenic	1	Feb 01, 2026	-1	-	RCV004768475|RCV005221054
550550	single nucleotide variant	NM_000046.5(ARSB):c.157G>A (p.Asp53Asn)	411	ARSB	HGNC:714	Pathogenic/Likely pathogenic	1	Jun 08, 2023	1554032217	-	RCV000677500
2832300	single nucleotide variant	NM_000162.5(GCK):c.554T>C (p.Leu185Pro)	2645	GCK	HGNC:4195	Likely pathogenic	1	Dec 09, 2022	1583599749	-	RCV003447825
1935179	single nucleotide variant	NM_000287.4(PEX6):c.1133G>A (p.Trp378Ter)	5190	PEX6	HGNC:8859	Pathogenic/Likely pathogenic	1	Oct 16, 2023	2481236055	-	RCV002510467
168138	single nucleotide variant	NM_022455.5(NSD1):c.2276C>G (p.Ser759Ter)	64324	NSD1	HGNC:14234	Pathogenic	1	Feb 08, 2013	587784084	-	RCV003231186
541722	single nucleotide variant	NM_001164508.2(NEB):c.823-2A>G	4703	NEB	HGNC:7720	Likely pathogenic	1	May 19, 2017	1553642811	-	RCV000667184
932143	single nucleotide variant	NM_176824.3(BBS7):c.68T>G (p.Leu23Arg)	55212	BBS7	HGNC:18758	Pathogenic/Likely pathogenic	1	Jul 28, 2025	1727380420	-	RCV001209646|RCV003229023|RCV006960696
2104945	single nucleotide variant	NM_000127.3(EXT1):c.1632+2T>G	2131	EXT1	HGNC:3512	Pathogenic	1	Dec 22, 2021	2488106446	-	RCV002922578
18022	single nucleotide variant	NM_000543.5(SMPD1):c.1314C>A (p.Ser438Arg)	6609	SMPD1	HGNC:11120	Pathogenic	1	Jan 01, 1992	267607073	-	RCV000003117
473075	single nucleotide variant	NM_000179.3(MSH6):c.1696G>T (p.Gly566Ter)	2956	MSH6	HGNC:7329	Pathogenic/Likely pathogenic	1	Jan 19, 2025	63749973	-	RCV000574484|RCV003451270|RCV003459390|RCV005091431
1168561	single nucleotide variant	NM_003042.4(SLC6A1):c.89T>A (p.Leu30Ter)	6529	SLC6A1	HGNC:11042	Pathogenic	1	-	2124905063	-	RCV003444912
1035784	single nucleotide variant	NM_000094.4(COL7A1):c.7686G>C (p.Lys2562Asn)	1294	COL7A1	HGNC:2214	Pathogenic	1	Dec 21, 2017	2043771421	-	RCV001352866
4867107	single nucleotide variant	NM_003070.5(SMARCA2):c.2257C>T (p.Leu753Phe)	6595	SMARCA2	HGNC:11098	Pathogenic	1	Aug 06, 2025	-1	-	RCV006546735
1782130	single nucleotide variant	NM_000092.5(COL4A4):c.3031G>T (p.Gly1011Ter)	1286	COL4A4	HGNC:2206	Likely pathogenic	1	Feb 20, 2022	2473972925	-	RCV002309871
4191963	single nucleotide variant	NM_001080472.4(FITM2):c.343G>T (p.Glu115Ter)	128486	FITM2	HGNC:16135	Likely pathogenic	1	Feb 01, 2024	-1	-	RCV005636410
3811857	single nucleotide variant	NM_198525.3(KIF7):c.2710C>T (p.Gln904Ter)	374654	KIF7	HGNC:30497	Pathogenic	1	Dec 30, 2024	-1	-	RCV005163510
2929992	single nucleotide variant	NM_018297.4(NGLY1):c.819G>A (p.Trp273Ter)	55768	NGLY1	HGNC:17646	Pathogenic	1	Oct 19, 2023	2470552807	-	RCV003582028
1064192	single nucleotide variant	NM_007294.4(BRCA1):c.4357+2T>A	672	BRCA1	HGNC:1100	Pathogenic	1	May 13, 2025	80358152	-	RCV001390340
1294461	single nucleotide variant	NM_006922.4(SCN3A):c.1859G>A (p.Arg620Gln)	6328	SCN3A	HGNC:10590	Likely pathogenic	1	May 23, 2025	369720053	-	RCV001751953
2156968	single nucleotide variant	NM_000138.5(FBN1):c.943T>C (p.Cys315Arg)	2200	FBN1	HGNC:3603	Likely pathogenic	1	Jun 01, 2026	2505640756	-	RCV003012208|RCV006733426
4643432	single nucleotide variant	NM_001134665.3(TRMT10A):c.496-1G>A	93587	TRMT10A	HGNC:28403	Likely pathogenic	1	Jul 23, 2025	-1	-	RCV006258176
3109456	single nucleotide variant	NM_001267550.2(TTN):c.99362C>G (p.Ser33121Ter)	7273	TTN	HGNC:12403	Likely pathogenic	1	Jun 24, 2023	2468687187	-	RCV003801980
804934	single nucleotide variant	NM_001042492.3(NF1):c.1261-21T>G	4763	NF1	HGNC:7765	Pathogenic	1	Oct 21, 2025	1597688656	-	RCV001007738
1000937	single nucleotide variant	NM_032444.4(SLX4):c.3916C>T (p.Gln1306Ter)	84464	SLX4	HGNC:23845	Pathogenic	1	May 06, 2022	2040557100	-	RCV001310312|RCV002543548
1675423	single nucleotide variant	NM_000061.3(BTK):c.126T>A (p.Tyr42Ter)	695	BTK	HGNC:1133	Pathogenic	1	May 10, 2022	2147448164	-	RCV002243536
5054203	single nucleotide variant	NM_000346.4(SOX9):c.1356C>G (p.Tyr452Ter)	6662	SOX9	HGNC:11204	Likely pathogenic	1	Aug 18, 2021	-1	-	RCV006878142
1677423	single nucleotide variant	NM_001009944.3(PKD1):c.1722+1G>T	5310	PKD1	HGNC:9008	Likely pathogenic	1	May 04, 2022	1567214706	-	RCV002249132
1687080	single nucleotide variant	NM_001197104.2(KMT2A):c.7874G>T (p.Arg2625Leu)	4297	KMT2A	HGNC:7132	Likely pathogenic	1	Jun 01, 2022	1555046870	-	RCV002262368
31122	single nucleotide variant	NM_001033044.4(GLUL):c.970C>T (p.Arg324Cys)	2752	GLUL	HGNC:4341	Pathogenic	1	Nov 03, 2005	80358214	-	RCV000017463
2749841	single nucleotide variant	NM_006015.6(ARID1A):c.4072C>T (p.Gln1358Ter)	8289	ARID1A	HGNC:11110	Pathogenic	1	-	2124115121	-	RCV003332969
370862	single nucleotide variant	NM_022124.6(CDH23):c.288+1G>C	64072	CDH23	HGNC:13733	Pathogenic	1	Sep 03, 2022	1057520661	-	RCV000438952
1055722	single nucleotide variant	NM_000237.3(LPL):c.805G>A (p.Glu269Lys)	4023	LPL	HGNC:6677	Pathogenic	1	Feb 23, 2026	761886494	-	RCV001377680|RCV001831346|RCV002420853
3724075	single nucleotide variant	NM_052989.3(IFT122):c.272+1G>C	55764	IFT122	HGNC:13556	Likely pathogenic	1	Mar 20, 2024	-1	-	RCV005031106
3103586	single nucleotide variant	NM_025114.4(CEP290):c.4576G>T (p.Glu1526Ter)	80184	CEP290	HGNC:29021	Pathogenic	1	Nov 15, 2023	1337146202	-	RCV003799416
1911330	single nucleotide variant	NM_001211.6(BUB1B):c.1378C>T (p.Gln460Ter)	701	BUB1B	HGNC:1149	Pathogenic	1	Sep 23, 2022	75763304	-	RCV002615957
973715	single nucleotide variant	NM_003070.5(SMARCA2):c.3412G>C (p.Ala1138Pro)	6595	SMARCA2	HGNC:11098	Pathogenic/Likely pathogenic	1	Feb 19, 2026	1822943756	-	RCV001266415|RCV005628897
1677967	single nucleotide variant	NM_000251.3(MSH2):c.1511-1G>T	4436	MSH2	HGNC:7325	Pathogenic/Likely pathogenic	1	May 04, 2022	267607964	-	RCV002250121|RCV002391376
223685	single nucleotide variant	NM_170707.4(LMNA):c.1228C>T (p.Gln410Ter)	4000	LMNA	HGNC:6636	Pathogenic/Likely pathogenic	1	May 07, 2020	1057515421	-	RCV000408652|RCV001256761|RCV001798692|RCV006824058
2831522	single nucleotide variant	NM_000194.3(HPRT1):c.28-2A>G	3251	HPRT1	HGNC:5157	Likely pathogenic	1	Nov 24, 2023	1569354918	-	RCV003444515
5041378	single nucleotide variant	NM_201253.3(CRB1):c.1745T>C (p.Leu582Ser)	23418	CRB1	HGNC:2343	Likely pathogenic	1	May 05, 2021	-1	-	RCV006856291
4653828	single nucleotide variant	NM_000435.3(NOTCH3):c.832T>C (p.Cys278Arg)	4854	NOTCH3	HGNC:7883	Pathogenic	1	Apr 24, 2025	-1	-	RCV006277105
3097337	single nucleotide variant	NM_002582.4(PARN):c.1481-1G>A	5073	PARN	HGNC:8609	Pathogenic/Likely pathogenic	1	Apr 03, 2024	1412358291	-	RCV003807917|RCV005626863|RCV005934927
547943	single nucleotide variant	NM_000135.4(FANCA):c.2151+2T>C	2175	FANCA	HGNC:3582	Pathogenic/Likely pathogenic	1	Dec 19, 2024	937874201	-	RCV000670390|RCV001861792
917584	single nucleotide variant	NC_000017.11:g.8076912C>T	727676	SNORD118	HGNC:32952	Pathogenic	1	Apr 06, 2020	1167153704	-	RCV001194509
1059883	single nucleotide variant	NM_004656.4(BAP1):c.581-2A>G	8314	BAP1	HGNC:950	Pathogenic	1	Dec 29, 2025	1430317959	-	RCV001386298|RCV002268480
1802717	single nucleotide variant	NM_000535.7(PMS2):c.514G>T (p.Glu172Ter)	5395	PMS2	HGNC:9122	Pathogenic	1	Jun 11, 2023	876660196	-	RCV002338257|RCV003594219
564995	single nucleotide variant	NM_000553.6(WRN):c.209+5G>A	7486	WRN	HGNC:12791	Likely pathogenic	1	Jul 24, 2025	754208761	-	RCV000698561
46910	single nucleotide variant	NM_002437.5(MPV17):c.186+2T>C	4358	MPV17	HGNC:7224	Pathogenic/Likely pathogenic	1	Oct 19, 2025	147952488	-	RCV000031903|RCV000195573|RCV003466880|RCV005025084|RCV005888841
3725114	single nucleotide variant	NM_001033855.3(DCLRE1C):c.368T>A (p.Leu123Ter)	64421	DCLRE1C	HGNC:17642	Likely pathogenic	1	Mar 07, 2024	-1	-	RCV005033148
3712800	single nucleotide variant	NM_006397.3(RNASEH2A):c.543T>A (p.Cys181Ter)	10535	RNASEH2A	HGNC:18518	Likely pathogenic	1	Jan 30, 2024	-1	-	RCV005026370
850557	single nucleotide variant	NM_001165963.4(SCN1A):c.4973C>A (p.Thr1658Lys)	6323	SCN1A	HGNC:10585	Pathogenic	1	Jul 05, 2022	121917922	-	RCV006464742
415154	single nucleotide variant	NM_001032221.6(STXBP1):c.107T>G (p.Leu36Ter)	6812	STXBP1	HGNC:11444	Pathogenic	1	Sep 05, 2015	1085307900	-	RCV000489814
2838520	single nucleotide variant	NM_003060.4(SLC22A5):c.1268-2A>G	6584	SLC22A5	HGNC:10969	Likely pathogenic	1	Aug 16, 2022	2532137951	-	RCV003472793
1058921	single nucleotide variant	NM_014795.4(ZEB2):c.874A>T (p.Lys292Ter)	9839	ZEB2	HGNC:14881	Pathogenic	1	May 20, 2020	2149877963	-	RCV001381562
976761	single nucleotide variant	NM_139027.6(ADAMTS13):c.1315G>T (p.Glu439Ter)	11093	ADAMTS13	HGNC:1366	Pathogenic	1	May 01, 2020	748223519	-	RCV001270504
3395998	single nucleotide variant	NM_024757.5(EHMT1):c.2636G>A (p.Trp879Ter)	79813	EHMT1	HGNC:24650	Pathogenic	1	-	-1	-	RCV004720431
358320	single nucleotide variant	NM_002435.3(MPI):c.488-1G>A	4351	MPI	HGNC:7216	Likely pathogenic	1	Aug 24, 2016	759579169	-	RCV000411493
2839478	single nucleotide variant	NM_014270.5(SLC7A9):c.488C>A (p.Ser163Ter)	11136	SLC7A9	HGNC:11067	Likely pathogenic	1	Nov 25, 2023	748402420	-	RCV003455848
788760	single nucleotide variant	NM_153240.5(NPHP3):c.3406C>T (p.Gln1136Ter)	27031	NPHP3	HGNC:7907	Pathogenic	1	Jan 01, 2024	1576660495	-	RCV000985079|RCV001330463|RCV005225176
180172	single nucleotide variant	NM_000038.6(APC):c.532-941G>A	324	APC	HGNC:583	Likely pathogenic	1	Mar 27, 2026	730881227	-	RCV005396366|RCV006691322
976440	single nucleotide variant	NM_001083962.2(TCF4):c.*178C>T	6925	TCF4	HGNC:11634	Likely pathogenic	1	Jan 23, 2015	2046802180	-	RCV001269647
209249	single nucleotide variant	NM_000052.7(ATP7A):c.2357T>G (p.Met786Arg)	538	ATP7A	HGNC:869	Pathogenic	1	Feb 08, 2013	797045354	-	RCV000192663
426041	single nucleotide variant	NM_016529.6(ATP8A2):c.2568+1G>A	51761	ATP8A2	HGNC:13533	Likely pathogenic	1	Mar 02, 2016	1555263787	-	RCV000498945
28183	single nucleotide variant	NM_000448.3(RAG1):c.1186C>T (p.Arg396Cys)	5896	RAG1	HGNC:9831	Pathogenic	1	Oct 15, 2025	104894289	-	RCV000014026|RCV000059556|RCV003764569|RCV003473090|RCV006763452
1469455	single nucleotide variant	NM_001382391.1(CSPP1):c.-69C>T	79848	CSPP1	HGNC:26193	Pathogenic/Likely pathogenic	1	Nov 29, 2024	1294428066	-	RCV002041902|RCV005415621|RCV006781873
420500	single nucleotide variant	NM_000264.5(PTCH1):c.201+1G>A	5727	PTCH1	HGNC:9585	Likely pathogenic	1	Jul 22, 2013	1131690967	-	RCV000492162
2068563	single nucleotide variant	NM_001561.6(TNFRSF9):c.310C>T (p.Gln104Ter)	3604	TNFRSF9	HGNC:11924	Pathogenic	1	Jul 14, 2022	2527270896	-	RCV002835008
1687799	single nucleotide variant	NM_017934.7(PHIP):c.1463A>T (p.Asp488Val)	55023	PHIP	HGNC:15673	Likely pathogenic	1	Jul 06, 2022	2127740526	-	RCV002264875
132463	single nucleotide variant	NM_000428.3(LTBP2):c.1484G>A (p.Arg495Gln)	4053	LTBP2	HGNC:6715	Likely pathogenic	1	-	137854858	-	RCV000114806
210663	single nucleotide variant	NM_000143.4(FH):c.1189G>A (p.Gly397Arg)	2271	FH	HGNC:3700	Pathogenic/Likely pathogenic	1	Jan 14, 2026	863224007	-	RCV000200752|RCV000465210|RCV000445595|RCV002336534|RCV005008131
4961351	single nucleotide variant	NM_000397.4(CYBB):c.90C>G (p.Tyr30Ter)	1536	CYBB	HGNC:2578	Likely pathogenic	1	Sep 18, 2025	-1	-	RCV006696065
1491339	single nucleotide variant	NM_033305.3(VPS13A):c.5881C>T (p.Arg1961Ter)	23230	VPS13A	HGNC:1908	Pathogenic	1	Apr 29, 2026	1286714220	-	RCV001958789|RCV006639295
3398878	single nucleotide variant	NM_001164508.2(NEB):c.24589A>T (p.Lys8197Ter)	4703	NEB	HGNC:7720	Likely pathogenic	1	Jan 05, 2024	1464359123	-	RCV004576358
3550593	single nucleotide variant	NM_022455.5(NSD1):c.5387T>G (p.Val1796Gly)	64324	NSD1	HGNC:14234	Likely pathogenic	1	Jun 20, 2024	-1	-	RCV004819132
1335751	single nucleotide variant	NM_014946.4(SPAST):c.1345G>T (p.Glu449Ter)	6683	SPAST	HGNC:11233	Likely pathogenic	1	Feb 01, 2018	2148753960	-	RCV001848151
1055216	single nucleotide variant	NM_000091.5(COL4A3):c.2882-2A>G	1285	COL4A3	HGNC:2204	Likely pathogenic	1	Nov 01, 2024	2072527010	-	RCV001378334|RCV006636850
71353	single nucleotide variant	NM_018941.4(CLN8):c.581A>G (p.Gln194Arg)	2055	CLN8	HGNC:2079	Likely pathogenic	1	-	386834133	-	RCV000050127
975543	single nucleotide variant	NM_015629.4(PRPF31):c.217A>T (p.Lys73Ter)	26121	PRPF31	HGNC:15446	Pathogenic	1	Mar 01, 2023	2073709795	-	RCV001268709|RCV004814056
2901709	single nucleotide variant	NM_006031.6(PCNT):c.1680-1G>C	5116	PCNT	HGNC:16068	Likely pathogenic	1	Jan 20, 2024	2518128693	-	RCV003560163|RCV004596597
2741835	single nucleotide variant	NM_014633.5(CTR9):c.85G>C (p.Glu29Gln)	9646	CTR9	HGNC:16850	Likely pathogenic	1	May 10, 2023	2539366637	-	RCV003323243
2406758	single nucleotide variant	NM_000202.8(IDS):c.1356C>A (p.Tyr452Ter)	3423	IDS	HGNC:5389	Pathogenic	1	Dec 21, 2022	2520756362	-	RCV003140684
1456731	single nucleotide variant	NM_033380.3(COL4A5):c.782G>A (p.Gly261Glu)	1287	COL4A5	HGNC:2207	Likely pathogenic	1	Feb 22, 2021	2147776049	-	RCV002030179
3867344	single nucleotide variant	NM_001110556.2(FLNA):c.6227-1G>A	2316	FLNA	HGNC:3754	Pathogenic	1	Nov 14, 2024	-1	-	RCV005223770
1693036	single nucleotide variant	NM_030630.3(HID1):c.1297C>T (p.Arg433Trp)	283987	HID1	HGNC:15736	Pathogenic	1	Aug 12, 2022	994473385	-	RCV002274871
4403641	single nucleotide variant	NM_006914.4(RORB):c.682C>T (p.Gln228Ter)	6096	RORB	HGNC:10259	Pathogenic	1	Sep 10, 2025	-1	-	RCV005885388
539412	single nucleotide variant	NM_007194.4(CHEK2):c.-6-2A>G	11200	CHEK2	HGNC:16627	Likely pathogenic	1	Dec 26, 2025	1555932985	-	RCV000663043|RCV006663105
1444716	single nucleotide variant	NM_001563.4(IMPG1):c.321G>A (p.Trp107Ter)	3617	IMPG1	HGNC:6055	Pathogenic	1	Aug 10, 2023	778553127	-	RCV001933645
3189051	single nucleotide variant	NM_206933.4(USH2A):c.1267G>T (p.Gly423Ter)	7399	USH2A	HGNC:12601	Likely pathogenic	1	Oct 01, 2023	1558038124	-	RCV003890610
1343205	single nucleotide variant	NM_183235.3(RAB27A):c.239G>C (p.Arg80Thr)	5873	RAB27A	HGNC:9766	Pathogenic	1	Jul 23, 2025	765369750	-	RCV002024285
28828	single nucleotide variant	NM_003466.4(PAX8):c.143C>T (p.Ser48Phe)	7849	PAX8	HGNC:8622	Pathogenic	1	Jul 01, 2005	121917719	-	RCV000014799
1022924	single nucleotide variant	NM_206933.4(USH2A):c.14996C>T (p.Thr4999Ile)	7399	USH2A	HGNC:12601	Pathogenic/Likely pathogenic	1	Sep 17, 2024	1407860955	-	RCV001344400|RCV006636822
27837	single nucleotide variant	NM_004959.5(NR5A1):c.48C>A (p.Cys16Ter)	2516	NR5A1	HGNC:7983	Pathogenic	1	Oct 01, 2004	104894123	-	RCV000013642
3853567	single nucleotide variant	NM_004387.4(NKX2-5):c.541C>A (p.Gln181Lys)	1482	NKX2-5	HGNC:2488	Likely pathogenic	1	Nov 03, 2024	-1	-	RCV005203046
904899	single nucleotide variant	NM_003917.5(AP1G2):c.464G>A (p.Arg155His)	8906	AP1G2	HGNC:556	Likely pathogenic	1	Jul 01, 2019	200202756	-	RCV001172286
231006	single nucleotide variant	NM_001039876.3(SYNE4):c.559C>T (p.Arg187Ter)	163183	SYNE4	HGNC:26703	Pathogenic/Likely pathogenic	1	Dec 03, 2025	750797779	-	RCV000213729|RCV000760544|RCV005025348|RCV006893991
18189	single nucleotide variant	NM_000218.3(KCNQ1):c.728G>C (p.Arg243Pro)	3784	KCNQ1	HGNC:6294	Pathogenic	1	Sep 01, 2006	120074196	-	RCV000003300|RCV000057743
4967248	single nucleotide variant	NM_001429.4(EP300):c.4173-2A>G	2033	EP300	HGNC:3373	Likely pathogenic	1	Jan 13, 2026	-1	-	RCV006704351
441805	single nucleotide variant	NM_001009944.3(PKD1):c.12031C>T (p.Gln4011Ter)	5310	PKD1	HGNC:9008	Pathogenic	1	Jul 01, 2025	1555444985	-	RCV000517296|RCV000763369|RCV001292449|RCV005625659
245385	single nucleotide variant	NM_000527.5(LDLR):c.136T>G (p.Cys46Gly)	3949	LDLR	HGNC:6547	Pathogenic/Likely pathogenic	1	Nov 05, 2025	879254415	-	RCV000238380|RCV006276085
396851	single nucleotide variant	NM_001114753.3(ENG):c.-127C>T	2022	ENG	HGNC:3349	Pathogenic/Likely pathogenic	1	Mar 05, 2026	1060501408	-	RCV000463117|RCV000756078|RCV001262048|RCV002379437|RCV006798896
2183585	single nucleotide variant	NM_000051.4(ATM):c.6096-2A>C	472	ATM	HGNC:795	Likely pathogenic	1	Sep 10, 2023	1057520704	-	RCV003054558
810468	single nucleotide variant	NM_000051.4(ATM):c.4796C>G (p.Ser1599Ter)	472	ATM	HGNC:795	Pathogenic	1	Jan 21, 2019	1591684337	-	RCV001023061
259374	single nucleotide variant	NM_001242896.3(DEPDC5):c.3994C>T (p.Arg1332Ter)	9681	DEPDC5	HGNC:18423	Pathogenic	1	Mar 15, 2024	886039269	-	RCV000254607|RCV002374432|RCV002229724|RCV002252069
179628	single nucleotide variant	NM_000257.4(MYH7):c.2087A>G (p.Asn696Ser)	4625	MYH7	HGNC:7577	Pathogenic/Likely pathogenic	1	May 15, 2026	730880732	-	RCV000158507|RCV000803464|RCV005054169
4185395	single nucleotide variant	NM_000397.4(CYBB):c.536G>T (p.Gly179Val)	1536	CYBB	HGNC:2578	Likely pathogenic	1	Mar 26, 2025	-1	-	RCV005622389
798530	single nucleotide variant	NM_000404.4(GLB1):c.716C>T (p.Thr239Met)	2720	GLB1	HGNC:4298	Pathogenic/Likely pathogenic	1	May 29, 2026	746766232	-	RCV000995552|RCV001331204|RCV001378118|RCV002279689|RCV004702562|RCV005036266|RCV006642702|RCV006647295
1667690	single nucleotide variant	NM_001377405.1(ATXN7):c.2119C>A (p.Arg707Ser)	6314	ATXN7	HGNC:10560	Likely pathogenic	1	-	1337758154	-	RCV002221436
963128	single nucleotide variant	NM_015910.7(WDPCP):c.253+2T>C	51057	WDPCP	HGNC:28027	Likely pathogenic	1	-	1700584499	-	RCV001251165
3503347	single nucleotide variant	NM_031229.4(RBCK1):c.583-1G>A	10616	RBCK1	HGNC:15864	Likely pathogenic	1	Jun 04, 2024	-1	-	RCV004732030
360847	single nucleotide variant	NM_182943.3(PLOD2):c.2038C>T (p.Arg680Ter)	5352	PLOD2	HGNC:9082	Pathogenic/Likely pathogenic	1	Apr 29, 2026	780770356	-	RCV000415250|RCV000627278|RCV001782894
18216	single nucleotide variant	NM_138477.4(CDAN1):c.3389C>T (p.Pro1130Leu)	146059	CDAN1	HGNC:1713	Pathogenic/Likely pathogenic	1	Apr 29, 2026	80338699	-	RCV000020959|RCV001267935|RCV001839408
512869	single nucleotide variant	NM_000151.4(G6PC1):c.508C>T (p.Arg170Ter)	2538	G6PC1	HGNC:4056	Pathogenic	1	May 01, 2026	373345919	-	RCV000624988|RCV001701123
983817	single nucleotide variant	NM_002941.4(ROBO1):c.526C>T (p.Pro176Ser)	6091	ROBO1	HGNC:10249	Likely pathogenic	1	Jan 09, 2021	2082671645	-	RCV001290396|RCV003159564
3043388	single nucleotide variant	NM_000130.5(F5):c.5143C>T (p.Arg1715Ter)	2153	F5	HGNC:3542	Pathogenic	1	Nov 21, 2023	746405100	-	RCV003763586
1684120	single nucleotide variant	NM_001127222.2(CACNA1A):c.1762C>T (p.Arg588Cys)	773	CACNA1A	HGNC:1388	Likely pathogenic	1	Jun 07, 2022	1282985383	-	RCV002255047
3767086	single nucleotide variant	NM_001370259.2(MEN1):c.668T>G (p.Leu223Arg)	4221	MEN1	HGNC:7010	Likely pathogenic	1	May 25, 2025	-1	-	RCV005106608
1407767	single nucleotide variant	NM_014727.3(KMT2B):c.3199C>T (p.Gln1067Ter)	9757	KMT2B	HGNC:15840	Pathogenic	1	Mar 25, 2021	2146446330	-	RCV002044713
1290533	single nucleotide variant	NM_020158.4(EXOSC5):c.302C>A (p.Thr101Lys)	56915	EXOSC5	HGNC:24662	Pathogenic/Likely pathogenic	1	Apr 19, 2022	777418116	-	RCV001731251
266323	single nucleotide variant	NM_000088.4(COL1A1):c.2930G>T (p.Gly977Val)	1277	COL1A1	HGNC:2197	Likely pathogenic	1	Aug 17, 2015	886042308	-	RCV000316912
4654020	single nucleotide variant	NM_000132.4(F8):c.5362G>C (p.Asp1788His)	2157	F8	HGNC:3546	Likely pathogenic	1	Jun 09, 2025	-1	-	RCV006278786
5034797	single nucleotide variant	NM_020843.4(SCAPER):c.2495C>A (p.Ser832Ter)	49855	SCAPER	HGNC:13081	Likely pathogenic	1	May 13, 2024	-1	-	RCV006852263
940931	single nucleotide variant	NM_000093.5(COL5A1):c.3114+1G>A	1289	COL5A1	HGNC:2209	Likely pathogenic	1	Apr 18, 2019	1838169083	-	RCV001221478
29008	single nucleotide variant	NM_004333.6(BRAF):c.1789C>G (p.Leu597Val)	673	BRAF	HGNC:1097	Pathogenic	1	Feb 05, 2025	121913369	-	RCV000015003|RCV000033333|RCV000030948|RCV000208539|RCV000505705|RCV001813207|RCV002513056|RCV002271369|RCV005222683
481232	single nucleotide variant	NM_000094.4(COL7A1):c.3265C>T (p.Gln1089Ter)	1294	COL7A1	HGNC:2214	Pathogenic/Likely pathogenic	1	Mar 13, 2024	1553612617	-	RCV000578178|RCV003403367|RCV005034148
1335521	single nucleotide variant	NM_001363.5(DKC1):c.204C>G (p.His68Gln)	1736	DKC1	HGNC:2890	Likely pathogenic	1	Mar 10, 2022	199422245	-	RCV001845042
4025085	single nucleotide variant	NM_001257180.2(SLC20A2):c.1507G>T (p.Gly503Cys)	6575	SLC20A2	HGNC:10947	Likely pathogenic	1	Feb 16, 2025	-1	-	RCV005434184
1835411	single nucleotide variant	NM_020975.6(RET):c.1888T>A (p.Cys630Ser)	5979	RET	HGNC:9967	Likely pathogenic	1	Jan 28, 2021	377767404	-	RCV002407971
5000668	single nucleotide variant	NM_013339.4(ALG6):c.816+1G>T	29929	ALG6	HGNC:23157	Likely pathogenic	1	Apr 29, 2026	-1	-	RCV006757317
964343	single nucleotide variant	NM_001368882.1(COL13A1):c.1138C>T (p.Gln380Ter)	1305	COL13A1	HGNC:2190	Pathogenic	1	Jun 20, 2023	2064735979	-	RCV001253101
553263	single nucleotide variant	NM_005422.4(TECTA):c.2736C>A (p.Cys912Ter)	7007	TECTA	HGNC:11720	Pathogenic/Likely pathogenic	1	Jul 05, 2018	368050948	-	RCV000681543|RCV001291355
976204	single nucleotide variant	NM_006496.4(GNAI3):c.143C>A (p.Thr48Asn)	2773	GNAI3	HGNC:4387	Likely pathogenic	1	Apr 21, 2017	1648666311	-	RCV001269856
1310392	single nucleotide variant	NM_002397.5(MEF2C):c.258+5G>C	4208	MEF2C	HGNC:6996	Likely pathogenic	1	Oct 02, 2021	2153073717	-	RCV001775320
1059092	single nucleotide variant	NM_003742.4(ABCB11):c.1429G>T (p.Gly477Ter)	8647	ABCB11	HGNC:42	Pathogenic/Likely pathogenic	1	Feb 06, 2024	2105967839	-	RCV001383070|RCV004570948
422386	single nucleotide variant	NM_001372044.2(SHANK3):c.993G>T (p.Gln331His)	85358	SHANK3	HGNC:14294	Likely pathogenic	1	Dec 13, 2017	1131691464	-	RCV000493495
457703	single nucleotide variant	NM_000089.4(COL1A2):c.982G>A (p.Gly328Ser)	1278	COL1A2	HGNC:2198	Pathogenic	1	Sep 16, 2025	66612022	-	RCV000763174|RCV001196500|RCV001783030|RCV001836645|RCV002231248|RCV003448980|RCV005869592|RCV006257301
800552	single nucleotide variant	NM_133497.4(KCNV2):c.1441G>C (p.Gly481Arg)	169522	KCNV2	HGNC:19698	Likely pathogenic	1	Jun 23, 2019	1586692857	-	RCV001003068
1494234	single nucleotide variant	NM_020223.4(FAM20C):c.708C>A (p.Tyr236Ter)	56975	FAM20C	HGNC:22140	Pathogenic	1	Nov 27, 2021	545268162	-	RCV001946319
4994179	single nucleotide variant	NM_014727.3(KMT2B):c.437-2A>C	9757	KMT2B	HGNC:15840	Likely pathogenic	1	Jul 08, 2025	-1	-	RCV006743713
69131	single nucleotide variant	NM_007294.4(BRCA1):c.212+1G>C	672	BRCA1	HGNC:1100	Pathogenic	1	Dec 15, 2024	80358042	-	RCV000112018|RCV000496773|RCV005229871
3021537	single nucleotide variant	NM_000878.5(IL2RB):c.88+1G>A	3560	IL2RB	HGNC:6009	Likely pathogenic	1	Jun 20, 2023	1428720238	-	RCV003703951
917777	single nucleotide variant	NM_001378778.1(MPDZ):c.4003+1G>A	8777	MPDZ	HGNC:7208	Pathogenic/Likely pathogenic	1	Jan 14, 2022	767038098	-	RCV001194639|RCV001813813
1421055	single nucleotide variant	NM_000492.4(CFTR):c.307G>T (p.Gly103Ter)	1080	CFTR	HGNC:1884	Pathogenic	1	Aug 05, 2025	1584784895	-	RCV001869888|RCV006644754
520784	single nucleotide variant	NM_001369.3(DNAH5):c.252T>G (p.Tyr84Ter)	1767	DNAH5	HGNC:2950	Pathogenic/Likely pathogenic	1	Apr 29, 2026	754982008	-	RCV000629311|RCV006756674
541780	single nucleotide variant	NM_000784.4(CYP27A1):c.1185-2A>C	1593	CYP27A1	HGNC:2605	Likely pathogenic	1	Apr 29, 2026	1553616457	-	RCV000669626
4013482	single nucleotide variant	NM_001190274.2(FBXO11):c.2084-3T>G	80204	FBXO11	HGNC:13590	Likely pathogenic	1	Jan 22, 2024	-1	-	RCV005411045
188057	single nucleotide variant	NM_002485.5(NBN):c.1030C>T (p.Gln344Ter)	4683	NBN	HGNC:7652	Pathogenic/Likely pathogenic	1	Dec 22, 2025	767215758	-	RCV000170448|RCV000220210|RCV000446931|RCV000763607|RCV003474919|RCV006791532
1470097	single nucleotide variant	NM_206933.4(USH2A):c.9428A>G (p.Tyr3143Cys)	7399	USH2A	HGNC:12601	Pathogenic/Likely pathogenic	1	Jul 21, 2025	1662881745	-	RCV001883417|RCV005923942
187596	single nucleotide variant	NM_001323289.2(CDKL5):c.464-1G>A	6792	CDKL5	HGNC:11411	Pathogenic/Likely pathogenic	1	Sep 24, 2024	786204986	-	RCV000170045|RCV004725006|RCV006905309
361341	single nucleotide variant	NM_001242896.3(DEPDC5):c.1474C>T (p.Arg492Ter)	9681	DEPDC5	HGNC:18423	Pathogenic	1	Jun 23, 2026	1057519107	-	RCV000416201|RCV003152706
4956826	single nucleotide variant	NM_003119.4(SPG7):c.377-2A>G	6687	SPG7	HGNC:11237	Likely pathogenic	1	Jan 09, 2025	-1	-	RCV006686398
18298	single nucleotide variant	NM_000529.2(MC2R):c.601C>T (p.Arg201Ter)	4158	MC2R	HGNC:6930	Likely pathogenic	1	Jun 20, 2024	104894659	-	RCV000003415
2906327	single nucleotide variant	NM_001277115.2(DNAH11):c.2199T>A (p.Tyr733Ter)	8701	DNAH11	HGNC:2942	Pathogenic	1	Dec 31, 2023	2128443515	-	RCV003535381
904894	single nucleotide variant	NM_000938.3(POLR2B):c.2123C>T (p.Ala708Val)	5431	POLR2B	HGNC:9188	Likely pathogenic	1	Jul 01, 2019	1723396043	-	RCV001172299
3733829	single nucleotide variant	NM_001145308.5(LRTOMT):c.242G>C (p.Arg81Pro)	220074	LRTOMT	HGNC:25033	Likely pathogenic	1	Jan 09, 2025	-1	-	RCV005053134
798799	single nucleotide variant	NM_033380.3(COL4A5):c.4470T>G (p.Tyr1490Ter)	1287	COL4A5	HGNC:2207	Pathogenic	1	Jun 13, 2019	1603323355	-	RCV000995523
227162	single nucleotide variant	NM_017909.4(RMND1):c.1317+1G>T	55005	RMND1	HGNC:21176	Pathogenic	1	Dec 22, 2015	886037773	-	RCV000240834
1163106	single nucleotide variant	NM_025150.5(TARS2):c.1274A>G (p.Glu425Gly)	80222	TARS2	HGNC:30740	Likely pathogenic	1	Oct 28, 2025	2102494691	-	RCV001527459
4390848	single nucleotide variant	NM_001267550.2(TTN):c.13942G>T (p.Glu4648Ter)	7273	TTN	HGNC:12403	Likely pathogenic	1	Sep 10, 2025	-1	-	RCV005859926
411619	single nucleotide variant	NM_000188.3(HK1):c.2539G>A (p.Glu847Lys)	3098	HK1	HGNC:4922	Pathogenic/Likely pathogenic	1	Mar 24, 2026	777849213	-	RCV000487470|RCV001064496|RCV001075827|RCV004584389|RCV004740261
4015857	single nucleotide variant	NM_014425.5(INVS):c.241C>T (p.Gln81Ter)	27130	INVS	HGNC:17870	Likely pathogenic	1	Nov 05, 2024	-1	-	RCV005414409
796296	single nucleotide variant	NM_003070.5(SMARCA2):c.3314G>T (p.Arg1105Leu)	6595	SMARCA2	HGNC:11098	Likely pathogenic	1	May 01, 2019	281875197	-	RCV000999120|RCV003962982
3235205	single nucleotide variant	NM_000153.4(GALC):c.1162-2A>G	2581	GALC	HGNC:4115	Likely pathogenic	1	Feb 02, 2023	1168273921	-	RCV004018236
4793909	single nucleotide variant	NM_001165963.4(SCN1A):c.4360G>T (p.Glu1454Ter)	6323	SCN1A	HGNC:10585	Pathogenic/Likely pathogenic	1	Jun 09, 2025	-1	-	RCV006437664|RCV006480370
4643560	single nucleotide variant	NM_014112.5(TRPS1):c.3197C>A (p.Ser1066Ter)	7227	TRPS1	HGNC:12340	Pathogenic	1	Oct 03, 2024	-1	-	RCV006258304
653265	single nucleotide variant	NM_018006.5(TRMU):c.478+1G>A	55687	TRMU	HGNC:25481	Likely pathogenic	1	Oct 04, 2023	1569072157	-	RCV000796824|RCV003472348
1052664	single nucleotide variant	NM_001298.3(CNGA3):c.670A>G (p.Thr224Ala)	1261	CNGA3	HGNC:2150	Likely pathogenic	1	Jan 01, 2016	2104236067	-	RCV001729890|RCV004815493
3415149	single nucleotide variant	NM_003128.3(SPTBN1):c.6277G>T (p.Glu2093Ter)	6711	SPTBN1	HGNC:11275	Likely pathogenic	1	Mar 04, 2025	-1	-	RCV004597485
2130753	single nucleotide variant	NM_001723.7(DST):c.5484T>A (p.Cys1828Ter)	667	DST	HGNC:1090	Pathogenic/Likely pathogenic	1	Sep 07, 2023	747304080	-	RCV002967701|RCV003327580
1677929	single nucleotide variant	NM_003482.4(KMT2D):c.14989C>T (p.Gln4997Ter)	8085	KMT2D	HGNC:7133	Pathogenic	1	May 04, 2022	2120365558	-	RCV002250083
3227461	single nucleotide variant	NM_173685.4(NSMCE2):c.265-1G>A	286053	NSMCE2	HGNC:26513	Likely pathogenic	1	Apr 04, 2024	780276807	-	RCV003991805
963149	single nucleotide variant	NM_014855.3(AP5Z1):c.931C>T (p.Arg311Ter)	9907	AP5Z1	HGNC:22197	Pathogenic/Likely pathogenic	1	Apr 17, 2025	376075583	-	RCV001251146|RCV003227016|RCV004814023|RCV005255671|RCV006773775
39874	single nucleotide variant	NM_152722.5(HEPACAM):c.631G>A (p.Asp211Asn)	220296	HEPACAM	HGNC:26361	Pathogenic	1	Apr 08, 2011	387907051	-	RCV000023905
4897592	single nucleotide variant	NM_000138.5(FBN1):c.3959G>A (p.Cys1320Tyr)	2200	FBN1	HGNC:3603	Pathogenic/Likely pathogenic	1	Apr 10, 2026	-1	-	RCV006598446|RCV006691506
4991313	single nucleotide variant	NM_000523.4(HOXD13):c.439C>T (p.Gln147Ter)	3239	HOXD13	HGNC:5136	Likely pathogenic	1	Feb 28, 2025	-1	-	RCV006756041
233851	single nucleotide variant	NM_000314.8(PTEN):c.371G>A (p.Cys124Tyr)	5728	PTEN	HGNC:9588	Pathogenic/Likely pathogenic	1	Nov 06, 2025	876660535	-	RCV000220547|RCV000471590|RCV002470824|RCV003223628|RCV006809672
2523622	single nucleotide variant	NM_004924.6(ACTN4):c.584G>T (p.Gly195Val)	81	ACTN4	HGNC:166	Pathogenic	1	Feb 02, 2022	878853159	-	RCV003225636
38878	single nucleotide variant	NM_002769.5(PRSS1):c.346C>T (p.Arg116Cys)	5644	PRSS1	HGNC:9475	Pathogenic/Likely pathogenic	1	Mar 13, 2025	387906698	-	RCV000022814|RCV004557257|RCV006776627
2088200	single nucleotide variant	NM_001164508.2(NEB):c.23539C>T (p.Gln7847Ter)	4703	NEB	HGNC:7720	Pathogenic/Likely pathogenic	1	Feb 28, 2025	2069534941	-	RCV002871362|RCV005254640
4968741	single nucleotide variant	NM_000142.5(FGFR3):c.649A>T (p.Ser217Cys)	2261	FGFR3	HGNC:3690	Likely pathogenic	1	Jun 23, 2026	-1	-	RCV006722285
415882	single nucleotide variant	NM_006180.6(NTRK2):c.1330G>T (p.Gly444Ter)	4915	NTRK2	HGNC:8032	Pathogenic	1	Jan 22, 2018	1085308029	-	RCV000490246
3542248	single nucleotide variant	NM_001009944.3(PKD1):c.12445-1G>C	5310	PKD1	HGNC:9008	Likely pathogenic	1	-	-1	-	RCV004796463
22795	single nucleotide variant	NM_000376.3(VDR):c.1171C>T (p.Arg391Cys)	7421	VDR	HGNC:12679	Pathogenic	1	-	121909800	-	RCV000008197
2534448	single nucleotide variant	NM_001042413.2(GLIS3):c.122C>A (p.Ser41Ter)	169792	GLIS3	HGNC:28510	Likely pathogenic	1	Apr 06, 2022	773807925	-	RCV003228657
3414639	single nucleotide variant	NM_000202.8(IDS):c.897C>G (p.Ser299Arg)	3423	IDS	HGNC:5389	Likely pathogenic	1	Jun 07, 2024	-1	-	RCV004596975
3536928	single nucleotide variant	NM_022455.5(NSD1):c.5293G>T (p.Gly1765Ter)	64324	NSD1	HGNC:14234	Likely pathogenic	1	Jun 22, 2023	-1	-	RCV004785922
841407	single nucleotide variant	NM_020937.4(FANCM):c.1432C>T (p.Arg478Ter)	57697	FANCM	HGNC:23168	Pathogenic/Likely pathogenic	1	Apr 03, 2024	552052505	-	RCV001042509|RCV003117717
4797422	single nucleotide variant	NM_000342.4(SLC4A1):c.877-1G>A	6521	SLC4A1	HGNC:11027	Likely pathogenic	1	Jul 16, 2025	-1	-	RCV006449670
171703	single nucleotide variant	NM_017909.4(RMND1):c.713A>G (p.Asn238Ser)	55005	RMND1	HGNC:21176	Pathogenic	1	Dec 10, 2025	144972972	-	RCV000240809|RCV000356860|RCV000415572|RCV000826150|RCV001328257|RCV004020580|RCV006780509
3410125	single nucleotide variant	NM_014806.5(RUSC2):c.4227G>A (p.Trp1409Ter)	9853	RUSC2	HGNC:23625	Pathogenic	1	Apr 12, 2024	1289887836	-	RCV004587732
2089783	single nucleotide variant	NM_019032.6(ADAMTSL4):c.1933C>T (p.Gln645Ter)	54507	ADAMTSL4	HGNC:19706	Pathogenic	1	Oct 07, 2022	761928661	-	RCV002867885
368627	single nucleotide variant	NM_000094.4(COL7A1):c.4670G>A (p.Gly1557Glu)	1294	COL7A1	HGNC:2214	Pathogenic	1	Apr 28, 2015	1057520566	-	RCV000435098
4926441	single nucleotide variant	NM_001164508.2(NEB):c.11372G>A (p.Trp3791Ter)	4703	NEB	HGNC:7720	Likely pathogenic	1	Jun 05, 2024	-1	-	RCV006639759
5052434	single nucleotide variant	NM_177559.3(CSNK2A1):c.574G>A (p.Val192Ile)	1457	CSNK2A1	HGNC:2457	Likely pathogenic	1	Sep 15, 2021	-1	-	RCV006918659
650904	single nucleotide variant	NM_000393.5(COL5A2):c.1977+1G>A	1290	COL5A2	HGNC:2210	Likely pathogenic	1	Aug 01, 2018	1576502045	-	RCV002235055
5031232	single nucleotide variant	NM_020778.5(ALPK3):c.3769A>T (p.Lys1257Ter)	57538	ALPK3	HGNC:17574	Likely pathogenic	1	Dec 18, 2018	-1	-	RCV006856032
818766	single nucleotide variant	NM_002334.4(LRP4):c.4207G>C (p.Asp1403His)	4038	LRP4	HGNC:6696	Likely pathogenic	1	-	1940965143	-	RCV001034554
3997533	single nucleotide variant	NM_000268.4(NF2):c.1375C>T (p.Gln459Ter)	4771	NF2	HGNC:7773	Pathogenic	1	Dec 30, 2024	-1	-	RCV005374222
3706082	single nucleotide variant	NM_001206744.2(TPO):c.543T>G (p.Tyr181Ter)	7173	TPO	HGNC:12015	Likely pathogenic	1	Jun 02, 2024	-1	-	RCV005016067
51296	single nucleotide variant	NM_000096.4(CP):c.1209-2A>G	1356	CP	HGNC:2295	Pathogenic	1	Apr 18, 2013	386134137	-	RCV000034957
856452	single nucleotide variant	NM_000322.5(PRPH2):c.749G>T (p.Cys250Phe)	5961	PRPH2	HGNC:9942	Pathogenic/Likely pathogenic	1	May 19, 2025	1458793437	-	RCV001530374|RCV006465297
3076747	single nucleotide variant	NM_000487.6(ARSA):c.514G>T (p.Gly172Cys)	410	ARSA	HGNC:713	Pathogenic	1	Nov 09, 2025	74315271	-	RCV003607134
70677	single nucleotide variant	NM_000170.3(GLDC):c.1111C>G (p.His371Asp)	2731	GLDC	HGNC:4313	Likely pathogenic	1	-	386833519	-	RCV000049447
3543147	single nucleotide variant	NM_018463.4(ITFG2):c.848-1G>A	55846	ITFG2	HGNC:30879	Likely pathogenic	1	Oct 04, 2024	-1	-	RCV004799019
5038845	single nucleotide variant	NM_006565.4(CTCF):c.985A>G (p.Met329Val)	10664	CTCF	HGNC:13723	Likely pathogenic	1	Jan 04, 2022	-1	-	RCV006871139
408216	single nucleotide variant	NM_000051.4(ATM):c.7630-2A>G	472	ATM	HGNC:795	Pathogenic/Likely pathogenic	1	Nov 21, 2025	587779866	-	RCV000484828|RCV000493469|RCV000525719|RCV004023156
4024589	single nucleotide variant	NM_001369.3(DNAH5):c.10363C>T (p.Gln3455Ter)	1767	DNAH5	HGNC:2950	Pathogenic	1	Feb 16, 2025	-1	-	RCV005437551
629297	single nucleotide variant	NM_020919.4(ALS2):c.3520A>T (p.Lys1174Ter)	57679	ALS2	HGNC:443	Pathogenic/Likely pathogenic	1	Jan 26, 2026	757972700	-	RCV000800103|RCV001375960|RCV002051896
5007844	single nucleotide variant	NM_014112.5(TRPS1):c.735C>G (p.Tyr245Ter)	7227	TRPS1	HGNC:12340	Likely pathogenic	1	Sep 18, 2023	-1	-	RCV006790077
1315998	single nucleotide variant	NM_000836.4(GRIN2D):c.2033C>A (p.Ala678Asp)	2906	GRIN2D	HGNC:4588	Likely pathogenic	1	Oct 01, 2019	2147455922	-	RCV001785274
465161	single nucleotide variant	NM_000138.5(FBN1):c.406T>G (p.Cys136Gly)	2200	FBN1	HGNC:3603	Pathogenic	1	Feb 13, 2017	1555405041	-	RCV000529377|RCV000663691
1878102	single nucleotide variant	NM_000062.3(SERPING1):c.1034G>A (p.Gly345Glu)	710	SERPING1	HGNC:1228	Pathogenic	1	May 27, 2024	2495452103	-	RCV003062380
1693091	single nucleotide variant	NM_001243133.2(NLRP3):c.1700A>G (p.Glu567Gly)	114548	NLRP3	HGNC:16400	Likely pathogenic	1	Aug 02, 2022	2103112233	-	RCV004584482
4924365	single nucleotide variant	NM_000092.5(COL4A4):c.3602G>A (p.Gly1201Asp)	1286	COL4A4	HGNC:2206	Likely pathogenic	1	Jan 09, 2026	-1	-	RCV006634663
2932238	single nucleotide variant	NM_152281.3(GORAB):c.7C>T (p.Gln3Ter)	92344	GORAB	HGNC:25676	Pathogenic	1	Oct 16, 2023	2525903868	-	RCV003580233
564592	single nucleotide variant	NM_000127.3(EXT1):c.1884-1G>A	2131	EXT1	HGNC:3512	Pathogenic	1	Jan 02, 2018	1131691623	-	RCV000690693|RCV005901661
2751930	single nucleotide variant	NM_001127222.2(CACNA1A):c.1486G>A (p.Val496Ile)	773	CACNA1A	HGNC:1388	Likely pathogenic	1	Oct 14, 2022	2512982859	-	RCV003335812
1425794	single nucleotide variant	NM_001271938.2(MEGF8):c.1255C>T (p.Arg419Ter)	1954	MEGF8	HGNC:3233	Pathogenic/Likely pathogenic	1	Apr 29, 2026	1222471099	-	RCV001990032
950831	single nucleotide variant	NM_000554.6(CRX):c.128G>A (p.Arg43His)	1406	CRX	HGNC:2383	Pathogenic/Likely pathogenic	1	Jan 13, 2026	771736389	-	RCV001228802|RCV001544775|RCV006902092
4170759	single nucleotide variant	NM_024678.6(NARS2):c.325G>C (p.Glu109Gln)	79731	NARS2	HGNC:26274	Likely pathogenic	1	Jan 13, 2025	-1	-	RCV005604396
935734	single nucleotide variant	NM_002335.4(LRP5):c.442C>T (p.Gln148Ter)	4041	LRP5	HGNC:6697	Pathogenic	1	Oct 31, 2025	1396340484	-	RCV001208694|RCV003313991
5068613	single nucleotide variant	NM_002294.3(LAMP2):c.64+5G>C	3920	LAMP2	HGNC:6501	Likely pathogenic	1	Aug 25, 2021	-1	-	RCV006926357
814754	single nucleotide variant	NM_003072.5(SMARCA4):c.3277C>T (p.Arg1093Ter)	6597	SMARCA4	HGNC:11100	Pathogenic/Likely pathogenic	1	Sep 13, 2024	1600335765	-	RCV001019597|RCV001381298|RCV003236855
1036678	single nucleotide variant	NM_006158.5(NEFL):c.54C>A (p.Tyr18Ter)	4747	NEFL	HGNC:7739	Likely pathogenic	1	Dec 01, 2020	1431523432	-	RCV001353164
613210	single nucleotide variant	NM_001184880.2(PCDH19):c.1681C>G (p.Pro561Ala)	57526	PCDH19	HGNC:14270	Pathogenic/Likely pathogenic	1	Oct 23, 2023	1569314471	-	RCV000762659|RCV001379144
2170402	single nucleotide variant	NM_000426.4(LAMA2):c.4345G>T (p.Glu1449Ter)	3908	LAMA2	HGNC:6482	Pathogenic	1	Aug 10, 2023	2482531900	-	RCV003029532
18447	single nucleotide variant	NM_021628.3(ALOXE3):c.700C>T (p.Arg234Ter)	59344	ALOXE3	HGNC:13743	Pathogenic	1	Jun 17, 2026	121434233	-	RCV000003577|RCV000401471|RCV003944796|RCV005357068|RCV006752471
365927	single nucleotide variant	NM_000090.4(COL3A1):c.1106G>A (p.Gly369Glu)	1281	COL3A1	HGNC:2201	Pathogenic	1	Jun 08, 2018	1057521930	-	RCV000432431
2844698	single nucleotide variant	NM_001009944.3(PKD1):c.604G>T (p.Glu202Ter)	5310	PKD1	HGNC:9008	Pathogenic/Likely pathogenic	1	May 28, 2026	1263936807	-	RCV003480496|RCV006703411
2477963	single nucleotide variant	NM_144658.4(DOCK11):c.1240G>T (p.Asp414Tyr)	139818	DOCK11	HGNC:23483	Pathogenic	1	Jul 12, 2023	2521885841	-	RCV003224074|RCV003313320|RCV005930776
3518372	single nucleotide variant	NM_000341.4(SLC3A1):c.430+1G>A	6519	SLC3A1	HGNC:11025	Pathogenic/Likely pathogenic	1	May 10, 2024	-1	-	RCV004759695|RCV006925921
3796124	single nucleotide variant	NM_194248.3(OTOF):c.3420G>A (p.Trp1140Ter)	9381	OTOF	HGNC:8515	Pathogenic	1	Feb 19, 2025	-1	-	RCV005136941
1439481	single nucleotide variant	NM_001244008.2(KIF1A):c.773C>A (p.Thr258Lys)	547	KIF1A	HGNC:888	Likely pathogenic	1	Apr 21, 2021	1553638086	-	RCV002009303
831279	single nucleotide variant	NM_032119.4(ADGRV1):c.6262C>T (p.Gln2088Ter)	84059	ADGRV1	HGNC:17416	Pathogenic	1	Nov 29, 2022	1745312538	-	RCV001067675|RCV004813698
444700	single nucleotide variant	NM_001377.3(DYNC2H1):c.11186C>T (p.Pro3729Leu)	79659	DYNC2H1	HGNC:2962	Likely pathogenic	1	May 11, 2016	775971666	-	RCV000519013
3097623	single nucleotide variant	NM_025114.4(CEP290):c.1585C>T (p.Gln529Ter)	80184	CEP290	HGNC:29021	Pathogenic	1	Feb 16, 2023	1325063481	-	RCV003806084
213988	single nucleotide variant	NM_001368894.2(PAX6):c.239T>A (p.Ile80Asn)	5080	PAX6	HGNC:8620	Likely pathogenic	1	Jan 09, 2015	864309686	-	RCV000203333
19720	single nucleotide variant	NM_174916.3(UBR1):c.2839+5G>A	197131	UBR1	HGNC:16808	Pathogenic	1	Dec 01, 2008	1596106023	-	RCV000004945
4990846	single nucleotide variant	NM_000314.8(PTEN):c.423T>G (p.His141Gln)	5728	PTEN	HGNC:9588	Likely pathogenic	1	Jun 01, 2023	-1	-	RCV006742178
4643113	single nucleotide variant	NM_012452.3(TNFRSF13B):c.141C>A (p.Cys47Ter)	23495	TNFRSF13B	HGNC:18153	Pathogenic	1	Mar 12, 2025	-1	-	RCV006257854
2065744	single nucleotide variant	NM_206933.4(USH2A):c.11389+2T>G	7399	USH2A	HGNC:12601	Pathogenic	1	Oct 04, 2022	1192810508	-	RCV002847054
28329	single nucleotide variant	NM_000141.5(FGFR2):c.799T>C (p.Ser267Pro)	2263	FGFR2	HGNC:3689	Pathogenic	1	Jul 06, 2025	121918505	-	RCV000014213|RCV000408850|RCV000435703|RCV000690962|RCV002508123
439999	single nucleotide variant	NM_172341.4(PSENEN):c.194T>G (p.Leu65Arg)	55851	PSENEN	HGNC:30100	Pathogenic	1	Dec 01, 2017	1555738906	-	RCV000515753
2802181	single nucleotide variant	NM_003126.4(SPTA1):c.2319C>A (p.Cys773Ter)	6708	SPTA1	HGNC:11272	Pathogenic	1	Nov 09, 2022	2525200720	-	RCV004552578
953407	single nucleotide variant	NM_018192.4(P3H2):c.1807C>T (p.Arg603Ter)	55214	P3H2	HGNC:19317	Pathogenic/Likely pathogenic	1	Nov 05, 2024	35067805	-	RCV001246354|RCV006948869
1837025	single nucleotide variant	NM_003242.6(TGFBR2):c.1524+2T>C	7048	TGFBR2	HGNC:11773	Likely pathogenic	1	Mar 08, 2022	113786762	-	RCV002392488
508753	single nucleotide variant	NM_031889.3(ENAM):c.123+2T>G	10117	ENAM	HGNC:3344	Pathogenic	1	Dec 23, 2017	1553887511	-	RCV000608076
3731777	single nucleotide variant	NM_001165963.4(SCN1A):c.5080T>C (p.Tyr1694His)	6323	SCN1A	HGNC:10585	Likely pathogenic	1	Dec 04, 2024	-1	-	RCV005001952
3414372	single nucleotide variant	NM_001029896.2(WDR45):c.342-2A>G	11152	WDR45	HGNC:28912	Pathogenic/Likely pathogenic	1	Dec 26, 2024	-1	-	RCV004596708|RCV005933663
623189	single nucleotide variant	NM_000251.3(MSH2):c.2211-1G>A	4436	MSH2	HGNC:7325	Likely pathogenic	1	Aug 08, 2023	267607979	-	RCV000786796|RCV001378014|RCV002424783|RCV003453621|RCV004001545
3891962	single nucleotide variant	NM_001123385.2(BCOR):c.2320A>T (p.Lys774Ter)	54880	BCOR	HGNC:20893	Likely pathogenic	1	Dec 04, 2023	-1	-	RCV005253301
5002764	single nucleotide variant	NM_032415.7(CARD11):c.166G>C (p.Asp56His)	84433	CARD11	HGNC:16393	Likely pathogenic	1	Mar 30, 2021	-1	-	RCV006769805
1671322	single nucleotide variant	NM_004380.3(CREBBP):c.4305T>G (p.Asp1435Glu)	1387	CREBBP	HGNC:2348	Likely pathogenic	1	Aug 01, 2021	928061320	-	RCV002226996
2855457	single nucleotide variant	NM_015909.4(NBAS):c.647+1G>T	51594	NBAS	HGNC:15625	Likely pathogenic	1	Dec 02, 2023	2527938178	-	RCV003547242
48772	single nucleotide variant	NM_002335.4(LRP5):c.731C>T (p.Thr244Met)	4041	LRP5	HGNC:6697	Pathogenic	1	Jan 01, 2010	397514665	-	RCV000033259
974470	single nucleotide variant	NM_014585.6(SLC40A1):c.442A>G (p.Thr148Ala)	30061	SLC40A1	HGNC:10909	Likely pathogenic	1	Jul 01, 2020	2105628182	-	RCV001420127
611840	single nucleotide variant	NM_001163809.2(WDR81):c.1423G>T (p.Glu475Ter)	124997	WDR81	HGNC:26600	Likely pathogenic	1	Apr 01, 2020	1567718875	-	RCV000760826
980932	single nucleotide variant	NM_054012.4(ASS1):c.479T>C (p.Leu160Pro)	445	ASS1	HGNC:758	Likely pathogenic	1	Apr 17, 2023	969835605	-	RCV001283858|RCV003230657
18507	single nucleotide variant	NM_001368894.2(PAX6):c.1075-2A>G	5080	PAX6	HGNC:8620	Pathogenic	1	Aug 27, 2021	794726661	-	RCV000003633|RCV000414592|RCV001238030
845066	single nucleotide variant	NM_001042492.3(NF1):c.5494G>T (p.Glu1832Ter)	4763	NF1	HGNC:7765	Pathogenic	1	Dec 03, 2024	2069382639	-	RCV001065163|RCV004994234
4926045	single nucleotide variant	NM_000360.4(TH):c.977+1G>T	7054	TH	HGNC:11782	Pathogenic	1	Oct 22, 2024	-1	-	RCV006642059
5079741	single nucleotide variant	NM_005654.6(NR2F1):c.383G>A (p.Cys128Tyr)	-1	NR2F1;NR2F1-AS1	-	Likely pathogenic	1	Jun 03, 2019	-1	-	RCV006973865
40123	single nucleotide variant	NM_018082.6(POLR3B):c.1568T>A (p.Val523Glu)	55703	POLR3B	HGNC:30348	Pathogenic/Likely pathogenic	1	May 01, 2026	138249161	-	RCV000032280|RCV000442312|RCV000763295|RCV001095758|RCV001849282|RCV002251926|RCV002285009|RCV003334378|RCV004549388|RCV006659146
983425	single nucleotide variant	NM_001139.3(ALOX12B):c.893T>C (p.Leu298Pro)	242	ALOX12B	HGNC:430	Pathogenic	1	Jan 07, 2021	1977168456	-	RCV001289972
1475244	single nucleotide variant	NM_000275.3(OCA2):c.1611T>G (p.Tyr537Ter)	4948	OCA2	HGNC:8101	Pathogenic/Likely pathogenic	1	Dec 26, 2023	2140824287	-	RCV001960251|RCV006858339
18514	single nucleotide variant	NM_001368894.2(PAX6):c.244C>T (p.Pro82Ser)	5080	PAX6	HGNC:8620	Pathogenic	1	Jun 01, 2003	121907923	-	RCV000003643
4392952	single nucleotide variant	NM_001710.6(CFB):c.1112A>G (p.Asp371Gly)	629	CFB	HGNC:1037	Likely pathogenic	1	Sep 26, 2025	-1	-	RCV005864825
1667224	single nucleotide variant	NM_001927.4(DES):c.1289-741G>A	1674	DES	HGNC:2770	Pathogenic	1	Feb 01, 2022	985650778	-	RCV002214210
2750247	single nucleotide variant	NM_007126.5(VCP):c.753G>T (p.Lys251Asn)	7415	VCP	HGNC:12666	Likely pathogenic	1	Sep 01, 2023	2490360271	-	RCV003333706
3788724	single nucleotide variant	NM_000059.4(BRCA2):c.7805+1G>T	675	BRCA2	HGNC:1101	Pathogenic	1	Jul 09, 2024	-1	-	RCV005131202
972119	single nucleotide variant	NM_000260.4(MYO7A):c.517C>T (p.Gln173Ter)	4647	MYO7A	HGNC:7606	Pathogenic/Likely pathogenic	1	Aug 20, 2025	782347270	-	RCV001263713|RCV001880067|RCV005606794|RCV004814040|RCV004570654
590049	single nucleotide variant	NM_003907.3(EIF2B5):c.943C>T (p.Arg315Cys)	8893	EIF2B5	HGNC:3261	Pathogenic	1	Aug 03, 2025	113994063	-	RCV002283510|RCV002535429|RCV005622019
4669853	single nucleotide variant	NM_001369268.1(ACAN):c.7327C>T (p.Gln2443Ter)	176	ACAN	HGNC:319	Pathogenic	1	Oct 08, 2025	-1	-	RCV006302095
539867	single nucleotide variant	NM_000138.5(FBN1):c.1754G>A (p.Gly585Glu)	2200	FBN1	HGNC:3603	Likely pathogenic	1	May 04, 2022	1060501041	-	RCV000663487|RCV002397347|RCV002249393
4927461	single nucleotide variant	NM_000414.4(HSD17B4):c.1574-2A>T	3295	HSD17B4	HGNC:5213	Likely pathogenic	1	Sep 27, 2024	-1	-	RCV006638449
214254	single nucleotide variant	NM_001134831.2(AHI1):c.1152-2A>G	54806	AHI1	HGNC:21575	Pathogenic	1	Nov 20, 2023	753085250	-	RCV000201545|RCV003495116
362595	single nucleotide variant	NM_182548.4(LHFPL5):c.575T>C (p.Leu192Pro)	222662	LHFPL5	HGNC:21253	Pathogenic	1	Feb 12, 2017	1554147220	-	RCV000498363
228179	single nucleotide variant	NM_000527.5(LDLR):c.1705+1G>A	3949	LDLR	HGNC:6547	Pathogenic/Likely pathogenic	1	Sep 29, 2025	875989926	-	RCV000211580|RCV000825623|RCV001034672|RCV002408917|RCV003417769
1935129	single nucleotide variant	NM_033380.3(COL4A5):c.3017-2A>G	1287	COL4A5	HGNC:2207	Pathogenic/Likely pathogenic	1	Aug 29, 2023	2524419875	-	RCV002510417|RCV002569436
4850718	single nucleotide variant	NM_006059.4(LAMC3):c.4378-1G>T	10319	LAMC3	HGNC:6494	Likely pathogenic	1	Jan 28, 2026	-1	-	RCV006526665
408503	single nucleotide variant	NM_002465.4(MYBPC1):c.1253T>G (p.Val418Gly)	4604	MYBPC1	HGNC:7549	Likely pathogenic	1	Jun 06, 2016	1064795032	-	RCV000486652
2839055	single nucleotide variant	NM_025114.4(CEP290):c.2991+1G>A	80184	CEP290	HGNC:29021	Likely pathogenic	1	Jul 18, 2022	2500522460	-	RCV003466754
439909	single nucleotide variant	NM_000441.2(SLC26A4):c.2074T>C (p.Phe692Leu)	5172	SLC26A4	HGNC:8818	Pathogenic	1	Jul 01, 2017	1399914687	-	RCV000515647
23105	single nucleotide variant	NM_005570.4(LMAN1):c.2T>C (p.Met1Thr)	3998	LMAN1	HGNC:6631	Pathogenic	1	Jun 15, 2008	121909253	-	RCV000008532
1061927	single nucleotide variant	NM_001384140.1(PCDH15):c.4102G>T (p.Glu1368Ter)	65217	PCDH15	HGNC:14674	Pathogenic/Likely pathogenic	1	Mar 04, 2024	779165268	-	RCV001390835|RCV002551578|RCV003474000
4642728	single nucleotide variant	NM_001145358.2(SIN3A):c.583C>T (p.Gln195Ter)	25942	SIN3A	HGNC:19353	Likely pathogenic	1	-	-1	-	RCV006257468
799121	single nucleotide variant	NM_000298.6(PKLR):c.507+1G>A	5313	PKLR	HGNC:9020	Pathogenic	1	Sep 21, 2018	1572057140	-	RCV001000766
260090	single nucleotide variant	NM_000548.5(TSC2):c.3904G>T (p.Glu1302Ter)	7249	TSC2	HGNC:12363	Pathogenic	1	Jun 24, 2016	886039680	-	RCV000255548
1925530	single nucleotide variant	NM_182760.4(SUMF1):c.954+5G>T	285362	SUMF1	HGNC:20376	Pathogenic	1	Feb 24, 2022	2469825284	-	RCV002664291
1780679	single nucleotide variant	NM_000834.5(GRIN2B):c.1646C>T (p.Ala549Val)	2904	GRIN2B	HGNC:4586	Likely pathogenic	1	Oct 14, 2022	2497597834	-	RCV002306279
70957	single nucleotide variant	NM_001081.4(CUBN):c.1230+1G>A	8029	CUBN	HGNC:2548	Pathogenic/Likely pathogenic	1	Dec 16, 2024	386833766	-	RCV000049730|RCV005031536
1056002	single nucleotide variant	NM_004211.5(SLC6A5):c.1260+1G>T	9152	SLC6A5	HGNC:11051	Likely pathogenic	1	Jan 19, 2022	2133788446	-	RCV001378436
357433	single nucleotide variant	NM_000288.4(PEX7):c.748-2A>G	5191	PEX7	HGNC:8860	Likely pathogenic	1	Oct 14, 2023	778862698	-	RCV000409011|RCV002523862|RCV005900634
4195260	single nucleotide variant	NM_205768.3(ZBTB18):c.1457A>G (p.Gln486Arg)	10472	ZBTB18	HGNC:13030	Likely pathogenic	1	Mar 11, 2025	-1	-	RCV005639687
5084887	single nucleotide variant	NM_144991.3(TSPEAR):c.1857-2219G>A	54084	TSPEAR	HGNC:1268	Likely pathogenic	1	Jun 30, 2026	-1	-	RCV006763261
3408663	single nucleotide variant	NM_201253.3(CRB1):c.2842+2T>A	23418	CRB1	HGNC:2343	Pathogenic	1	Jan 01, 2017	-1	-	RCV004817312
682242	single nucleotide variant	NM_001103.4(ACTN2):c.1459T>C (p.Cys487Arg)	88	ACTN2	HGNC:164	Likely pathogenic	1	Jun 25, 2020	1572140109	-	RCV000855694
534848	single nucleotide variant	NM_004006.3(DMD):c.5266C>T (p.Gln1756Ter)	1756	DMD	HGNC:2928	Pathogenic	1	Jul 17, 2024	1557303544	-	RCV000630559
856450	single nucleotide variant	NM_000322.5(PRPH2):c.771C>G (p.Tyr257Ter)	5961	PRPH2	HGNC:9942	Pathogenic/Likely pathogenic	1	Aug 10, 2023	1800110757	-	RCV001530380|RCV003757215
4024478	single nucleotide variant	NM_001378615.1(CC2D2A):c.3289-1G>A	57545	CC2D2A	HGNC:29253	Pathogenic	1	Feb 16, 2025	-1	-	RCV005436943
1310285	single nucleotide variant	NM_000256.3(MYBPC3):c.3331-26T>G	4607	MYBPC3	HGNC:7551	Likely pathogenic	1	Nov 05, 2021	2142850484	-	RCV002227542
2737536	single nucleotide variant	NM_015160.3(PMPCA):c.1204C>T (p.Arg402Ter)	23203	PMPCA	HGNC:18667	Likely pathogenic	1	-	534750502	-	RCV003314475
107172	single nucleotide variant	NM_000090.4(COL3A1):c.582+5G>A	1281	COL3A1	HGNC:2201	Pathogenic/Likely pathogenic	1	Dec 08, 2020	587779671	-	RCV000087663|RCV002354287|RCV006769872
1320668	single nucleotide variant	NM_001037132.4(NRCAM):c.331G>T (p.Glu111Ter)	4897	NRCAM	HGNC:7994	Pathogenic	1	Apr 25, 2022	140770274	-	RCV001824185|RCV002246518
174177	single nucleotide variant	NM_004333.6(BRAF):c.1742A>G (p.Asn581Ser)	673	BRAF	HGNC:1097	Likely pathogenic	1	Jul 19, 2013	121913370	-	RCV000154399|RCV000430462|RCV006273568
414991	single nucleotide variant	NM_005859.5(PURA):c.163C>T (p.Gln55Ter)	5813	PURA	HGNC:9701	Pathogenic	1	Oct 16, 2024	1085307472	-	RCV000489918|RCV001205527|RCV004669000
18568	single nucleotide variant	NM_005957.5(MTHFR):c.968T>C (p.Leu323Pro)	4524	MTHFR	HGNC:7436	Pathogenic/Likely pathogenic	1	Aug 11, 2025	121434297	-	RCV002512718|RCV003466798|RCV005007812
487755	single nucleotide variant	NM_000053.4(ATP7B):c.3247C>T (p.Leu1083Phe)	540	ATP7B	HGNC:870	Pathogenic/Likely pathogenic	1	Jun 03, 2025	1286080173	-	RCV000586978|RCV002223878
2838873	single nucleotide variant	NM_022124.6(CDH23):c.9264G>A (p.Trp3088Ter)	64072	CDH23	HGNC:13733	Likely pathogenic	1	Jul 13, 2023	876657759	-	RCV003474498
974422	single nucleotide variant	NM_004606.5(TAF1):c.1207T>G (p.Phe403Val)	6872	TAF1	HGNC:11535	Pathogenic/Likely pathogenic	1	Dec 08, 2025	2033670961	-	RCV001266786|RCV002246263
553227	single nucleotide variant	NM_003906.5(MCM3AP):c.2600C>A (p.Ala867Asp)	8888	MCM3AP	HGNC:6946	Pathogenic	1	Sep 21, 2018	1569074992	-	RCV000681518
1892406	single nucleotide variant	NM_001034853.2(RPGR):c.1600C>T (p.Gln534Ter)	6103	RPGR	HGNC:10295	Pathogenic	1	Mar 29, 2024	2519798907	-	RCV003079244|RCV003989145
1358046	single nucleotide variant	NM_207122.2(EXT2):c.1824T>A (p.Tyr608Ter)	2132	EXT2	HGNC:3513	Pathogenic	1	Nov 09, 2025	781083252	-	RCV001928486
957531	single nucleotide variant	NM_002693.3(POLG):c.1947C>A (p.Tyr649Ter)	5428	POLG	HGNC:9179	Pathogenic	1	May 17, 2025	1465650547	-	RCV001244608
610719	single nucleotide variant	NM_002693.3(POLG):c.3241C>T (p.Arg1081Ter)	5428	POLG	HGNC:9179	Pathogenic	1	Mar 27, 2025	767708989	-	RCV000758278|RCV004797867|RCV004788155
1441644	single nucleotide variant	NM_006269.2(RP1):c.5881C>T (p.Gln1961Ter)	6101	RP1	HGNC:10263	Pathogenic	1	Oct 25, 2022	766518936	-	RCV001942225
5000211	single nucleotide variant	NM_001089.3(ABCA3):c.1224C>A (p.Cys408Ter)	21	ABCA3	HGNC:33	Likely pathogenic	1	Apr 29, 2026	-1	-	RCV006756369
639638	single nucleotide variant	NM_000051.4(ATM):c.7889T>A (p.Leu2630Ter)	472	ATM	HGNC:795	Pathogenic/Likely pathogenic	1	Apr 25, 2024	1591178998	-	RCV000823141|RCV004029130|RCV005231396
845556	single nucleotide variant	NM_018129.4(PNPO):c.413G>A (p.Arg138His)	55163	PNPO	HGNC:30260	Pathogenic/Likely pathogenic	1	Aug 02, 2026	764940495	-	RCV001037490|RCV001547187
18596	single nucleotide variant	NM_001042432.2(CLN3):c.597C>A (p.Tyr199Ter)	1201	CLN3	HGNC:2074	Pathogenic	1	Dec 14, 2025	267606737	-	RCV000003736|RCV000169443|RCV000760368|RCV000823290|RCV006638530|RCV006860439
1861082	single nucleotide variant	NM_003601.4(SMARCA5):c.2677G>A (p.Glu893Lys)	8467	SMARCA5	HGNC:11101	Pathogenic	1	Apr 26, 2024	2531511686	-	RCV002468795|RCV004779351
2795574	single nucleotide variant	NM_005797.4(MPZL2):c.280C>T (p.Arg94Trp)	10205	MPZL2	HGNC:3496	Likely pathogenic	1	Nov 10, 2023	145401372	-	RCV003389618
468441	single nucleotide variant	NM_000088.4(COL1A1):c.1393G>T (p.Glu465Ter)	1277	COL1A1	HGNC:2197	Pathogenic	1	Apr 26, 2023	865999256	-	RCV000529907
419384	single nucleotide variant	NM_000251.3(MSH2):c.1888G>T (p.Gly630Ter)	4436	MSH2	HGNC:7325	Pathogenic	1	Feb 25, 2021	1114167866	-	RCV000491568
4024755	single nucleotide variant	NM_001206927.2(DNAH8):c.12841C>T (p.Arg4281Ter)	1769	DNAH8	HGNC:2952	Pathogenic/Likely pathogenic	1	Jan 28, 2026	-1	-	RCV005437719|RCV006631375
425859	single nucleotide variant	NM_016169.4(SUFU):c.847G>T (p.Glu283Ter)	51684	SUFU	HGNC:16466	Likely pathogenic	1	May 31, 2017	1554852789	-	RCV000498012
1466890	single nucleotide variant	NM_000071.3(CBS):c.1169G>A (p.Trp390Ter)	875	CBS	HGNC:1550	Pathogenic	1	Sep 20, 2021	2146344203	-	RCV001885847
260584	single nucleotide variant	NM_001378183.1(PIEZO2):c.4798C>T (p.Arg1600Ter)	63895	PIEZO2	HGNC:26270	Pathogenic/Likely pathogenic	1	Mar 10, 2025	886039822	-	RCV000256261|RCV001234550
5084886	single nucleotide variant	NM_144991.3(TSPEAR):c.1493G>T (p.Gly498Val)	54084	TSPEAR	HGNC:1268	Likely pathogenic	1	Jun 30, 2026	-1	-	RCV006763260
816446	single nucleotide variant	NM_003896.4(ST3GAL5):c.1024G>A (p.Gly342Ser)	8869	ST3GAL5	HGNC:10872	Pathogenic/Likely pathogenic	1	Apr 09, 2026	367638648	-	RCV001028020|RCV002552014
364209	single nucleotide variant	NM_004187.5(KDM5C):c.224T>C (p.Leu75Pro)	8242	KDM5C	HGNC:11114	Likely pathogenic	1	Dec 16, 2016	1057520198	-	RCV000420674
5002794	single nucleotide variant	NM_001101.5(ACTB):c.1010A>C (p.Tyr337Ser)	60	ACTB	HGNC:132	Likely pathogenic	1	May 19, 2023	-1	-	RCV006775202
2965035	single nucleotide variant	NM_018075.5(ANO10):c.710G>A (p.Trp237Ter)	55129	ANO10	HGNC:25519	Pathogenic	1	Jul 29, 2025	2081048927	-	RCV003677320|RCV005629692
3225268	single nucleotide variant	NM_014159.7(SETD2):c.5123G>C (p.Arg1708Pro)	29072	SETD2	HGNC:18420	Likely pathogenic	1	Mar 26, 2024	2107674146	-	RCV003990322
2736994	single nucleotide variant	NM_003151.4(STAT4):c.1867C>T (p.His623Tyr)	6775	STAT4	HGNC:11365	Pathogenic	1	Jul 11, 2023	2470644386	-	RCV003313750
132647	single nucleotide variant	NM_005861.4(STUB1):c.235G>A (p.Ala79Thr)	10273	STUB1	HGNC:11427	Pathogenic	1	Apr 17, 2014	587777346	-	RCV000115004
2804678	single nucleotide variant	NM_003590.5(CUL3):c.1349C>T (p.Ser450Phe)	8452	CUL3	HGNC:2553	Likely pathogenic	1	Feb 15, 2023	2106196630	-	RCV003420947
432014	single nucleotide variant	NM_020686.6(ABAT):c.817-2A>G	18	ABAT	HGNC:23	Pathogenic	1	Sep 12, 2017	1555492932	-	RCV000505301
3741001	single nucleotide variant	NM_001364905.1(LRBA):c.5785C>T (p.Arg1929Ter)	987	LRBA	HGNC:1742	Pathogenic	1	Apr 25, 2024	-1	-	RCV005072164
983382	single nucleotide variant	NM_001139.3(ALOX12B):c.1797G>T (p.Met599Ile)	242	ALOX12B	HGNC:430	Pathogenic	1	Jan 07, 2021	1977018643	-	RCV001289965
1459632	single nucleotide variant	NM_007215.4(POLG2):c.690-1G>A	11232	POLG2	HGNC:9180	Likely pathogenic	1	Jan 11, 2022	2144199103	-	RCV002044297
3735425	single nucleotide variant	NM_152419.3(HGSNAT):c.741G>T (p.Arg247Ser)	138050	HGSNAT	HGNC:26527	Likely pathogenic	1	Dec 18, 2024	-1	-	RCV005055343
2839826	single nucleotide variant	NM_001010942.3(RAP1B):c.35G>T (p.Gly12Val)	5908	RAP1B	HGNC:9857	Pathogenic	1	Mar 06, 2024	2499133668	-	RCV003459043
3769900	single nucleotide variant	NM_000860.6(HPGD):c.325-2A>C	3248	HPGD	HGNC:5154	Pathogenic	1	Oct 13, 2024	-1	-	RCV005105751
25742	single nucleotide variant	NM_203475.3(PORCN):c.222G>A (p.Trp74Ter)	64840	PORCN	HGNC:17652	Pathogenic	1	Dec 13, 2022	137852219	-	RCV000011449|RCV003234900
3801637	single nucleotide variant	NM_003737.4(DCHS1):c.3916C>T (p.Gln1306Ter)	8642	DCHS1	HGNC:13681	Pathogenic	1	Aug 22, 2024	-1	-	RCV005143626
2524652	single nucleotide variant	NM_005461.5(MAFB):c.203C>T (p.Pro68Leu)	9935	MAFB	HGNC:6408	Likely pathogenic	1	-	2515463612	-	RCV003227584
830414	single nucleotide variant	NM_005219.5(DIAPH1):c.1549C>T (p.Gln517Ter)	1729	DIAPH1	HGNC:2876	Pathogenic	1	Nov 22, 2019	2099895754	-	RCV001041831
1000064	single nucleotide variant	NM_001267550.2(TTN):c.49669A>T (p.Lys16557Ter)	7273	TTN	HGNC:12403	Pathogenic	1	-	2154200779	-	RCV001594464
1059026	single nucleotide variant	NM_001165963.4(SCN1A):c.4359T>G (p.Tyr1453Ter)	6323	SCN1A	HGNC:10585	Pathogenic	1	Mar 02, 2023	1573984787	-	RCV006466848
3812832	single nucleotide variant	NM_001349884.2(DRAM2):c.571C>T (p.Gln191Ter)	128338	DRAM2	HGNC:28769	Pathogenic	1	Feb 16, 2024	-1	-	RCV005159845
1056612	single nucleotide variant	NM_000022.4(ADA):c.467G>C (p.Arg156Pro)	100	ADA	HGNC:186	Likely pathogenic	1	Jul 21, 2022	121908722	-	RCV001379577
791793	single nucleotide variant	NM_000088.4(COL1A1):c.358C>T (p.Arg120Ter)	1277	COL1A1	HGNC:2197	Pathogenic	1	Jun 25, 2025	762979302	-	RCV000989951|RCV003128733|RCV006705401
1856294	single nucleotide variant	NM_000551.4(VHL):c.302T>A (p.Leu101Gln)	7428	VHL	HGNC:12687	Likely pathogenic	1	Jun 09, 2026	1553619456	-	RCV002435996
265003	single nucleotide variant	NM_001195553.2(DCX):c.304C>G (p.Arg102Gly)	1641	DCX	HGNC:2714	Pathogenic	1	Jan 22, 2016	587783541	-	RCV000377977
196522	single nucleotide variant	NM_001035.3(RYR2):c.790G>C (p.Gly264Arg)	6262	RYR2	HGNC:10484	Likely pathogenic	1	May 28, 2013	794728713	-	RCV000182666
2075787	single nucleotide variant	NM_000136.3(FANCC):c.1330-2A>G	2176	FANCC	HGNC:3584	Likely pathogenic	1	Jul 17, 2022	2134456820	-	RCV002857090
442374	single nucleotide variant	NM_033380.3(COL4A5):c.2509+1G>A	1287	COL4A5	HGNC:2207	Pathogenic	1	Jun 06, 2017	1556418287	-	RCV000518310
623292	single nucleotide variant	NM_138694.4(PKHD1):c.8864G>T (p.Arg2955Leu)	5314	PKHD1	HGNC:9016	Likely pathogenic	1	Sep 24, 2018	1582469538	-	RCV000786871
2738188	single nucleotide variant	NM_000059.4(BRCA2):c.1848T>A (p.Cys616Ter)	675	BRCA2	HGNC:1101	Pathogenic	1	Mar 21, 2023	2137475605	-	RCV003316928
3808948	single nucleotide variant	NM_020778.5(ALPK3):c.2565T>A (p.Cys855Ter)	57538	ALPK3	HGNC:17574	Pathogenic	1	Feb 24, 2024	-1	-	RCV005161866
1463598	single nucleotide variant	NM_016122.3(CEP83):c.1867C>T (p.Gln623Ter)	51134	CEP83	HGNC:17966	Pathogenic	1	Oct 10, 2021	1198459012	-	RCV001932813
1214303	single nucleotide variant	NM_001844.5(COL2A1):c.2563G>C (p.Gly855Arg)	1280	COL2A1	HGNC:2200	Likely pathogenic	1	Aug 02, 2018	1193507525	-	RCV006768140
1490995	single nucleotide variant	NM_001171155.2(PET100):c.1A>T (p.Met1Leu)	100131801	PET100	HGNC:40038	Pathogenic	1	Nov 23, 2021	977392512	-	RCV001956482
179198	single nucleotide variant	NM_000256.3(MYBPC3):c.3330+2T>C	4607	MYBPC3	HGNC:7551	Pathogenic	1	Feb 27, 2025	387906397	-	RCV000158228|RCV000532325
828774	single nucleotide variant	NM_145207.3(AFG2A):c.1963C>T (p.Arg655Ter)	166378	AFG2A	HGNC:18119	Pathogenic/Likely pathogenic	1	Aug 12, 2025	763737752	-	RCV001037342|RCV001585936|RCV006974941
422073	single nucleotide variant	NM_001171.6(ABCC6):c.2591-1G>T	368	ABCC6	HGNC:57	Likely pathogenic	1	Feb 13, 2026	1131691865	-	RCV000493957|RCV005018830
2523783	single nucleotide variant	NM_004523.4(KIF11):c.2267+1G>A	3832	KIF11	HGNC:6388	Pathogenic	1	May 02, 2023	2492528918	-	RCV003226073
362314	single nucleotide variant	NM_001127649.3(PEX26):c.296G>A (p.Trp99Ter)	55670	PEX26	HGNC:22965	Pathogenic	1	Feb 07, 2017	62641229	-	RCV000416954
2756759	single nucleotide variant	NM_001267550.2(TTN):c.229C>T (p.Arg77Ter)	7273	TTN	HGNC:12403	Likely pathogenic	1	Feb 21, 2025	1347415564	-	RCV003360611|RCV005228016
1053549	single nucleotide variant	NM_000552.5(VWF):c.7514C>A (p.Ser2505Ter)	7450	VWF	HGNC:12726	Pathogenic	1	Apr 12, 2021	2136358550	-	RCV001787223
1704765	single nucleotide variant	NM_001673.5(ASNS):c.776-5T>G	440	ASNS	HGNC:753	Pathogenic	1	Sep 11, 2023	2115649690	-	RCV002284991
179184	single nucleotide variant	NM_000256.3(MYBPC3):c.3641G>A (p.Trp1214Ter)	4607	MYBPC3	HGNC:7551	Pathogenic	1	Jan 27, 2026	730880597	-	RCV000158249|RCV000217718
512403	single nucleotide variant	NM_014727.3(KMT2B):c.3400C>T (p.Gln1134Ter)	9757	KMT2B	HGNC:15840	Pathogenic	1	Oct 23, 2020	1555730069	-	RCV000624306|RCV001268110
3895736	single nucleotide variant	NM_002187.3(IL12B):c.855+1G>A	3593	IL12B	HGNC:5970	Likely pathogenic	1	Sep 17, 2021	-1	-	RCV005362043
25425	single nucleotide variant	NM_000402.4(G6PD):c.961G>A (p.Val321Met)	2539	G6PD	HGNC:4057	Pathogenic/Likely pathogenic	1	Feb 02, 2026	137852327	-	RCV000011116|RCV000011117|RCV000180545|RCV000405688|RCV000763203|RCV000757320|RCV001250220|RCV001266092|RCV003460452|RCV004748513|RCV006743807|RCV006923623
361744	single nucleotide variant	NM_000459.5(TEK):c.448G>T (p.Glu150Ter)	7010	TEK	HGNC:11724	Pathogenic	1	Mar 06, 2018	753021890	-	RCV000415600
233006	single nucleotide variant	NM_000038.6(APC):c.875T>A (p.Leu292Ter)	324	APC	HGNC:583	Pathogenic	1	Aug 21, 2015	876660439	-	RCV000217871
2845019	single nucleotide variant	NM_000169.3(GLA):c.666C>G (p.Tyr222Ter)	2717	GLA	HGNC:4296	Pathogenic	1	Oct 31, 2023	104894851	-	RCV003484584
1669731	single nucleotide variant	NM_004586.3(RPS6KA3):c.1483C>T (p.Leu495Phe)	6197	RPS6KA3	HGNC:10432	Likely pathogenic	1	Aug 06, 2021	937495958	-	RCV002224632
537868	single nucleotide variant	NM_000141.5(FGFR2):c.2021C>T (p.Ala674Val)	2263	FGFR2	HGNC:3689	Likely pathogenic	1	Nov 01, 2016	1554907337	-	RCV000659649
3731867	single nucleotide variant	NM_133642.5(LARGE1):c.2074-2A>G	9215	LARGE1	HGNC:6511	Likely pathogenic	1	Dec 06, 2024	-1	-	RCV005002089
4929850	single nucleotide variant	NM_000157.4(GBA1):c.1353C>G (p.Tyr451Ter)	2629	GBA1	HGNC:4177	Likely pathogenic	1	Feb 07, 2025	-1	-	RCV006644209
974003	single nucleotide variant	NM_004380.3(CREBBP):c.3882C>G (p.Cys1294Trp)	1387	CREBBP	HGNC:2348	Likely pathogenic	1	Dec 19, 2018	1278147369	-	RCV001267253
625445	single nucleotide variant	NM_000166.6(GJB1):c.6C>G (p.Asn2Lys)	2705	GJB1	HGNC:4283	Likely pathogenic	1	Aug 31, 2024	1602348530	-	RCV000789206|RCV005231332
2894448	single nucleotide variant	NM_000092.5(COL4A4):c.694-2A>T	1286	COL4A4	HGNC:2206	Pathogenic	1	Jan 24, 2024	2475774834	-	RCV003555007
246273	single nucleotide variant	NM_000527.5(LDLR):c.1686G>A (p.Trp562Ter)	3949	LDLR	HGNC:6547	Pathogenic/Likely pathogenic	1	Dec 09, 2022	879254985	-	RCV000237755|RCV003165669
1289611	single nucleotide variant	NM_001243177.4(ALDOA):c.1001C>T (p.Ala334Val)	226	ALDOA	HGNC:414	Pathogenic/Likely pathogenic	1	Oct 27, 2022	2151019295	-	RCV001730028
798962	single nucleotide variant	NM_014232.3(VAMP2):c.233A>C (p.Glu78Ala)	6844	VAMP2	HGNC:12643	Pathogenic	1	Jan 31, 2020	1598265382	-	RCV000999495
2835121	single nucleotide variant	NM_017739.4(POMGNT1):c.640G>T (p.Gly214Ter)	55624	POMGNT1	HGNC:19139	Likely pathogenic	1	May 26, 2023	2525435346	-	RCV003471725
398404	single nucleotide variant	NM_030962.4(SBF2):c.5037+1G>A	81846	SBF2	HGNC:2135	Pathogenic	1	Feb 06, 2025	1060499999	-	RCV000471492|RCV005898432
843121	single nucleotide variant	NM_002582.4(PARN):c.657G>A (p.Trp219Ter)	5073	PARN	HGNC:8609	Pathogenic	1	Jan 26, 2019	1363931577	-	RCV001063256
1783831	single nucleotide variant	NM_001378454.1(ALMS1):c.10984G>T (p.Glu3662Ter)	7840	ALMS1	HGNC:428	Likely pathogenic	1	Dec 15, 2021	2466445473	-	RCV002307275
1312437	single nucleotide variant	NM_005502.4(ABCA1):c.5449C>T (p.Arg1817Ter)	19	ABCA1	HGNC:29	Pathogenic	1	Oct 21, 2025	779927521	-	RCV006635634
621944	single nucleotide variant	NM_001040142.2(SCN2A):c.4865C>G (p.Pro1622Arg)	6326	SCN2A	HGNC:10588	Pathogenic	1	Dec 26, 2018	1558885489	-	RCV000782070
336898	single nucleotide variant	NM_000053.4(ATP7B):c.2755C>T (p.Arg919Trp)	540	ATP7B	HGNC:870	Pathogenic/Likely pathogenic	1	Aug 03, 2026	121907993	-	RCV000388607|RCV000999521|RCV004751454
1065692	single nucleotide variant	NM_033380.3(COL4A5):c.322-1G>T	1287	COL4A5	HGNC:2207	Pathogenic	1	-	104886375	-	RCV001391165
1061300	single nucleotide variant	NM_001017420.3(ESCO2):c.775C>T (p.Gln259Ter)	157570	ESCO2	HGNC:27230	Pathogenic	1	Jul 24, 2021	1804811181	-	RCV001384357
2985622	single nucleotide variant	NM_006623.4(PHGDH):c.68T>A (p.Leu23Ter)	26227	PHGDH	HGNC:8923	Pathogenic	1	Jan 01, 2023	587615037	-	RCV003610330
1478277	single nucleotide variant	NM_022124.6(CDH23):c.5369-2A>G	64072	CDH23	HGNC:13733	Likely pathogenic	1	Oct 12, 2021	2132938020	-	RCV002038146|RCV005925489
3877289	single nucleotide variant	NM_001267550.2(TTN):c.67253T>A (p.Leu22418Ter)	7273	TTN	HGNC:12403	Likely pathogenic	1	Dec 02, 2024	-1	-	RCV005223985
3015208	single nucleotide variant	NM_001369.3(DNAH5):c.6356T>A (p.Leu2119Ter)	1767	DNAH5	HGNC:2950	Pathogenic	1	Mar 18, 2023	2546875919	-	RCV003652547
4956582	single nucleotide variant	NM_022841.7(RFX7):c.2236C>T (p.Gln746Ter)	64864	RFX7	HGNC:25777	Likely pathogenic	1	Dec 03, 2025	-1	-	RCV006684333
217241	single nucleotide variant	NM_004423.4(DVL3):c.1715-2A>G	1857	DVL3	HGNC:3087	Pathogenic	1	Dec 01, 2015	869025216	-	RCV000210487|RCV000208665|RCV003126594
4025808	single nucleotide variant	NM_001042492.3(NF1):c.2750T>G (p.Val917Gly)	4763	NF1	HGNC:7765	Likely pathogenic	1	May 30, 2026	-1	-	RCV005435901|RCV006699541
962319	single nucleotide variant	NM_000135.4(FANCA):c.3829-1G>C	2175	FANCA	HGNC:3582	Pathogenic	1	Feb 28, 2020	2062090760	-	RCV001256526
2917699	single nucleotide variant	NM_138694.4(PKHD1):c.6866-1G>T	5314	PKHD1	HGNC:9016	Likely pathogenic	1	Dec 10, 2024	1781631365	-	RCV003503172
32613	single nucleotide variant	NM_001909.5(CTSD):c.1149G>C (p.Trp383Cys)	1509	CTSD	HGNC:2529	Pathogenic	1	Jun 01, 2006	121912790	-	RCV000019135
18792	single nucleotide variant	NM_000375.3(UROS):c.184A>G (p.Thr62Ala)	7390	UROS	HGNC:12592	Pathogenic	1	May 29, 2019	28941775	-	RCV000003951
4012923	single nucleotide variant	NM_000018.4(ACADVL):c.880G>A (p.Gly294Arg)	37	ACADVL	HGNC:92	Pathogenic/Likely pathogenic	1	May 23, 2026	-1	-	RCV005410388
378629	single nucleotide variant	NM_152906.7(TANGO2):c.77G>A (p.Arg26Lys)	128989	TANGO2	HGNC:25439	Likely pathogenic	1	Jan 29, 2020	1057520382	-	RCV000424981
264178	single nucleotide variant	NM_001127644.2(GABRA1):c.788T>A (p.Met263Lys)	2554	GABRA1	HGNC:4075	Pathogenic	1	Sep 08, 2016	796052491	-	RCV000259298
1434560	single nucleotide variant	NM_000404.4(GLB1):c.1616G>A (p.Trp539Ter)	2720	GLB1	HGNC:4298	Pathogenic	1	Mar 04, 2023	2125463197	-	RCV001922145
4194543	single nucleotide variant	NM_001007553.3(CSDE1):c.638A>G (p.Tyr213Cys)	7812	CSDE1	HGNC:29905	Likely pathogenic	1	Feb 08, 2024	-1	-	RCV005637886
818633	single nucleotide variant	NC_000008.11:g.22130706C>T	120766137	HRURF	HGNC:55085	Pathogenic	1	Mar 31, 2021	1827030121	-	RCV001353151
426407	single nucleotide variant	NM_001379110.1(SLC9A6):c.743+1G>A	10479	SLC9A6	HGNC:11079	Pathogenic	1	Nov 13, 2023	1556617455	-	RCV000498280|RCV000792492|RCV005899815
3719619	single nucleotide variant	NM_033305.3(VPS13A):c.406C>T (p.Gln136Ter)	23230	VPS13A	HGNC:1908	Likely pathogenic	1	Jun 17, 2024	-1	-	RCV005048647
26300	single nucleotide variant	NM_004006.3(DMD):c.6373C>T (p.Gln2125Ter)	1756	DMD	HGNC:2928	Pathogenic	1	Aug 22, 2023	128626251	-	RCV000012012|RCV000150064
1161967	single nucleotide variant	NM_001651.4(AQP5):c.526G>A (p.Gly176Arg)	362	AQP5	HGNC:638	Likely pathogenic	1	Mar 06, 2021	745563552	-	RCV001647329
4199543	single nucleotide variant	NM_000478.6(ALPL):c.982T>C (p.Phe328Leu)	249	ALPL	HGNC:438	Likely pathogenic	1	Aug 29, 2025	-1	-	RCV005646667
1940994	single nucleotide variant	NM_000053.4(ATP7B):c.2663C>T (p.Thr888Ile)	540	ATP7B	HGNC:870	Likely pathogenic	1	Sep 17, 2025	935426164	-	RCV003111991
102495	single nucleotide variant	NM_183050.4(BCKDHB):c.633+1G>A	594	BCKDHB	HGNC:987	Pathogenic/Likely pathogenic	1	Dec 23, 2025	398124589	-	RCV000179048|RCV000811119|RCV005031576|RCV004566968
106944	single nucleotide variant	NM_000090.4(COL3A1):c.3509G>T (p.Gly1170Val)	1281	COL3A1	HGNC:2201	Pathogenic	1	-	587779465	-	RCV000087436
2995614	single nucleotide variant	NM_018075.5(ANO10):c.993T>G (p.Tyr331Ter)	55129	ANO10	HGNC:25519	Pathogenic	1	Jul 06, 2023	2529370141	-	RCV003687325
1467891	single nucleotide variant	NM_004836.7(EIF2AK3):c.496C>T (p.Gln166Ter)	9451	EIF2AK3	HGNC:3255	Pathogenic	1	Sep 24, 2021	755704498	-	RCV001956236
29460	single nucleotide variant	NM_000238.4(KCNH2):c.1408A>G (p.Asn470Asp)	3757	KCNH2	HGNC:6251	Pathogenic	1	Feb 17, 2006	121912505	-	RCV000015502|RCV000057902
2052836	single nucleotide variant	NM_001384474.1(LOXHD1):c.3079C>T (p.Gln1027Ter)	125336	LOXHD1	HGNC:26521	Pathogenic	1	May 12, 2022	1599001947	-	RCV002801210
1697448	single nucleotide variant	NM_138364.4(PRMT9):c.257T>A (p.Leu86Ter)	90826	PRMT9	HGNC:25099	Pathogenic	1	Aug 02, 2022	1392285676	-	RCV003126233|RCV006736706
28251	single nucleotide variant	NM_001317778.2(SFTPC):c.347C>A (p.Ala116Asp)	6440	SFTPC	HGNC:10802	Pathogenic	1	Jan 13, 2005	121918559	-	RCV000014099
31623	single nucleotide variant	NM_000122.2(ERCC3):c.355A>C (p.Thr119Pro)	2071	ERCC3	HGNC:3435	Pathogenic	1	Feb 01, 1997	121913046	-	RCV000018052
2170561	single nucleotide variant	NM_000350.3(ABCA4):c.3224C>T (p.Ala1075Val)	24	ABCA4	HGNC:34	Likely pathogenic	1	Dec 06, 2021	2523771792	-	RCV003038043
4963562	single nucleotide variant	NM_139242.4(MTFMT):c.1075C>T (p.Gln359Ter)	123263	MTFMT	HGNC:29666	Likely pathogenic	1	Dec 01, 2025	-1	-	RCV006700370
461618	single nucleotide variant	NM_002834.5(PTPN11):c.213T>G (p.Phe71Leu)	5781	PTPN11	HGNC:9644	Pathogenic/Likely pathogenic	1	Feb 10, 2022	1555267558	-	RCV000534502|RCV000593077|RCV006842253
1669789	single nucleotide variant	NM_001267550.2(TTN):c.22646C>G (p.Ser7549Ter)	7273	TTN	HGNC:12403	Likely pathogenic	1	Nov 22, 2021	2154301553	-	RCV002224691
852730	single nucleotide variant	NM_001042492.3(NF1):c.6704+1G>C	4763	NF1	HGNC:7765	Pathogenic	1	Aug 31, 2025	1060500376	-	RCV001061549|RCV002365739|RCV005414558
1087644	single nucleotide variant	NM_058216.3(RAD51C):c.572-1G>T	5889	RAD51C	HGNC:9820	Pathogenic/Likely pathogenic	1	Nov 17, 2025	1413872299	-	RCV001779199|RCV003492253|RCV006467062
3100790	single nucleotide variant	NM_014112.5(TRPS1):c.1229G>A (p.Trp410Ter)	7227	TRPS1	HGNC:12340	Pathogenic	1	Dec 15, 2022	2536891347	-	RCV003805538
943955	single nucleotide variant	NM_016955.4(SEPSECS):c.41C>A (p.Ser14Ter)	51091	SEPSECS	HGNC:30605	Pathogenic/Likely pathogenic	1	Dec 16, 2025	1228958177	-	RCV001226200|RCV006636703
3810767	single nucleotide variant	NM_004530.6(MMP2):c.1160G>A (p.Trp387Ter)	4313	MMP2	HGNC:7166	Pathogenic	1	Oct 23, 2025	-1	-	RCV005157476
539476	single nucleotide variant	NM_002788.4(PSMA3):c.404+2T>C	5684	PSMA3	HGNC:9532	Pathogenic	1	Mar 01, 2012	1555352516	-	RCV000663432
2185626	single nucleotide variant	NM_002087.4(GRN):c.1158G>A (p.Trp386Ter)	2896	GRN	HGNC:4601	Pathogenic	1	Apr 18, 2022	2044779598	-	RCV003035999
4844918	single nucleotide variant	NM_198075.4(LRRC56):c.1066C>T (p.Gln356Ter)	115399	LRRC56	HGNC:25430	Pathogenic	1	Feb 15, 2025	-1	-	RCV006518925
1055930	single nucleotide variant	NM_022124.6(CDH23):c.9278+2T>G	64072	CDH23	HGNC:13733	Pathogenic	1	Aug 21, 2025	2133002381	-	RCV001377712
4840765	single nucleotide variant	NM_000428.3(LTBP2):c.4034-1G>T	4053	LTBP2	HGNC:6715	Likely pathogenic	1	Jan 03, 2026	-1	-	RCV006530901
801181	single nucleotide variant	NM_177550.5(SLC13A5):c.332T>G (p.Leu111Arg)	284111	SLC13A5	HGNC:23089	Likely pathogenic	1	-	1597676610	-	RCV001003623
5015672	single nucleotide variant	NM_000093.5(COL5A1):c.3164T>A (p.Leu1055Ter)	1289	COL5A1	HGNC:2209	Pathogenic	1	Aug 17, 2022	-1	-	RCV006802046
3496112	single nucleotide variant	NM_001015877.2(PHF6):c.464C>G (p.Ser155Ter)	84295	PHF6	HGNC:18145	Pathogenic	1	May 27, 2022	-1	-	RCV004697952
859351	single nucleotide variant	NM_006005.3(WFS1):c.968A>G (p.His323Arg)	7466	WFS1	HGNC:12762	Pathogenic/Likely pathogenic	1	Jan 01, 2020	1057368575	-	RCV001092547|RCV004813751
1687853	single nucleotide variant	NM_000374.5(UROD):c.430C>T (p.Arg144Ter)	7389	UROD	HGNC:12591	Pathogenic	1	Apr 02, 2026	1412728348	-	RCV002265079|RCV006717817
1515083	single nucleotide variant	NM_001395413.1(POR):c.1239+1G>C	5447	POR	HGNC:9208	Likely pathogenic	1	Oct 21, 2021	782168868	-	RCV001983576
3082658	single nucleotide variant	NM_000475.5(NR0B1):c.664C>T (p.Gln222Ter)	190	NR0B1	HGNC:7960	Pathogenic	1	Nov 16, 2022	2519051360	-	RCV003783757
4928139	single nucleotide variant	NM_018006.5(TRMU):c.1101+1G>C	55687	TRMU	HGNC:25481	Likely pathogenic	1	Jan 26, 2026	-1	-	RCV006637701
905732	single nucleotide variant	NM_021175.4(HAMP):c.176G>C (p.Arg59Pro)	57817	HAMP	HGNC:15598	Pathogenic	1	Jul 16, 2019	2066319871	-	RCV001250720
1417017	single nucleotide variant	NM_001267727.2(ARSG):c.218+1G>A	22901	ARSG	HGNC:24102	Likely pathogenic	1	Jul 21, 2023	947108148	-	RCV002014955
1396566	single nucleotide variant	NM_000520.6(HEXA):c.1330+2T>C	3073	HEXA	HGNC:4878	Pathogenic	1	Sep 13, 2024	2140320568	-	RCV001889538
1019364	single nucleotide variant	NM_001020658.2(PUM1):c.3028C>T (p.Arg1010Ter)	9698	PUM1	HGNC:14957	Pathogenic/Likely pathogenic	1	Apr 01, 2026	1639458746	-	RCV001333770
1054017	single nucleotide variant	NM_206933.4(USH2A):c.3506G>A (p.Trp1169Ter)	7399	USH2A	HGNC:12601	Pathogenic/Likely pathogenic	1	Dec 03, 2025	2102467034	-	RCV001376463|RCV003542344
3396933	single nucleotide variant	NM_001042492.3(NF1):c.5254A>T (p.Lys1752Ter)	4763	NF1	HGNC:7765	Pathogenic	1	Apr 10, 2023	2069338262	-	RCV004560695
1816205	single nucleotide variant	NM_000051.4(ATM):c.7516-1G>C	472	ATM	HGNC:795	Likely pathogenic	1	Nov 19, 2025	2136490774	-	RCV002393798|RCV003103410
246009	single nucleotide variant	NM_000527.5(LDLR):c.1136G>A (p.Cys379Tyr)	3949	LDLR	HGNC:6547	Pathogenic/Likely pathogenic	1	Mar 25, 2016	879254804	-	RCV000237805
621706	single nucleotide variant	NM_005562.3(LAMC2):c.1066+1G>T	3918	LAMC2	HGNC:6493	Likely pathogenic	1	Sep 25, 2020	1558092158	-	RCV000780372
2976409	single nucleotide variant	NM_000081.4(LYST):c.106G>T (p.Glu36Ter)	1130	LYST	HGNC:1968	Pathogenic	1	Jan 08, 2024	2527301436	-	RCV003637117
628112	single nucleotide variant	NM_001048174.2(MUTYH):c.1A>G (p.Met1Val)	4595	MUTYH	HGNC:7527	Pathogenic/Likely pathogenic	1	Mar 09, 2025	1570467133	-	RCV000794526|RCV002332595
46478	single nucleotide variant	NM_000059.4(BRCA2):c.476-1G>A	675	BRCA2	HGNC:1101	Pathogenic/Likely pathogenic	1	Feb 09, 2026	397507340	-	RCV000031503|RCV000772115|RCV003529925|RCV004595892|RCV006754810
3105394	single nucleotide variant	NM_024312.5(GNPTAB):c.203+1G>A	79158	GNPTAB	HGNC:29670	Likely pathogenic	1	Sep 19, 2023	545989411	-	RCV003809158
4899168	single nucleotide variant	NM_024753.5(TTC21B):c.2776C>T (p.Arg926Ter)	79809	TTC21B	HGNC:25660	Pathogenic	1	Sep 16, 2025	-1	-	RCV006603743
526537	single nucleotide variant	NM_213599.3(ANO5):c.220C>T (p.Arg74Ter)	203859	ANO5	HGNC:27337	Pathogenic	1	Sep 10, 2025	749645231	-	RCV000645355|RCV005860120|RCV006448503
1934871	single nucleotide variant	NM_004453.4(ETFDH):c.3G>C (p.Met1Ile)	2110	ETFDH	HGNC:3483	Pathogenic	1	Apr 30, 2024	1340862175	-	RCV002651856|RCV006641269
23042	single nucleotide variant	NM_002905.5(RDH5):c.712G>T (p.Gly238Trp)	5959	RDH5	HGNC:9940	Pathogenic/Likely pathogenic	1	Jun 01, 2026	62638191	-	RCV000008467|RCV000597673|RCV000988861|RCV002251890|RCV003390658|RCV003324486|RCV004814863|RCV005357098|RCV006695494
213941	single nucleotide variant	NM_006218.4(PIK3CA):c.311C>T (p.Pro104Leu)	5290	PIK3CA	HGNC:8975	Pathogenic/Likely pathogenic	1	Apr 11, 2025	863225060	-	RCV000201238|RCV001221647|RCV002254285|RCV004737318|RCV006253883
2100442	single nucleotide variant	NM_007194.4(CHEK2):c.1393A>T (p.Lys465Ter)	11200	CHEK2	HGNC:16627	Pathogenic	1	Jan 14, 2026	2517788289	-	RCV002872429|RCV005321255
4997817	single nucleotide variant	NM_000512.5(GALNS):c.567-2A>T	2588	GALNS	HGNC:4122	Pathogenic	1	Aug 20, 2026	-1	-	RCV006753524
3499907	single nucleotide variant	NM_138615.3(DHX30):c.1613G>A (p.Gly538Asp)	22907	DHX30	HGNC:16716	Pathogenic	1	Dec 10, 2023	-1	-	RCV004721949
1055878	single nucleotide variant	NM_004560.4(ROR2):c.175+1G>A	4920	ROR2	HGNC:10257	Likely pathogenic	1	Jul 05, 2022	753069829	-	RCV001377292|RCV002499774
3129820	single nucleotide variant	NM_182760.4(SUMF1):c.784C>T (p.Gln262Ter)	285362	SUMF1	HGNC:20376	Pathogenic	1	Dec 21, 2022	2469853388	-	RCV003830418
270364	single nucleotide variant	NM_020779.4(WDR35):c.2998G>T (p.Glu1000Ter)	57539	WDR35	HGNC:29250	Pathogenic	1	Feb 17, 2016	886043316	-	RCV000393769
3104345	single nucleotide variant	NM_000138.5(FBN1):c.6151A>T (p.Arg2051Ter)	2200	FBN1	HGNC:3603	Pathogenic	1	Dec 02, 2022	2505445905	-	RCV003803022
2750732	single nucleotide variant	NM_138459.5(NUS1):c.472G>T (p.Glu158Ter)	116150	NUS1	HGNC:21042	Pathogenic	1	Oct 17, 2023	1773264504	-	RCV003334448
1428805	single nucleotide variant	NM_001042492.3(NF1):c.6922-2A>T	4763	NF1	HGNC:7765	Pathogenic	1	Aug 01, 2024	864622509	-	RCV002002453|RCV004728988
496303	single nucleotide variant	NM_002292.4(LAMB2):c.3109+1G>T	3913	LAMB2	HGNC:6487	Likely pathogenic	1	Jul 08, 2016	888830612	-	RCV000612771
2897357	single nucleotide variant	NM_001033855.3(DCLRE1C):c.1156+1G>C	64421	DCLRE1C	HGNC:17642	Pathogenic	1	Jul 19, 2023	2491772724	-	RCV003502313
512619	single nucleotide variant	NM_001110792.2(MECP2):c.348G>T (p.Trp116Cys)	4204	MECP2	HGNC:6990	Likely pathogenic	1	Dec 13, 2016	1557137745	-	RCV000624621
2912386	single nucleotide variant	NM_025137.4(SPG11):c.1456+1G>T	80208	SPG11	HGNC:11226	Likely pathogenic	1	Jul 29, 2023	2505724394	-	RCV003495591
3414574	single nucleotide variant	NM_000202.8(IDS):c.702C>G (p.Tyr234Ter)	3423	IDS	HGNC:5389	Pathogenic	1	Jun 07, 2024	-1	-	RCV004596910
4649972	single nucleotide variant	NM_020366.4(RPGRIP1):c.3748+1G>T	57096	RPGRIP1	HGNC:13436	Pathogenic	1	Dec 10, 2025	-1	-	RCV006272054
4406533	single nucleotide variant	NM_019066.5(MAGEL2):c.1939C>T (p.Gln647Ter)	54551	MAGEL2	HGNC:6814	Likely pathogenic	1	Mar 17, 2025	-1	-	RCV005882829
3024568	single nucleotide variant	NM_018112.3(TMEM38B):c.542+2T>G	55151	TMEM38B	HGNC:25535	Likely pathogenic	1	Jan 05, 2024	1424044273	-	RCV003700775
976326	single nucleotide variant	NM_007055.4(POLR3A):c.3655G>T (p.Gly1219Ter)	11128	POLR3A	HGNC:30074	Pathogenic/Likely pathogenic	1	Mar 01, 2026	755978559	-	RCV001269672|RCV002537725
421166	single nucleotide variant	NM_002016.2(FLG):c.11635C>T (p.Arg3879Ter)	2312	FLG	HGNC:3748	Pathogenic	1	Aug 21, 2026	546871592	-	RCV000493665
1385767	single nucleotide variant	NM_001845.6(COL4A1):c.3235G>A (p.Gly1079Arg)	1282	COL4A1	HGNC:2202	Likely pathogenic	1	Dec 20, 2022	2139160417	-	RCV002013155
3748953	single nucleotide variant	NM_001368882.1(COL13A1):c.685-1223G>C	1305	COL13A1	HGNC:2190	Likely pathogenic	1	May 19, 2024	-1	-	RCV005075409
1319190	single nucleotide variant	NM_001385012.1(NBEA):c.955G>T (p.Asp319Tyr)	26960	NBEA	HGNC:7648	Likely pathogenic	1	Sep 27, 2022	2152563427	-	RCV001797009|RCV002287507
4956774	single nucleotide variant	NM_001606.5(ABCA2):c.4124C>A (p.Ser1375Ter)	20	ABCA2	HGNC:32	Likely pathogenic	1	Jan 17, 2025	-1	-	RCV006686345
611583	single nucleotide variant	NM_004991.4(MECOM):c.3106C>T (p.Arg1036Ter)	2122	MECOM	HGNC:3498	Pathogenic	1	Jul 26, 2018	1560118923	-	RCV000760664
264434	single nucleotide variant	NM_020822.3(KCNT1):c.1546A>G (p.Met516Val)	57582	KCNT1	HGNC:18865	Pathogenic/Likely pathogenic	1	Jan 26, 2026	886041691	-	RCV000289855|RCV000417014|RCV001253472|RCV002519055
1442802	single nucleotide variant	NM_000153.4(GALC):c.1670+1G>T	2581	GALC	HGNC:4115	Likely pathogenic	1	Feb 15, 2021	749597090	-	RCV002009679
3105190	single nucleotide variant	NM_032043.3(BRIP1):c.507+2T>A	83990	BRIP1	HGNC:20473	Likely pathogenic	1	Mar 17, 2023	2145761225	-	RCV003801073
4827688	single nucleotide variant	NM_001735.3(C5):c.892C>T (p.Gln298Ter)	727	C5	HGNC:1331	Pathogenic	1	Oct 03, 2025	-1	-	RCV006504951
455131	single nucleotide variant	NM_001369.3(DNAH5):c.5146C>T (p.Arg1716Trp)	1767	DNAH5	HGNC:2950	Pathogenic/Likely pathogenic	1	Apr 29, 2026	368644722	-	RCV000551412|RCV006756652
2839281	single nucleotide variant	NM_025193.4(HSD3B7):c.431+2T>C	80270	HSD3B7	HGNC:18324	Likely pathogenic	1	Feb 14, 2023	2543933911	-	RCV003448839
1928731	single nucleotide variant	NM_000487.6(ARSA):c.301G>T (p.Gly101Cys)	410	ARSA	HGNC:713	Likely pathogenic	1	Nov 17, 2022	1013216151	-	RCV002620764
1706769	single nucleotide variant	NM_005660.3(SLC35A2):c.308A>T (p.Glu103Val)	7355	SLC35A2	HGNC:11022	Likely pathogenic	1	-	2519651770	-	RCV003152647
2165455	single nucleotide variant	NM_004975.4(KCNB1):c.1202G>C (p.Gly401Ala)	3745	KCNB1	HGNC:6231	Likely pathogenic	1	Feb 23, 2022	2516851569	-	RCV003019502
38700	single nucleotide variant	NM_000516.7(GNAS):c.1174G>T (p.Glu392Ter)	2778	GNAS	HGNC:4392	Pathogenic	1	Jun 01, 2011	397514456	-	RCV000022597
4927286	single nucleotide variant	NM_000329.3(RPE65):c.12-1G>A	6121	RPE65	HGNC:10294	Likely pathogenic	1	Jun 17, 2024	-1	-	RCV006644997
965808	single nucleotide variant	NM_177987.3(TUBB8):c.539T>C (p.Val180Ala)	347688	TUBB8	HGNC:20773	Likely pathogenic	1	Aug 31, 2020	1834375618	-	RCV001255438
637019	single nucleotide variant	NM_000237.3(LPL):c.41G>A (p.Trp14Ter)	4023	LPL	HGNC:6677	Pathogenic	1	Feb 03, 2022	1590134297	-	RCV000796878
3873386	single nucleotide variant	NM_147127.5(EVC2):c.3575G>A (p.Trp1192Ter)	132884	EVC2	HGNC:19747	Pathogenic	1	Aug 12, 2024	-1	-	RCV005212829
48875	single nucleotide variant	NM_005188.4(CBL):c.1199T>G (p.Met400Arg)	867	CBL	HGNC:1541	Pathogenic	1	Jun 19, 2012	397507491	-	RCV000033353
5065074	single nucleotide variant	NM_194277.3(FRMD7):c.1483G>T (p.Val495Phe)	90167	FRMD7	HGNC:8079	Likely pathogenic	1	Aug 20, 2021	-1	-	RCV006930138
233901	single nucleotide variant	NM_000051.4(ATM):c.205C>T (p.Gln69Ter)	472	ATM	HGNC:795	Pathogenic	1	Sep 01, 2015	876660631	-	RCV000213362
103051	single nucleotide variant	NM_000531.6(OTC):c.298+1G>A	5009	OTC	HGNC:8512	Pathogenic	1	Dec 31, 2024	68058881	-	RCV000083392|RCV000560147
983812	single nucleotide variant	NM_022370.4(ROBO3):c.1450T>C (p.Trp484Arg)	64221	ROBO3	HGNC:13433	Likely pathogenic	1	Jan 09, 2021	1946299628	-	RCV001290390
3399162	single nucleotide variant	NM_002693.3(POLG):c.855+1G>C	5428	POLG	HGNC:9179	Likely pathogenic	1	Jun 10, 2025	2509264996	-	RCV004574593|RCV005433518
481249	single nucleotide variant	NM_017950.4(CCDC40):c.1989+1G>A	55036	CCDC40	HGNC:26090	Pathogenic/Likely pathogenic	1	Feb 18, 2026	745993158	-	RCV000578202|RCV002530363|RCV006749927
1454784	single nucleotide variant	NM_147127.5(EVC2):c.1303C>T (p.Gln435Ter)	132884	EVC2	HGNC:19747	Pathogenic	1	Jan 28, 2021	1369020144	-	RCV001946943
1065702	single nucleotide variant	NM_033380.3(COL4A5):c.2146G>A (p.Gly716Ser)	1287	COL4A5	HGNC:2207	Pathogenic/Likely pathogenic	1	Nov 17, 2020	104886161	-	RCV001391152|RCV006921035
3413541	single nucleotide variant	NM_000501.4(ELN):c.133+1G>T	2006	ELN	HGNC:3327	Likely pathogenic	1	Jul 17, 2023	2484783425	-	RCV004594950
975304	single nucleotide variant	NM_001197104.2(KMT2A):c.5887C>T (p.Arg1963Ter)	4297	KMT2A	HGNC:7132	Pathogenic/Likely pathogenic	1	Jun 03, 2025	1950445312	-	RCV001268657|RCV005590003|RCV006249735
552101	single nucleotide variant	NM_001374828.1(ARID1B):c.4905G>A (p.Trp1635Ter)	57492	ARID1B	HGNC:18040	Pathogenic	1	Jun 10, 2021	1554235834	-	RCV000679923|RCV001533024
1696108	single nucleotide variant	NM_017917.4(PPP2R3C):c.1250G>A (p.Gly417Glu)	55012	PPP2R3C	HGNC:17485	Pathogenic	1	Aug 31, 2022	1307002115	-	RCV002280804
150144	single nucleotide variant	NM_033448.3(KRT71):c.422T>G (p.Phe141Cys)	112802	KRT71	HGNC:28927	Pathogenic	1	Oct 01, 2012	587777545	-	RCV000128639
2740895	single nucleotide variant	NM_000264.5(PTCH1):c.554C>A (p.Ala185Asp)	5727	PTCH1	HGNC:9585	Likely pathogenic	1	Jun 08, 2021	1276503562	-	RCV003322059
547137	single nucleotide variant	NM_000359.3(TGM1):c.1159+1G>T	7051	TGM1	HGNC:11777	Pathogenic	1	Apr 29, 2026	1220151696	-	RCV000667533|RCV006842514
2154967	single nucleotide variant	NM_004629.2(FANCG):c.1144-2A>G	2189	FANCG	HGNC:3588	Pathogenic	1	Jan 19, 2022	2490398544	-	RCV003000166
1409038	single nucleotide variant	NM_058216.3(RAD51C):c.915G>A (p.Trp305Ter)	5889	RAD51C	HGNC:9820	Pathogenic	1	Jan 03, 2024	2143961567	-	RCV001905455|RCV003164159|RCV004039889
4924208	single nucleotide variant	NM_006295.3(VARS1):c.3307G>T (p.Glu1103Ter)	7407	VARS1	HGNC:12651	Likely pathogenic	1	Jan 22, 2026	-1	-	RCV006634277
36096	single nucleotide variant	NM_033380.3(COL4A5):c.4705C>T (p.Arg1569Ter)	1287	COL4A5	HGNC:2207	Pathogenic	1	Jun 30, 2025	104886286	-	RCV000435037|RCV001328294|RCV006644358
523288	single nucleotide variant	NM_002047.4(GARS1):c.1034A>G (p.Glu345Gly)	2617	GARS1	HGNC:4162	Likely pathogenic	1	Jan 07, 2020	1554338641	-	RCV000653955
4926897	single nucleotide variant	NM_130849.4(SLC39A4):c.356G>A (p.Trp119Ter)	55630	SLC39A4	HGNC:17129	Likely pathogenic	1	Nov 13, 2024	-1	-	RCV006640032
3595138	single nucleotide variant	NM_004168.4(SDHA):c.1065-1G>C	6389	SDHA	HGNC:10680	Likely pathogenic	1	Oct 04, 2024	-1	-	RCV004947413
3111720	single nucleotide variant	NM_001267550.2(TTN):c.13340C>A (p.Ser4447Ter)	7273	TTN	HGNC:12403	Likely pathogenic	1	Aug 31, 2025	777547090	-	RCV003810060|RCV004992866
1373533	single nucleotide variant	NM_018941.4(CLN8):c.29C>G (p.Ser10Ter)	2055	CLN8	HGNC:2079	Pathogenic/Likely pathogenic	1	Nov 10, 2025	1454175058	-	RCV001917477|RCV006639056
487897	single nucleotide variant	NM_000138.5(FBN1):c.1459G>T (p.Glu487Ter)	2200	FBN1	HGNC:3603	Pathogenic/Likely pathogenic	1	Oct 28, 2021	1555400374	-	RCV000587349|RCV001811087
4183686	single nucleotide variant	NM_152419.3(HGSNAT):c.1712C>T (p.Pro571Leu)	138050	HGSNAT	HGNC:26527	Likely pathogenic	1	Apr 15, 2025	-1	-	RCV005618146
2737232	single nucleotide variant	NM_134261.3(RORA):c.424+1G>A	6095	RORA	HGNC:10258	Pathogenic	1	Jun 20, 2023	2542073001	-	RCV003314171
1890563	single nucleotide variant	NM_139058.3(ARX):c.1150C>T (p.Arg384Cys)	170302	ARX	HGNC:18060	Pathogenic/Likely pathogenic	1	Sep 15, 2025	2519101958	-	RCV003072879|RCV006635574
672164	single nucleotide variant	NM_000138.5(FBN1):c.6634C>T (p.Gln2212Ter)	2200	FBN1	HGNC:3603	Pathogenic	1	May 27, 2025	1597522553	-	RCV000984070|RCV001071781|RCV006261123
562809	single nucleotide variant	NM_001369.3(DNAH5):c.8449G>T (p.Asp2817Tyr)	1767	DNAH5	HGNC:2950	Likely pathogenic	1	Oct 02, 2021	745885469	-	RCV000693465
3188968	single nucleotide variant	NM_206933.4(USH2A):c.12447G>A (p.Trp4149Ter)	7399	USH2A	HGNC:12601	Likely pathogenic	1	May 29, 2024	2464900474	-	RCV003890527|RCV005006329
25980	single nucleotide variant	NM_001205019.2(GK):c.553-1G>C	2710	GK	HGNC:4289	Pathogenic	1	Jun 01, 1996	587776740	-	RCV000011688
151753	single nucleotide variant	NM_000051.4(ATM):c.3980T>G (p.Leu1327Ter)	472	ATM	HGNC:795	Pathogenic/Likely pathogenic	1	Feb 01, 2026	587782192	-	RCV000130840|RCV000463924|RCV003462002|RCV005251076
4962936	single nucleotide variant	NM_000277.3(PAH):c.509+2T>G	5053	PAH	HGNC:8582	Pathogenic	1	Jan 12, 2026	-1	-	RCV006699033
105578	single nucleotide variant	NM_004183.4(BEST1):c.17C>G (p.Thr6Arg)	7439	BEST1	HGNC:12703	Pathogenic/Likely pathogenic	1	Nov 10, 2023	281865204	-	RCV000086098|RCV004815143|RCV006820316
2794281	single nucleotide variant	NM_004859.4(CLTC):c.3249+1G>C	1213	CLTC	HGNC:2092	Pathogenic	1	-	2509151066	-	RCV003348542
1984595	single nucleotide variant	NM_016955.4(SEPSECS):c.1026+1G>T	51091	SEPSECS	HGNC:30605	Likely pathogenic	1	May 12, 2022	2474659952	-	RCV002626366
904073	single nucleotide variant	NM_001034853.2(RPGR):c.883C>T (p.Gln295Ter)	6103	RPGR	HGNC:10295	Likely pathogenic	1	Dec 16, 2019	2067562961	-	RCV001171309
2833150	single nucleotide variant	NM_005609.4(PYGM):c.889G>T (p.Glu297Ter)	5837	PYGM	HGNC:9726	Likely pathogenic	1	May 31, 2023	1358384674	-	RCV003463416
3027578	single nucleotide variant	NM_012448.4(STAT5B):c.1906C>T (p.Gln636Ter)	6777	STAT5B	HGNC:11367	Pathogenic	1	Apr 29, 2024	367846125	-	RCV003614997
1886840	single nucleotide variant	NM_001256317.3(TMPRSS3):c.1049-4G>A	64699	TMPRSS3	HGNC:11877	Likely pathogenic	1	Dec 29, 2025	1016968797	-	RCV003087456|RCV005034667
928765	single nucleotide variant	NM_176787.5(PIGN):c.505C>T (p.Gln169Ter)	23556	PIGN	HGNC:8967	Pathogenic	1	Oct 27, 2025	369966550	-	RCV001214600
3139889	single nucleotide variant	NM_001166114.2(PNPLA6):c.3292C>T (p.Arg1098Trp)	10908	PNPLA6	HGNC:16268	Pathogenic	1	Oct 03, 2024	1405021041	-	RCV003835300
186660	single nucleotide variant	NM_000030.3(AGXT):c.752G>A (p.Trp251Ter)	189	AGXT	HGNC:341	Pathogenic	1	Apr 29, 2024	786204545	-	RCV000169258
3718817	single nucleotide variant	NM_000492.4(CFTR):c.2908+1G>T	1080	CFTR	HGNC:1884	Likely pathogenic	1	May 22, 2024	-1	-	RCV005033569
211603	single nucleotide variant	NM_021957.4(GYS2):c.1427T>A (p.Ile476Asn)	2998	GYS2	HGNC:4707	Likely pathogenic	1	Feb 20, 2014	863224039	-	RCV000199996
2831932	single nucleotide variant	NM_007241.4(SNF8):c.236C>T (p.Pro79Leu)	11267	SNF8	HGNC:17028	Pathogenic	1	Dec 07, 2023	2041013413	-	RCV003447439|RCV003993691|RCV003994558
1958839	single nucleotide variant	NM_000553.6(WRN):c.1981+1G>A	7486	WRN	HGNC:12791	Likely pathogenic	1	Apr 13, 2022	1814007969	-	RCV002584283
445740	single nucleotide variant	NM_001042492.3(NF1):c.3706T>C (p.Trp1236Arg)	4763	NF1	HGNC:7765	Likely pathogenic	1	Oct 01, 2024	1555615111	-	RCV000522650|RCV002279317|RCV002358412
3880977	single nucleotide variant	NM_000091.5(COL4A3):c.2719G>T (p.Gly907Trp)	1285	COL4A3	HGNC:2204	Likely pathogenic	1	Feb 12, 2025	-1	-	RCV005230900
5029712	single nucleotide variant	NM_020366.4(RPGRIP1):c.801-2A>G	57096	RPGRIP1	HGNC:13436	Likely pathogenic	1	Apr 25, 2024	-1	-	RCV006834205
2219826	single nucleotide variant	NM_001348716.2(KDM6B):c.4388G>A (p.Trp1463Ter)	23135	KDM6B	HGNC:29012	Pathogenic	1	Apr 27, 2021	2544534286	-	RCV002702793
2835466	single nucleotide variant	NM_000553.6(WRN):c.1873G>T (p.Glu625Ter)	7486	WRN	HGNC:12791	Pathogenic/Likely pathogenic	1	Mar 23, 2023	1813759748	-	RCV003464879
1343816	single nucleotide variant	NM_000152.5(GAA):c.1075+2T>A	2548	GAA	HGNC:4065	Likely pathogenic	1	Jul 25, 2021	2143853890	-	RCV002046393
106643	single nucleotide variant	NM_144628.4(TBC1D20):c.672G>A (p.Trp224Ter)	128637	TBC1D20	HGNC:16133	Pathogenic	1	Dec 05, 2013	587777160	-	RCV000087141
3872333	single nucleotide variant	NM_000138.5(FBN1):c.6248G>A (p.Cys2083Tyr)	2200	FBN1	HGNC:3603	Pathogenic	1	Mar 16, 2024	-1	-	RCV005212163
962414	single nucleotide variant	NM_000135.4(FANCA):c.1535C>G (p.Ser512Ter)	2175	FANCA	HGNC:3582	Likely pathogenic	1	Feb 10, 2024	2039774778	-	RCV001256573
2014571	single nucleotide variant	NM_024809.5(TCTN2):c.184G>T (p.Glu62Ter)	79867	TCTN2	HGNC:25774	Pathogenic	1	Dec 20, 2023	774994149	-	RCV002700171
3033886	single nucleotide variant	NM_139057.4(ADAMTS17):c.2977C>T (p.Gln993Ter)	170691	ADAMTS17	HGNC:17109	Pathogenic	1	Sep 17, 2023	2547951708	-	RCV003713292
4175820	single nucleotide variant	NM_152564.5(VPS13B):c.7347G>A (p.Trp2449Ter)	157680	VPS13B	HGNC:2183	Pathogenic/Likely pathogenic	1	Feb 26, 2025	-1	-	RCV005608508
481978	single nucleotide variant	NM_005422.4(TECTA):c.3156G>A (p.Trp1052Ter)	7007	TECTA	HGNC:11720	Likely pathogenic	1	Jan 09, 2018	1555125138	-	RCV000578601
2861109	single nucleotide variant	NM_080680.3(COL11A2):c.4758C>G (p.Tyr1586Ter)	1302	COL11A2	HGNC:2187	Pathogenic	1	Nov 15, 2023	1181790213	-	RCV003542894
358561	single nucleotide variant	NM_198129.4(LAMA3):c.8203C>T (p.Arg2735Ter)	3909	LAMA3	HGNC:6483	Pathogenic/Likely pathogenic	1	Jan 25, 2026	774133746	-	RCV000411334|RCV001861361|RCV002248641|RCV002282129
51108	single nucleotide variant	NM_138425.4(C12orf57):c.1A>G (p.Met1Val)	113246	C12orf57	HGNC:29521	Pathogenic/Likely pathogenic	1	Jan 26, 2026	587776954	-	RCV000034852|RCV000162118|RCV000254835
3152693	single nucleotide variant	NM_006302.3(MOGS):c.1421G>A (p.Trp474Ter)	7841	MOGS	HGNC:24862	Pathogenic	1	Aug 17, 2023	548386762	-	RCV003840620
1471007	single nucleotide variant	NM_014846.4(WASHC5):c.2505-1G>C	9897	WASHC5	HGNC:28984	Likely pathogenic	1	Jan 24, 2024	953586472	-	RCV001952450
1706783	single nucleotide variant	NM_006073.4(TRDN):c.508G>T (p.Gly170Ter)	10345	TRDN	HGNC:12261	Pathogenic	1	Sep 27, 2022	1779402696	-	RCV002287856
3396498	single nucleotide variant	NM_000053.4(ATP7B):c.2731-2A>T	540	ATP7B	HGNC:870	Likely pathogenic	1	Jun 05, 2024	367956522	-	RCV004560369
2886134	single nucleotide variant	NM_018297.4(NGLY1):c.1167G>A (p.Trp389Ter)	55768	NGLY1	HGNC:17646	Pathogenic	1	Feb 29, 2024	1705687680	-	RCV003581216
21567	single nucleotide variant	NM_003722.5(TP63):c.728G>A (p.Arg243Gln)	8626	TP63	HGNC:15979	Pathogenic/Likely pathogenic	1	Dec 11, 2025	121908836	-	RCV000006901|RCV000705452|RCV001804714|RCV002250454|RCV006951878
1164578	single nucleotide variant	NM_001372044.2(SHANK3):c.4090C>T (p.Gln1364Ter)	85358	SHANK3	HGNC:14294	Pathogenic	1	Dec 08, 2025	1038102194	-	RCV001529701|RCV005253852
1426241	single nucleotide variant	NM_020458.4(TTC7A):c.1783G>T (p.Glu595Ter)	57217	TTC7A	HGNC:19750	Pathogenic	1	Jul 06, 2022	201481224	-	RCV002035401
75601	single nucleotide variant	NM_005689.4(ABCB6):c.508A>G (p.Ser170Gly)	10058	ABCB6	HGNC:47	Pathogenic	1	Sep 01, 2013	397514757	-	RCV000054817
2804952	single nucleotide variant	NM_021615.5(CHST6):c.631C>T (p.Arg211Trp)	4166	CHST6	HGNC:6938	Pathogenic	1	Oct 25, 2023	202175444	-	RCV003404770
3728377	single nucleotide variant	NM_000045.4(ARG1):c.47C>G (p.Ser16Ter)	383	ARG1	HGNC:663	Likely pathogenic	1	Mar 24, 2024	-1	-	RCV005037849
2877288	single nucleotide variant	NM_170707.4(LMNA):c.356+2T>A	4000	LMNA	HGNC:6636	Pathogenic	1	Dec 27, 2023	2527835305	-	RCV003582339
970353	single nucleotide variant	NM_015395.3(TECPR1):c.2899C>T (p.Arg967Cys)	25851	TECPR1	HGNC:22214	Likely pathogenic	1	-	376512300	-	RCV004704511
2739043	single nucleotide variant	NM_000090.4(COL3A1):c.1663-1G>T	1281	COL3A1	HGNC:2201	Likely pathogenic	1	Jul 21, 2023	749145939	-	RCV003485915|RCV005931069
3401485	single nucleotide variant	NM_014363.6(SACS):c.12992G>A (p.Arg4331Gln)	26278	SACS	HGNC:10519	Likely pathogenic	1	Dec 09, 2025	-1	-	RCV004818506
4966786	single nucleotide variant	NM_001170629.2(CHD8):c.5386C>T (p.Gln1796Ter)	57680	CHD8	HGNC:20153	Likely pathogenic	1	Nov 11, 2025	-1	-	RCV006707133
3512979	single nucleotide variant	NM_020738.4(KIDINS220):c.608C>G (p.Ser203Ter)	57498	KIDINS220	HGNC:29508	Likely pathogenic	1	Mar 22, 2024	-1	-	RCV004743961
3707872	single nucleotide variant	NM_025137.4(SPG11):c.7159C>T (p.Gln2387Ter)	80208	SPG11	HGNC:11226	Likely pathogenic	1	Jan 27, 2024	-1	-	RCV005009596
987400	single nucleotide variant	NM_001035.3(RYR2):c.12424G>A (p.Ala4142Thr)	6262	RYR2	HGNC:10484	Pathogenic/Likely pathogenic	1	Sep 11, 2023	761834154	-	RCV002543200|RCV003325995
980945	single nucleotide variant	NM_000834.5(GRIN2B):c.1287C>A (p.Cys429Ter)	2904	GRIN2B	HGNC:4586	Likely pathogenic	1	May 06, 2020	747172511	-	RCV001283816
2795520	single nucleotide variant	NM_032317.3(DNAJC30):c.610G>T (p.Glu204Ter)	84277	DNAJC30	HGNC:16410	Pathogenic	1	Jan 09, 2024	1267883785	-	RCV004572965
789185	single nucleotide variant	NM_000500.9(CYP21A2):c.559T>G (p.Leu187Val)	1589	CYP21A2	HGNC:2600	Likely pathogenic	1	May 24, 2019	1582305275	-	RCV000984603
5068349	single nucleotide variant	NM_001011.4(RPS7):c.356+2T>C	6201	RPS7	HGNC:10440	Likely pathogenic	1	Nov 03, 2023	-1	-	RCV006926084
3307406	single nucleotide variant	NM_000546.6(TP53):c.560-2A>G	7157	TP53	HGNC:11998	Likely pathogenic	1	Feb 15, 2024	1427441061	-	RCV004440060|RCV005939148|RCV006274457
5001575	single nucleotide variant	NM_000388.4(CASR):c.215A>C (p.Gln72Pro)	846	CASR	HGNC:1514	Likely pathogenic	1	Sep 08, 2026	-1	-	RCV006759328
2752484	single nucleotide variant	NM_022455.5(NSD1):c.5268C>A (p.Tyr1756Ter)	64324	NSD1	HGNC:14234	Likely pathogenic	1	-	2480720376	-	RCV003340822
3853978	single nucleotide variant	NM_000088.4(COL1A1):c.1021G>C (p.Gly341Arg)	1277	COL1A1	HGNC:2197	Pathogenic	1	Jan 24, 2025	-1	-	RCV005201261
4921946	single nucleotide variant	NM_053025.4(MYLK):c.3448+1G>A	4638	MYLK	HGNC:7590	Likely pathogenic	1	Jun 02, 2025	-1	-	RCV006633640
932857	single nucleotide variant	NM_022455.5(NSD1):c.5684G>A (p.Cys1895Tyr)	64324	NSD1	HGNC:14234	Pathogenic	1	Feb 17, 2021	1758796866	-	RCV005094076
19182	single nucleotide variant	NM_022455.5(NSD1):c.3958C>T (p.Arg1320Ter)	64324	NSD1	HGNC:14234	Pathogenic	1	Apr 13, 2026	121908070	-	RCV000487238|RCV003231085|RCV006966944
21759	single nucleotide variant	NM_001701.4(BAAT):c.226A>G (p.Met76Val)	570	BAAT	HGNC:932	Pathogenic	1	May 01, 2003	28937579	-	RCV000007112
2402520	single nucleotide variant	NM_020719.3(PRR12):c.2218G>T (p.Glu740Ter)	57479	PRR12	HGNC:29217	Likely pathogenic	1	Oct 24, 2022	1337693743	-	RCV003123323
983619	single nucleotide variant	NM_181458.4(PAX3):c.671C>T (p.Thr224Ile)	5077	PAX3	HGNC:8617	Pathogenic	1	Jan 01, 2019	1692623308	-	RCV001290146
5038019	single nucleotide variant	NM_201253.3(CRB1):c.2878C>T (p.Gln960Ter)	23418	CRB1	HGNC:2343	Likely pathogenic	1	Jul 01, 2021	-1	-	RCV006860286
3215597	single nucleotide variant	NM_024513.4(FYCO1):c.3270-2A>C	79443	FYCO1	HGNC:14673	Pathogenic	1	Jan 19, 2024	933498193	-	RCV003946784
1426782	single nucleotide variant	NM_001098.3(ACO2):c.526-2A>G	50	ACO2	HGNC:118	Likely pathogenic	1	Aug 31, 2022	2146124353	-	RCV002006935
4965489	single nucleotide variant	NM_000088.4(COL1A1):c.3514G>C (p.Gly1172Arg)	1277	COL1A1	HGNC:2197	Likely pathogenic	1	Jan 29, 2026	-1	-	RCV006704069
5084982	single nucleotide variant	NM_002072.5(GNAQ):c.625C>G (p.Gln209Glu)	2776	GNAQ	HGNC:4390	Likely pathogenic	1	Apr 13, 2026	-1	-	RCV006980197
1472010	single nucleotide variant	NM_001127222.2(CACNA1A):c.5940+1G>A	773	CACNA1A	HGNC:1388	Likely pathogenic	1	Nov 24, 2020	2144535495	-	RCV002000901
1684916	single nucleotide variant	NM_000051.4(ATM):c.1608-2A>G	472	ATM	HGNC:795	Pathogenic/Likely pathogenic	1	Oct 05, 2023	2135338498	-	RCV002257220
2799029	single nucleotide variant	NM_001040142.2(SCN2A):c.656T>C (p.Phe219Ser)	6326	SCN2A	HGNC:10588	Likely pathogenic	1	Mar 07, 2023	2467887062	-	RCV003985604
5000819	single nucleotide variant	NM_000487.6(ARSA):c.380A>G (p.His127Arg)	410	ARSA	HGNC:713	Likely pathogenic	1	Apr 29, 2026	-1	-	RCV006757470
4405690	single nucleotide variant	NM_000875.5(IGF1R):c.1829-2A>G	3480	IGF1R	HGNC:5465	Likely pathogenic	1	Nov 01, 2024	-1	-	RCV005885953
411073	single nucleotide variant	NM_000061.3(BTK):c.894+1G>A	695	BTK	HGNC:1133	Pathogenic/Likely pathogenic	1	Aug 27, 2025	1064793859	-	RCV000480016|RCV002250636|RCV004720259
1471611	single nucleotide variant	NM_000341.4(SLC3A1):c.1094G>T (p.Arg365Leu)	6519	SLC3A1	HGNC:11025	Pathogenic/Likely pathogenic	1	Apr 29, 2026	567478582	-	RCV001956176|RCV006932415
1439091	single nucleotide variant	NM_001114753.3(ENG):c.1241T>G (p.Met414Arg)	2022	ENG	HGNC:3349	Likely pathogenic	1	Nov 05, 2021	1830432509	-	RCV002009785
2419125	single nucleotide variant	NM_207122.2(EXT2):c.2005C>T (p.His669Tyr)	2132	EXT2	HGNC:3513	Likely pathogenic	1	Jan 01, 2022	1955965088	-	RCV003154809
788703	single nucleotide variant	NM_006312.6(NCOR2):c.5909C>A (p.Ser1970Tyr)	9612	NCOR2	HGNC:7673	Likely pathogenic	1	Aug 31, 2019	1593107841	-	RCV000984103
5042828	single nucleotide variant	NM_001142864.4(PIEZO1):c.4208G>A (p.Trp1403Ter)	9780	PIEZO1	HGNC:28993	Likely pathogenic	1	Oct 16, 2024	-1	-	RCV006867581
96845	single nucleotide variant	NM_000535.7(PMS2):c.804-10T>G	5395	PMS2	HGNC:9122	Pathogenic/Likely pathogenic	1	Oct 28, 2025	267608151	-	RCV000589847|RCV000630112|RCV002408601|RCV003452997|RCV005237511
428023	single nucleotide variant	NM_001244008.2(KIF1A):c.919C>G (p.Arg307Gly)	547	KIF1A	HGNC:888	Likely pathogenic	1	Mar 16, 2016	369692236	-	RCV000503727
2837121	single nucleotide variant	NM_005677.4(COLQ):c.1331G>A (p.Cys444Tyr)	8292	COLQ	HGNC:2226	Likely pathogenic	1	Apr 29, 2026	2125077465	-	RCV003468502
2191416	single nucleotide variant	NM_199242.3(UNC13D):c.2704C>T (p.Gln902Ter)	201294	UNC13D	HGNC:23147	Pathogenic	1	Feb 24, 2024	2545977102	-	RCV003052402
1690799	single nucleotide variant	NM_003124.5(SPR):c.1A>C (p.Met1Leu)	6697	SPR	HGNC:11257	Likely pathogenic	1	Sep 30, 2025	758245029	-	RCV002295372|RCV005639404
3180765	single nucleotide variant	NM_213653.4(HJV):c.934C>T (p.Gln312Ter)	148738	HJV	HGNC:4887	Pathogenic	1	Nov 24, 2023	1553769459	-	RCV003870042
36516	single nucleotide variant	NM_000155.4(GALT):c.460T>C (p.Trp154Arg)	2592	GALT	HGNC:4135	Pathogenic/Likely pathogenic	1	Oct 15, 2024	111033702	-	RCV003609717|RCV004723454|RCV006643212
986102	single nucleotide variant	NM_015692.5(CPAMD8):c.1689C>A (p.Tyr563Ter)	27151	CPAMD8	HGNC:23228	Pathogenic	1	Jun 04, 2025	368338696	-	RCV003015459
29098	single nucleotide variant	NM_007103.4(NDUFV1):c.640G>A (p.Glu214Lys)	4723	NDUFV1	HGNC:7716	Pathogenic	1	Mar 01, 2026	121913661	-	RCV000015103|RCV000497761|RCV003234905|RCV006805748
4392793	single nucleotide variant	NM_000064.4(C3):c.1004-2A>T	718	C3	HGNC:1318	Pathogenic	1	Sep 30, 2025	-1	-	RCV005862887
21574	single nucleotide variant	NM_003722.5(TP63):c.1659A>T (p.Leu553Phe)	8626	TP63	HGNC:15979	Pathogenic	1	Sep 01, 2009	121908842	-	RCV000006909
3535755	single nucleotide variant	NM_001100.4(ACTA1):c.355G>C (p.Glu119Gln)	58	ACTA1	HGNC:129	Likely pathogenic	1	May 26, 2020	-1	-	RCV004787203
919349	single nucleotide variant	NM_001042376.3(INS-IGF2):c.155C>T (p.Pro52Leu)	723961	INS-IGF2	HGNC:33527	Pathogenic	1	Jan 10, 2020	145038693	-	RCV001197790
4843922	single nucleotide variant	NM_000206.3(IL2RG):c.595G>T (p.Glu199Ter)	3561	IL2RG	HGNC:6010	Pathogenic	1	Jan 06, 2026	-1	-	RCV006526213
168337	single nucleotide variant	NM_133433.4(NIPBL):c.1183C>T (p.Gln395Ter)	25836	NIPBL	HGNC:28862	Pathogenic	1	Jul 10, 2013	587783882	-	RCV000146516
1502454	single nucleotide variant	NM_001211.6(BUB1B):c.2334C>G (p.Tyr778Ter)	701	BUB1B	HGNC:1149	Pathogenic	1	Oct 05, 2021	2037693105	-	RCV001882210
2862000	single nucleotide variant	NM_001001331.4(ATP2B2):c.2316+1G>T	491	ATP2B2	HGNC:815	Likely pathogenic	1	Jul 31, 2024	2470212537	-	RCV003544756
4174443	single nucleotide variant	NM_005957.5(MTHFR):c.1143G>A (p.Trp381Ter)	4524	MTHFR	HGNC:7436	Likely pathogenic	1	Mar 26, 2025	-1	-	RCV005605262
360874	single nucleotide variant	NM_001374828.1(ARID1B):c.1861C>T (p.Gln621Ter)	57492	ARID1B	HGNC:18040	Pathogenic	1	Jan 25, 2024	1057518951	-	RCV000414997|RCV001196338|RCV002524668|RCV003313067
1226154	single nucleotide variant	NM_176806.4(MOCS2):c.33T>G (p.Tyr11Ter)	4338	MOCS2	HGNC:7193	Pathogenic	1	Apr 29, 2026	748049681	-	RCV001619770|RCV005094855|RCV004690120
2804729	single nucleotide variant	NM_001750.7(CAST):c.1495C>T (p.Gln499Ter)	831	CAST	HGNC:1515	Likely pathogenic	1	Aug 23, 2022	1399161903	-	RCV003402962
981871	single nucleotide variant	NM_001355436.2(SPTB):c.3391C>T (p.Gln1131Ter)	6710	SPTB	HGNC:11274	Pathogenic/Likely pathogenic	1	Nov 12, 2024	2082573854	-	RCV001812371|RCV004727075
3401171	single nucleotide variant	NM_001162501.2(TNRC6B):c.777G>A (p.Trp259Ter)	23112	TNRC6B	HGNC:29190	Likely pathogenic	1	-	2517984979	-	RCV004577288
2904687	single nucleotide variant	NM_001182.5(ALDH7A1):c.1553G>C (p.Arg518Thr)	501	ALDH7A1	HGNC:877	Pathogenic/Likely pathogenic	1	Apr 19, 2024	749231711	-	RCV003518748
1254252	single nucleotide variant	NM_014780.5(CUL7):c.2064-1G>A	9820	CUL7	HGNC:21024	Pathogenic	1	Sep 17, 2021	2150328634	-	RCV001667871
3499740	single nucleotide variant	NM_000275.3(OCA2):c.2244+1G>C	4948	OCA2	HGNC:8101	Likely pathogenic	1	Aug 14, 2024	-1	-	RCV004720556
1065171	single nucleotide variant	NM_003611.3(OFD1):c.111+2T>G	8481	OFD1	HGNC:2567	Pathogenic	1	Mar 18, 2020	312262809	-	RCV001380141
98731	single nucleotide variant	NM_000314.8(PTEN):c.44G>T (p.Arg15Ile)	5728	PTEN	HGNC:9588	Likely pathogenic	1	Jul 29, 2025	398123324	-	RCV006254885|RCV006553613|RCV006811754
940628	single nucleotide variant	NM_000143.4(FH):c.1108+1G>A	2271	FH	HGNC:3700	Pathogenic	1	Apr 11, 2025	1057517734	-	RCV002561872|RCV005252118
2946964	single nucleotide variant	NM_001351132.2(PEX5):c.670G>T (p.Glu224Ter)	5830	PEX5	HGNC:9719	Pathogenic/Likely pathogenic	1	Dec 29, 2025	767347186	-	RCV003603204|RCV006747193
4996003	single nucleotide variant	NM_015378.4(VPS13D):c.10087C>T (p.Arg3363Ter)	55187	VPS13D	HGNC:23595	Likely pathogenic	1	Sep 23, 2025	-1	-	RCV006751872
5016449	single nucleotide variant	NM_005105.5(RBM8A):c.424C>T (p.Gln142Ter)	9939	RBM8A	HGNC:9905	Likely pathogenic	1	Sep 11, 2024	-1	-	RCV006804999
19271	single nucleotide variant	NM_024301.5(FKRP):c.899T>C (p.Val300Ala)	79147	FKRP	HGNC:17997	Pathogenic/Likely pathogenic	1	Nov 19, 2025	104894691	-	RCV000004453|RCV000732974|RCV001813735|RCV000814162|RCV003155013|RCV005003334|RCV002371759|RCV003466810
186615	single nucleotide variant	NM_000478.6(ALPL):c.215T>C (p.Ile72Thr)	249	ALPL	HGNC:438	Pathogenic/Likely pathogenic	1	Jan 14, 2026	781264043	-	RCV000169295|RCV001204937|RCV003474904|RCV004552944|RCV005008090|RCV005645030
3102476	single nucleotide variant	NM_015631.6(TCTN3):c.853-2A>G	26123	TCTN3	HGNC:24519	Likely pathogenic	1	Oct 24, 2024	1174698466	-	RCV003798618
360664	single nucleotide variant	NM_001271696.3(ABCB7):c.1235T>C (p.Met412Thr)	22	ABCB7	HGNC:48	Likely pathogenic	1	Feb 23, 2023	1057518042	-	RCV000412721|RCV000578445
2056549	single nucleotide variant	NM_004698.4(PRPF3):c.1426+1G>A	9129	PRPF3	HGNC:17348	Pathogenic	1	Jan 24, 2024	2525216689	-	RCV002819454
1435388	single nucleotide variant	NM_024652.6(LRRK1):c.1150G>T (p.Glu384Ter)	79705	LRRK1	HGNC:18608	Pathogenic	1	Dec 23, 2020	2141693825	-	RCV001946453
2032416	single nucleotide variant	NM_013382.7(POMT2):c.1130T>A (p.Leu377Ter)	29954	POMT2	HGNC:19743	Pathogenic	1	Nov 28, 2022	2503227296	-	RCV002717359
3056563	single nucleotide variant	NM_001377.3(DYNC2H1):c.1678C>T (p.Arg560Ter)	79659	DYNC2H1	HGNC:2962	Pathogenic	1	Oct 14, 2024	925675970	-	RCV003748834
640138	single nucleotide variant	NM_005055.5(RAPSN):c.997G>T (p.Glu333Ter)	5913	RAPSN	HGNC:9863	Pathogenic	1	Jun 15, 2025	201947904	-	RCV000822748|RCV001830818|RCV003461280|RCV005049713
1874582	single nucleotide variant	NM_004004.6(GJB2):c.456C>G (p.Tyr152Ter)	2706	GJB2	HGNC:4284	Pathogenic/Likely pathogenic	1	Aug 26, 2024	111033420	-	RCV003062562|RCV004796760
801739	single nucleotide variant	NM_020533.3(MCOLN1):c.680+1G>A	57192	MCOLN1	HGNC:13356	Pathogenic/Likely pathogenic	1	Nov 06, 2025	1599254152	-	RCV001004612
1201379	single nucleotide variant	NM_001089.3(ABCA3):c.3863-98C>T	21	ABCA3	HGNC:33	Pathogenic	1	Apr 29, 2026	189077405	-	RCV001583191|RCV002246441|RCV003405727|RCV006392048
32948	single nucleotide variant	NM_000039.3(APOA1):c.589C>T (p.Arg197Cys)	335	APOA1	HGNC:600	Pathogenic	1	Nov 05, 2003	28931573	-	RCV000019498
4832802	single nucleotide variant	NM_017866.6(TMEM70):c.316+1G>C	54968	TMEM70	HGNC:26050	Pathogenic	1	Apr 23, 2025	-1	-	RCV006507124
623451	single nucleotide variant	NM_000458.4(HNF1B):c.884G>C (p.Arg295Pro)	6928	HNF1B	HGNC:11630	Likely pathogenic	1	Nov 05, 2025	886043813	-	RCV000991307|RCV003156290
474115	single nucleotide variant	NM_000038.6(APC):c.7271C>G (p.Ser2424Ter)	324	APC	HGNC:583	Pathogenic	1	Feb 11, 2024	1554088206	-	RCV000570138|RCV003335503
3866218	single nucleotide variant	NM_001267550.2(TTN):c.9471+1G>T	7273	TTN	HGNC:12403	Likely pathogenic	1	May 21, 2024	-1	-	RCV005215559
3442522	single nucleotide variant	NM_001190274.2(FBXO11):c.2105A>T (p.Asn702Ile)	80204	FBXO11	HGNC:13590	Likely pathogenic	1	Jul 29, 2024	-1	-	RCV004618223
835728	single nucleotide variant	NM_000368.5(TSC1):c.125T>A (p.Val42Glu)	7248	TSC1	HGNC:12362	Likely pathogenic	1	Jan 29, 2019	1846926218	-	RCV001043370
2902519	single nucleotide variant	NM_001378454.1(ALMS1):c.46G>T (p.Glu16Ter)	7840	ALMS1	HGNC:428	Pathogenic	1	Nov 21, 2023	1174023229	-	RCV003502112
246028	single nucleotide variant	NM_000527.5(LDLR):c.1186+1G>A	3949	LDLR	HGNC:6547	Pathogenic/Likely pathogenic	1	Jul 20, 2026	730880131	-	RCV000237186
2028856	single nucleotide variant	NM_032930.3(CFAP300):c.613C>T (p.Arg205Ter)	85016	CFAP300	HGNC:28188	Pathogenic	1	Oct 12, 2022	140641107	-	RCV002730388
3737040	single nucleotide variant	NM_001939.3(DRP2):c.2065C>T (p.Arg689Ter)	1821	DRP2	HGNC:3032	Pathogenic	1	May 05, 2025	-1	-	RCV005064520
19303	single nucleotide variant	NM_000784.4(CYP27A1):c.434G>A (p.Gly145Glu)	1593	CYP27A1	HGNC:2605	Pathogenic	1	Aug 01, 2013	72551313	-	RCV000004485
2892298	single nucleotide variant	NM_001377.3(DYNC2H1):c.7903G>T (p.Glu2635Ter)	79659	DYNC2H1	HGNC:2962	Pathogenic/Likely pathogenic	1	Nov 12, 2025	1862623916	-	RCV003587168|RCV005051330
4192443	single nucleotide variant	NM_001160372.4(TRAPPC9):c.1981+1G>A	83696	TRAPPC9	HGNC:30832	Likely pathogenic	1	May 23, 2025	-1	-	RCV005631676
1677612	single nucleotide variant	NM_000719.7(CACNA1C):c.595G>A (p.Asp199Asn)	775	CACNA1C	HGNC:1390	Pathogenic	1	May 04, 2022	2154562881	-	RCV004990751
610191	single nucleotide variant	NM_033380.3(COL4A5):c.3257G>T (p.Gly1086Val)	1287	COL4A5	HGNC:2207	Likely pathogenic	1	Sep 12, 2017	104886232	-	RCV000757119
28851	single nucleotide variant	NM_030753.5(WNT3):c.247C>T (p.Gln83Ter)	7473	WNT3	HGNC:12782	Pathogenic	1	Mar 01, 2004	104894653	-	RCV000014823
210772	single nucleotide variant	NM_001079866.2(BCS1L):c.325C>T (p.Arg109Trp)	617	BCS1L	HGNC:1020	Pathogenic/Likely pathogenic	1	Oct 20, 2025	141257714	-	RCV000199842|RCV003226245|RCV005025315|RCV003474949|RCV006699236
975661	single nucleotide variant	NM_203475.3(PORCN):c.1094G>A (p.Arg365Gln)	64840	PORCN	HGNC:17652	Pathogenic	1	Oct 11, 2024	2061714949	-	RCV000022872|RCV003325557
3883515	single nucleotide variant	NM_032119.4(ADGRV1):c.16357A>T (p.Lys5453Ter)	84059	ADGRV1	HGNC:17416	Likely pathogenic	1	Feb 05, 2025	-1	-	RCV005235876
79268	single nucleotide variant	NM_000397.4(CYBB):c.1223G>A (p.Gly408Glu)	1536	CYBB	HGNC:2578	Pathogenic	1	Feb 04, 2026	151344474	-	RCV000059236|RCV006905161
1463685	single nucleotide variant	NM_199242.3(UNC13D):c.817C>T (p.Arg273Ter)	201294	UNC13D	HGNC:23147	Pathogenic	1	Sep 09, 2025	201589664	-	RCV001911512|RCV006884266
3776728	single nucleotide variant	NM_001134831.2(AHI1):c.643C>T (p.Gln215Ter)	54806	AHI1	HGNC:21575	Pathogenic	1	Mar 16, 2024	-1	-	RCV005119584
822316	single nucleotide variant	NM_002340.6(LSS):c.2114C>A (p.Thr705Lys)	4047	LSS	HGNC:6708	Pathogenic	1	Feb 10, 2022	746562872	-	RCV001034700
4194878	single nucleotide variant	NM_030954.4(RNF170):c.190C>T (p.Arg64Ter)	81790	RNF170	HGNC:25358	Pathogenic	1	Sep 10, 2025	-1	-	RCV005638339
827779	single nucleotide variant	NM_003722.5(TP63):c.1061C>A (p.Ala354Glu)	8626	TP63	HGNC:15979	Likely pathogenic	1	Feb 14, 2024	1718026198	-	RCV001049615|RCV002290573
3703389	single nucleotide variant	NM_000238.4(KCNH2):c.2980G>A (p.Val994Met)	3757	KCNH2	HGNC:6251	Likely pathogenic	1	Jan 08, 2025	-1	-	RCV005000618
2877724	single nucleotide variant	NM_021628.3(ALOXE3):c.1181G>A (p.Trp394Ter)	59344	ALOXE3	HGNC:13743	Pathogenic	1	Jan 05, 2024	1021065870	-	RCV003544996
3001154	single nucleotide variant	NM_001384732.1(CPLANE1):c.4312G>T (p.Glu1438Ter)	65250	CPLANE1	HGNC:25801	Pathogenic/Likely pathogenic	1	Jul 24, 2024	2547854950	-	RCV003686646|RCV006965183
609998	single nucleotide variant	NM_001009944.3(PKD1):c.4177C>T (p.Gln1393Ter)	5310	PKD1	HGNC:9008	Pathogenic	1	Feb 11, 2022	1567201083	-	RCV000757625|RCV002477741|RCV003938142
2803391	single nucleotide variant	NM_031407.7(HUWE1):c.6652A>G (p.Lys2218Glu)	10075	HUWE1	HGNC:30892	Likely pathogenic	1	Sep 06, 2023	2524422337	-	RCV004527997
856269	single nucleotide variant	NM_016247.4(IMPG2):c.411G>A (p.Trp137Ter)	50939	IMPG2	HGNC:18362	Pathogenic/Likely pathogenic	1	Dec 02, 2024	764109533	-	RCV001376406|RCV001862553|RCV006764498
2835008	single nucleotide variant	NM_138694.4(PKHD1):c.11666-2A>G	5314	PKHD1	HGNC:9016	Likely pathogenic	1	May 11, 2024	1767343654	-	RCV003463288
98237	single nucleotide variant	NM_000033.4(ABCD1):c.406C>T (p.Gln136Ter)	215	ABCD1	HGNC:61	Pathogenic	1	Dec 03, 2024	398123111	-	RCV000077964|RCV002515752
1858753	single nucleotide variant	NM_032043.3(BRIP1):c.2095A>T (p.Lys699Ter)	83990	BRIP1	HGNC:20473	Pathogenic	1	Jul 01, 2021	1555601002	-	RCV003164588
5000509	single nucleotide variant	NM_000359.3(TGM1):c.750G>A (p.Trp250Ter)	7051	TGM1	HGNC:11777	Likely pathogenic	1	Apr 29, 2026	-1	-	RCV006757158
1941476	single nucleotide variant	NM_006005.3(WFS1):c.643C>T (p.Gln215Ter)	7466	WFS1	HGNC:12762	Pathogenic/Likely pathogenic	1	Feb 27, 2024	71530928	-	RCV003112160|RCV005036665
2844988	single nucleotide variant	NM_000092.5(COL4A4):c.755G>C (p.Gly252Ala)	1286	COL4A4	HGNC:2206	Likely pathogenic	1	Jul 27, 2023	760795817	-	RCV003484553
3074531	single nucleotide variant	NM_019109.5(ALG1):c.543C>G (p.Tyr181Ter)	56052	ALG1	HGNC:18294	Pathogenic	1	Sep 15, 2023	375670899	-	RCV003612445
2885398	single nucleotide variant	NM_000262.3(NAGA):c.665G>A (p.Trp222Ter)	4668	NAGA	HGNC:7631	Pathogenic	1	Jun 23, 2023	1926691614	-	RCV003518483
260847	single nucleotide variant	NM_019023.5(PRMT7):c.1056-1G>T	54496	PRMT7	HGNC:25557	Pathogenic/Likely pathogenic	1	Jan 08, 2026	201824659	-	RCV000256436|RCV001264712|RCV001551441|RCV004754369
615707	single nucleotide variant	NM_000132.4(F8):c.1020A>C (p.Glu340Asp)	2157	F8	HGNC:3546	Pathogenic	1	Feb 01, 2019	1603435286	-	RCV000851962
1517411	single nucleotide variant	NM_000352.6(ABCC8):c.4264T>A (p.Ser1422Thr)	6833	ABCC8	HGNC:59	Likely pathogenic	1	-	2133401009	-	RCV002052026
5080129	single nucleotide variant	NM_022455.5(NSD1):c.5543T>G (p.Leu1848Ter)	64324	NSD1	HGNC:14234	Pathogenic	1	Oct 10, 2018	-1	-	RCV006966907
201498	single nucleotide variant	NM_001165963.4(SCN1A):c.4285G>A (p.Ala1429Thr)	6323	SCN1A	HGNC:10585	Pathogenic	1	Mar 27, 2023	796053008	-	RCV000188945|RCV006555609
3399975	single nucleotide variant	NM_000070.3(CAPN3):c.2381-2A>C	825	CAPN3	HGNC:1480	Likely pathogenic	1	Mar 01, 2024	863224962	-	RCV004575479
969795	single nucleotide variant	NM_003482.4(KMT2D):c.15730A>T (p.Lys5244Ter)	8085	KMT2D	HGNC:7133	Pathogenic	1	Jan 30, 2014	1942579666	-	RCV001261211
1166670	single nucleotide variant	NM_003072.5(SMARCA4):c.1646G>T (p.Arg549Leu)	6597	SMARCA4	HGNC:11100	Likely pathogenic	1	Jun 10, 2021	2145970607	-	RCV001533107|RCV003444023
851005	single nucleotide variant	NM_000350.3(ABCA4):c.6283-1G>C	24	ABCA4	HGNC:34	Pathogenic	1	Aug 06, 2024	1410550128	-	RCV001049948
414393	single nucleotide variant	NM_000020.3(ACVRL1):c.955G>C (p.Gly319Arg)	94	ACVRL1	HGNC:175	Pathogenic	1	Feb 29, 2020	1085307414	-	RCV000488697|RCV000640435|RCV000756962
28849	single nucleotide variant	NM_005188.4(CBL):c.1259G>A (p.Arg420Gln)	867	CBL	HGNC:1541	Pathogenic/Likely pathogenic	1	Apr 29, 2026	267606708	-	RCV000414703|RCV000816470|RCV001257538|RCV001705593|RCV003447475|RCV004558248
407232	single nucleotide variant	NM_000535.7(PMS2):c.163+1G>A	5395	PMS2	HGNC:9122	Pathogenic/Likely pathogenic	1	Jul 14, 2025	1064795705	-	RCV000481277|RCV000569035|RCV003449226|RCV004806364|RCV005090959
2417859	single nucleotide variant	NM_000092.5(COL4A4):c.2383+1G>T	1286	COL4A4	HGNC:2206	Likely pathogenic	1	Feb 23, 2023	2474215752	-	RCV003152924
3706444	single nucleotide variant	NM_000091.5(COL4A3):c.821G>A (p.Gly274Glu)	1285	COL4A3	HGNC:2204	Likely pathogenic	1	Apr 03, 2024	-1	-	RCV005024224
832560	single nucleotide variant	NM_001122769.3(LCA5):c.1458C>A (p.Tyr486Ter)	167691	LCA5	HGNC:31923	Pathogenic	1	Aug 17, 2023	1769707423	-	RCV001061177
197787	single nucleotide variant	NM_000138.5(FBN1):c.1726T>G (p.Cys576Gly)	2200	FBN1	HGNC:3603	Pathogenic	1	Aug 30, 2023	794728174	-	RCV000181440|RCV001379067
2950525	single nucleotide variant	NM_002693.3(POLG):c.1356T>A (p.Tyr452Ter)	5428	POLG	HGNC:9179	Pathogenic	1	Mar 10, 2023	3176179	-	RCV003627593
1494262	single nucleotide variant	NM_000318.3(PEX2):c.10A>T (p.Arg4Ter)	5828	PEX2	HGNC:9717	Pathogenic	1	Dec 03, 2021	1297517393	-	RCV001962432
2925303	single nucleotide variant	NM_000198.4(HSD3B2):c.424G>T (p.Glu142Ter)	3284	HSD3B2	HGNC:5218	Pathogenic/Likely pathogenic	1	Jun 21, 2024	80358219	-	RCV003567669|RCV005013056
4967161	single nucleotide variant	NM_016529.6(ATP8A2):c.1762C>T (p.Arg588Trp)	51761	ATP8A2	HGNC:13533	Likely pathogenic	1	Dec 08, 2025	-1	-	RCV006704264
547273	single nucleotide variant	NM_014363.6(SACS):c.604+1G>A	26278	SACS	HGNC:10519	Likely pathogenic	1	Feb 02, 2023	1555254734	-	RCV000666450|RCV003750811
550283	single nucleotide variant	NM_001009999.3(KDM1A):c.1003G>T (p.Gly335Ter)	23028	KDM1A	HGNC:29079	Likely pathogenic	1	Jun 21, 2018	1553129293	-	RCV000677284
1871312	single nucleotide variant	NM_000138.5(FBN1):c.2368T>G (p.Cys790Gly)	2200	FBN1	HGNC:3603	Pathogenic/Likely pathogenic	1	Oct 26, 2022	1555399270	-	RCV003064274|RCV006858827
177111	single nucleotide variant	NM_012434.5(SLC17A5):c.43G>T (p.Glu15Ter)	26503	SLC17A5	HGNC:10933	Pathogenic/Likely pathogenic	1	Jan 11, 2026	727504157	-	RCV000153957|RCV001264451|RCV005042300
679771	single nucleotide variant	NM_020975.6(RET):c.860G>T (p.Arg287Leu)	5979	RET	HGNC:9967	Likely pathogenic	1	Jan 25, 2019	1564491460	-	RCV000853370
682924	single nucleotide variant	NM_004380.3(CREBBP):c.1108C>T (p.Arg370Ter)	1387	CREBBP	HGNC:2348	Pathogenic	1	Apr 24, 2024	1384496494	-	RCV000856851|RCV001526626|RCV005092540
514816	single nucleotide variant	NM_018486.3(HDAC8):c.951C>A (p.Tyr317Ter)	55869	HDAC8	HGNC:13315	Pathogenic	1	Apr 23, 2018	1555991936	-	RCV000627355
798569	single nucleotide variant	NM_182961.4(SYNE1):c.12247C>T (p.Gln4083Ter)	23345	SYNE1	HGNC:17089	Pathogenic	1	Apr 24, 2018	1590463470	-	RCV000995658
1170824	single nucleotide variant	NM_001165963.4(SCN1A):c.514A>T (p.Lys172Ter)	6323	SCN1A	HGNC:10585	Pathogenic	1	Jul 18, 2019	1553551463	-	RCV001538877
3891324	single nucleotide variant	NM_024665.7(TBL1XR1):c.1277T>G (p.Leu426Ter)	79718	TBL1XR1	HGNC:29529	Likely pathogenic	1	Aug 25, 2023	-1	-	RCV005252166
840993	single nucleotide variant	NM_000053.4(ATP7B):c.2223T>A (p.Tyr741Ter)	540	ATP7B	HGNC:870	Pathogenic	1	Jan 05, 2026	1958499640	-	RCV001067645
259773	single nucleotide variant	NM_000094.4(COL7A1):c.5300G>A (p.Gly1767Glu)	1294	COL7A1	HGNC:2214	Pathogenic	1	Oct 23, 2023	886039720	-	RCV000255538
5074285	single nucleotide variant	NM_000335.5(SCN5A):c.5665G>T (p.Glu1889Ter)	6331	SCN5A	HGNC:10593	Likely pathogenic	1	Aug 17, 2018	-1	-	RCV006950461
93122	single nucleotide variant	NM_004187.5(KDM5C):c.56C>G (p.Pro19Arg)	-1	KDM5C;LOC130068308	-	Likely pathogenic	1	Mar 30, 2022	267606482	-	RCV006922126
426861	single nucleotide variant	NM_001171.6(ABCC6):c.3668G>A (p.Trp1223Ter)	368	ABCC6	HGNC:57	Pathogenic	1	Dec 27, 2022	72653745	-	RCV000499144|RCV003558409
2750537	single nucleotide variant	NM_001127222.2(CACNA1A):c.4188G>C (p.Gln1396His)	773	CACNA1A	HGNC:1388	Likely pathogenic	1	Sep 01, 2023	1402642604	-	RCV003334210
4819995	single nucleotide variant	NM_000642.3(AGL):c.2681+1G>C	178	AGL	HGNC:321	Pathogenic	1	May 22, 2025	-1	-	RCV006493559
4899399	single nucleotide variant	NM_001267550.2(TTN):c.92373T>A (p.Tyr30791Ter)	7273	TTN	HGNC:12403	Likely pathogenic	1	Jun 30, 2025	-1	-	RCV006594502|RCV006940383
1925284	single nucleotide variant	NM_022436.3(ABCG5):c.1311C>G (p.Asn437Lys)	64240	ABCG5	HGNC:13886	Pathogenic	1	May 16, 2025	575266356	-	RCV002634369
4998828	single nucleotide variant	NM_000127.3(EXT1):c.1723-1G>C	2131	EXT1	HGNC:3512	Pathogenic	1	Mar 03, 2026	-1	-	RCV006755535|RCV006797636
384494	single nucleotide variant	NM_001009944.3(PKD1):c.9568G>T (p.Gly3190Trp)	5310	PKD1	HGNC:9008	Likely pathogenic	1	-	1060499704	-	RCV000449602
1514989	single nucleotide variant	NM_001287.6(CLCN7):c.141+1G>T	1186	CLCN7	HGNC:2025	Likely pathogenic	1	Feb 05, 2022	1191141117	-	RCV002001644
445279	single nucleotide variant	NM_130839.5(UBE3A):c.67C>T (p.Arg23Ter)	7337	UBE3A	HGNC:12496	Pathogenic	1	Sep 21, 2025	1490279918	-	RCV000523070|RCV002248757
5022140	single nucleotide variant	NM_002905.5(RDH5):c.733+1G>A	-1	BLOC1S1-RDH5;CD63;RDH5	-	Likely pathogenic	1	Aug 16, 2024	-1	-	RCV006841054
405693	single nucleotide variant	NM_022552.5(DNMT3A):c.1015-2A>G	1788	DNMT3A	HGNC:2978	Likely pathogenic	1	Mar 27, 2017	920946076	-	RCV000481026
3888210	single nucleotide variant	NM_000336.3(SCNN1B):c.831G>A (p.Trp277Ter)	6338	SCNN1B	HGNC:10600	Pathogenic	1	Dec 01, 2024	-1	-	RCV005242896
237610	single nucleotide variant	NM_005422.4(TECTA):c.5597C>T (p.Thr1866Met)	7007	TECTA	HGNC:11720	Pathogenic/Likely pathogenic	1	Oct 17, 2025	140236996	-	RCV000225064|RCV000622759|RCV000479439|RCV000826186|RCV004584374|RCV006270231|RCV006824106
1320301	single nucleotide variant	NM_002016.2(FLG):c.5134C>T (p.Arg1712Ter)	2312	FLG	HGNC:3748	Pathogenic/Likely pathogenic	1	May 06, 2025	188394023	-	RCV001799925|RCV005400519
1384313	single nucleotide variant	NM_001287.6(CLCN7):c.2284C>T (p.Arg762Trp)	1186	CLCN7	HGNC:2025	Pathogenic/Likely pathogenic	1	Dec 14, 2025	1490598538	-	RCV001987502|RCV004816803|RCV006869621
57257	single nucleotide variant	NM_170707.4(LMNA):c.949G>A (p.Glu317Lys)	4000	LMNA	HGNC:6636	Pathogenic/Likely pathogenic	1	Dec 09, 2025	56816490	-	RCV000041379|RCV000057489|RCV000560270|RCV000769726|RCV001000784|RCV001251293|RCV001775075|RCV002371856|RCV004541210|RCV006697097
1361183	single nucleotide variant	NM_000051.4(ATM):c.3448A>T (p.Arg1150Ter)	472	ATM	HGNC:795	Pathogenic	1	Jan 22, 2024	786201209	-	RCV001905709|RCV004041380
263944	single nucleotide variant	NM_005267.5(GJA8):c.139G>C (p.Asp47His)	2703	GJA8	HGNC:4281	Pathogenic/Likely pathogenic	1	Jan 21, 2023	121434643	-	RCV000393827|RCV004591110
2801374	single nucleotide variant	NM_020632.3(ATP6V0A4):c.2227C>T (p.Arg743Trp)	50617	ATP6V0A4	HGNC:866	Likely pathogenic	1	Apr 29, 2026	770052600	-	RCV003397616|RCV004796805
3963837	single nucleotide variant	NM_177438.3(DICER1):c.1752+301T>G	23405	DICER1	HGNC:17098	Likely pathogenic	1	Jan 21, 2025	-1	-	RCV005331323
3395277	single nucleotide variant	NM_001267550.2(TTN):c.45896-2A>C	7273	TTN	HGNC:12403	Pathogenic	1	Dec 18, 2023	869025548	-	RCV004555419
1313403	single nucleotide variant	NM_001567.4(INPPL1):c.306C>G (p.Tyr102Ter)	3636	INPPL1	HGNC:6080	Pathogenic	1	Dec 16, 2019	779291537	-	RCV001783481
5045570	single nucleotide variant	NM_001100.4(ACTA1):c.142G>T (p.Gly48Cys)	58	ACTA1	HGNC:129	Likely pathogenic	1	Jan 04, 2019	-1	-	RCV006900702
175506	single nucleotide variant	NM_000257.4(MYH7):c.799C>G (p.Leu267Val)	4625	MYH7	HGNC:7577	Likely pathogenic	1	Sep 21, 2015	727504409	-	RCV000154595
35878	single nucleotide variant	NM_033380.3(COL4A5):c.2555G>A (p.Gly852Glu)	1287	COL4A5	HGNC:2207	Pathogenic	1	Jun 12, 2025	104886187	-	RCV003560288
3525831	single nucleotide variant	NM_201525.4(ADGRG1):c.1046G>C (p.Trp349Ser)	9289	ADGRG1	HGNC:4512	Likely pathogenic	1	Aug 23, 2024	-1	-	RCV004766741
980907	single nucleotide variant	NM_001371986.1(UNC80):c.409C>T (p.Arg137Ter)	285175	UNC80	HGNC:26582	Pathogenic	1	May 02, 2024	1289499829	-	RCV001283842|RCV001871648|RCV005626383
3062440	single nucleotide variant	NM_001918.5(DBT):c.1238T>C (p.Ile413Thr)	1629	DBT	HGNC:2698	Likely pathogenic	1	Oct 05, 2023	2524106384	-	RCV003636763
1437663	single nucleotide variant	NM_198129.4(LAMA3):c.8755A>T (p.Lys2919Ter)	3909	LAMA3	HGNC:6483	Pathogenic	1	Jun 20, 2023	2145417826	-	RCV001876908|RCV003322898
1334264	single nucleotide variant	NM_001040142.2(SCN2A):c.5640A>C (p.Glu1880Asp)	6326	SCN2A	HGNC:10588	Pathogenic	1	Feb 16, 2022	2105403544	-	RCV001847363
79337	single nucleotide variant	NM_001256447.2(BCAP31):c.97C>T (p.Gln33Ter)	10134	BCAP31	HGNC:16695	Pathogenic	1	Sep 05, 2013	397515620	-	RCV000059316|RCV005890407
432330	single nucleotide variant	NM_015272.5(RPGRIP1L):c.118C>T (p.Gln40Ter)	23322	RPGRIP1L	HGNC:29168	Pathogenic	1	Apr 20, 2017	1555616593	-	RCV000505609
3072926	single nucleotide variant	NM_015629.4(PRPF31):c.1074-1G>T	26121	PRPF31	HGNC:15446	Pathogenic	1	Jan 15, 2025	1343138103	-	RCV003734685
19467	single nucleotide variant	NM_001195248.2(APTX):c.788T>G (p.Val263Gly)	54840	APTX	HGNC:15984	Pathogenic	1	Oct 01, 2001	121908132	-	RCV000004678
4189810	single nucleotide variant	NM_016180.5(SLC45A2):c.181C>T (p.Leu61Phe)	51151	SLC45A2	HGNC:16472	Likely pathogenic	1	Jan 01, 2025	-1	-	RCV006275931
2127012	single nucleotide variant	NM_000228.3(LAMB3):c.1449C>A (p.Cys483Ter)	3914	LAMB3	HGNC:6490	Pathogenic	1	Sep 28, 2023	781012508	-	RCV002967490
4907807	single nucleotide variant	NM_004044.7(ATIC):c.371T>C (p.Ile124Thr)	471	ATIC	HGNC:794	Likely pathogenic	1	-	-1	-	RCV006606090
103016	single nucleotide variant	NM_000531.6(OTC):c.163T>G (p.Tyr55Asp)	5009	OTC	HGNC:8512	Pathogenic	1	-	72554319	-	RCV000083353
578144	single nucleotide variant	NM_033380.3(COL4A5):c.1948G>A (p.Gly650Ser)	1287	COL4A5	HGNC:2207	Pathogenic/Likely pathogenic	1	Jun 12, 2025	1569494393	-	RCV001384769|RCV005870817
3536341	single nucleotide variant	NM_000193.4(SHH):c.1093G>A (p.Ala365Thr)	6469	SHH	HGNC:10848	Likely pathogenic	1	Oct 08, 2024	-1	-	RCV004789748
1678641	single nucleotide variant	NM_014319.5(LEMD3):c.1994A>G (p.Gln665Arg)	23592	LEMD3	HGNC:28887	Likely pathogenic	1	-	2136354664	-	RCV002247149
1379922	single nucleotide variant	NM_001164508.2(NEB):c.4740C>A (p.Tyr1580Ter)	4703	NEB	HGNC:7720	Pathogenic	1	Dec 26, 2020	766168868	-	RCV001950769
2879796	single nucleotide variant	NM_005199.5(CHRNG):c.351-1G>A	1146	CHRNG	HGNC:1967	Likely pathogenic	1	Jan 04, 2024	761413806	-	RCV003546114
3086438	single nucleotide variant	NM_000138.5(FBN1):c.3928G>A (p.Gly1310Ser)	2200	FBN1	HGNC:3603	Pathogenic	1	Jan 19, 2023	2043466325	-	RCV003783652
3052986	single nucleotide variant	NM_001113378.2(FANCI):c.2191C>T (p.Gln731Ter)	55215	FANCI	HGNC:25568	Pathogenic	1	Jan 08, 2024	1286353775	-	RCV003635778
1392359	single nucleotide variant	NM_001003800.2(BICD2):c.567C>G (p.Ile189Met)	23299	BICD2	HGNC:17208	Likely pathogenic	1	Mar 10, 2023	2131504104	-	RCV001883381
795107	single nucleotide variant	NM_001348768.2(HECW2):c.3571C>T (p.Arg1191Trp)	57520	HECW2	HGNC:29853	Likely pathogenic	1	Sep 10, 2025	1575279293	-	RCV000997636|RCV005860170
2898713	single nucleotide variant	NM_000260.4(MYO7A):c.1690G>A (p.Gly564Ser)	4647	MYO7A	HGNC:7606	Likely pathogenic	1	Mar 22, 2023	2496887510	-	RCV003557636
19492	single nucleotide variant	NC_000017.11:g.3636418G>T	1497	CTNS	HGNC:2518	Pathogenic	1	Oct 01, 2001	887657778	-	RCV000004706
3496781	single nucleotide variant	NM_001190.4(BCAT2):c.545T>G (p.Val182Gly)	587	BCAT2	HGNC:977	Pathogenic	1	Aug 26, 2024	-1	-	RCV004698601
1161578	single nucleotide variant	NM_005094.4(SLC27A4):c.988-19A>G	10999	SLC27A4	HGNC:10998	Pathogenic	1	Jun 15, 2021	2131265398	-	RCV001523897
2838812	single nucleotide variant	NM_000071.3(CBS):c.1259C>A (p.Ser420Ter)	875	CBS	HGNC:1550	Likely pathogenic	1	Jun 11, 2023	2517399972	-	RCV003460345
5044526	single nucleotide variant	NM_005257.6(GATA6):c.1202G>A (p.Trp401Ter)	2627	GATA6	HGNC:4174	Likely pathogenic	1	Jan 19, 2022	-1	-	RCV006889793
70666	single nucleotide variant	NM_000112.4(SLC26A2):c.700-1G>C	1836	SLC26A2	HGNC:10994	Pathogenic/Likely pathogenic	1	Dec 28, 2025	200963884	-	RCV000049436|RCV000169177|RCV002496723|RCV003474629|RCV005055551|RCV006749827
612214	single nucleotide variant	NM_001330288.2(SMARCC2):c.2779A>G (p.Met927Val)	6601	SMARCC2	HGNC:11105	Pathogenic	1	Apr 05, 2019	1565896447	-	RCV000761376
2905277	single nucleotide variant	NM_000271.5(NPC1):c.2662C>T (p.Pro888Ser)	4864	NPC1	HGNC:7897	Pathogenic	1	Jun 02, 2026	1191346899	-	RCV003501736|RCV006754238
2932135	single nucleotide variant	NM_001377.3(DYNC2H1):c.7156G>T (p.Gly2386Ter)	79659	DYNC2H1	HGNC:2962	Pathogenic/Likely pathogenic	1	Apr 29, 2026	1306497806	-	RCV003587970|RCV006757543
2805393	single nucleotide variant	NM_000090.4(COL3A1):c.2095G>T (p.Gly699Cys)	1281	COL3A1	HGNC:2201	Likely pathogenic	1	Jun 11, 2021	587779668	-	RCV003412535
1056136	single nucleotide variant	NM_001352186.2(ANKS1B):c.3441+2T>C	56899	ANKS1B	HGNC:24600	Likely pathogenic	1	Feb 19, 2020	1229498461	-	RCV001378749
3718533	single nucleotide variant	NM_022132.5(MCCC2):c.671C>T (p.Pro224Leu)	64087	MCCC2	HGNC:6937	Likely pathogenic	1	Jun 22, 2024	-1	-	RCV005045450
429811	single nucleotide variant	NM_014321.4(ORC6):c.1A>G (p.Met1Val)	23594	ORC6	HGNC:17151	Pathogenic	1	May 24, 2017	777153067	-	RCV000499481
2008796	single nucleotide variant	NM_020800.3(IFT80):c.28G>T (p.Glu10Ter)	57560	IFT80	HGNC:29262	Pathogenic	1	May 17, 2022	754091712	-	RCV002720456
3225787	single nucleotide variant	NM_001156.5(ANXA7):c.1089+1G>T	310	ANXA7	HGNC:545	Likely pathogenic	1	Mar 29, 2024	2495319114	-	RCV003990845
610293	single nucleotide variant	NM_000492.4(CFTR):c.2T>G (p.Met1Arg)	1080	CFTR	HGNC:1884	Pathogenic/Likely pathogenic	1	Aug 07, 2025	397508476	-	RCV000757833|RCV006644640
1054800	single nucleotide variant	NM_206933.4(USH2A):c.9739+1G>C	7399	USH2A	HGNC:12601	Likely pathogenic	1	Jun 17, 2025	2102792994	-	RCV001379985|RCV001831375|RCV005634132
1041970	single nucleotide variant	NM_000539.3(RHO):c.539C>G (p.Pro180Arg)	6010	RHO	HGNC:10012	Likely pathogenic	1	Mar 09, 2024	2084785483	-	RCV001369404|RCV004815478|RCV006949083
472936	single nucleotide variant	NM_000179.3(MSH6):c.315G>A (p.Trp105Ter)	2956	MSH6	HGNC:7329	Pathogenic	1	Nov 21, 2017	1060502902	-	RCV000569885
845356	single nucleotide variant	NM_000151.4(G6PC1):c.626A>G (p.Tyr209Cys)	2538	G6PC1	HGNC:4056	Pathogenic	1	Jun 06, 2023	2056091436	-	RCV001049851
1358517	single nucleotide variant	NM_001384140.1(PCDH15):c.4024C>T (p.Gln1342Ter)	65217	PCDH15	HGNC:14674	Pathogenic	1	Nov 06, 2020	61731387	-	RCV001937096
4920336	single nucleotide variant	NM_000538.4(RFXAP):c.601-2A>T	5994	RFXAP	HGNC:9988	Likely pathogenic	1	Dec 24, 2025	-1	-	RCV006615637
2952971	single nucleotide variant	NM_006929.5(SKIC2):c.697C>T (p.Gln233Ter)	6499	SKIC2	HGNC:10898	Pathogenic/Likely pathogenic	1	Feb 05, 2024	969421193	-	RCV003668704|RCV005250319
190200	single nucleotide variant	NM_000033.4(ABCD1):c.886T>C (p.Tyr296His)	215	ABCD1	HGNC:61	Likely pathogenic	1	Mar 15, 2015	797044611	-	RCV000173053
575401	single nucleotide variant	NM_004006.3(DMD):c.3604-1G>C	1756	DMD	HGNC:2928	Pathogenic	1	Jan 24, 2018	1569562952	-	RCV000701455
980540	single nucleotide variant	NM_015001.3(SPEN):c.7024C>T (p.Arg2342Ter)	23013	SPEN	HGNC:17575	Pathogenic	1	Jul 20, 2023	2148741614	-	RCV001530946
2534325	single nucleotide variant	NM_001267550.2(TTN):c.48228G>A (p.Trp16076Ter)	7273	TTN	HGNC:12403	Likely pathogenic	1	Nov 15, 2022	867476489	-	RCV003228534
168440	single nucleotide variant	NM_133433.4(NIPBL):c.5335C>T (p.Arg1779Ter)	25836	NIPBL	HGNC:28862	Pathogenic	1	Feb 08, 2013	587783971	-	RCV000146638
4957357	single nucleotide variant	NM_001374385.1(ATP8B1):c.20C>A (p.Ser7Ter)	5205	ATP8B1	HGNC:3706	Pathogenic	1	Apr 14, 2026	-1	-	RCV006684636
4187444	single nucleotide variant	NM_080680.3(COL11A2):c.3583-1G>A	1302	COL11A2	HGNC:2187	Likely pathogenic	1	Aug 06, 2025	-1	-	RCV006456085
541714	single nucleotide variant	NM_001164508.2(NEB):c.1365+2T>C	4703	NEB	HGNC:7720	Likely pathogenic	1	Jul 15, 2026	770797137	-	RCV000667221|RCV004568507|RCV005027788|RCV006759178
512204	single nucleotide variant	NM_004380.3(CREBBP):c.5356C>T (p.Arg1786Cys)	1387	CREBBP	HGNC:2348	Pathogenic/Likely pathogenic	1	Feb 07, 2025	1555471394	-	RCV000622375|RCV000782092
2920174	single nucleotide variant	NM_001378454.1(ALMS1):c.765-1G>C	7840	ALMS1	HGNC:428	Likely pathogenic	1	Aug 18, 2023	2466045771	-	RCV003503031
3499632	single nucleotide variant	NM_007327.4(GRIN1):c.1921A>C (p.Met641Leu)	2902	GRIN1	HGNC:4584	Pathogenic	1	Apr 19, 2023	-1	-	RCV004720125
424260	single nucleotide variant	NM_001244008.2(KIF1A):c.833T>C (p.Leu278Pro)	547	KIF1A	HGNC:888	Likely pathogenic	1	-	1131692159	-	RCV000495842
3011608	single nucleotide variant	NM_000166.6(GJB1):c.131G>A (p.Trp44Ter)	2705	GJB1	HGNC:4283	Pathogenic	1	Mar 13, 2023	1555937063	-	RCV003742107
1161837	single nucleotide variant	NM_000875.5(IGF1R):c.1093C>T (p.Arg365Ter)	3480	IGF1R	HGNC:5465	Pathogenic/Likely pathogenic	1	Nov 12, 2024	2151652750	-	RCV001526562|RCV002226551|RCV002463013|RCV006854332
3720260	single nucleotide variant	NM_000536.4(RAG2):c.793C>T (p.Gln265Ter)	5897	RAG2	HGNC:9832	Likely pathogenic	1	Jan 22, 2024	-1	-	RCV005046759
391184	single nucleotide variant	NM_031844.3(HNRNPU):c.307C>T (p.Gln103Ter)	3192	HNRNPU	HGNC:5048	Pathogenic	1	Apr 12, 2017	1553283951	-	RCV002525546
3881634	single nucleotide variant	NM_000186.4(CFH):c.619+1G>A	3075	CFH	HGNC:4883	Pathogenic/Likely pathogenic	1	Nov 23, 2025	-1	-	RCV005232540|RCV005867334
390910	single nucleotide variant	NM_003000.3(SDHB):c.602G>A (p.Trp201Ter)	6390	SDHB	HGNC:10681	Pathogenic	1	Jun 06, 2024	1060503759	-	RCV000458792|RCV004659052|RCV006945072
4964810	single nucleotide variant	NM_000091.5(COL4A3):c.2021-1G>A	1285	COL4A3	HGNC:2204	Pathogenic	1	Mar 20, 2026	-1	-	RCV006703585
630107	single nucleotide variant	NM_000251.3(MSH2):c.832G>T (p.Glu278Ter)	4436	MSH2	HGNC:7325	Pathogenic	1	Mar 14, 2024	1558464008	-	RCV000794209|RCV001811486|RCV001017577|RCV003453641
544636	single nucleotide variant	NM_003640.5(ELP1):c.2014+1G>A	8518	ELP1	HGNC:5959	Likely pathogenic	1	Feb 05, 2018	1554696574	-	RCV000672450
4995213	single nucleotide variant	NM_001348323.3(TRIP12):c.5008C>T (p.Arg1670Ter)	9320	TRIP12	HGNC:12306	Pathogenic	1	Jun 29, 2026	-1	-	RCV006748454
4863558	single nucleotide variant	NM_000359.3(TGM1):c.1314G>C (p.Trp438Cys)	7051	TGM1	HGNC:11777	Likely pathogenic	1	Jan 25, 2026	-1	-	RCV006535074
3891740	single nucleotide variant	NM_006031.6(PCNT):c.4120C>T (p.Gln1374Ter)	5116	PCNT	HGNC:16068	Pathogenic	1	Oct 23, 2023	-1	-	RCV005252583
2129897	single nucleotide variant	NM_030928.4(CDT1):c.832+2T>G	81620	CDT1	HGNC:24576	Likely pathogenic	1	Jan 02, 2022	2508205765	-	RCV002971330
1326555	single nucleotide variant	NM_005654.6(NR2F1):c.328T>C (p.Phe110Leu)	7025	NR2F1	HGNC:7975	Likely pathogenic	1	Nov 01, 2021	2149941610	-	RCV001816396
226967	single nucleotide variant	NM_018255.4(ELP2):c.617A>G (p.His206Arg)	55250	ELP2	HGNC:18248	Pathogenic/Likely pathogenic	1	Mar 17, 2022	773432002	-	RCV000210560|RCV000509137|RCV000415587|RCV000498075
2128075	single nucleotide variant	NM_000107.3(DDB2):c.640C>T (p.Arg214Ter)	1643	DDB2	HGNC:2718	Pathogenic	1	Oct 19, 2017	144989465	-	RCV002923664
136540	single nucleotide variant	NM_001845.6(COL4A1):c.3976G>A (p.Gly1326Arg)	1282	COL4A1	HGNC:2202	Pathogenic	1	Jun 15, 2023	587777379	-	RCV002247500|RCV003556166
3228486	single nucleotide variant	NM_004586.3(RPS6KA3):c.244-1G>A	6197	RPS6KA3	HGNC:10432	Pathogenic	1	Mar 08, 2023	2519798151	-	RCV004006221
4987538	single nucleotide variant	NM_000152.5(GAA):c.730C>T (p.Gln244Ter)	2548	GAA	HGNC:4065	Pathogenic	1	Jul 01, 2026	-1	-	RCV006739402
3509624	single nucleotide variant	NM_001317778.2(SFTPC):c.325-2A>C	6440	SFTPC	HGNC:10802	Pathogenic	1	Mar 08, 2024	-1	-	RCV004755236
4956986	single nucleotide variant	NM_001353108.3(CEP63):c.790-1G>A	80254	CEP63	HGNC:25815	Likely pathogenic	1	May 08, 2025	-1	-	RCV006686560
3885234	single nucleotide variant	NM_001134831.2(AHI1):c.2623+1G>C	54806	AHI1	HGNC:21575	Likely pathogenic	1	Jan 15, 2025	-1	-	RCV005239811
2923149	single nucleotide variant	NM_031885.5(BBS2):c.775G>T (p.Glu259Ter)	583	BBS2	HGNC:967	Pathogenic	1	Oct 11, 2023	2543720655	-	RCV003522714
431614	single nucleotide variant	NM_000350.3(ABCA4):c.6098T>C (p.Leu2033Pro)	24	ABCA4	HGNC:34	Pathogenic/Likely pathogenic	1	Mar 18, 2025	1553186896	-	RCV000504985|RCV006463175|RCV004817733
1451143	single nucleotide variant	NM_006005.3(WFS1):c.2205C>G (p.Tyr735Ter)	7466	WFS1	HGNC:12762	Pathogenic	1	Jul 14, 2023	71530911	-	RCV001994853|RCV003323960
4929847	single nucleotide variant	NM_000157.4(GBA1):c.1325T>C (p.Ile442Thr)	2629	GBA1	HGNC:4177	Likely pathogenic	1	Jan 29, 2026	-1	-	RCV006644206
963822	single nucleotide variant	NM_006086.4(TUBB3):c.577G>A (p.Val193Met)	10381	TUBB3	HGNC:20772	Pathogenic	1	Jan 01, 2019	2030404834	-	RCV001252385
5014271	single nucleotide variant	NM_017780.4(CHD7):c.5368G>C (p.Ala1790Pro)	55636	CHD7	HGNC:20626	Likely pathogenic	1	May 09, 2018	-1	-	RCV006801067
2104027	single nucleotide variant	NM_004586.3(RPS6KA3):c.1814G>A (p.Gly605Asp)	6197	RPS6KA3	HGNC:10432	Pathogenic	1	Feb 10, 2025	2519612941	-	RCV002914310
426747	single nucleotide variant	NM_003482.4(KMT2D):c.11515C>T (p.Gln3839Ter)	8085	KMT2D	HGNC:7133	Pathogenic	1	May 09, 2017	1555188653	-	RCV000497933
3718440	single nucleotide variant	NM_001127671.2(LIFR):c.992-1G>T	3977	LIFR	HGNC:6597	Likely pathogenic	1	May 28, 2024	-1	-	RCV005043422
496281	single nucleotide variant	NM_000179.3(MSH6):c.2419G>T (p.Glu807Ter)	2956	MSH6	HGNC:7329	Pathogenic/Likely pathogenic	1	Dec 29, 2025	587779923	-	RCV000601053|RCV000688489|RCV003316777|RCV004944019|RCV006252709
5001920	single nucleotide variant	NM_005630.3(SLCO2A1):c.1602C>A (p.Asn534Lys)	6578	SLCO2A1	HGNC:10955	Likely pathogenic	1	-	-1	-	RCV006759972
3706906	single nucleotide variant	NM_001360.3(DHCR7):c.98+1G>C	1717	DHCR7	HGNC:2860	Likely pathogenic	1	Mar 21, 2024	-1	-	RCV005004675
5024022	single nucleotide variant	NM_001085458.2(CTNND1):c.1021C>T (p.Gln341Ter)	-1	CTNND1;TMX2-CTNND1	-	Likely pathogenic	1	Jun 29, 2022	-1	-	RCV006816209
1862314	single nucleotide variant	NM_000110.4(DPYD):c.2650G>T (p.Glu884Ter)	1806	DPYD	HGNC:3012	Pathogenic	1	Jun 11, 2020	2524094344	-	RCV002471719
3503651	single nucleotide variant	NM_016284.5(CNOT1):c.6637C>T (p.Gln2213Ter)	23019	CNOT1	HGNC:7877	Likely pathogenic	1	Aug 19, 2024	-1	-	RCV004732138
794062	single nucleotide variant	NM_016239.4(MYO15A):c.4321-2A>T	51168	MYO15A	HGNC:7594	Likely pathogenic	1	Aug 02, 2023	1597780918	-	RCV000992396
217281	single nucleotide variant	NM_006086.4(TUBB3):c.1138C>T (p.Arg380Cys)	10381	TUBB3	HGNC:20772	Pathogenic	1	Aug 25, 2025	864321717	-	RCV000203611|RCV000255747|RCV001267589|RCV001804943|RCV005863045
629389	single nucleotide variant	NM_000465.4(BARD1):c.1196T>G (p.Leu399Ter)	580	BARD1	HGNC:952	Pathogenic/Likely pathogenic	1	May 22, 2023	1172609046	-	RCV000794208|RCV001181191|RCV000985347
537651	single nucleotide variant	NM_000219.6(KCNE1):c.138C>A (p.Tyr46Ter)	3753	KCNE1	HGNC:6240	Pathogenic	1	Mar 07, 2024	758346045	-	RCV000659247|RCV004777810|RCV005091894
1321601	single nucleotide variant	NM_000132.4(F8):c.1481T>G (p.Ile494Ser)	2157	F8	HGNC:3546	Likely pathogenic	1	Jul 23, 2021	137852413	-	RCV001802583
4960926	single nucleotide variant	NM_018896.5(CACNA1G):c.4507C>A (p.Gln1503Lys)	8913	CACNA1G	HGNC:1394	Likely pathogenic	1	Jan 15, 2026	-1	-	RCV006694597
1914985	single nucleotide variant	NM_181426.2(CCDC39):c.2194C>T (p.Gln732Ter)	339829	CCDC39	HGNC:25244	Pathogenic	1	Aug 16, 2023	1717357943	-	RCV002620560
94341	single nucleotide variant	NM_000965.5(RARB):c.355C>T (p.Arg119Ter)	5915	RARB	HGNC:9865	Pathogenic	1	Oct 03, 2013	397518481	-	RCV000074410
3499904	single nucleotide variant	NM_021008.4(DEAF1):c.664+1G>A	10522	DEAF1	HGNC:14677	Pathogenic	1	Jan 25, 2025	-1	-	RCV004721946
2903321	single nucleotide variant	NM_206933.4(USH2A):c.13019G>A (p.Gly4340Glu)	7399	USH2A	HGNC:12601	Likely pathogenic	1	Dec 11, 2023	1419157426	-	RCV003557990
1315593	single nucleotide variant	NM_080632.3(UPF3B):c.982G>T (p.Glu328Ter)	65109	UPF3B	HGNC:20439	Likely pathogenic	1	Mar 11, 2021	376175156	-	RCV001784011|RCV004731180
5000757	single nucleotide variant	NM_033305.3(VPS13A):c.8553+2T>A	23230	VPS13A	HGNC:1908	Likely pathogenic	1	Apr 29, 2026	-1	-	RCV006757408
166068	single nucleotide variant	NM_000069.3(CACNA1S):c.3256C>A (p.Arg1086Ser)	779	CACNA1S	HGNC:1397	Likely pathogenic	1	Jun 19, 2024	80338782	-	RCV000144372|RCV004017419|RCV005008047|RCV006749114
3711399	single nucleotide variant	NM_014714.4(IFT140):c.3222C>G (p.Tyr1074Ter)	9742	IFT140	HGNC:29077	Likely pathogenic	1	Apr 09, 2024	-1	-	RCV005017670
2998883	single nucleotide variant	NM_016955.4(SEPSECS):c.992C>A (p.Ser331Ter)	51091	SEPSECS	HGNC:30605	Pathogenic	1	Feb 07, 2023	2474660058	-	RCV003687039
2901484	single nucleotide variant	NM_206933.4(USH2A):c.13866G>A (p.Trp4622Ter)	7399	USH2A	HGNC:12601	Pathogenic	1	Jul 03, 2023	1253596843	-	RCV003557519
397694	single nucleotide variant	NM_001134363.3(RBM20):c.1900C>T (p.Arg634Trp)	282996	RBM20	HGNC:27424	Pathogenic	1	Feb 03, 2026	796734066	-	RCV000472655|RCV000497722|RCV002411511
3891413	single nucleotide variant	NM_001126108.2(SLC12A3):c.1527C>A (p.Tyr509Ter)	6559	SLC12A3	HGNC:10912	Likely pathogenic	1	Dec 13, 2023	-1	-	RCV005252255
1860733	single nucleotide variant	NM_001042545.2(LTBP4):c.688G>T (p.Glu230Ter)	-1	LOC130064475;LTBP4	-	Pathogenic	1	Apr 20, 2022	1376567591	-	RCV002467376
615845	single nucleotide variant	NM_016239.4(MYO15A):c.9084-1G>T	51168	MYO15A	HGNC:7594	Likely pathogenic	1	Feb 26, 2019	1567658906	-	RCV000770834
536032	single nucleotide variant	NM_001172509.2(SATB2):c.1543G>A (p.Gly515Ser)	23314	SATB2	HGNC:21637	Pathogenic	1	Mar 12, 2015	1553544187	-	RCV000656510
49748	single nucleotide variant	NM_025137.4(SPG11):c.5470C>T (p.Arg1824Ter)	80208	SPG11	HGNC:11226	Pathogenic	1	Jan 08, 2026	312262767	-	RCV000034225|RCV000731318|RCV005867812
966372	single nucleotide variant	NM_022787.4(NMNAT1):c.376A>T (p.Lys126Ter)	64802	NMNAT1	HGNC:17877	Pathogenic	1	-	1641937559	-	RCV001256661
623260	single nucleotide variant	NM_000092.5(COL4A4):c.755G>T (p.Gly252Val)	1286	COL4A4	HGNC:2206	Pathogenic/Likely pathogenic	1	Oct 29, 2025	760795817	-	RCV000786980|RCV005252117|RCV005004420|RCV005092350|RCV005861174|RCV006642607|RCV006938555
1414789	single nucleotide variant	NM_001042492.3(NF1):c.2875C>T (p.Gln959Ter)	4763	NF1	HGNC:7765	Pathogenic	1	Apr 01, 2026	2151430537	-	RCV001903244|RCV003167029|RCV003318700
3101410	single nucleotide variant	NM_017777.4(MKS1):c.297T>A (p.Cys99Ter)	54903	MKS1	HGNC:7121	Pathogenic	1	Feb 18, 2023	2509455117	-	RCV003805989
2051347	single nucleotide variant	NM_000102.4(CYP17A1):c.659G>A (p.Trp220Ter)	1586	CYP17A1	HGNC:2593	Pathogenic	1	Jun 02, 2022	2493241771	-	RCV002820062
961999	single nucleotide variant	NM_018365.4(MNS1):c.724C>T (p.Arg242Ter)	55329	MNS1	HGNC:29636	Pathogenic/Likely pathogenic	1	Nov 01, 2025	185005213	-	RCV001250274|RCV001879778|RCV003405457
526449	single nucleotide variant	NM_024649.5(BBS1):c.1339G>A (p.Ala447Thr)	582	BBS1	HGNC:966	Pathogenic/Likely pathogenic	1	Sep 03, 2026	200116631	-	RCV000638357|RCV001267196|RCV002483815|RCV003313119|RCV006813286
2834022	single nucleotide variant	NM_001033855.3(DCLRE1C):c.416T>A (p.Leu139Ter)	64421	DCLRE1C	HGNC:17642	Likely pathogenic	1	Sep 09, 2023	2492040094	-	RCV003466116
3849668	single nucleotide variant	NM_004859.4(CLTC):c.1342T>C (p.Leu448=)	1213	CLTC	HGNC:2092	Likely benign	0	Sep 19, 2024	-1	-	RCV005195176
1661849	single nucleotide variant	NM_001164508.2(NEB):c.16920A>G (p.Arg5640=)	4703	NEB	HGNC:7720	Likely benign	0	Mar 16, 2021	2153806479	-	RCV002179460
2770933	single nucleotide variant	NM_007058.4(CAPN11):c.370G>A (p.Asp124Asn)	11131	CAPN11	HGNC:1478	Likely benign	0	Jul 12, 2023	1269128724	-	RCV004343601
2130550	single nucleotide variant	NM_001077418.3(TMEM231):c.28C>G (p.Pro10Ala)	79583	TMEM231	HGNC:37234	Likely benign	0	Jan 03, 2022	761239299	-	RCV002949612
1125110	single nucleotide variant	NM_024675.4(PALB2):c.3018G>A (p.Leu1006=)	79728	PALB2	HGNC:26144	Likely benign	0	Jan 05, 2024	1597079904	-	RCV001476666
2050765	single nucleotide variant	NM_001195263.2(PDZD7):c.969G>A (p.Glu323=)	79955	PDZD7	HGNC:26257	Likely benign	0	Mar 17, 2025	2492893513	-	RCV002814954
3084375	single nucleotide variant	NM_000052.7(ATP7A):c.147T>C (p.Thr49=)	538	ATP7A	HGNC:869	Likely benign	0	Feb 14, 2023	2522288743	-	RCV003797781
4877267	single nucleotide variant	NM_024741.3(ZNF408):c.90C>T (p.Asn30=)	79797	ZNF408	HGNC:20041	Likely benign	0	Sep 10, 2025	-1	-	RCV006577959
5063494	single nucleotide variant	NM_001267550.2(TTN):c.24990T>C (p.Asp8330=)	7273	TTN	HGNC:12403	Likely benign	0	Jul 19, 2018	-1	-	RCV006940645
3537717	single nucleotide variant	NM_032043.3(BRIP1):c.2269C>T (p.Leu757=)	83990	BRIP1	HGNC:20473	Benign	0	Sep 04, 2024	-1	-	RCV004787685
3393475	single nucleotide variant	NM_022061.4(MRPL17):c.408T>A (p.Pro136=)	63875	MRPL17	HGNC:14053	Likely benign	0	Mar 01, 2024	2493885107	-	RCV004546205
3006772	single nucleotide variant	NM_033641.4(COL4A6):c.610-14T>A	1288	COL4A6	HGNC:2208	Benign/Likely benign	0	Jun 12, 2025	192616787	-	RCV003695829|RCV006921815
4830135	single nucleotide variant	NM_016648.4(LARP7):c.1417-15T>C	51574	LARP7	HGNC:24912	Likely benign	0	May 18, 2025	-1	-	RCV006507629
2910236	single nucleotide variant	NM_024105.4(ALG12):c.296-18G>A	79087	ALG12	HGNC:19358	Likely benign	0	Aug 31, 2023	2519269786	-	RCV003500155
4912796	single nucleotide variant	NM_001144967.3(NEDD4L):c.513G>A (p.Glu171=)	23327	NEDD4L	HGNC:7728	Likely benign	0	Jan 26, 2026	-1	-	RCV006622880
3788009	single nucleotide variant	NM_173551.5(ANKS6):c.2327-4G>T	203286	ANKS6	HGNC:26724	Likely benign	0	Apr 25, 2024	-1	-	RCV005132887
4864712	single nucleotide variant	NM_001174147.2(LMX1B):c.210A>C (p.Arg70=)	4010	LMX1B	HGNC:6654	Likely benign	0	Jun 24, 2025	-1	-	RCV006534250
2826431	single nucleotide variant	NM_001130438.3(SPTAN1):c.807T>C (p.Ser269=)	6709	SPTAN1	HGNC:11273	Likely benign	0	Oct 27, 2024	773459701	-	RCV003430269|RCV006561640
3517634	single nucleotide variant	NM_004186.5(SEMA3F):c.771G>A (p.Ser257=)	6405	SEMA3F	HGNC:10728	Likely benign	0	Oct 18, 2021	-1	-	RCV004746959
2813928	single nucleotide variant	NR_185838.1(ATXN8OS):n.1114G>A	6315	ATXN8OS	HGNC:10561	Benign	0	Jan 01, 2023	117220157	-	RCV003393340
1221057	single nucleotide variant	NM_032119.4(ADGRV1):c.9749-122G>A	84059	ADGRV1	HGNC:17416	Benign	0	Apr 07, 2019	2090594	-	RCV001617142
1532617	single nucleotide variant	NM_004408.4(DNM1):c.678C>G (p.Pro226=)	1759	DNM1	HGNC:2972	Likely benign	0	Sep 01, 2022	150094408	-	RCV002208386
1096950	single nucleotide variant	NM_000742.4(CHRNA2):c.918A>T (p.Ser306=)	1135	CHRNA2	HGNC:1956	Likely benign	0	Jul 25, 2022	908715626	-	RCV006648143
2162030	single nucleotide variant	NM_001292063.2(OTOG):c.7935+20C>G	340990	OTOG	HGNC:8516	Likely benign	0	Feb 24, 2022	1230976025	-	RCV003019791
1785134	single nucleotide variant	NM_006904.7(PRKDC):c.3102A>G (p.Arg1034=)	5591	PRKDC	HGNC:9413	Likely benign	0	Jan 02, 2020	2551875592	-	RCV004048342
1200661	single nucleotide variant	NM_001199799.2(ILDR1):c.1422C>T (p.Ser474=)	286676	ILDR1	HGNC:28741	Likely benign	0	Nov 07, 2024	372952499	-	RCV001581384|RCV006956864
778582	single nucleotide variant	NM_001794.5(CDH4):c.1629-8C>T	1002	CDH4	HGNC:1763	Benign	0	Dec 31, 2019	191480722	-	RCV000959629
4035672	single nucleotide variant	NM_001364171.2(ODAD1):c.570T>C (p.Tyr190=)	93233	ODAD1	HGNC:26560	Likely benign	0	Apr 11, 2025	-1	-	RCV005447708
4841839	single nucleotide variant	NM_006393.3(NEBL):c.348A>G (p.Glu116=)	10529	NEBL	HGNC:16932	Likely benign	0	Aug 25, 2025	-1	-	RCV006514150
4278716	single nucleotide variant	NM_003036.4(SKI):c.204C>A (p.Thr68=)	6497	SKI	HGNC:10896	Likely benign	0	Sep 12, 2025	-1	-	RCV005738447
3371143	single nucleotide variant	NM_148962.5(OXER1):c.1009C>T (p.Arg337Trp)	165140	OXER1	HGNC:24884	Likely benign	0	Feb 22, 2024	375310268	-	RCV004497392
783745	single nucleotide variant	NM_001161352.2(KCNMA1):c.1086C>T (p.Thr362=)	3778	KCNMA1	HGNC:6284	Likely benign	0	Dec 16, 2022	1564595933	-	RCV000981222|RCV006802701
1111839	single nucleotide variant	NM_001267550.2(TTN):c.44223G>C (p.Thr14741=)	7273	TTN	HGNC:12403	Likely benign	0	Apr 24, 2023	368830196	-	RCV001455793
2917692	single nucleotide variant	NM_000494.4(COL17A1):c.2948-13C>G	1308	COL17A1	HGNC:2194	Likely benign	0	Sep 08, 2023	2493293225	-	RCV003564570
714504	single nucleotide variant	NM_032866.5(CGNL1):c.3465C>T (p.Ile1155=)	84952	CGNL1	HGNC:25931	Benign	0	Jun 22, 2017	78487514	-	RCV000964538
434139	single nucleotide variant	NM_174936.4(PCSK9):c.207+209C>T	255738	PCSK9	HGNC:20001	Benign	0	-	11583723	-	RCV000508817|RCV004714038
372661	single nucleotide variant	NM_012309.5(SHANK2):c.3231C>A (p.Pro1077=)	22941	SHANK2	HGNC:14295	Likely benign	0	Jul 29, 2016	1591489781	-	RCV000443412
305077	single nucleotide variant	NM_004385.5(VCAN):c.3282A>G (p.Pro1094=)	1462	VCAN	HGNC:2464	Benign/Likely benign	0	Mar 13, 2022	140613404	-	RCV000314891|RCV001433296|RCV006971334
4900170	single nucleotide variant	NM_001267550.2(TTN):c.101760T>A (p.Val33920=)	7273	TTN	HGNC:12403	Likely benign	0	Nov 03, 2025	-1	-	RCV006591460
1222508	single nucleotide variant	NM_001252024.2(TRPM1):c.4-71G>A	4308	TRPM1	HGNC:7146	Benign	0	Nov 05, 2018	4779818	-	RCV001617511
5009644	single nucleotide variant	NM_031443.4(CCM2):c.444C>T (p.Asp148=)	83605	CCM2	HGNC:21708	Likely benign	0	Oct 15, 2024	-1	-	RCV006779176
3051002	single nucleotide variant	NM_015702.3(MMADHC):c.639T>C (p.Tyr213=)	27249	MMADHC	HGNC:25221	Likely benign	0	Sep 06, 2023	770981127	-	RCV003600888
2959877	single nucleotide variant	NM_000540.3(RYR1):c.8562C>G (p.Gly2854=)	6261	RYR1	HGNC:10483	Likely benign	0	Feb 05, 2023	1188768146	-	RCV003757408
1639512	single nucleotide variant	NM_006019.4(TCIRG1):c.315C>G (p.Ala105=)	10312	TCIRG1	HGNC:11647	Likely benign	0	Jun 18, 2021	2134435271	-	RCV002187284
2227546	single nucleotide variant	NM_144651.5(PXDNL):c.3253C>T (p.Leu1085Phe)	137902	PXDNL	HGNC:26359	Likely benign	0	Jun 11, 2021	781169573	-	RCV004092191
4956170	single nucleotide variant	NM_020975.6(RET):c.780G>A (p.Val260=)	5979	RET	HGNC:9967	Likely benign	0	Dec 22, 2025	-1	-	RCV006683468
3199211	single nucleotide variant	NM_006565.4(CTCF):c.984C>T (p.Asp328=)	10664	CTCF	HGNC:13723	Likely benign	0	Aug 01, 2019	1294091835	-	RCV004537074
281834	single nucleotide variant	NM_012233.3(RAB3GAP1):c.*135C>G	22930	RAB3GAP1	HGNC:17063	Benign	0	Jul 15, 2018	10170125	-	RCV000371867|RCV001653606
3471320	single nucleotide variant	NM_001652.4(AQP6):c.817G>A (p.Gly273Ser)	363	AQP6	HGNC:639	Likely benign	0	Apr 08, 2024	-1	-	RCV004656064
1565577	single nucleotide variant	NM_001195263.2(PDZD7):c.2847C>A (p.Val949=)	79955	PDZD7	HGNC:26257	Likely benign	0	Apr 05, 2021	905399722	-	RCV002148799
3138905	single nucleotide variant	NM_032383.5(HPS3):c.217+7A>C	84343	HPS3	HGNC:15597	Likely benign	0	Nov 25, 2022	1721651777	-	RCV003829242
741512	single nucleotide variant	NM_203500.2(KEAP1):c.1106T>C (p.Val369Ala)	9817	KEAP1	HGNC:23177	Likely benign	0	Aug 16, 2018	149721624	-	RCV000900856
4897803	single nucleotide variant	NM_003000.3(SDHB):c.643-18T>C	6390	SDHB	HGNC:10681	Likely benign	0	Jun 07, 2025	-1	-	RCV006602086
1661743	single nucleotide variant	NM_000428.3(LTBP2):c.4178-13C>T	4053	LTBP2	HGNC:6715	Likely benign	0	Jul 14, 2023	2139690260	-	RCV002157378
915156	single nucleotide variant	NM_001035.3(RYR2):c.7513-4T>C	6262	RYR2	HGNC:10484	Likely benign	0	Aug 28, 2025	751840788	-	RCV001180883|RCV004803473|RCV005093836
2823091	single nucleotide variant	NM_152750.5(CDHR3):c.1332C>T (p.Asn444=)	222256	CDHR3	HGNC:26308	Likely benign	0	Apr 01, 2023	202005767	-	RCV003434084
1125714	single nucleotide variant	NM_001077350.3(NPRL3):c.1548C>A (p.Leu516=)	8131	NPRL3	HGNC:14124	Likely benign	0	Sep 30, 2021	558200249	-	RCV001451611
1104650	single nucleotide variant	NM_001042492.3(NF1):c.2586C>T (p.Thr862=)	4763	NF1	HGNC:7765	Benign/Likely benign	0	May 18, 2026	1567848941	-	RCV001449392|RCV002501576
3226590	single nucleotide variant	NM_020829.4(RIC1):c.1175G>T (p.Arg392Met)	57589	RIC1	HGNC:17686	Likely benign	0	Mar 01, 2024	138987836	-	RCV003992983
3878737	single nucleotide variant	NC_000012.12:g.121641130G>A	84876	ORAI1	HGNC:25896	Likely benign	0	May 18, 2025	-1	-	RCV005227067
525433	single nucleotide variant	NM_001322934.2(NFKB2):c.1608C>A (p.Ile536=)	4791	NFKB2	HGNC:7795	Benign/Likely benign	0	Jan 24, 2026	34916280	-	RCV000651941|RCV003945663|RCV006813334
1154047	single nucleotide variant	NM_001352754.2(ARMC9):c.598-14C>G	80210	ARMC9	HGNC:20730	Benign	0	Jan 26, 2026	115179589	-	RCV001512720|RCV005914113|RCV005914115|RCV005914118|RCV005914112|RCV005914114|RCV005914110|RCV005914111|RCV005914116|RCV005914117|RCV005914108|RCV005914109
4861466	single nucleotide variant	NM_000540.3(RYR1):c.165+9A>G	6261	RYR1	HGNC:10483	Likely benign	0	Oct 21, 2025	-1	-	RCV006540991
2842371	single nucleotide variant	NM_001650.7(AQP4):c.866C>T (p.Thr289Met)	361	AQP4	HGNC:637	Likely benign	0	-	766479946	-	RCV004560320
3118223	single nucleotide variant	NM_001201543.2(FAM161A):c.1852-6C>A	84140	FAM161A	HGNC:25808	Likely benign	0	Jun 23, 2023	2465985285	-	RCV003821133
2924027	single nucleotide variant	NM_006415.4(SPTLC1):c.1255-11T>C	10558	SPTLC1	HGNC:11277	Likely benign	0	Apr 16, 2023	1405704198	-	RCV003505690
1547173	single nucleotide variant	NM_000548.5(TSC2):c.231A>G (p.Ala77=)	7249	TSC2	HGNC:12363	Likely benign	0	Feb 14, 2022	2151026046	-	RCV002443253|RCV002154118
3931890	single nucleotide variant	NM_001348323.3(TRIP12):c.2639A>C (p.Asn880Thr)	9320	TRIP12	HGNC:12306	Likely benign	0	Mar 05, 2025	-1	-	RCV005292540
3128687	single nucleotide variant	NM_003848.4(SUCLG2):c.570+16G>A	8801	SUCLG2	HGNC:11450	Likely benign	0	Jan 30, 2026	771143012	-	RCV003821425
1163151	single nucleotide variant	NM_001369.3(DNAH5):c.6989-18T>C	1767	DNAH5	HGNC:2950	Likely benign	0	Mar 13, 2024	2151800885	-	RCV001527533|RCV003538805
654933	single nucleotide variant	NM_002473.6(MYH9):c.4203C>T (p.His1401=)	4627	MYH9	HGNC:7579	Benign/Likely benign	0	Sep 18, 2024	539186034	-	RCV000825782|RCV003768559
3091807	single nucleotide variant	NM_000089.4(COL1A2):c.3106-14T>C	1278	COL1A2	HGNC:2198	Likely benign	0	Aug 13, 2024	983600073	-	RCV003790253|RCV006774924
2819425	single nucleotide variant	NM_173651.4(FSIP2):c.12168G>A (p.Gln4056=)	401024	FSIP2	HGNC:21675	Likely benign	0	Dec 01, 2025	763816410	-	RCV003440101
1528866	single nucleotide variant	NM_000587.4(C7):c.840T>G (p.Leu280=)	730	C7	HGNC:1346	Likely benign	0	Jun 27, 2025	766169920	-	RCV002094290
1258150	single nucleotide variant	NM_004092.4(ECHS1):c.807+300T>C	1892	ECHS1	HGNC:3151	Benign	0	Jul 09, 2018	74819004	-	RCV001685565
1649310	single nucleotide variant	NM_000126.4(ETFA):c.678G>A (p.Lys226=)	2108	ETFA	HGNC:3481	Likely benign	0	Jan 26, 2021	774023966	-	RCV002206351
3053413	single nucleotide variant	NM_181840.1(KCNK18):c.1035C>T (p.Ile345=)	338567	KCNK18	HGNC:19439	Likely benign	0	Apr 01, 2026	374314144	-	RCV003724373
294171	single nucleotide variant	NM_000477.7(ALB):c.1785+7C>T	213	ALB	HGNC:399	Benign/Likely benign	0	Mar 01, 2026	141131597	-	RCV000266973|RCV000888413
2435339	single nucleotide variant	NM_031921.6(ATAD3B):c.1633A>G (p.Lys545Glu)	83858	ATAD3B	HGNC:24007	Likely benign	0	Feb 14, 2023	748819961	-	RCV004252998
1545336	single nucleotide variant	NM_002661.5(PLCG2):c.3654C>T (p.Asp1218=)	5336	PLCG2	HGNC:9066	Likely benign	0	Sep 08, 2022	771989960	-	RCV002121497
366576	single nucleotide variant	NM_001267550.2(TTN):c.23382T>A (p.Pro7794=)	7273	TTN	HGNC:12403	Likely benign	0	Dec 22, 2025	768874223	-	RCV000417452|RCV001402296|RCV001528931
1160393	single nucleotide variant	NM_000179.3(MSH6):c.2400T>A (p.Val800=)	2956	MSH6	HGNC:7329	Benign/Likely benign	0	Apr 12, 2026	267608071	-	RCV001524223|RCV005421014
1629374	single nucleotide variant	NM_005555.4(KRT6B):c.1078-11C>T	3854	KRT6B	HGNC:6444	Benign	0	Feb 03, 2026	11170125	-	RCV002130142
1270574	single nucleotide variant	NM_052859.4(RFT1):c.64-259T>A	91869	RFT1	HGNC:30220	Benign	0	Oct 16, 2018	114317830	-	RCV001693564
2969686	single nucleotide variant	NM_000070.3(CAPN3):c.1524+9T>C	825	CAPN3	HGNC:1480	Likely benign	0	Nov 18, 2022	2548276794	-	RCV003631677
1191926	single nucleotide variant	NM_030665.4(RAI1):c.5710-95T>C	10743	RAI1	HGNC:9834	Likely benign	0	Nov 16, 2018	116112588	-	RCV001567318
2878512	single nucleotide variant	NM_014049.5(ACAD9):c.84G>T (p.Arg28=)	28976	ACAD9	HGNC:21497	Likely benign	0	Jun 10, 2023	2529221518	-	RCV003552717
1683595	single nucleotide variant	NM_133642.5(LARGE1):c.-83+187C>T	9215	LARGE1	HGNC:6511	Likely benign	0	Dec 01, 2021	77908284	-	RCV002254050
1999137	single nucleotide variant	NM_001164665.2(KIAA1549):c.588A>G (p.Pro196=)	57670	KIAA1549	HGNC:22219	Likely benign	0	Jul 07, 2023	1257935973	-	RCV002659129
3091629	single nucleotide variant	NM_004370.6(COL12A1):c.8686-6A>G	1303	COL12A1	HGNC:2188	Likely benign	0	Feb 01, 2026	780369344	-	RCV003795296
1537870	single nucleotide variant	NM_025114.4(CEP290):c.6207A>G (p.Ser2069=)	80184	CEP290	HGNC:29021	Likely benign	0	Jun 05, 2023	1327169453	-	RCV002177535
4896940	single nucleotide variant	NM_000180.4(GUCY2D):c.2769+18C>G	3000	GUCY2D	HGNC:4689	Likely benign	0	Sep 11, 2025	-1	-	RCV006602723
3643062	single nucleotide variant	NM_001204.7(BMPR2):c.1113T>C (p.Asn371=)	659	BMPR2	HGNC:1078	Likely benign	0	Dec 07, 2024	-1	-	RCV004970072
697814	single nucleotide variant	NM_001162499.2(CAND2):c.2126A>G (p.His709Arg)	23066	CAND2	HGNC:30689	Benign	0	Jun 11, 2018	180768267	-	RCV000958905
3683766	single nucleotide variant	NM_052947.4(ALPK2):c.534C>A (p.Gly178=)	115701	ALPK2	HGNC:20565	Likely benign	0	Jul 23, 2024	-1	-	RCV004934523
4905944	single nucleotide variant	NM_015681.6(B9D1):c.133-13A>G	27077	B9D1	HGNC:24123	Likely benign	0	Sep 25, 2025	-1	-	RCV006593581
503904	single nucleotide variant	NM_005609.4(PYGM):c.661-606A>C	5837	PYGM	HGNC:9726	Likely benign	0	Oct 08, 2024	192786771	-	RCV000610678
182414	single nucleotide variant	NM_000038.6(APC):c.5250C>T (p.Val1750=)	324	APC	HGNC:583	Benign/Likely benign	0	Feb 01, 2026	2229997	-	RCV000163958|RCV000200153|RCV000859105|RCV001174930|RCV003954966|RCV003995300
684807	single nucleotide variant	NM_000540.3(RYR1):c.14032C>T (p.Leu4678=)	6261	RYR1	HGNC:10483	Likely benign	0	Nov 22, 2023	1301646256	-	RCV001434862|RCV005401644
3134449	single nucleotide variant	NM_003235.5(TG):c.1075+16G>A	7038	TG	HGNC:11764	Likely benign	0	Dec 09, 2023	780311501	-	RCV003834795
3968667	single nucleotide variant	NM_001284285.2(INPP5J):c.1296G>C (p.Val432=)	27124	INPP5J	HGNC:8956	Likely benign	0	Jan 21, 2025	-1	-	RCV005352542
521525	single nucleotide variant	NM_004168.4(SDHA):c.1261-9T>A	6389	SDHA	HGNC:10680	Likely benign	0	Feb 17, 2024	1553999698	-	RCV000649452
3190821	single nucleotide variant	NM_014611.3(MDN1):c.2358G>C (p.Gly786=)	23195	MDN1	HGNC:18302	Likely benign	0	Mar 29, 2019	137875343	-	RCV003909388
1259974	single nucleotide variant	NM_001384732.1(CPLANE1):c.7690+169G>T	65250	CPLANE1	HGNC:25801	Benign	0	Jun 26, 2018	6451312	-	RCV001681453
2900861	single nucleotide variant	NM_001002294.3(FMO3):c.132+15G>C	2328	FMO3	HGNC:3771	Likely benign	0	Jan 29, 2024	1252896443	-	RCV003560826
659240	single nucleotide variant	NM_033109.5(PNPT1):c.1738+179C>T	87178	PNPT1	HGNC:23166	Benign	0	Jun 14, 2018	2627777	-	RCV000826221
3142202	single nucleotide variant	NM_000159.4(GCDH):c.505+11G>T	2639	GCDH	HGNC:4189	Likely benign	0	Sep 17, 2023	2512568248	-	RCV003847741
5016027	single nucleotide variant	NM_020975.6(RET):c.1759+8G>A	5979	RET	HGNC:9967	Likely benign	0	Sep 19, 2023	-1	-	RCV006794881
660883	single nucleotide variant	NM_004553.6(NDUFS6):c.309+208T>C	4726	NDUFS6	HGNC:7713	Benign	0	Jul 14, 2021	4147773	-	RCV000843266|RCV000987504
2953500	single nucleotide variant	NM_016151.4(TAOK2):c.1044C>T (p.Leu348=)	9344	TAOK2	HGNC:16835	Likely benign	0	Apr 26, 2023	752702244	-	RCV003672256
2741302	single nucleotide variant	NM_000051.4(ATM):c.4611+28G>A	472	ATM	HGNC:795	Likely benign	0	Mar 04, 2025	762080103	-	RCV003322465
2038073	single nucleotide variant	NM_004525.3(LRP2):c.7503T>A (p.Thr2501=)	4036	LRP2	HGNC:6694	Likely benign	0	May 26, 2023	984935592	-	RCV002741968
993751	single nucleotide variant	NM_000274.4(OAT):c.606G>A (p.Pro202=)	4942	OAT	HGNC:8091	Likely benign	0	Aug 31, 2022	369806549	-	RCV001298509
1577993	single nucleotide variant	NM_005744.5(ARIH1):c.375+7G>A	25820	ARIH1	HGNC:689	Likely benign	0	May 12, 2025	1428441728	-	RCV002122105
1144145	single nucleotide variant	NM_000059.4(BRCA2):c.4809C>T (p.Asn1603=)	675	BRCA2	HGNC:1101	Likely benign	0	Mar 08, 2022	2072513261	-	RCV001492475|RCV002334526
3548995	single nucleotide variant	NM_003922.4(HERC1):c.10470A>G (p.Ser3490=)	8925	HERC1	HGNC:4867	Likely benign	0	Oct 01, 2024	-1	-	RCV004811319
3135132	single nucleotide variant	NM_015213.4(DENND5A):c.1287T>C (p.Ser429=)	23258	DENND5A	HGNC:19344	Likely benign	0	Dec 23, 2023	1377359792	-	RCV003840244
3790339	single nucleotide variant	NM_014014.5(SNRNP200):c.5901C>G (p.Thr1967=)	23020	SNRNP200	HGNC:30859	Likely benign	0	Jul 12, 2024	-1	-	RCV005142762
140421	single nucleotide variant	NM_018451.5(CPAP):c.1560A>T (p.Thr520=)	55835	CPAP	HGNC:17272	Benign	0	Feb 01, 2026	17081368	-	RCV000145555|RCV000304029|RCV000397850|RCV002055457
2179842	single nucleotide variant	NM_152296.5(ATP1A3):c.927G>A (p.Glu309=)	478	ATP1A3	HGNC:801	Likely benign	0	Sep 29, 2023	1555864807	-	RCV003030295
4899299	single nucleotide variant	NM_032415.7(CARD11):c.2164G>A (p.Glu722Lys)	84433	CARD11	HGNC:16393	Likely benign	0	Mar 05, 2025	-1	-	RCV006594402
3342888	single nucleotide variant	NM_003263.4(TLR1):c.1597G>A (p.Gly533Arg)	7096	TLR1	HGNC:11847	Likely benign	0	Aug 30, 2021	200506989	-	RCV004470306
1196963	single nucleotide variant	NM_001130987.2(DYSF):c.4465-79G>A	8291	DYSF	HGNC:3097	Likely benign	0	Nov 25, 2018	148800982	-	RCV001575488
3214221	single nucleotide variant	NC_000009.12:g.133630108C>T	1621	DBH	HGNC:2689	Benign	0	Oct 29, 2019	71505214	-	RCV003931925
256892	single nucleotide variant	NM_001060.6(TBXA2R):c.243C>T (p.Thr81=)	6915	TBXA2R	HGNC:11608	Benign/Likely benign	0	Feb 03, 2026	5745	-	RCV000244990|RCV001610762
4847074	single nucleotide variant	NM_173477.5(USH1G):c.861G>T (p.Thr287=)	124590	USH1G	HGNC:16356	Likely benign	0	Dec 28, 2025	-1	-	RCV006516032
580224	single nucleotide variant	NM_001040616.3(LINS1):c.992C>T (p.Ala331Val)	55180	LINS1	HGNC:30922	Benign	0	Dec 31, 2019	34967129	-	RCV000962382|RCV002462081
3191199	single nucleotide variant	NM_152866.3(MS4A1):c.*5T>C	931	MS4A1	HGNC:7315	Likely benign	0	Apr 14, 2022	200077365	-	RCV003921606
475562	single nucleotide variant	NM_000051.4(ATM):c.4389T>C (p.Phe1463=)	472	ATM	HGNC:795	Benign/Likely benign	0	Apr 10, 2025	1555097753	-	RCV000568531|RCV000628319|RCV004592753
1095313	single nucleotide variant	NM_001374736.1(DST):c.23094G>A (p.Lys7698=)	667	DST	HGNC:1090	Likely benign	0	Jan 06, 2026	377080714	-	RCV001422114|RCV006443879
56648	single nucleotide variant	NM_001267550.2(TTN):c.88858C>T (p.Leu29620=)	7273	TTN	HGNC:12403	Benign/Likely benign	0	Feb 04, 2026	115070904	-	RCV000040753|RCV000227815|RCV000247074|RCV000271605|RCV000307031|RCV000351526|RCV000364072|RCV000397839|RCV000769894|RCV001795030|RCV004534938
710926	single nucleotide variant	NM_178425.4(HDAC9):c.3011T>C (p.Ile1004Thr)	9734	HDAC9	HGNC:14065	Benign	0	Dec 31, 2019	138163349	-	RCV000972590
1148187	single nucleotide variant	NM_001384474.1(LOXHD1):c.5469G>A (p.Arg1823=)	125336	LOXHD1	HGNC:26521	Likely benign	0	Oct 22, 2023	1396042689	-	RCV001480782
1583059	single nucleotide variant	NM_006302.3(MOGS):c.2298C>T (p.Leu766=)	7841	MOGS	HGNC:24862	Likely benign	0	Jul 01, 2024	2103976144	-	RCV002084895
2997802	single nucleotide variant	NM_001330360.2(POLA1):c.486T>C (p.Asp162=)	5422	POLA1	HGNC:9173	Likely benign	0	Jan 19, 2023	2518755716	-	RCV003678700
697110	single nucleotide variant	NM_022168.4(IFIH1):c.2232T>A (p.Phe744Leu)	64135	IFIH1	HGNC:18873	Likely benign	0	Jan 26, 2026	201142986	-	RCV001413051|RCV003943070
3047329	single nucleotide variant	NM_001953.5(TYMP):c.1160-19T>C	1890	TYMP	HGNC:3148	Likely benign	0	Dec 14, 2023	1354326122	-	RCV003722250
1945320	single nucleotide variant	NM_015559.3(SETBP1):c.3526G>A (p.Gly1176Ser)	26040	SETBP1	HGNC:15573	Likely benign	0	May 15, 2023	976871490	-	RCV003116254
3888167	single nucleotide variant	NM_006908.5(RAC1):c.107+1183T>C	5879	RAC1	HGNC:9801	Likely benign	0	Sep 01, 2025	-1	-	RCV005242853
1661476	single nucleotide variant	NM_006269.2(RP1):c.5763A>G (p.Leu1921=)	6101	RP1	HGNC:10263	Likely benign	0	Jun 13, 2022	2129318369	-	RCV002157311
1547084	single nucleotide variant	NM_001876.4(CPT1A):c.772-9G>T	1374	CPT1A	HGNC:2328	Likely benign	0	Apr 22, 2021	936271013	-	RCV002151943
776934	single nucleotide variant	NM_000489.6(ATRX):c.3810-6C>T	546	ATRX	HGNC:886	Likely benign	0	Jan 27, 2023	1603148801	-	RCV001399354
5061801	single nucleotide variant	NM_000052.7(ATP7A):c.4335G>A (p.Arg1445=)	538	ATP7A	HGNC:869	Likely benign	0	Feb 05, 2021	-1	-	RCV006912842
3201394	single nucleotide variant	NM_001267550.2(TTN):c.19785A>C (p.Ala6595=)	7273	TTN	HGNC:12403	Likely benign	0	Oct 19, 2024	2529816923	-	RCV004534487|RCV005209651
2123216	single nucleotide variant	NM_018082.6(POLR3B):c.1689A>G (p.Arg563=)	55703	POLR3B	HGNC:30348	Likely benign	0	Oct 17, 2024	200865877	-	RCV002949411|RCV004550321
1587392	single nucleotide variant	NM_001201543.2(FAM161A):c.1683C>A (p.Thr561=)	84140	FAM161A	HGNC:25808	Likely benign	0	Feb 12, 2024	2105078023	-	RCV002136113
1944100	single nucleotide variant	NM_000360.4(TH):c.1335-15C>T	7054	TH	HGNC:11782	Likely benign	0	Oct 06, 2025	2495783453	-	RCV003109194
1180868	single nucleotide variant	NM_002496.4(NDUFS8):c.110-284C>T	4728	NDUFS8	HGNC:7715	Likely benign	0	Jul 15, 2018	115295367	-	RCV001552647
3182345	single nucleotide variant	NM_001909.5(CTSD):c.705-15C>T	1509	CTSD	HGNC:2529	Likely benign	0	Feb 01, 2024	1845793366	-	RCV003876831
3833014	single nucleotide variant	NM_020964.3(EPG5):c.3270C>T (p.His1090=)	57724	EPG5	HGNC:29331	Likely benign	0	Apr 07, 2024	-1	-	RCV005166911
1941659	single nucleotide variant	NM_003998.4(NFKB1):c.402G>A (p.Val134=)	4790	NFKB1	HGNC:7794	Likely benign	0	Dec 03, 2025	149703243	-	RCV003112333
2996648	single nucleotide variant	NM_173076.3(ABCA12):c.1062-20A>G	26154	ABCA12	HGNC:14637	Likely benign	0	Jul 19, 2023	757562709	-	RCV003723425
670714	single nucleotide variant	NM_018006.5(TRMU):c.1101+111G>C	55687	TRMU	HGNC:25481	Benign	0	Jun 16, 2018	8135519	-	RCV000835868
2944644	single nucleotide variant	NM_001205293.3(CACNA1E):c.3731G>C (p.Gly1244Ala)	777	CACNA1E	HGNC:1392	Likely benign	0	Aug 17, 2023	2528903204	-	RCV003663812
1886260	single nucleotide variant	NM_173500.4(TTBK2):c.3687T>C (p.Thr1229=)	146057	TTBK2	HGNC:19141	Benign	0	Apr 03, 2023	530117994	-	RCV003090953
2891524	single nucleotide variant	NM_000901.5(NR3C2):c.963G>A (p.Thr321=)	4306	NR3C2	HGNC:7979	Likely benign	0	Jan 19, 2023	529946671	-	RCV003558910
617593	single nucleotide variant	NM_000314.8(PTEN):c.291G>A (p.Gln97=)	5728	PTEN	HGNC:9588	Benign/Likely benign	0	Feb 11, 2025	1564829889	-	RCV000771655|RCV001401155|RCV003483718|RCV005422958
3380820	single nucleotide variant	NM_004304.5(ALK):c.1635C>T (p.Ser545=)	238	ALK	HGNC:427	Likely benign	0	Jan 27, 2026	1666893501	-	RCV004516561|RCV006488703
2941234	single nucleotide variant	NM_000064.4(C3):c.1119+20G>A	718	C3	HGNC:1318	Likely benign	0	Jun 03, 2023	2512264256	-	RCV003664112
372432	single nucleotide variant	NM_016729.3(FOLR1):c.192C>T (p.Ala64=)	2348	FOLR1	HGNC:3791	Likely benign	0	Aug 22, 2022	1057523002	-	RCV000432736|RCV002522420
2891965	single nucleotide variant	NM_001271.4(CHD2):c.3526C>T (p.Leu1176=)	1106	CHD2	HGNC:1917	Likely benign	0	Jan 22, 2024	1555444216	-	RCV003581145
4873633	single nucleotide variant	NM_016032.4(ZDHHC9):c.270C>T (p.Asp90=)	51114	ZDHHC9	HGNC:18475	Likely benign	0	May 04, 2025	-1	-	RCV006587493
2009408	single nucleotide variant	NM_001371279.1(REEP1):c.32+16C>T	65055	REEP1	HGNC:25786	Likely benign	0	Aug 12, 2024	2469203156	-	RCV002710121
3766397	single nucleotide variant	NM_001375567.1(FOCAD):c.1560+15T>A	54914	FOCAD	HGNC:23377	Likely benign	0	Nov 13, 2024	-1	-	RCV005106122
1842248	single nucleotide variant	NM_006218.4(PIK3CA):c.2622C>T (p.Ser874=)	5290	PIK3CA	HGNC:8975	Likely benign	0	Mar 17, 2020	2473546626	-	RCV002426412
2962124	single nucleotide variant	NM_006348.5(COG5):c.42A>T (p.Gly14=)	10466	COG5	HGNC:14857	Likely benign	0	Jul 20, 2023	1490702712	-	RCV003609592
2149955	single nucleotide variant	NM_001322934.2(NFKB2):c.1110T>C (p.Ala370=)	4791	NFKB2	HGNC:7795	Likely benign	0	Aug 23, 2022	1182274313	-	RCV003013966
2963759	single nucleotide variant	NM_002529.4(NTRK1):c.1396C>T (p.Leu466=)	4914	NTRK1	HGNC:8031	Likely benign	0	Oct 03, 2023	2525635454	-	RCV003624871
812758	single nucleotide variant	NM_024675.4(PALB2):c.1569A>T (p.Ala523=)	79728	PALB2	HGNC:26144	Likely benign	0	Jul 06, 2023	1200825980	-	RCV001012178|RCV003500620
1534022	single nucleotide variant	NM_004998.4(MYO1E):c.3060C>T (p.Val1020=)	4643	MYO1E	HGNC:7599	Likely benign	0	Apr 22, 2024	140388346	-	RCV002136502|RCV002500309
3879667	single nucleotide variant	NM_025132.4(WDR19):c.993C>G (p.Gly331=)	57728	WDR19	HGNC:18340	Likely benign	0	Jun 21, 2024	-1	-	RCV005222068|RCV006973008
2219351	single nucleotide variant	NM_153834.4(ADGRG4):c.1495A>G (p.Lys499Glu)	139378	ADGRG4	HGNC:18992	Likely benign	0	Nov 30, 2022	772818899	-	RCV004095192
2882691	single nucleotide variant	NM_015692.5(CPAMD8):c.3309C>T (p.Phe1103=)	27151	CPAMD8	HGNC:23228	Likely benign	0	Oct 28, 2024	374653412	-	RCV003557181|RCV006903235
2989909	single nucleotide variant	NM_020549.5(CHAT):c.1511+20C>T	1103	CHAT	HGNC:1912	Likely benign	0	Jan 12, 2023	2538864712	-	RCV003631834
1919067	single nucleotide variant	NM_001303256.3(MORC2):c.2442C>T (p.Ala814=)	22880	MORC2	HGNC:23573	Likely benign	0	Aug 27, 2022	757728179	-	RCV002585513
3133612	single nucleotide variant	NM_000081.4(LYST):c.11195+15G>T	1130	LYST	HGNC:1968	Likely benign	0	Nov 03, 2025	866373658	-	RCV003836405
719622	single nucleotide variant	NM_194302.4(CFAP65):c.4567C>T (p.Leu1523=)	255101	CFAP65	HGNC:25325	Benign/Likely benign	0	Nov 25, 2024	115550782	-	RCV000885042|RCV006941887
2811354	single nucleotide variant	NM_001096.3(ACLY):c.807G>C (p.Leu269=)	47	ACLY	HGNC:115	Likely benign	0	May 01, 2022	769677609	-	RCV003413230
256973	single nucleotide variant	NM_000540.3(RYR1):c.4935-29T>C	6261	RYR1	HGNC:10483	Likely benign	0	-	886038335	-	RCV000246424
2440069	single nucleotide variant	NM_001367479.1(DNAH14):c.478A>G (p.Ile160Val)	127602	DNAH14	HGNC:2945	Likely benign	0	Jan 06, 2023	766572029	-	RCV004260537
2820033	single nucleotide variant	NM_007351.3(MMRN1):c.3680G>T (p.Arg1227Leu)	22915	MMRN1	HGNC:7178	Likely benign	0	Mar 01, 2023	147451161	-	RCV003435103
757178	single nucleotide variant	NM_020719.3(PRR12):c.4344C>T (p.Pro1448=)	57479	PRR12	HGNC:29217	Benign	0	Jun 05, 2018	200406703	-	RCV000916991
1989197	single nucleotide variant	NM_000632.4(ITGAM):c.588C>T (p.Phe196=)	3684	ITGAM	HGNC:6149	Likely benign	0	Jul 31, 2022	754939041	-	RCV002631751
1534457	single nucleotide variant	NM_020529.3(NFKBIA):c.948G>A (p.Thr316=)	4792	NFKBIA	HGNC:7797	Likely benign	0	Jun 27, 2024	772630322	-	RCV002107227|RCV003893250|RCV006840004
1554072	single nucleotide variant	NM_016492.5(RANGRF):c.195-4C>T	29098	RANGRF	HGNC:17679	Likely benign	0	Apr 17, 2021	771675539	-	RCV002098764
3158536	single nucleotide variant	NM_032620.4(GTPBP3):c.1389G>T (p.Val463=)	84705	GTPBP3	HGNC:14880	Likely benign	0	May 16, 2024	1167934453	-	RCV003868878
1970707	single nucleotide variant	NM_170606.3(KMT2C):c.12554A>G (p.His4185Arg)	58508	KMT2C	HGNC:13726	Benign	0	Aug 06, 2024	371650734	-	RCV002601661
4025415	single nucleotide variant	NM_177559.3(CSNK2A1):c.1078A>G (p.Thr360Ala)	1457	CSNK2A1	HGNC:2457	Likely benign	0	Feb 16, 2025	-1	-	RCV005434515
2863195	single nucleotide variant	NM_001164508.2(NEB):c.13264-13T>C	4703	NEB	HGNC:7720	Likely benign	0	Dec 22, 2023	2552221009	-	RCV003515494
1129164	single nucleotide variant	NM_020831.6(MRTFA):c.1644C>T (p.Gly548=)	57591	MRTFA	HGNC:14334	Likely benign	0	May 11, 2025	979882578	-	RCV001451450
3275412	single nucleotide variant	NM_020848.4(JCAD):c.2208C>G (p.Phe736Leu)	57608	JCAD	HGNC:29283	Likely benign	0	Dec 30, 2023	770620720	-	RCV004401186
1599488	single nucleotide variant	NM_000642.3(AGL):c.1736-7T>C	178	AGL	HGNC:321	Likely benign	0	Sep 17, 2024	1224630568	-	RCV002093548
3070248	single nucleotide variant	NM_005060.4(RORC):c.183T>C (p.Cys61=)	6097	RORC	HGNC:10260	Likely benign	0	Aug 02, 2023	2525631054	-	RCV003756476
1231020	single nucleotide variant	NM_000277.3(PAH):c.1065+155T>C	5053	PAH	HGNC:8582	Benign	0	Sep 22, 2018	10860931	-	RCV001641569
3194220	single nucleotide variant	NM_002292.4(LAMB2):c.1891-4C>A	3913	LAMB2	HGNC:6487	Likely benign	0	May 21, 2021	1355803552	-	RCV003893801
1928592	single nucleotide variant	NM_001080467.3(MYO5B):c.1200G>A (p.Ala400=)	4645	MYO5B	HGNC:7603	Likely benign	0	Nov 24, 2025	374036327	-	RCV002620692
4281484	single nucleotide variant	NM_015459.5(ATL3):c.1309G>A (p.Val437Ile)	25923	ATL3	HGNC:24526	Likely benign	0	Aug 11, 2025	-1	-	RCV005735774
137773	single nucleotide variant	NM_005228.5(EGFR):c.1881-641C>T	1956	EGFR	HGNC:3236	Benign	0	Jun 15, 2019	10258568	-	RCV000120703|RCV001527929
3159695	single nucleotide variant	NM_000821.7(GGCX):c.1440-15G>T	2677	GGCX	HGNC:4247	Likely benign	0	Jul 26, 2023	1370059887	-	RCV003858946
1525126	single nucleotide variant	NM_021620.4(PRDM13):c.885C>T (p.Phe295=)	59336	PRDM13	HGNC:13998	Likely benign	0	May 20, 2024	2114500096	-	RCV002135639
1201843	single nucleotide variant	NM_002609.4(PDGFRB):c.2798+196G>A	5159	PDGFRB	HGNC:8804	Likely benign	0	Mar 24, 2019	115096367	-	RCV001584711
1264791	single nucleotide variant	NM_001142864.4(PIEZO1):c.327-117A>G	9780	PIEZO1	HGNC:28993	Benign	0	Jul 09, 2018	11076708	-	RCV001678784
1177728	single nucleotide variant	NM_000053.4(ATP7B):c.1544-142A>G	540	ATP7B	HGNC:870	Likely benign	0	Jul 10, 2018	78699520	-	RCV001547678
2366527	single nucleotide variant	NM_030952.3(NUAK2):c.1546G>A (p.Ala516Thr)	81788	NUAK2	HGNC:29558	Likely benign	0	Oct 03, 2022	568637332	-	RCV004208502
4879264	single nucleotide variant	NM_000292.3(PHKA2):c.762A>G (p.Glu254=)	5256	PHKA2	HGNC:8926	Likely benign	0	Dec 16, 2025	-1	-	RCV006581706
3185225	single nucleotide variant	NM_006659.4(TUBGCP2):c.855C>T (p.Tyr285=)	10844	TUBGCP2	HGNC:18599	Likely benign	0	Dec 01, 2023	150131271	-	RCV003885789|RCV003956636
689409	single nucleotide variant	NM_001110556.2(FLNA):c.7659G>C (p.Gly2553=)	2316	FLNA	HGNC:3754	Likely benign	0	Jul 15, 2024	909656307	-	RCV002064555|RCV002390783|RCV006924373
3209057	single nucleotide variant	NM_014861.4(ATP2C2):c.2333+112T>A	9914	ATP2C2	HGNC:29103	Likely benign	0	Oct 28, 2019	746162693	-	RCV003951813
2280044	single nucleotide variant	NM_001297663.2(TTC39A):c.1703G>A (p.Ser568Asn)	22996	TTC39A	HGNC:18657	Likely benign	0	May 27, 2022	2524280578	-	RCV004146402
1792394	single nucleotide variant	NM_001040108.2(MLH3):c.3444A>C (p.Pro1148=)	27030	MLH3	HGNC:7128	Likely benign	0	Jan 30, 2021	2503211458	-	RCV004048541
2825856	single nucleotide variant	NM_001365443.2(PTTG1IP2):c.57T>C (p.Phe19=)	102723899	PTTG1IP2	HGNC:55318	Likely benign	0	Oct 01, 2022	1797660735	-	RCV003423645
3938088	single nucleotide variant	NM_001379286.1(ZNF423):c.958G>A (p.Ala320Thr)	23090	ZNF423	HGNC:16762	Likely benign	0	Mar 01, 2025	-1	-	RCV005305302
1454532	single nucleotide variant	NM_000430.4(PAFAH1B1):c.1159+15C>T	5048	PAFAH1B1	HGNC:8574	Likely benign	0	Oct 23, 2024	778417468	-	RCV001938924
5070945	single nucleotide variant	NM_014159.7(SETD2):c.6910A>G (p.Thr2304Ala)	29072	SETD2	HGNC:18420	Likely benign	0	Mar 06, 2020	-1	-	RCV006948277
3031124	single nucleotide variant	NM_002473.6(MYH9):c.2499+7G>A	4627	MYH9	HGNC:7579	Likely benign	0	Sep 23, 2025	964685999	-	RCV003705210
3512051	single nucleotide variant	NM_022042.4(SLC26A1):c.489C>T (p.Asn163=)	10861	SLC26A1	HGNC:10993	Likely benign	0	Mar 20, 2024	-1	-	RCV004756822
697907	single nucleotide variant	NM_012260.4(HACL1):c.615G>A (p.Thr205=)	26061	HACL1	HGNC:17856	Benign	0	Nov 20, 2018	75008576	-	RCV000946715
696368	single nucleotide variant	NM_001031725.6(DDX59):c.946C>A (p.Leu316Ile)	83479	DDX59	HGNC:25360	Likely benign	0	Jan 12, 2026	147684909	-	RCV000955155|RCV003903273|RCV006857573
1069230	single nucleotide variant	NM_000091.5(COL4A3):c.3948C>A (p.Gly1316=)	1285	COL4A3	HGNC:2204	Likely benign	0	May 23, 2024	368594549	-	RCV001398055
4054952	single nucleotide variant	NM_018151.5(RIF1):c.3982C>T (p.Pro1328Ser)	55183	RIF1	HGNC:23207	Likely benign	0	Apr 24, 2025	-1	-	RCV005474819
1254187	single nucleotide variant	NM_005422.4(TECTA):c.5383+213G>T	7007	TECTA	HGNC:11720	Benign	0	Apr 04, 2019	114804515	-	RCV001667826
2815081	single nucleotide variant	NM_024407.5(NDUFS7):c.345C>T (p.Arg115=)	374291	NDUFS7	HGNC:7714	Likely benign	0	May 01, 2022	1172405159	-	RCV003423162
873196	single nucleotide variant	NM_001252024.2(TRPM1):c.729C>T (p.Gly243=)	4308	TRPM1	HGNC:7146	Benign/Likely benign	0	Dec 19, 2025	188427342	-	RCV001116911|RCV001510639|RCV003945826|RCV006846126
522153	single nucleotide variant	NM_032861.4(SERAC1):c.660A>G (p.Gln220=)	84947	SERAC1	HGNC:21061	Likely benign	0	Nov 28, 2025	776026202	-	RCV000650478
2808574	single nucleotide variant	NM_001172690.2(ZNF573):c.1164C>T (p.Cys388=)	126231	ZNF573	HGNC:26420	Likely benign	0	Mar 01, 2023	1468921924	-	RCV003425124
3068316	single nucleotide variant	NM_017617.5(NOTCH1):c.2794G>A (p.Asp932Asn)	4851	NOTCH1	HGNC:7881	Likely benign	0	Aug 23, 2023	758642073	-	RCV003748932
4896318	single nucleotide variant	NM_001267550.2(TTN):c.86220T>C (p.Ser28740=)	7273	TTN	HGNC:12403	Likely benign	0	Feb 19, 2025	-1	-	RCV006602295
1598922	single nucleotide variant	NM_001371986.1(UNC80):c.7134C>T (p.Thr2378=)	285175	UNC80	HGNC:26582	Likely benign	0	Mar 30, 2025	1048714718	-	RCV002143623
3754746	single nucleotide variant	NM_016213.5(TRIP4):c.1171-6G>A	9325	TRIP4	HGNC:12310	Likely benign	0	Dec 01, 2025	-1	-	RCV005080596
501182	single nucleotide variant	NM_022464.5(SIL1):c.1273C>T (p.Leu425=)	64374	SIL1	HGNC:24624	Likely benign	0	Aug 21, 2019	199646978	-	RCV001698099
1915699	single nucleotide variant	NM_004204.5(PIGQ):c.1566C>T (p.Ala522=)	9091	PIGQ	HGNC:14135	Likely benign	0	Aug 19, 2022	144325393	-	RCV002595317
1937519	single nucleotide variant	NM_130384.3(ATRIP):c.1686C>T (p.Thr562=)	84126	ATRIP	HGNC:33499	Likely benign	0	Jan 05, 2026	761268572	-	RCV003106910|RCV004877792
1066805	single nucleotide variant	NM_000478.6(ALPL):c.942G>A (p.Val314=)	249	ALPL	HGNC:438	Likely benign	0	Feb 14, 2020	2148184619	-	RCV001413189
1265189	single nucleotide variant	NM_199168.4(CXCL12):c.61+17G>A	6387	CXCL12	HGNC:10672	Benign	0	Jun 19, 2021	17540465	-	RCV001681823
1264067	single nucleotide variant	NC_000001.11:g.169586581C>T	2153	F5	HGNC:3542	Benign	0	May 12, 2021	9332484	-	RCV001681982
1209701	single nucleotide variant	NM_000335.5(SCN5A):c.2787+53C>A	6331	SCN5A	HGNC:10593	Likely benign	0	Jul 08, 2018	76703704	-	RCV001590398
1932292	single nucleotide variant	NM_025144.4(ALPK1):c.1197G>A (p.Gln399=)	80216	ALPK1	HGNC:20917	Likely benign	0	Apr 14, 2025	779806070	-	RCV002607835
279793	single nucleotide variant	NM_001005337.3(PKP1):c.*864G>T	5317	PKP1	HGNC:9023	Benign	0	Jan 12, 2018	61819986	-	RCV000390816|RCV004713571
5026671	single nucleotide variant	NM_000278.5(PAX2):c.43+1473G>T	5076	PAX2	HGNC:8616	Likely benign	0	May 13, 2018	-1	-	RCV006815735
2191003	single nucleotide variant	NM_021939.4(FKBP10):c.246-12C>T	60681	FKBP10	HGNC:18169	Likely benign	0	Apr 23, 2022	782790783	-	RCV003050065
3150096	single nucleotide variant	NM_014000.3(VCL):c.2746-13G>C	7414	VCL	HGNC:12665	Likely benign	0	Dec 15, 2022	771682081	-	RCV003841567
3747535	single nucleotide variant	NM_004481.5(GALNT2):c.1017G>A (p.Ser339=)	2590	GALNT2	HGNC:4124	Likely benign	0	Jun 19, 2024	-1	-	RCV005066546
1630941	single nucleotide variant	NM_000043.6(FAS):c.197-11T>C	355	FAS	HGNC:11920	Likely benign	0	Dec 16, 2024	187793393	-	RCV002130434
1600591	single nucleotide variant	NM_000169.3(GLA):c.201G>A (p.Lys67=)	2717	GLA	HGNC:4296	Likely benign	0	Feb 05, 2022	2147480934	-	RCV002141197
3342555	single nucleotide variant	NM_001288732.2(TEX2):c.1289C>T (p.Thr430Met)	55852	TEX2	HGNC:30884	Likely benign	0	Dec 08, 2023	782479358	-	RCV004472231
1083177	single nucleotide variant	NM_015443.4(KANSL1):c.1374C>T (p.Asp458=)	284058	KANSL1	HGNC:24565	Likely benign	0	Nov 21, 2019	2146947181	-	RCV001396892
1547932	single nucleotide variant	NM_175875.5(SIX5):c.603C>T (p.Gly201=)	147912	SIX5	HGNC:10891	Likely benign	0	Jul 03, 2024	202164217	-	RCV002161071|RCV002500347
349014	single nucleotide variant	NM_133459.4(CCBE1):c.*2372C>T	147372	CCBE1	HGNC:29426	Benign	0	Jan 13, 2018	9959080	-	RCV000279837|RCV004717173
1205714	single nucleotide variant	NM_006796.3(AFG3L2):c.293-348G>T	10939	AFG3L2	HGNC:315	Likely benign	0	Aug 03, 2018	116037947	-	RCV001585615
4804715	single nucleotide variant	NM_052854.4(CREB3L1):c.885G>C (p.Arg295=)	90993	CREB3L1	HGNC:18856	Likely benign	0	Feb 15, 2025	-1	-	RCV006498300
225239	single nucleotide variant	NM_000465.4(BARD1):c.1315-3486T>C	580	BARD1	HGNC:952	Likely benign	0	Dec 01, 2015	869312495	-	RCV000209476
5023017	single nucleotide variant	NM_012330.4(KAT6B):c.4083G>A (p.Glu1361=)	23522	KAT6B	HGNC:17582	Likely benign	0	Apr 17, 2023	-1	-	RCV006812162
2997616	single nucleotide variant	NM_001128178.3(NPHP1):c.1761+15T>C	4867	NPHP1	HGNC:7905	Likely benign	0	Jan 19, 2023	2467131620	-	RCV003749913
3050180	single nucleotide variant	NM_000463.3(UGT1A1):c.1491C>T (p.Ala497=)	-1	covers 10 genes, none of which curated to show dosage sensitivity	-	Likely benign	0	Dec 27, 2023	199539868	-	RCV003716954
3681440	single nucleotide variant	NM_002063.4(GLRA2):c.594T>A (p.Asn198Lys)	2742	GLRA2	HGNC:4327	Likely benign	0	Nov 10, 2024	-1	-	RCV004982611
1279211	single nucleotide variant	NM_004284.6(CHD1L):c.127+108=	9557	CHD1L	HGNC:1916	Benign	0	Nov 10, 2018	1890043	-	RCV001716349
234380	single nucleotide variant	NM_000051.4(ATM):c.8475A>G (p.Gln2825=)	472	ATM	HGNC:795	Benign/Likely benign	0	Jan 13, 2026	769656947	-	RCV000223573|RCV001242423|RCV003456381|RCV004591041|RCV006824097
1187680	single nucleotide variant	NM_001197104.2(KMT2A):c.9319T>C (p.Leu3107=)	4297	KMT2A	HGNC:7132	Likely benign	0	Aug 10, 2025	1950560263	-	RCV001560889
3906689	single nucleotide variant	NM_017654.4(SAMD9):c.2470C>A (p.Arg824=)	54809	SAMD9	HGNC:1348	Likely benign	0	Jan 31, 2025	-1	-	RCV005270419
1198223	single nucleotide variant	NM_001122955.4(BSCL2):c.630+64G>T	26580	BSCL2	HGNC:15832	Likely benign	0	Oct 17, 2018	73483955	-	RCV001576552
137631	single nucleotide variant	NM_007194.4(CHEK2):c.1343T>G (p.Ile448Ser)	11200	CHEK2	HGNC:16627	Benign/Likely benign	0	Apr 01, 2026	17886163	-	RCV000120559|RCV000132487|RCV000203747|RCV000759042|RCV003149830|RCV005235008
2869070	single nucleotide variant	NM_001277115.2(DNAH11):c.13431G>A (p.Glu4477=)	8701	DNAH11	HGNC:2942	Likely benign	0	Nov 01, 2023	1784801762	-	RCV003537696
1645397	single nucleotide variant	NM_003801.4(GPAA1):c.1689G>A (p.Leu563=)	8733	GPAA1	HGNC:4446	Likely benign	0	Mar 31, 2025	1223188653	-	RCV002133627
4875890	single nucleotide variant	NM_004663.5(RAB11A):c.33C>G (p.Leu11=)	8766	RAB11A	HGNC:9760	Likely benign	0	Sep 27, 2025	-1	-	RCV006586682
2824358	single nucleotide variant	NM_020061.6(OPN1LW):c.706A>C (p.Met236Leu)	5956	OPN1LW	HGNC:9936	Likely benign	0	Apr 01, 2022	1065426	-	RCV003440035
3753094	single nucleotide variant	NM_001349338.3(FOXP1):c.1292C>T (p.Thr431Met)	27086	FOXP1	HGNC:3823	Likely benign	0	Mar 10, 2025	-1	-	RCV005087319
1960111	single nucleotide variant	NM_001854.4(COL11A1):c.2829G>A (p.Gly943=)	1301	COL11A1	HGNC:2186	Likely benign	0	Jan 28, 2022	2525015706	-	RCV002582745
1129458	single nucleotide variant	NM_005629.4(SLC6A8):c.492C>G (p.Thr164=)	6535	SLC6A8	HGNC:11055	Likely benign	0	Jan 28, 2021	1430194297	-	RCV001476675
1267724	single nucleotide variant	NC_000006.12:g.24494696C>T	7915	ALDH5A1	HGNC:408	Benign	0	Jul 15, 2018	4646828	-	RCV001687748
1654348	single nucleotide variant	NM_006059.4(LAMC3):c.2348-11T>A	10319	LAMC3	HGNC:6494	Likely benign	0	Sep 02, 2025	769028618	-	RCV002191001
2252420	single nucleotide variant	NM_020884.7(MYH7B):c.4480G>A (p.Gly1494Ser)	57644	MYH7B	HGNC:15906	Likely benign	0	Dec 03, 2021	767764851	-	RCV004116259
3215819	single nucleotide variant	NM_153332.4(ERI1):c.583-9T>C	90459	ERI1	HGNC:23994	Likely benign	0	Apr 10, 2019	747593226	-	RCV003946967
1970825	single nucleotide variant	NM_001349338.3(FOXP1):c.1428+15C>T	27086	FOXP1	HGNC:3823	Likely benign	0	Nov 03, 2025	774978077	-	RCV002625507
477698	single nucleotide variant	NM_177438.3(DICER1):c.4014G>T (p.Ala1338=)	23405	DICER1	HGNC:17098	Benign/Likely benign	0	Apr 17, 2026	143454689	-	RCV000561111|RCV000869405
3864156	single nucleotide variant	NM_016169.4(SUFU):c.454+17G>C	51684	SUFU	HGNC:16466	Likely benign	0	Jun 17, 2024	-1	-	RCV005209792
3485704	single nucleotide variant	NM_006453.3(TBL3):c.974G>A (p.Arg325Gln)	10607	TBL3	HGNC:11587	Likely benign	0	Apr 29, 2024	-1	-	RCV004673519
730546	single nucleotide variant	NM_000498.3(CYP11B2):c.800-7T>C	1585	CYP11B2	HGNC:2592	Likely benign	0	Jan 26, 2026	544965885	-	RCV000891436|RCV001275477|RCV006781077
3961811	single nucleotide variant	NM_020207.7(ERCC6L2):c.897C>T (p.Leu299=)	375748	ERCC6L2	HGNC:26922	Likely benign	0	Jan 20, 2025	-1	-	RCV005332741
1208349	single nucleotide variant	NM_004187.5(KDM5C):c.-240G>A	8242	KDM5C	HGNC:11114	Likely benign	0	Oct 16, 2018	41308616	-	RCV001592209
3836622	single nucleotide variant	NM_012293.3(PXDN):c.3726C>A (p.Arg1242=)	7837	PXDN	HGNC:14966	Likely benign	0	Jun 30, 2024	-1	-	RCV005187643|RCV006911385
2938641	single nucleotide variant	NM_020458.4(TTC7A):c.185-13C>T	57217	TTC7A	HGNC:19750	Likely benign	0	Dec 14, 2023	779842844	-	RCV003643188
3779233	single nucleotide variant	NM_014845.6(FIG4):c.775+8T>A	9896	FIG4	HGNC:16873	Likely benign	0	Jun 12, 2024	-1	-	RCV005127310
1118636	single nucleotide variant	NM_152419.3(HGSNAT):c.1545G>A (p.Gly515=)	138050	HGSNAT	HGNC:26527	Likely benign	0	Aug 16, 2022	1440154264	-	RCV001460893
3845720	single nucleotide variant	NM_001376.5(DYNC1H1):c.11385G>T (p.Glu3795Asp)	1778	DYNC1H1	HGNC:2961	Likely benign	0	Nov 18, 2025	-1	-	RCV005183515
1960069	single nucleotide variant	NM_023036.6(DNAI2):c.645A>G (p.Pro215=)	64446	DNAI2	HGNC:18744	Likely benign	0	Jan 08, 2024	2143951830	-	RCV002575453
1268347	single nucleotide variant	NM_020921.4(NIN):c.1774+293C>G	51199	NIN	HGNC:14906	Benign	0	Nov 12, 2018	2181086	-	RCV001693344|RCV005920403|RCV005920404
1660283	single nucleotide variant	NM_018136.5(ASPM):c.2139T>C (p.Pro713=)	259266	ASPM	HGNC:19048	Likely benign	0	Apr 01, 2025	746872796	-	RCV002162456
724457	single nucleotide variant	NM_024741.3(ZNF408):c.1644G>A (p.Gly548=)	79797	ZNF408	HGNC:20041	Benign/Likely benign	0	Dec 11, 2025	118012896	-	RCV000889208|RCV006806496
1573345	single nucleotide variant	NM_000026.4(ADSL):c.1011-18T>C	158	ADSL	HGNC:291	Likely benign	0	Sep 17, 2025	779350776	-	RCV002207835
451381	single nucleotide variant	NM_000179.3(MSH6):c.2223C>T (p.Asn741=)	2956	MSH6	HGNC:7329	Benign/Likely benign	0	Dec 29, 2025	769668640	-	RCV000557875|RCV000562620|RCV002268139|RCV003478105|RCV004003672|RCV005421974|RCV005398768
3122250	single nucleotide variant	NM_212482.4(FN1):c.1941+13C>T	2335	FN1	HGNC:3778	Likely benign	0	Apr 21, 2025	1206982150	-	RCV003811005
4778404	single nucleotide variant	NM_153214.3(FBLN7):c.769G>A (p.Gly257Ser)	129804	FBLN7	HGNC:26740	Likely benign	0	Oct 23, 2025	-1	-	RCV006411162
3989069	single nucleotide variant	NM_004991.4(MECOM):c.1548A>G (p.Ser516=)	2122	MECOM	HGNC:3498	Likely benign	0	Feb 15, 2025	-1	-	RCV005380232
394160	single nucleotide variant	NM_000222.3(KIT):c.1095T>A (p.Ser365=)	3815	KIT	HGNC:6342	Benign/Likely benign	0	Jun 03, 2026	142963781	-	RCV000477358|RCV001017268|RCV006974511
4084413	single nucleotide variant	NM_001130142.2(VWA5A):c.764A>G (p.His255Arg)	4013	VWA5A	HGNC:6658	Likely benign	0	Mar 27, 2025	-1	-	RCV005525226
2890586	single nucleotide variant	NM_000030.3(AGXT):c.681-13T>G	189	AGXT	HGNC:341	Likely benign	0	Nov 06, 2023	1193432305	-	RCV003562009
1805123	single nucleotide variant	NM_005502.4(ABCA1):c.4587G>A (p.Glu1529=)	19	ABCA1	HGNC:29	Likely benign	0	Sep 05, 2022	1449629720	-	RCV002342247
769102	single nucleotide variant	NM_001173464.2(KIF21A):c.1851G>A (p.Glu617=)	55605	KIF21A	HGNC:19349	Likely benign	0	Jul 18, 2018	147473938	-	RCV000941793|RCV001112532
1823140	single nucleotide variant	NM_018699.4(PRDM5):c.1248A>G (p.Pro416=)	11107	PRDM5	HGNC:9349	Likely benign	0	Feb 04, 2026	568155553	-	RCV002396322|RCV003776418
3757011	single nucleotide variant	NM_001365999.1(SZT2):c.3744G>A (p.Ala1248=)	23334	SZT2	HGNC:29040	Likely benign	0	Jun 16, 2025	-1	-	RCV005079872
3748797	single nucleotide variant	NM_001367624.2(ZNF469):c.1173G>A (p.Leu391=)	84627	ZNF469	HGNC:23216	Likely benign	0	Oct 02, 2024	-1	-	RCV005067429
3846205	single nucleotide variant	NM_178170.3(NEK8):c.12C>T (p.Tyr4=)	284086	NEK8	HGNC:13387	Likely benign	0	Jun 25, 2024	-1	-	RCV005181828
3042450	single nucleotide variant	NM_006031.6(PCNT):c.4564-18T>C	5116	PCNT	HGNC:16068	Likely benign	0	Oct 23, 2023	2086272351	-	RCV003715588
461409	single nucleotide variant	NM_030930.4(UNC93B1):c.1206G>C (p.Pro402=)	81622	UNC93B1	HGNC:13481	Benign	0	Feb 01, 2026	112284414	-	RCV000556134|RCV004718730
1147601	single nucleotide variant	NM_000018.4(ACADVL):c.783C>T (p.Val261=)	37	ACADVL	HGNC:92	Likely benign	0	Feb 12, 2025	1309345559	-	RCV001483915
4914917	single nucleotide variant	NM_001382422.1(EXOC3L2):c.2103C>T (p.Arg701=)	90332	EXOC3L2	HGNC:30162	Benign	0	Jul 08, 2025	-1	-	RCV006621773
1091237	single nucleotide variant	NM_004304.5(ALK):c.3405G>A (p.Val1135=)	238	ALK	HGNC:427	Likely benign	0	Apr 02, 2024	773665287	-	RCV001428685|RCV003160718
3546483	single nucleotide variant	NM_000257.4(MYH7):c.1695G>A (p.Lys565=)	4625	MYH7	HGNC:7577	Likely benign	0	Apr 25, 2024	-1	-	RCV004807607
744348	single nucleotide variant	NM_001101426.4(CRPPA):c.257+10C>A	729920	CRPPA	HGNC:37276	Likely benign	0	Jan 19, 2026	1391659845	-	RCV002235617
4184924	single nucleotide variant	NM_000368.5(TSC1):c.2554C>T (p.Leu852=)	7248	TSC1	HGNC:12362	Benign	0	Apr 28, 2025	-1	-	RCV005621449
4804061	single nucleotide variant	NM_004448.4(ERBB2):c.2085+8G>A	2064	ERBB2	HGNC:3430	Likely benign	0	Aug 14, 2025	-1	-	RCV006482659
747121	single nucleotide variant	NM_007315.4(STAT1):c.1569A>G (p.Gly523=)	6772	STAT1	HGNC:11362	Likely benign	0	Jan 15, 2026	1211461298	-	RCV001394939|RCV006942271
3146245	single nucleotide variant	NM_030662.4(MAP2K2):c.708G>A (p.Pro236=)	5605	MAP2K2	HGNC:6842	Likely benign	0	Jun 26, 2024	569999283	-	RCV003845776|RCV006880924
1552487	single nucleotide variant	NM_016026.4(RDH11):c.665-17A>G	51109	RDH11	HGNC:17964	Likely benign	0	Aug 04, 2025	369758845	-	RCV002134546|RCV006843420
460931	single nucleotide variant	NM_001909.5(CTSD):c.882G>A (p.Val294=)	1509	CTSD	HGNC:2529	Likely benign	0	Mar 13, 2024	778999077	-	RCV000539647
4854572	single nucleotide variant	NM_004035.7(ACOX1):c.1107+17A>G	51	ACOX1	HGNC:119	Likely benign	0	Feb 25, 2025	-1	-	RCV006517462
2121259	single nucleotide variant	NM_025207.5(FLAD1):c.1359C>A (p.Ile453=)	80308	FLAD1	HGNC:24671	Likely benign	0	Apr 10, 2024	867629706	-	RCV002948428
4988195	single nucleotide variant	NM_017649.5(CNNM2):c.1368C>T (p.Cys456=)	54805	CNNM2	HGNC:103	Likely benign	0	May 07, 2026	-1	-	RCV006740595
3873104	single nucleotide variant	NM_021098.3(CACNA1H):c.420C>T (p.Asp140=)	8912	CACNA1H	HGNC:1395	Benign	0	May 29, 2024	-1	-	RCV005220542
2180533	single nucleotide variant	NM_001349338.3(FOXP1):c.628G>A (p.Gly210Arg)	27086	FOXP1	HGNC:3823	Likely benign	0	Dec 13, 2025	777458868	-	RCV003043195
374299	single nucleotide variant	NM_005477.3(HCN4):c.2637C>T (p.Ser879=)	10021	HCN4	HGNC:16882	Likely benign	0	Oct 06, 2025	769042435	-	RCV000425795|RCV002429396|RCV006462707
1343616	single nucleotide variant	NM_000642.3(AGL):c.2958A>G (p.Lys986=)	178	AGL	HGNC:321	Likely benign	0	Jan 09, 2026	776028713	-	RCV001918778
334578	single nucleotide variant	NC_000016.10:g.28846401C>T	7284	TUFM	HGNC:12420	Benign/Likely benign	0	Jul 07, 2018	112029765	-	RCV001653560
1579190	single nucleotide variant	NM_000317.3(PTS):c.83+9T>G	5805	PTS	HGNC:9689	Likely benign	0	Nov 05, 2021	2135407218	-	RCV002081382
2944508	single nucleotide variant	NM_002470.4(MYH3):c.5562+12G>A	4621	MYH3	HGNC:7573	Likely benign	0	Oct 01, 2025	1432458500	-	RCV003662234
1122361	single nucleotide variant	NM_025215.6(PUS1):c.1053G>A (p.Gly351=)	80324	PUS1	HGNC:15508	Likely benign	0	Nov 08, 2021	2136444424	-	RCV001459372
3100103	single nucleotide variant	NM_005592.4(MUSK):c.1722C>T (p.Asn574=)	4593	MUSK	HGNC:7525	Likely benign	0	Oct 26, 2023	2077844369	-	RCV003791770
3102397	single nucleotide variant	NM_000891.3(KCNJ2):c.426C>G (p.Thr142=)	3759	KCNJ2	HGNC:6263	Likely benign	0	Dec 01, 2025	2509921096	-	RCV003798539|RCV006347874
4225031	single nucleotide variant	NM_018050.4(MANSC1):c.1015A>G (p.Thr339Ala)	54682	MANSC1	HGNC:25505	Likely benign	0	Aug 02, 2025	-1	-	RCV005668468
3063632	single nucleotide variant	NM_017617.5(NOTCH1):c.2740+13G>A	4851	NOTCH1	HGNC:7881	Benign/Likely benign	0	Oct 02, 2024	547903880	-	RCV003748870|RCV006789472
734153	single nucleotide variant	NM_004393.6(DAG1):c.1858T>C (p.Leu620=)	1605	DAG1	HGNC:2666	Likely benign	0	Jan 30, 2018	1466654266	-	RCV000907073
4901705	single nucleotide variant	NM_005045.4(RELN):c.7323C>T (p.Ile2441=)	5649	RELN	HGNC:9957	Likely benign	0	Dec 15, 2025	-1	-	RCV006596263
1852175	single nucleotide variant	NM_013372.7(GREM1):c.265C>T (p.Leu89=)	26585	GREM1	HGNC:2001	Likely benign	0	Jul 19, 2022	12911221	-	RCV002453121
1588891	single nucleotide variant	NM_002074.5(GNB1):c.96+7G>A	2782	GNB1	HGNC:4396	Likely benign	0	Jul 05, 2022	2100887865	-	RCV002209555
3199417	single nucleotide variant	NM_002853.4(RAD1):c.341G>A (p.Gly114Asp)	5810	RAD1	HGNC:9806	Benign	0	Nov 04, 2019	2308957	-	RCV003916826
134428	single nucleotide variant	NM_024757.5(EHMT1):c.316C>G (p.Gln106Glu)	79813	EHMT1	HGNC:24650	Benign/Likely benign	0	Feb 03, 2026	144603232	-	RCV000116963|RCV000362161|RCV000429185|RCV002313877|RCV003905114
1555822	single nucleotide variant	NM_000782.5(CYP24A1):c.1435-14C>T	1591	CYP24A1	HGNC:2602	Benign	0	Feb 01, 2026	59241115	-	RCV002179289
2166793	single nucleotide variant	NM_030773.4(TUBB1):c.57+17T>A	81027	TUBB1	HGNC:16257	Likely benign	0	Sep 25, 2022	2515913582	-	RCV003017461
1223030	single nucleotide variant	NM_001017420.3(ESCO2):c.1673+226A>G	157570	ESCO2	HGNC:27230	Benign	0	Jul 07, 2018	35117969	-	RCV001617743
1834756	single nucleotide variant	NM_001386125.1(OBSCN):c.20715G>C (p.Arg6905=)	84033	OBSCN	HGNC:15719	Likely benign	0	Aug 31, 2020	529592060	-	RCV004061466
4856554	single nucleotide variant	NM_004366.6(CLCN2):c.2346T>G (p.Pro782=)	1181	CLCN2	HGNC:2020	Likely benign	0	Jan 13, 2026	-1	-	RCV006522046
2972193	single nucleotide variant	NM_000260.4(MYO7A):c.4441+20G>A	4647	MYO7A	HGNC:7606	Likely benign	0	Jan 15, 2024	2497547516	-	RCV003680149
1276709	single nucleotide variant	NM_021116.4(ADCY1):c.1021-36G>A	107	ADCY1	HGNC:232	Benign	0	Dec 12, 2018	3735672	-	RCV001708498
3861740	single nucleotide variant	NM_001376.5(DYNC1H1):c.6619-14G>C	1778	DYNC1H1	HGNC:2961	Likely benign	0	Jun 04, 2024	-1	-	RCV005196881
1226944	single nucleotide variant	NM_005591.4(MRE11):c.660-309A>G	4361	MRE11	HGNC:7230	Benign	0	Jul 05, 2018	12273275	-	RCV001640040
5060245	single nucleotide variant	NM_001040424.3(PRDM15):c.1183+11G>A	63977	PRDM15	HGNC:13999	Likely benign	0	Aug 21, 2024	-1	-	RCV006901501
2940975	single nucleotide variant	NM_000085.5(CLCNKB):c.230-10C>G	1188	CLCNKB	HGNC:2027	Likely benign	0	Nov 20, 2023	777325023	-	RCV003663961
205544	single nucleotide variant	NC_000002.12:g.189564177T>A	30061	SLC40A1	HGNC:10909	Likely benign	1	Jan 20, 2026	368420430	-	RCV000190909
2818515	single nucleotide variant	NM_001394372.1(BICRA):c.4315C>T (p.Leu1439=)	29998	BICRA	HGNC:4332	Likely benign	0	Oct 01, 2024	369242399	-	RCV003425295
3823386	single nucleotide variant	NM_025074.7(FRAS1):c.10818C>T (p.Tyr3606=)	80144	FRAS1	HGNC:19185	Likely benign	0	Mar 12, 2024	-1	-	RCV005167482
5013450	single nucleotide variant	NM_181552.4(CUX1):c.972C>T (p.Ile324=)	1523	CUX1	HGNC:2557	Likely benign	0	Jul 26, 2023	-1	-	RCV006786766
2215245	single nucleotide variant	NM_001139442.2(TTLL11):c.302C>T (p.Pro101Leu)	158135	TTLL11	HGNC:18113	Likely benign	0	Dec 07, 2021	138056066	-	RCV004086949
2925705	single nucleotide variant	NM_003640.5(ELP1):c.1929A>G (p.Ser643=)	8518	ELP1	HGNC:5959	Likely benign	0	Sep 26, 2023	2537902559	-	RCV003565211
1991580	single nucleotide variant	NM_001368882.1(COL13A1):c.751-17G>A	1305	COL13A1	HGNC:2190	Likely benign	0	Feb 16, 2024	543490632	-	RCV002626644
1091917	single nucleotide variant	NM_003042.4(SLC6A1):c.1065T>C (p.Asp355=)	6529	SLC6A1	HGNC:11042	Likely benign	0	Mar 07, 2024	967912210	-	RCV005057399
209463	single nucleotide variant	NM_003036.4(SKI):c.1163C>T (p.Ala388Val)	6497	SKI	HGNC:10896	Benign/Likely benign	0	Jun 01, 2026	75280988	-	RCV000198871|RCV000436746|RCV000986220|RCV002315609|RCV005893450|RCV005893447|RCV005893451|RCV005893453|RCV005893449|RCV005893452|RCV005893448
3008880	single nucleotide variant	NM_001377.3(DYNC2H1):c.11493+14A>C	79659	DYNC2H1	HGNC:2962	Likely benign	0	Mar 20, 2023	1867369803	-	RCV003750217
787037	single nucleotide variant	NM_002838.5(PTPRC):c.583+9A>T	5788	PTPRC	HGNC:9666	Likely benign	0	Oct 17, 2024	775041537	-	RCV000975753
769083	single nucleotide variant	NM_000719.7(CACNA1C):c.5997C>T (p.Thr1999=)	775	CACNA1C	HGNC:1390	Likely benign	0	Mar 06, 2018	1291561787	-	RCV001478654
989752	single nucleotide variant	NM_004656.4(BAP1):c.60A>G (p.Glu20=)	8314	BAP1	HGNC:950	Benign/Likely benign	0	Jul 11, 2024	1705306247	-	RCV001298480|RCV003294216
685946	single nucleotide variant	NM_001267550.2(TTN):c.96141G>A (p.Thr32047=)	7273	TTN	HGNC:12403	Likely benign	0	Feb 01, 2026	752553035	-	RCV000869904|RCV001724180|RCV001727812|RCV002363255
4843415	single nucleotide variant	NM_000308.4(CTSA):c.1164+12G>A	5476	CTSA	HGNC:9251	Likely benign	0	Jan 05, 2026	-1	-	RCV006530396
1517776	single nucleotide variant	NM_016373.4(WWOX):c.517-108146T>G	51741	WWOX	HGNC:12799	Likely benign	0	Sep 28, 2021	148709546	-	RCV002052391
659799	single nucleotide variant	NM_000335.5(SCN5A):c.4243-181T>C	6331	SCN5A	HGNC:10593	Benign	0	Jun 14, 2018	6804918	-	RCV000831073
3126473	single nucleotide variant	NM_000262.3(NAGA):c.598-20G>A	4668	NAGA	HGNC:7631	Likely benign	0	Jul 13, 2023	2146841669	-	RCV003817200
2828310	single nucleotide variant	NM_001099697.2(RSPH10B2):c.1955C>T (p.Pro652Leu)	728194	RSPH10B2	HGNC:34385	Likely benign	0	Jan 01, 2023	201849336	-	RCV003436647
3206243	single nucleotide variant	NM_007118.4(TRIO):c.5117C>T (p.Ala1706Val)	7204	TRIO	HGNC:12303	Likely benign	0	Jul 01, 2025	753125237	-	RCV004554466|RCV005764943
3740750	single nucleotide variant	NM_020699.4(GATAD2B):c.312T>A (p.Pro104=)	57459	GATAD2B	HGNC:30778	Likely benign	0	Feb 17, 2025	-1	-	RCV005074087
331254	single nucleotide variant	NM_000900.5(MGP):c.*343G>A	4256	MGP	HGNC:7060	Benign	0	Jan 12, 2018	35112962	-	RCV000297486|RCV004706919
1938550	single nucleotide variant	NM_000702.4(ATP1A2):c.2116-13G>C	477	ATP1A2	HGNC:800	Likely benign	0	Jul 21, 2025	201759755	-	RCV003112664
297631	single nucleotide variant	NM_000860.6(HPGD):c.*1514A>G	3248	HPGD	HGNC:5154	Likely benign	0	Jan 12, 2018	45449496	-	RCV000309998|RCV000364674
5074130	single nucleotide variant	NM_000092.5(COL4A4):c.4081+17C>A	1286	COL4A4	HGNC:2206	Likely benign	0	Jul 22, 2024	-1	-	RCV006937528
1602057	single nucleotide variant	NM_000158.4(GBE1):c.1044A>G (p.Glu348=)	2632	GBE1	HGNC:4180	Likely benign	0	Dec 13, 2023	1482348006	-	RCV002144469
1392146	single nucleotide variant	NM_018060.4(IARS2):c.30G>A (p.Pro10=)	55699	IARS2	HGNC:29685	Likely benign	0	Jan 19, 2026	1162950334	-	RCV001879637
1128823	single nucleotide variant	NM_001347721.2(DYRK1A):c.1092A>C (p.Ile364=)	1859	DYRK1A	HGNC:3091	Likely benign	0	Jun 02, 2025	201327052	-	RCV001475691|RCV005432729
1249097	single nucleotide variant	NM_002336.3(LRP6):c.2994+133=	4040	LRP6	HGNC:6698	Benign	0	Jun 19, 2021	7979485	-	RCV001670859
5051507	single nucleotide variant	NM_173630.4(RTTN):c.5824-16T>C	25914	RTTN	HGNC:18654	Likely benign	0	Mar 18, 2020	-1	-	RCV006878759
1233816	single nucleotide variant	NC_000011.10:g.108593824T>C	23086	EXPH5	HGNC:30578	Benign	0	May 12, 2021	7127516	-	RCV001643943
2865431	single nucleotide variant	NM_002185.5(IL7R):c.405G>A (p.Leu135=)	3575	IL7R	HGNC:6024	Likely benign	0	Jun 09, 2023	768760071	-	RCV003515349
470308	single nucleotide variant	NM_033118.4(MYLK2):c.303T>C (p.Thr101=)	85366	MYLK2	HGNC:16243	Likely benign	0	May 08, 2017	1555789900	-	RCV000554227
3929289	single nucleotide variant	NM_007124.3(UTRN):c.6553T>C (p.Cys2185Arg)	7402	UTRN	HGNC:12635	Likely benign	0	Mar 03, 2025	-1	-	RCV005296636
698408	single nucleotide variant	NM_001083619.3(GRIA2):c.891T>C (p.Ser297=)	2891	GRIA2	HGNC:4572	Benign	0	Dec 31, 2019	34460606	-	RCV000954630
2151945	single nucleotide variant	NM_022124.6(CDH23):c.9381-17T>C	64072	CDH23	HGNC:13733	Likely benign	0	Sep 02, 2024	2494458993	-	RCV003020769
4802507	single nucleotide variant	NM_001282933.2(ZNF341):c.143-5C>G	84905	ZNF341	HGNC:15992	Likely benign	0	Jun 20, 2025	-1	-	RCV006490802
3769919	single nucleotide variant	NM_001330078.2(NRXN1):c.4032A>G (p.Gln1344=)	9378	NRXN1	HGNC:8008	Likely benign	0	Jan 11, 2026	-1	-	RCV005105770
1917038	single nucleotide variant	NM_000553.6(WRN):c.3234-18A>G	7486	WRN	HGNC:12791	Likely benign	0	Sep 10, 2023	1563377258	-	RCV002592355
1517202	single nucleotide variant	NM_001100913.3(PACS2):c.2271C>T (p.Ala757=)	23241	PACS2	HGNC:23794	Likely benign	0	Nov 01, 2025	782788901	-	RCV002038443
1265042	single nucleotide variant	NM_182914.3(SYNE2):c.18724-286A>G	23224	SYNE2	HGNC:17084	Benign	0	Jul 10, 2018	61984375	-	RCV001679035
4009974	single nucleotide variant	NM_024422.6(DSC2):c.567G>A (p.Glu189=)	1824	DSC2	HGNC:3036	Likely benign	0	Sep 30, 2024	-1	-	RCV005401132
3622404	single nucleotide variant	NM_130384.3(ATRIP):c.837G>A (p.Lys279=)	84126	ATRIP	HGNC:33499	Likely benign	0	Oct 05, 2024	-1	-	RCV004878932
66275	single nucleotide variant	NM_000059.4(BRCA2):c.4163C>A (p.Thr1388Asn)	675	BRCA2	HGNC:1101	Likely benign	0	Mar 23, 2023	28897725	-	RCV000113281|RCV003156772
1107067	single nucleotide variant	NM_000022.4(ADA):c.607-8C>A	100	ADA	HGNC:186	Likely benign	0	Jan 12, 2026	751830380	-	RCV001434629
182098	single nucleotide variant	NM_000179.3(MSH6):c.2142T>C (p.Ser714=)	2956	MSH6	HGNC:7329	Benign/Likely benign	0	Jul 22, 2025	786201606	-	RCV000163959|RCV000233698|RCV001704185|RCV004806128|RCV005420625
3908788	single nucleotide variant	NM_001099218.3(RAD51AP2):c.1889T>C (p.Val630Ala)	729475	RAD51AP2	HGNC:34417	Likely benign	0	Mar 10, 2025	-1	-	RCV005269374
3158038	single nucleotide variant	NM_002693.3(POLG):c.111C>T (p.Asp37=)	5428	POLG	HGNC:9179	Likely benign	0	Oct 24, 2025	1380599126	-	RCV003865794
4942049	single nucleotide variant	NM_001127208.3(TET2):c.3138T>C (p.Leu1046=)	54790	TET2	HGNC:25941	Likely benign	0	Jan 18, 2026	-1	-	RCV006661204
864930	single nucleotide variant	NM_000642.3(AGL):c.*1581G>C	178	AGL	HGNC:321	Likely benign	0	Jan 12, 2018	76338815	-	RCV001102433
1545706	single nucleotide variant	NM_004963.4(GUCY2C):c.1815C>T (p.His605=)	2984	GUCY2C	HGNC:4688	Likely benign	0	Aug 15, 2025	1449607880	-	RCV002179619
3174350	single nucleotide variant	NM_003227.4(TFR2):c.225G>T (p.Ala75=)	7036	TFR2	HGNC:11762	Likely benign	0	Dec 05, 2023	148140889	-	RCV003875697
661142	single nucleotide variant	NM_002887.4(RARS1):c.1236+226A>G	5917	RARS1	HGNC:9870	Benign	0	Jun 14, 2018	2290625	-	RCV000828627
2173226	single nucleotide variant	NM_001127178.3(PIGG):c.1246C>T (p.Leu416=)	54872	PIGG	HGNC:25985	Likely benign	0	Apr 01, 2022	2474874176	-	RCV003025184
4931482	single nucleotide variant	NM_001148.6(ANK2):c.2548+1442C>T	287	ANK2	HGNC:493	Likely benign	0	Mar 27, 2026	-1	-	RCV006652823
5060593	single nucleotide variant	NM_021096.4(CACNA1I):c.5139C>T (p.Phe1713=)	8911	CACNA1I	HGNC:1396	Likely benign	0	May 23, 2024	-1	-	RCV006919467
3115626	single nucleotide variant	NM_005560.6(LAMA5):c.10088+14C>T	3911	LAMA5	HGNC:6485	Likely benign	0	Sep 30, 2025	753623282	-	RCV003816283
5011279	single nucleotide variant	NM_002451.4(MTAP):c.102G>C (p.Val34=)	4507	MTAP	HGNC:7413	Likely benign	0	Nov 28, 2023	-1	-	RCV006797983
1144672	single nucleotide variant	NM_182914.3(SYNE2):c.9993T>C (p.Tyr3331=)	23224	SYNE2	HGNC:17084	Likely benign	0	Oct 03, 2023	777547599	-	RCV001495949|RCV006832235
3126987	single nucleotide variant	NM_032888.4(COL27A1):c.5349G>A (p.Lys1783=)	85301	COL27A1	HGNC:22986	Likely benign	0	Dec 23, 2022	1280803639	-	RCV003824905
2476680	single nucleotide variant	NM_000422.3(KRT17):c.89G>C (p.Arg30Pro)	3872	KRT17	HGNC:6427	Benign/Likely benign	0	Jan 04, 2026	2229512	-	RCV003222912|RCV006873540
5012600	single nucleotide variant	NM_001105206.3(LAMA4):c.2667+14T>C	3910	LAMA4	HGNC:6484	Likely benign	0	Sep 08, 2023	-1	-	RCV006766330
1521282	single nucleotide variant	NM_183050.4(BCKDHB):c.9T>A (p.Val3=)	594	BCKDHB	HGNC:987	Likely benign	0	Jan 07, 2023	1373155112	-	RCV002143558
3120093	single nucleotide variant	NM_025074.7(FRAS1):c.11446-7C>T	80144	FRAS1	HGNC:19185	Likely benign	0	Feb 15, 2023	1024936587	-	RCV003812163
3117701	single nucleotide variant	NM_014049.5(ACAD9):c.245-11C>T	28976	ACAD9	HGNC:21497	Likely benign	0	Apr 19, 2025	1183244940	-	RCV003823300
1558208	single nucleotide variant	NM_001267550.2(TTN):c.14616G>A (p.Lys4872=)	7273	TTN	HGNC:12403	Likely benign	0	Jan 06, 2024	771719584	-	RCV002126159
2055798	single nucleotide variant	NM_030665.4(RAI1):c.5181C>A (p.Gly1727=)	10743	RAI1	HGNC:9834	Likely benign	0	Jun 12, 2022	2543624861	-	RCV002820825
241891	single nucleotide variant	NM_003239.5(TGFB3):c.744C>A (p.Ile248=)	7043	TGFB3	HGNC:11769	Benign/Likely benign	0	Jun 01, 2026	45477900	-	RCV000435872|RCV001579942|RCV002310823|RCV002518334
1088061	single nucleotide variant	NM_002529.4(NTRK1):c.339C>T (p.Phe113=)	4914	NTRK1	HGNC:8031	Likely benign	0	Jun 16, 2023	1655846808	-	RCV001448556
1615613	single nucleotide variant	NM_033641.4(COL4A6):c.12-17C>T	1288	COL4A6	HGNC:2208	Likely benign	0	Apr 19, 2024	765535192	-	RCV002101666|RCV006921517
3818237	single nucleotide variant	NM_001376.5(DYNC1H1):c.4335T>C (p.Ile1445=)	1778	DYNC1H1	HGNC:2961	Likely benign	0	Mar 25, 2024	-1	-	RCV005160498
1096606	single nucleotide variant	NM_001673.5(ASNS):c.747A>G (p.Thr249=)	440	ASNS	HGNC:753	Likely benign	0	Jan 29, 2023	2115654646	-	RCV001435135
3793857	single nucleotide variant	NM_001144967.3(NEDD4L):c.1641T>C (p.Leu547=)	23327	NEDD4L	HGNC:7728	Likely benign	0	Jul 06, 2024	-1	-	RCV005140239
715533	single nucleotide variant	NM_002204.4(ITGA3):c.929C>T (p.Ala310Val)	3675	ITGA3	HGNC:6139	Benign/Likely benign	0	Feb 01, 2026	61730088	-	RCV000963368|RCV006887236
2942598	single nucleotide variant	NM_001278116.2(L1CAM):c.3323-13G>A	3897	L1CAM	HGNC:6470	Likely benign	0	Apr 25, 2023	2520961983	-	RCV003751094
2912908	single nucleotide variant	NM_000061.3(BTK):c.240+8G>A	695	BTK	HGNC:1133	Likely benign	0	Aug 07, 2023	2520687888	-	RCV003511721
257299	single nucleotide variant	NM_001972.4(ELANE):c.770C>T (p.Pro257Leu)	1991	ELANE	HGNC:3309	Benign/Likely benign	0	Jun 01, 2026	17216663	-	RCV000243329|RCV000444348|RCV001795448|RCV002262878
1137665	single nucleotide variant	NM_138694.4(PKHD1):c.9711A>G (p.Arg3237=)	5314	PKHD1	HGNC:9016	Likely benign	0	Feb 11, 2020	2150981690	-	RCV001498264
3193248	single nucleotide variant	NM_004462.5(FDFT1):c.201C>T (p.Asn67=)	2222	FDFT1	HGNC:3629	Benign	0	Oct 21, 2019	8417	-	RCV003974414
1811418	single nucleotide variant	NM_020778.5(ALPK3):c.30C>A (p.Gly10=)	57538	ALPK3	HGNC:17574	Likely benign	0	Nov 22, 2021	1963373253	-	RCV002369068
3145347	single nucleotide variant	NM_001080414.4(CCDC88C):c.4113-14T>C	440193	CCDC88C	HGNC:19967	Likely benign	0	Oct 18, 2023	1221949039	-	RCV003850932
2110007	single nucleotide variant	NM_002775.5(HTRA1):c.778-7G>A	5654	HTRA1	HGNC:9476	Likely benign	0	Aug 17, 2023	2497648135	-	RCV002957350
2720802	single nucleotide variant	NM_003079.5(SMARCE1):c.1093G>A (p.Glu365Lys)	6605	SMARCE1	HGNC:11109	Likely benign	0	Jun 02, 2025	2508592741	-	RCV003296220
4064781	single nucleotide variant	NM_004260.4(RECQL4):c.3558A>G (p.Lys1186=)	9401	RECQL4	HGNC:9949	Likely benign	0	May 02, 2025	-1	-	RCV005478858
4265381	single nucleotide variant	NM_017419.3(ASIC5):c.701A>G (p.Asn234Ser)	51802	ASIC5	HGNC:17537	Likely benign	0	Aug 23, 2025	-1	-	RCV005719336
5021551	single nucleotide variant	NM_000552.5(VWF):c.3423G>A (p.Glu1141=)	7450	VWF	HGNC:12726	Likely benign	0	Sep 15, 2023	-1	-	RCV006823249
291091	single nucleotide variant	NM_000821.7(GGCX):c.1218C>T (p.Arg406=)	2677	GGCX	HGNC:4247	Benign	0	Feb 04, 2026	2592551	-	RCV000261373|RCV001613099|RCV006445881
2815945	single nucleotide variant	NM_006618.5(KDM5B):c.2157A>G (p.Val719=)	10765	KDM5B	HGNC:18039	Likely benign	0	Jul 01, 2023	2527486020	-	RCV003414671
3012108	single nucleotide variant	NM_018192.4(P3H2):c.481-18A>G	55214	P3H2	HGNC:19317	Likely benign	0	Mar 24, 2023	749319754	-	RCV003690665
1529334	single nucleotide variant	NM_006059.4(LAMC3):c.690C>G (p.Thr230=)	10319	LAMC3	HGNC:6494	Likely benign	0	Aug 14, 2024	762345231	-	RCV002161538
2907259	single nucleotide variant	NM_024757.5(EHMT1):c.2019-19C>A	79813	EHMT1	HGNC:24650	Likely benign	0	Jul 16, 2023	2136709094	-	RCV003502268
1563056	single nucleotide variant	NM_014043.4(CHMP2B):c.234A>C (p.Val78=)	25978	CHMP2B	HGNC:24537	Likely benign	0	Sep 27, 2022	765641845	-	RCV002113836
3769488	single nucleotide variant	NM_003664.5(AP3B1):c.2398-12G>A	8546	AP3B1	HGNC:566	Likely benign	0	Mar 05, 2024	-1	-	RCV005105529
3203375	single nucleotide variant	NM_012156.2(EPB41L1):c.2037G>A (p.Pro679=)	2036	EPB41L1	HGNC:3378	Likely benign	0	Jun 27, 2019	150389879	-	RCV003933924
1206523	single nucleotide variant	NM_001035.3(RYR2):c.1171-188T>C	6262	RYR2	HGNC:10484	Likely benign	0	Jun 26, 2018	79065964	-	RCV001586924
1241809	single nucleotide variant	NM_181486.4(TBX5):c.664-161T>C	6910	TBX5	HGNC:11604	Benign	0	Jul 10, 2018	16944184	-	RCV001657400
3170081	single nucleotide variant	NM_001278512.2(AP3B2):c.972G>A (p.Val324=)	8120	AP3B2	HGNC:567	Likely benign	0	Oct 22, 2023	1335508181	-	RCV003869710
5068047	single nucleotide variant	NM_014009.4(FOXP3):c.1146+21G>A	50943	FOXP3	HGNC:6106	Likely benign	0	Jan 04, 2021	-1	-	RCV006908616
3741960	single nucleotide variant	NM_003835.4(RGS9):c.1892+11G>A	8787	RGS9	HGNC:10004	Likely benign	0	Oct 06, 2025	-1	-	RCV005070680
1172260	single nucleotide variant	NM_002334.4(LRP4):c.2424+49G>A	4038	LRP4	HGNC:6696	Benign	0	Jul 06, 2018	2306027	-	RCV001538739
2297130	single nucleotide variant	NM_000823.4(GHRHR):c.394A>G (p.Ile132Val)	2692	GHRHR	HGNC:4266	Likely benign	0	Aug 03, 2022	1011235926	-	RCV002895975
3065199	single nucleotide variant	NM_000268.4(NF2):c.1737+11T>C	4771	NF2	HGNC:7773	Likely benign	0	Mar 04, 2025	890053838	-	RCV003607049
1085683	single nucleotide variant	NM_001352514.2(HLCS):c.1266T>C (p.Ala422=)	3141	HLCS	HGNC:4976	Likely benign	0	May 06, 2021	2146524399	-	RCV001405213
4798984	single nucleotide variant	NM_004370.6(COL12A1):c.6461-11T>C	1303	COL12A1	HGNC:2188	Likely benign	0	Oct 07, 2025	-1	-	RCV006453328
3867634	single nucleotide variant	NM_182961.4(SYNE1):c.17466G>A (p.Glu5822=)	23345	SYNE1	HGNC:17089	Likely benign	0	Jan 07, 2025	-1	-	RCV005210829
3215123	single nucleotide variant	NM_023067.4(FOXL2):c.*614C>T	668	FOXL2	HGNC:1092	Likely benign	0	May 11, 2020	185086382	-	RCV003942178
1840640	single nucleotide variant	NM_002691.4(POLD1):c.2172A>G (p.Gly724=)	5424	POLD1	HGNC:9175	Likely benign	0	Oct 22, 2022	2039157455	-	RCV002432752
723873	single nucleotide variant	NM_003638.3(ITGA8):c.663T>C (p.Ser221=)	8516	ITGA8	HGNC:6144	Benign	0	Mar 10, 2025	200181167	-	RCV000883930
1628163	single nucleotide variant	NM_203447.4(DOCK8):c.4474-17C>T	81704	DOCK8	HGNC:19191	Likely benign	0	Jul 23, 2025	761253000	-	RCV006469138
768781	single nucleotide variant	NM_000260.4(MYO7A):c.2868G>A (p.Leu956=)	4647	MYO7A	HGNC:7606	Likely benign	0	Feb 22, 2024	1591378680	-	RCV000943785
459306	single nucleotide variant	NM_001114753.3(ENG):c.69T>C (p.Ser23=)	2022	ENG	HGNC:3349	Benign/Likely benign	0	Nov 22, 2025	202048202	-	RCV000547473|RCV004023784
1614294	single nucleotide variant	NM_018192.4(P3H2):c.633+15C>A	55214	P3H2	HGNC:19317	Likely benign	0	Feb 14, 2022	2108924675	-	RCV002166254
335372	single nucleotide variant	NM_001080432.3(FTO):c.*2108G>A	79068	FTO	HGNC:24678	Benign	0	Jan 12, 2018	708277	-	RCV000262237|RCV004715089
225651	single nucleotide variant	NM_006231.4(POLE):c.423+70G>A	5426	POLE	HGNC:9177	Likely benign	0	Dec 01, 2015	779530987	-	RCV000209519
1602092	single nucleotide variant	NM_001165963.4(SCN1A):c.1170+9T>C	6323	SCN1A	HGNC:10585	Likely benign	0	Mar 18, 2022	2105866448	-	RCV006469665
4979972	single nucleotide variant	NM_016734.3(PAX5):c.165C>A (p.Ser55=)	5079	PAX5	HGNC:8619	Likely benign	0	Mar 31, 2026	-1	-	RCV006723108
5051562	single nucleotide variant	NM_001308210.2(TSHZ1):c.475A>C (p.Thr159Pro)	10194	TSHZ1	HGNC:10669	Likely benign	0	Nov 27, 2024	-1	-	RCV006878783
1225085	single nucleotide variant	NM_025265.4(TSEN2):c.910-167A>G	80746	TSEN2	HGNC:28422	Benign	0	Aug 15, 2019	1699352	-	RCV001619563
321059	single nucleotide variant	NM_201596.3(CACNB2):c.*17T>C	783	CACNB2	HGNC:1402	Benign	0	Nov 27, 2024	58830289	-	RCV001201257|RCV001597047
2862561	single nucleotide variant	NM_022081.6(HPS4):c.654A>G (p.Thr218=)	89781	HPS4	HGNC:15844	Likely benign	0	Dec 09, 2023	2518354689	-	RCV003549734
2821535	single nucleotide variant	NR_126093.1(DDX3X):n.3196A>G	1654	DDX3X	HGNC:2745	Likely benign	0	May 01, 2023	755466951	-	RCV003438119
151230	single nucleotide variant	NM_001048174.2(MUTYH):c.881G>T (p.Ser294Ile)	4595	MUTYH	HGNC:7527	Benign	0	Aug 22, 2025	587781810	-	RCV000130081
4932312	single nucleotide variant	NM_018406.7(MUC4):c.10716C>A (p.Thr3572=)	4585	MUC4	HGNC:7514	Likely benign	0	Jan 01, 2026	-1	-	RCV006654148
300157	single nucleotide variant	NM_000322.5(PRPH2):c.*839G>A	5961	PRPH2	HGNC:9942	Benign	0	May 24, 2021	73426405	-	RCV000262919|RCV000275949|RCV000317029|RCV000318032|RCV000353071|RCV000377317|RCV001613183
258294	single nucleotide variant	NM_003242.6(TGFBR2):c.927G>A (p.Thr309=)	7048	TGFBR2	HGNC:11773	Benign/Likely benign	0	Dec 01, 2025	756625146	-	RCV001090473|RCV001180368|RCV003995696|RCV002494788|RCV006941425
1641201	single nucleotide variant	NM_001378452.1(ITPR1):c.1983C>T (p.Asn661=)	3708	ITPR1	HGNC:6180	Likely benign	0	Jan 27, 2026	369495242	-	RCV002098541
1642704	single nucleotide variant	NM_003079.5(SMARCE1):c.715-19G>A	6605	SMARCE1	HGNC:11109	Likely benign	0	Dec 28, 2025	775623781	-	RCV002185763
1321463	single nucleotide variant	NM_000559.3(HBG1):c.217G>A (p.Gly73Arg)	-1	HBG1;LOC106099064	-	Likely benign	0	Apr 01, 2022	34049890	-	RCV003104143
4849565	single nucleotide variant	NM_001131016.2(CIZ1):c.1621-18T>C	25792	CIZ1	HGNC:16744	Likely benign	0	Jan 27, 2026	-1	-	RCV006539917
3082011	single nucleotide variant	NM_002180.3(IGHMBP2):c.1235+894C>G	3508	IGHMBP2	HGNC:5542	Likely benign	0	Jan 24, 2024	1202430946	-	RCV003785617
3799959	single nucleotide variant	NM_014423.4(AFF4):c.723A>G (p.Ser241=)	27125	AFF4	HGNC:17869	Likely benign	0	Aug 31, 2025	-1	-	RCV005150437
2760635	single nucleotide variant	NM_144997.7(FLCN):c.945G>A (p.Glu315=)	201163	FLCN	HGNC:27310	Likely benign	0	Aug 14, 2023	2544195834	-	RCV003360558
1874906	single nucleotide variant	NM_000094.4(COL7A1):c.1183G>A (p.Val395Met)	1294	COL7A1	HGNC:2214	Likely benign	0	Aug 19, 2025	775028966	-	RCV003066510
2078277	single nucleotide variant	NM_006030.4(CACNA2D2):c.1261-17C>T	9254	CACNA2D2	HGNC:1400	Likely benign	0	Mar 15, 2022	765667551	-	RCV006560038
1229657	single nucleotide variant	NM_021068.4(IFNA4):c.410A>T (p.Glu137Val)	3441	IFNA4	HGNC:5425	Benign	0	Apr 26, 2019	3750480	-	RCV001636235
5032850	single nucleotide variant	NM_002442.4(MSI1):c.733+11C>T	4440	MSI1	HGNC:7330	Likely benign	0	Jan 29, 2024	-1	-	RCV006833672
2859417	single nucleotide variant	NM_033026.6(PCLO):c.8829G>A (p.Val2943=)	27445	PCLO	HGNC:13406	Likely benign	0	Dec 09, 2023	747482466	-	RCV003549889
2954001	single nucleotide variant	NM_000785.4(CYP27B1):c.1414-14T>C	1594	CYP27B1	HGNC:2606	Likely benign	0	Feb 14, 2023	1189084422	-	RCV003667492
667248	single nucleotide variant	NM_001376.5(DYNC1H1):c.6618+251A>G	1778	DYNC1H1	HGNC:2961	Likely benign	0	Jun 16, 2018	143190082	-	RCV000833129
1595569	single nucleotide variant	NM_153603.4(COG7):c.136C>T (p.Leu46=)	91949	COG7	HGNC:18622	Likely benign	0	Dec 15, 2025	141138076	-	RCV002213800
2013155	single nucleotide variant	NM_000111.3(SLC26A3):c.498T>C (p.Ser166=)	1811	SLC26A3	HGNC:3018	Likely benign	0	Sep 01, 2025	775076151	-	RCV002725854
1886213	single nucleotide variant	NM_014727.3(KMT2B):c.494G>A (p.Arg165His)	9757	KMT2B	HGNC:15840	Benign	0	Oct 01, 2025	375544683	-	RCV003075517
1084124	single nucleotide variant	NM_001384474.1(LOXHD1):c.1812T>C (p.Ala604=)	125336	LOXHD1	HGNC:26521	Likely benign	0	Jan 26, 2026	370384546	-	RCV001395001
1108409	single nucleotide variant	NM_003334.4(UBA1):c.2778C>T (p.Phe926=)	7317	UBA1	HGNC:12469	Likely benign	0	Jul 23, 2025	2147298051	-	RCV001428475|RCV005912738
1529905	single nucleotide variant	NM_198428.3(BBS9):c.930C>T (p.Asn310=)	27241	BBS9	HGNC:30000	Likely benign	0	Nov 27, 2021	140396972	-	RCV002196386
1263532	single nucleotide variant	NM_001367805.3(KIF23):c.82-36G>A	9493	KIF23	HGNC:6392	Benign	0	Jul 09, 2018	3759825	-	RCV001685055
2914863	single nucleotide variant	NM_000443.4(ABCB4):c.2679A>G (p.Gly893=)	5244	ABCB4	HGNC:45	Likely benign	0	Sep 06, 2023	2546772105	-	RCV003569488
2143930	single nucleotide variant	NM_001330311.2(DVL1):c.275G>T (p.Gly92Val)	1855	DVL1	HGNC:3084	Likely benign	0	May 07, 2025	756375414	-	RCV002994853
4110682	single nucleotide variant	NM_052999.4(CMTM1):c.105T>C (p.Ser35=)	113540	CMTM1	HGNC:19172	Likely benign	0	May 19, 2025	-1	-	RCV005541347
3755736	single nucleotide variant	NM_020708.5(SLC12A5):c.147+19T>G	57468	SLC12A5	HGNC:13818	Likely benign	0	Mar 19, 2024	-1	-	RCV005088887
3676037	single nucleotide variant	NM_005449.5(FCMR):c.1002C>G (p.Pro334=)	9214	FCMR	HGNC:14315	Likely benign	0	Dec 04, 2024	-1	-	RCV004921332
1254467	single nucleotide variant	NM_178554.6(KY):c.*308C>T	339855	KY	HGNC:26576	Benign	0	Mar 06, 2021	1880374	-	RCV001677169
732229	single nucleotide variant	NM_001386125.1(OBSCN):c.16853A>C (p.Glu5618Ala)	84033	OBSCN	HGNC:15719	Benign/Likely benign	0	Nov 01, 2025	200399314	-	RCV000909768|RCV004028607|RCV003958305
2806852	single nucleotide variant	NM_001005242.3(PKP2):c.102C>G (p.Ser34=)	5318	PKP2	HGNC:9024	Likely benign	0	Oct 01, 2023	2138010805	-	RCV003391704
1624683	single nucleotide variant	NM_022167.4(XYLT2):c.1767G>A (p.Pro589=)	64132	XYLT2	HGNC:15517	Likely benign	0	May 11, 2025	368693772	-	RCV002177418
1272475	single nucleotide variant	NM_001374736.1(DST):c.16942-83C>T	667	DST	HGNC:1090	Benign	0	Mar 28, 2021	4256439	-	RCV001695531
4844043	single nucleotide variant	NM_000095.3(COMP):c.2214T>G (p.Arg738=)	1311	COMP	HGNC:2227	Likely benign	0	Jan 08, 2026	-1	-	RCV006530798
3677090	single nucleotide variant	NM_000152.5(GAA):c.468C>A (p.Thr156=)	2548	GAA	HGNC:4065	Likely benign	0	Aug 19, 2024	-1	-	RCV004991507
1066692	single nucleotide variant	NM_000228.3(LAMB3):c.3240A>G (p.Arg1080=)	3914	LAMB3	HGNC:6490	Likely benign	0	Apr 28, 2020	1422506859	-	RCV001416889
404188	single nucleotide variant	NM_172107.4(KCNQ2):c.2118C>T (p.Ala706=)	3785	KCNQ2	HGNC:6296	Likely benign	0	Nov 25, 2024	777993694	-	RCV001683508|RCV006462923|RCV006890210
202288	single nucleotide variant	NM_001032221.6(STXBP1):c.430-9C>T	6812	STXBP1	HGNC:11444	Benign/Likely benign	0	Oct 01, 2025	748770943	-	RCV000189586|RCV006462014
1078253	single nucleotide variant	NM_002334.4(LRP4):c.5574T>C (p.Asp1858=)	4038	LRP4	HGNC:6696	Likely benign	0	Nov 25, 2019	767372541	-	RCV001408296
1104245	single nucleotide variant	NM_199355.4(ADAMTS18):c.516A>G (p.Arg172=)	170692	ADAMTS18	HGNC:17110	Likely benign	0	Jul 19, 2022	746625889	-	RCV001438755
908234	single nucleotide variant	NM_000384.3(APOB):c.6254G>A (p.Arg2085Gln)	338	APOB	HGNC:603	Likely benign	0	Nov 12, 2025	376782361	-	RCV001838379|RCV003163394
3628902	single nucleotide variant	NM_032243.6(TXNDC2):c.352G>A (p.Glu118Lys)	84203	TXNDC2	HGNC:16470	Likely benign	0	Nov 19, 2024	-1	-	RCV004881375
3171217	single nucleotide variant	NM_024685.4(BBS10):c.171G>C (p.Ala57=)	79738	BBS10	HGNC:26291	Likely benign	0	Apr 10, 2023	2540957730	-	RCV003876244
233124	single nucleotide variant	NM_000038.6(APC):c.4986C>T (p.Ile1662=)	324	APC	HGNC:583	Benign/Likely benign	0	Oct 07, 2025	876658910	-	RCV000215035|RCV001589146|RCV002465570|RCV003997878|RCV004020661
506371	single nucleotide variant	NM_001083962.2(TCF4):c.-21+20G>A	6925	TCF4	HGNC:11634	Likely benign	0	Jun 21, 2017	1555785143	-	RCV000602077
32698	single nucleotide variant	NC_000004.12:g.140572807T>C	7350	UCP1	HGNC:12517	Benign	0	Dec 01, 2003	1800592	-	RCV000019227
4998431	single nucleotide variant	NM_004700.4(KCNQ4):c.1875+8T>C	9132	KCNQ4	HGNC:6298	Likely benign	0	Jun 01, 2026	-1	-	RCV006754588
1624153	single nucleotide variant	NM_203447.4(DOCK8):c.2085C>A (p.Pro695=)	81704	DOCK8	HGNC:19191	Likely benign	0	Jul 19, 2022	2131220880	-	RCV006558592
1074361	single nucleotide variant	NM_000883.4(IMPDH1):c.504+20G>C	3614	IMPDH1	HGNC:6052	Likely benign	0	Feb 25, 2025	538997339	-	RCV001403248|RCV006774057
2826557	single nucleotide variant	NM_000291.4(PGK1):c.843C>T (p.Thr281=)	5230	PGK1	HGNC:8896	Benign/Likely benign	0	Oct 09, 2025	782522851	-	RCV003439696
3146319	single nucleotide variant	NM_001854.4(COL11A1):c.532A>G (p.Met178Val)	1301	COL11A1	HGNC:2186	Benign	0	Oct 29, 2023	1363375133	-	RCV003845850
2707601	single nucleotide variant	NM_022828.5(YTHDC2):c.3178A>G (p.Ile1060Val)	64848	YTHDC2	HGNC:24721	Likely benign	0	Apr 11, 2023	756237262	-	RCV004306542
3113608	single nucleotide variant	NM_015512.5(DNAH1):c.1831C>T (p.Leu611=)	25981	DNAH1	HGNC:2940	Likely benign	0	Nov 02, 2023	2471171879	-	RCV003810625
1995657	single nucleotide variant	NM_020778.5(ALPK3):c.2745G>T (p.Gly915=)	57538	ALPK3	HGNC:17574	Likely benign	0	Jun 23, 2022	1166989990	-	RCV002640158
1531305	single nucleotide variant	NM_001830.4(CLCN4):c.1395G>T (p.Pro465=)	1183	CLCN4	HGNC:2022	Likely benign	0	Jul 06, 2022	150240935	-	RCV002201859
2181642	single nucleotide variant	NM_001205293.3(CACNA1E):c.4401C>T (p.Phe1467=)	777	CACNA1E	HGNC:1392	Likely benign	0	Oct 28, 2024	2528985874	-	RCV003044075
2105661	single nucleotide variant	NM_024635.4(NAA35):c.1957C>T (p.Pro653Ser)	60560	NAA35	HGNC:24340	Benign	0	Nov 10, 2025	150870092	-	RCV002910070
3179929	single nucleotide variant	NM_000246.4(CIITA):c.1006+11C>G	4261	CIITA	HGNC:7067	Likely benign	0	Dec 14, 2023	538473746	-	RCV003881407
3789224	single nucleotide variant	NM_005245.4(FAT1):c.1674T>A (p.Thr558=)	2195	FAT1	HGNC:3595	Likely benign	0	Jun 11, 2024	-1	-	RCV005131505
1257172	single nucleotide variant	NM_005004.4(NDUFB8):c.212+59G>T	4714	NDUFB8	HGNC:7703	Benign	0	May 13, 2021	1800662	-	RCV001672402
1854091	single nucleotide variant	NM_002519.3(NPAT):c.273T>C (p.His91=)	4863	NPAT	HGNC:7896	Likely benign	0	May 14, 2022	1282577048	-	RCV004064075
3199498	single nucleotide variant	NM_024301.5(FKRP):c.1431C>A (p.Val477=)	79147	FKRP	HGNC:17997	Likely benign	0	Jan 02, 2020	2514000280	-	RCV004539387
1571047	single nucleotide variant	NM_000268.4(NF2):c.241-20T>A	4771	NF2	HGNC:7773	Likely benign	0	Nov 09, 2025	1373485603	-	RCV002120107
4881493	single nucleotide variant	NM_025074.7(FRAS1):c.8098+16A>G	80144	FRAS1	HGNC:19185	Likely benign	0	Jan 17, 2026	-1	-	RCV006580596
747162	single nucleotide variant	NM_152524.6(SGO2):c.1410A>C (p.Leu470=)	151246	SGO2	HGNC:30812	Benign	0	Mar 29, 2018	139435904	-	RCV000913048
1931605	single nucleotide variant	NM_021942.6(TRAPPC11):c.3384C>T (p.Thr1128=)	60684	TRAPPC11	HGNC:25751	Likely benign	0	Oct 11, 2024	1737389402	-	RCV002629990
728656	single nucleotide variant	NM_175839.3(SMOX):c.1248G>T (p.Pro416=)	54498	SMOX	HGNC:15862	Benign	0	Dec 31, 2019	147924124	-	RCV000886376
1630741	single nucleotide variant	NM_021913.5(AXL):c.783+17T>C	558	AXL	HGNC:905	Benign	0	Jan 12, 2026	200206204	-	RCV002122760|RCV004700628
3786135	single nucleotide variant	NM_004304.5(ALK):c.4464G>A (p.Glu1488=)	238	ALK	HGNC:427	Likely benign	0	Jun 04, 2024	-1	-	RCV005131843
5033388	single nucleotide variant	NM_000504.4(F10):c.618C>T (p.Ala206=)	2159	F10	HGNC:3528	Likely benign	0	Sep 16, 2024	-1	-	RCV006834017
1285422	single nucleotide variant	NM_001128159.3(VPS53):c.2015+160T>G	55275	VPS53	HGNC:25608	Benign	0	Jun 26, 2018	11653961	-	RCV001722875
3176431	single nucleotide variant	NM_001322934.2(NFKB2):c.2072-11C>A	4791	NFKB2	HGNC:7795	Likely benign	0	Mar 26, 2025	768805741	-	RCV003881863
1636016	single nucleotide variant	NM_199355.4(ADAMTS18):c.2061G>A (p.Lys687=)	170692	ADAMTS18	HGNC:17110	Likely benign	0	Aug 02, 2021	2056019849	-	RCV002102068
531978	single nucleotide variant	NM_000152.5(GAA):c.2055C>T (p.Tyr685=)	2548	GAA	HGNC:4065	Likely benign	0	Nov 11, 2022	750214208	-	RCV000631100
3513468	single nucleotide variant	NM_001199397.3(NEK1):c.869-4C>T	4750	NEK1	HGNC:7744	Likely benign	0	Jun 21, 2022	-1	-	RCV004744058
5063077	single nucleotide variant	NM_014795.4(ZEB2):c.73+5732A>T	9839	ZEB2	HGNC:14881	Likely benign	0	May 20, 2018	-1	-	RCV006927281
2853645	single nucleotide variant	NM_000152.5(GAA):c.1076-15G>T	2548	GAA	HGNC:4065	Likely benign	0	Nov 05, 2023	370414054	-	RCV003502770
2868850	single nucleotide variant	NM_181507.2(HPS5):c.2688T>C (p.Ser896=)	11234	HPS5	HGNC:17022	Likely benign	0	Jan 31, 2024	2494502525	-	RCV003550840
660739	single nucleotide variant	NM_006846.4(SPINK5):c.2240+165A>G	11005	SPINK5	HGNC:15464	Benign	0	Jun 14, 2018	3764928	-	RCV000833743
740696	single nucleotide variant	NM_139215.3(TAF15):c.726G>A (p.Gly242=)	8148	TAF15	HGNC:11547	Benign/Likely benign	0	Apr 04, 2025	144851351	-	RCV000897929|RCV003910702
1117272	single nucleotide variant	NM_021620.4(PRDM13):c.798A>T (p.Arg266=)	59336	PRDM13	HGNC:13998	Likely benign	0	Nov 21, 2023	1355674311	-	RCV001465579
4842034	single nucleotide variant	NM_020207.7(ERCC6L2):c.2358A>G (p.Gly786=)	375748	ERCC6L2	HGNC:26922	Likely benign	0	Sep 22, 2025	-1	-	RCV006519580
3516792	single nucleotide variant	NM_004186.5(SEMA3F):c.1254G>A (p.Thr418=)	6405	SEMA3F	HGNC:10728	Likely benign	0	May 17, 2022	-1	-	RCV004746834
871061	single nucleotide variant	NM_194318.4(B3GLCT):c.*2137T>C	145173	B3GLCT	HGNC:20207	Benign	0	Jan 13, 2018	2056443	-	RCV001109106|RCV004707539
455156	single nucleotide variant	NM_004168.4(SDHA):c.1908+9G>A	6389	SDHA	HGNC:10680	Likely benign	0	Mar 11, 2025	767578208	-	RCV000540014|RCV004538054|RCV005422076|RCV006974723
2004169	single nucleotide variant	NM_020693.4(DSCAML1):c.3413-16T>C	57453	DSCAML1	HGNC:14656	Likely benign	0	May 22, 2022	1401205681	-	RCV002662846
726140	single nucleotide variant	NM_001382347.1(MYO5A):c.2491C>T (p.Arg831Cys)	4644	MYO5A	HGNC:7602	Likely benign	0	Sep 26, 2017	200320492	-	RCV000886324
1953623	single nucleotide variant	NM_177972.3(TUB):c.886-19C>T	7275	TUB	HGNC:12406	Likely benign	0	May 17, 2025	769913164	-	RCV002576440|RCV006821841
3385002	single nucleotide variant	NM_199420.4(POLQ):c.7431A>C (p.Ala2477=)	10721	POLQ	HGNC:9186	Likely benign	0	Nov 28, 2023	2546747324	-	RCV004520308
2842709	single nucleotide variant	NM_152354.6(ZNF285):c.82G>T (p.Ala28Ser)	26974	ZNF285	HGNC:13079	Likely benign	0	-	113465092	-	RCV004558066
1641987	single nucleotide variant	NM_000433.4(NCF2):c.258-9G>C	4688	NCF2	HGNC:7661	Likely benign	0	Dec 11, 2020	2102912657	-	RCV002176291
1791495	single nucleotide variant	NM_014271.4(IL1RAPL1):c.441G>A (p.Lys147=)	11141	IL1RAPL1	HGNC:5996	Likely benign	0	Oct 12, 2015	1325300642	-	RCV002333884
3142550	single nucleotide variant	NM_001384474.1(LOXHD1):c.3748+10C>T	125336	LOXHD1	HGNC:26521	Likely benign	0	Jul 15, 2023	758894196	-	RCV003848089
1540745	single nucleotide variant	NM_153704.6(TMEM67):c.1066-7G>A	91147	TMEM67	HGNC:28396	Likely benign	0	Aug 09, 2022	978443277	-	RCV002104500
769495	single nucleotide variant	NM_000059.4(BRCA2):c.4767A>C (p.Pro1589=)	675	BRCA2	HGNC:1101	Likely benign	0	Aug 15, 2025	755818549	-	RCV000944483|RCV005782061
4875348	single nucleotide variant	NM_015466.4(PTPN23):c.525G>C (p.Thr175=)	25930	PTPN23	HGNC:14406	Likely benign	0	Feb 12, 2025	-1	-	RCV006586330
3837829	single nucleotide variant	NM_022482.5(GZF1):c.1364+8G>A	64412	GZF1	HGNC:15808	Likely benign	0	Oct 08, 2024	-1	-	RCV005193813
3752781	single nucleotide variant	NM_014727.3(KMT2B):c.2166C>A (p.His722Gln)	9757	KMT2B	HGNC:15840	Benign	0	Oct 21, 2024	-1	-	RCV005086510
1957097	single nucleotide variant	NM_199355.4(ADAMTS18):c.2532+18A>G	170692	ADAMTS18	HGNC:17110	Likely benign	0	Dec 29, 2025	1282155525	-	RCV002577098|RCV006866043
1545251	single nucleotide variant	NM_206933.4(USH2A):c.12204A>G (p.Gly4068=)	7399	USH2A	HGNC:12601	Likely benign	0	Mar 19, 2023	1462571463	-	RCV002119332
1235765	single nucleotide variant	NM_020208.4(SLC6A20):c.1304-207C>A	54716	SLC6A20	HGNC:30927	Benign	0	May 15, 2021	6794096	-	RCV001656448
978537	single nucleotide variant	NM_003640.5(ELP1):c.1386A>G (p.Thr462=)	8518	ELP1	HGNC:5959	Likely benign	0	Jun 13, 2022	1829093869	-	RCV001278717|RCV001442307
3197944	single nucleotide variant	NM_001080421.3(UNC13A):c.4203C>T (p.Ile1401=)	23025	UNC13A	HGNC:23150	Likely benign	0	Sep 20, 2022	373253159	-	RCV003899757
4097144	single nucleotide variant	NM_006767.4(LZTR1):c.1143C>A (p.Ala381=)	8216	LZTR1	HGNC:6742	Likely benign	0	Apr 08, 2025	-1	-	RCV005526904
5021933	single nucleotide variant	NM_170707.4(LMNA):c.1938C>T (p.Tyr646=)	4000	LMNA	HGNC:6636	Likely benign	0	Dec 14, 2022	-1	-	RCV006827097
3208126	single nucleotide variant	NM_018897.3(DNAH7):c.8848C>T (p.Leu2950Phe)	56171	DNAH7	HGNC:18661	Likely benign	0	Jun 19, 2019	189560274	-	RCV003924573
758900	single nucleotide variant	NM_001990.4(EYA3):c.994-9G>A	2140	EYA3	HGNC:3521	Benign	0	Dec 31, 2018	375368234	-	RCV000911986
2107956	single nucleotide variant	NM_024741.3(ZNF408):c.1050G>A (p.Gly350=)	79797	ZNF408	HGNC:20041	Likely benign	0	Oct 28, 2022	149446593	-	RCV002927197
2025012	single nucleotide variant	NM_005033.3(EXOSC9):c.672C>T (p.Ala224=)	5393	EXOSC9	HGNC:9137	Likely benign	0	Jul 20, 2022	1727165339	-	RCV002712119
655990	single nucleotide variant	NM_017433.5(MYO3A):c.615C>A (p.Thr205=)	53904	MYO3A	HGNC:7601	Likely benign	0	Aug 29, 2024	55634590	-	RCV000842419|RCV006806272
1196556	single nucleotide variant	NM_012414.4(RAB3GAP2):c.3867+33C>G	25782	RAB3GAP2	HGNC:17168	Likely benign	0	Oct 19, 2018	114940727	-	RCV001575657
1890367	single nucleotide variant	NM_012123.4(MTO1):c.1941C>T (p.Pro647=)	25821	MTO1	HGNC:19261	Likely benign	0	Feb 26, 2025	747150526	-	RCV003072773
1242891	single nucleotide variant	NM_139315.3(TAF6):c.1285-140T>C	6878	TAF6	HGNC:11540	Benign	0	May 16, 2021	4134923	-	RCV001661245
3061482	single nucleotide variant	NM_138395.4(MARS2):c.214C>T (p.Leu72=)	92935	MARS2	HGNC:25133	Likely benign	0	Sep 10, 2024	551588437	-	RCV003733735
3024088	single nucleotide variant	NM_080680.3(COL11A2):c.1120-9C>T	1302	COL11A2	HGNC:2187	Likely benign	0	Feb 05, 2024	2150588772	-	RCV003703026
2898820	single nucleotide variant	NM_000093.5(COL5A1):c.2997C>G (p.Val999=)	1289	COL5A1	HGNC:2209	Likely benign	0	Feb 02, 2025	201897490	-	RCV003593388
3107020	single nucleotide variant	NM_001329943.3(KIAA0586):c.808-20A>C	9786	KIAA0586	HGNC:19960	Likely benign	0	Mar 27, 2023	2542900501	-	RCV003795190
4678928	single nucleotide variant	NM_001386125.1(OBSCN):c.19077G>A (p.Val6359=)	84033	OBSCN	HGNC:15719	Likely benign	0	Nov 07, 2025	-1	-	RCV006296360
1118759	single nucleotide variant	NM_001382391.1(CSPP1):c.2199G>A (p.Gln733=)	79848	CSPP1	HGNC:26193	Likely benign	0	Dec 12, 2024	1826220671	-	RCV001450462
1260493	single nucleotide variant	NM_024079.5(ALG8):c.175-239G>C	79053	ALG8	HGNC:23161	Benign	0	Jul 05, 2018	7951150	-	RCV001680984
372353	single nucleotide variant	NM_001077365.2(POMT1):c.606-12A>G	10585	POMT1	HGNC:9202	Likely benign	0	Aug 22, 2022	1057523851	-	RCV000429992|RCV002522592
1177984	single nucleotide variant	NM_001199107.2(TBC1D24):c.965+280T>A	57465	TBC1D24	HGNC:29203	Likely benign	0	Jul 05, 2018	541105690	-	RCV001547407
726458	single nucleotide variant	NM_001171.6(ABCC6):c.2781C>T (p.Tyr927=)	368	ABCC6	HGNC:57	Benign/Likely benign	0	Jan 28, 2026	61731973	-	RCV000881900|RCV001700332|RCV002487930|RCV004530907
3198330	single nucleotide variant	NM_138295.5(PKD1L1):c.7467G>T (p.Val2489=)	168507	PKD1L1	HGNC:18053	Likely benign	0	Jan 12, 2022	937199556	-	RCV003902098
713544	single nucleotide variant	NM_001267594.2(SENP1):c.1211A>G (p.Gln404Arg)	29843	SENP1	HGNC:17927	Benign	0	May 14, 2018	182987633	-	RCV000960934
4877710	single nucleotide variant	NM_030957.4(ADAMTS10):c.894+15C>T	81794	ADAMTS10	HGNC:13201	Likely benign	0	Mar 19, 2025	-1	-	RCV006573243
2923274	single nucleotide variant	NM_006761.5(YWHAE):c.715+13G>A	7531	YWHAE	HGNC:12851	Likely benign	0	May 23, 2025	749280403	-	RCV003576644
3066714	single nucleotide variant	NM_018112.3(TMEM38B):c.270-9C>A	55151	TMEM38B	HGNC:25535	Likely benign	0	Dec 14, 2025	528924879	-	RCV003730697
649961	single nucleotide variant	NM_004006.3(DMD):c.8526G>C (p.Gln2842His)	1756	DMD	HGNC:2928	Likely benign	0	Nov 17, 2024	1281466006	-	RCV000798412|RCV001830715
1557060	single nucleotide variant	NM_133259.4(LRPPRC):c.3148+10T>A	10128	LRPPRC	HGNC:15714	Likely benign	0	Jun 05, 2021	1380359288	-	RCV002200899
2741322	single nucleotide variant	NM_006231.4(POLE):c.6748-28G>T	5426	POLE	HGNC:9177	Likely benign	0	Mar 04, 2025	376902172	-	RCV003322485
3093064	single nucleotide variant	NM_006363.6(SEC23B):c.221+31A>T	10483	SEC23B	HGNC:10702	Likely benign	0	Nov 27, 2023	1180192968	-	RCV003786415
1083170	single nucleotide variant	NM_015443.4(KANSL1):c.2673G>A (p.Arg891=)	284058	KANSL1	HGNC:24565	Likely benign	0	Mar 27, 2022	2146318945	-	RCV001409006
252403	single nucleotide variant	NM_138694.4(PKHD1):c.10331T>C (p.Val3444Ala)	5314	PKHD1	HGNC:9016	Likely benign	0	-	763589152	-	RCV000250925
959921	single nucleotide variant	NM_203447.4(DOCK8):c.4627-9C>A	81704	DOCK8	HGNC:19191	Likely benign	0	Oct 21, 2024	1268680936	-	RCV006466070
3137301	single nucleotide variant	NM_006031.6(PCNT):c.2481C>T (p.Asp827=)	5116	PCNT	HGNC:16068	Likely benign	0	Jun 04, 2023	373056051	-	RCV003836264|RCV004738910
3177464	single nucleotide variant	NM_006019.4(TCIRG1):c.504-11G>T	10312	TCIRG1	HGNC:11647	Likely benign	0	Oct 21, 2025	997834402	-	RCV003870422
2685815	single nucleotide variant	NM_020369.3(FSCN3):c.869G>A (p.Arg290His)	29999	FSCN3	HGNC:3961	Likely benign	0	Jun 12, 2023	139784096	-	RCV004294804
3903840	single nucleotide variant	NM_015338.6(ASXL1):c.546C>A (p.Ala182=)	171023	ASXL1	HGNC:18318	Likely benign	0	Mar 02, 2025	-1	-	RCV005270848
3750779	single nucleotide variant	NM_022463.5(NXN):c.699C>T (p.Phe233=)	64359	NXN	HGNC:18008	Likely benign	0	Jul 13, 2024	-1	-	RCV005084523
2891420	single nucleotide variant	NM_015294.6(TRIM37):c.1176A>G (p.Pro392=)	4591	TRIM37	HGNC:7523	Likely benign	0	Jul 29, 2023	142064043	-	RCV003558861
1633501	single nucleotide variant	NM_001457.4(FLNB):c.3954C>T (p.Phe1318=)	2317	FLNB	HGNC:3755	Likely benign	0	Feb 13, 2025	760153503	-	RCV002126962
4982938	single nucleotide variant	NM_004798.4(KIF3B):c.819C>T (p.Ser273=)	9371	KIF3B	HGNC:6320	Likely benign	0	Jun 01, 2026	-1	-	RCV006732751
699324	single nucleotide variant	NC_000006.12:g.132724775T>G	55350	VNN3	HGNC:16431	Benign	0	Apr 18, 2018	115546338	-	RCV000956420
4896617	single nucleotide variant	NM_001365536.1(SCN9A):c.902-13T>C	6335	SCN9A	HGNC:10597	Likely benign	0	Aug 13, 2025	-1	-	RCV006598972
1283278	single nucleotide variant	NM_005529.7(HSPG2):c.6439+138A>G	3339	HSPG2	HGNC:5273	Benign	0	Aug 09, 2018	12117402	-	RCV001717626
3180362	single nucleotide variant	NM_001035.3(RYR2):c.11558-19A>G	6262	RYR2	HGNC:10484	Likely benign	0	Dec 22, 2024	2149314406	-	RCV003864782
3851749	single nucleotide variant	NM_007217.4(PDCD10):c.269-16G>A	11235	PDCD10	HGNC:8761	Likely benign	0	Jul 25, 2024	-1	-	RCV005206217
1851430	single nucleotide variant	NM_001035.3(RYR2):c.10980A>G (p.Arg3660=)	6262	RYR2	HGNC:10484	Likely benign	0	Nov 27, 2025	753230242	-	RCV002459823|RCV005098127
782824	single nucleotide variant	NM_016203.4(PRKAG2):c.435G>C (p.Gly145=)	51422	PRKAG2	HGNC:9386	Likely benign	0	Nov 25, 2025	1432408242	-	RCV000981602|RCV001524530|RCV004807243
1146667	single nucleotide variant	NM_003119.4(SPG7):c.1083G>C (p.Ala361=)	6687	SPG7	HGNC:11237	Likely benign	0	Jul 17, 2023	114135540	-	RCV001506488
1229103	single nucleotide variant	NC_000017.11:g.2593443C>T	5048	PAFAH1B1	HGNC:8574	Benign	0	May 24, 2021	75906129	-	RCV001637945
3384623	single nucleotide variant	NM_001386125.1(OBSCN):c.8262C>T (p.Gly2754=)	84033	OBSCN	HGNC:15719	Likely benign	0	Nov 09, 2023	367606070	-	RCV004520176
4829513	single nucleotide variant	NM_006060.6(IKZF1):c.421+16G>C	10320	IKZF1	HGNC:13176	Likely benign	0	May 04, 2025	-1	-	RCV006496359
4802041	single nucleotide variant	NM_000081.4(LYST):c.3270A>G (p.Leu1090=)	1130	LYST	HGNC:1968	Likely benign	0	Aug 17, 2025	-1	-	RCV006490529
3514154	single nucleotide variant	NM_001282680.3(GAPVD1):c.4138C>T (p.Leu1380=)	26130	GAPVD1	HGNC:23375	Likely benign	0	Sep 19, 2019	-1	-	RCV004752324
1623221	single nucleotide variant	NM_001114753.3(ENG):c.689+12G>A	2022	ENG	HGNC:3349	Likely benign	0	Sep 21, 2021	759600714	-	RCV002221034
2435884	single nucleotide variant	NM_001145474.4(TEX38):c.221G>A (p.Arg74His)	374973	TEX38	HGNC:29589	Likely benign	0	Feb 28, 2023	774501380	-	RCV004255117
3544869	single nucleotide variant	NM_001035.3(RYR2):c.4684-14T>C	6262	RYR2	HGNC:10484	Likely benign	0	Jun 09, 2024	-1	-	RCV005403443|RCV004805493
3117519	single nucleotide variant	NM_016011.5(MECR):c.1047G>A (p.Pro349=)	51102	MECR	HGNC:19691	Likely benign	0	Oct 15, 2023	766467588	-	RCV003828574
3746567	single nucleotide variant	NM_000016.6(ACADM):c.30+7G>A	34	ACADM	HGNC:89	Likely benign	0	May 20, 2024	-1	-	RCV005060386
5081413	single nucleotide variant	NM_006506.5(RASA2):c.864-4T>C	5922	RASA2	HGNC:9872	Likely benign	0	Nov 01, 2023	-1	-	RCV006951043
1205858	single nucleotide variant	NM_004625.4(WNT7A):c.71+100A>C	7476	WNT7A	HGNC:12786	Likely benign	0	Jul 18, 2020	113872063	-	RCV001586815
2013782	single nucleotide variant	NM_201253.3(CRB1):c.848+20G>T	23418	CRB1	HGNC:2343	Likely benign	0	Oct 28, 2024	759271176	-	RCV002740186
1795766	single nucleotide variant	NM_000548.5(TSC2):c.3432G>A (p.Val1144=)	7249	TSC2	HGNC:12363	Likely benign	0	Jun 21, 2022	564724053	-	RCV002457045
3795779	single nucleotide variant	NM_033124.5(DRC2):c.895T>C (p.Leu299=)	85478	DRC2	HGNC:29937	Likely benign	0	May 06, 2024	-1	-	RCV005136789
252857	single nucleotide variant	NM_000168.6(GLI3):c.2432-30C>T	2737	GLI3	HGNC:4319	Likely benign	0	-	374365217	-	RCV000254355
3101181	single nucleotide variant	NM_000112.4(SLC26A2):c.1632C>A (p.Leu544=)	1836	SLC26A2	HGNC:10994	Likely benign	0	Jul 18, 2023	1581232304	-	RCV003805760
689220	single nucleotide variant	NM_172107.4(KCNQ2):c.2181C>T (p.Gly727=)	3785	KCNQ2	HGNC:6296	Likely benign	0	Nov 10, 2025	1025748805	-	RCV006608806
3035310	single nucleotide variant	NM_133259.4(LRPPRC):c.1010-18T>C	10128	LRPPRC	HGNC:15714	Likely benign	0	May 05, 2023	781672416	-	RCV003714683
1932861	single nucleotide variant	NM_001904.4(CTNNB1):c.558C>T (p.His186=)	1499	CTNNB1	HGNC:2514	Likely benign	0	Mar 11, 2025	373990577	-	RCV002637438
1626684	single nucleotide variant	NM_002734.5(PRKAR1A):c.348+18A>G	5573	PRKAR1A	HGNC:9388	Likely benign	0	Jan 13, 2026	747086844	-	RCV002185319
1539390	single nucleotide variant	NM_000051.4(ATM):c.4485T>C (p.Cys1495=)	472	ATM	HGNC:795	Likely benign	0	Dec 31, 2025	2135798721	-	RCV002080505|RCV004045686
3674507	single nucleotide variant	NM_001430.5(EPAS1):c.2490A>G (p.Ser830=)	2034	EPAS1	HGNC:3374	Likely benign	0	Jul 03, 2024	-1	-	RCV004981835
1962682	single nucleotide variant	NM_025257.3(SLC44A4):c.1760+17C>G	80736	SLC44A4	HGNC:13941	Benign/Likely benign	0	Sep 05, 2024	192589833	-	RCV002572214|RCV006980443
447541	single nucleotide variant	NM_003748.4(ALDH4A1):c.1086G>A (p.Pro362=)	8659	ALDH4A1	HGNC:406	Benign/Likely benign	0	Jan 28, 2026	41310410	-	RCV000534831|RCV004711166
1219630	single nucleotide variant	NM_001243288.2(NECTIN3):c.1139+93G>A	25945	NECTIN3	HGNC:17664	Benign	0	Nov 12, 2018	3733175	-	RCV001612846
4959156	single nucleotide variant	NM_001733.7(C1R):c.310G>C (p.Glu104Gln)	715	C1R	HGNC:1246	Likely benign	0	Feb 03, 2026	-1	-	RCV006688157
1531198	single nucleotide variant	NM_000382.3(ALDH3A2):c.94A>C (p.Arg32=)	224	ALDH3A2	HGNC:403	Likely benign	0	May 30, 2023	779401237	-	RCV002201830
3216829	single nucleotide variant	NM_001105244.2(PTPRM):c.3744C>T (p.Ile1248=)	5797	PTPRM	HGNC:9675	Benign	0	Mar 25, 2019	57391962	-	RCV003979006
2101506	single nucleotide variant	NM_015629.4(PRPF31):c.33C>G (p.Leu11=)	26121	PRPF31	HGNC:15446	Likely benign	0	Sep 15, 2025	760236177	-	RCV002894954
1608410	single nucleotide variant	NM_003072.5(SMARCA4):c.3006G>T (p.Ala1002=)	6597	SMARCA4	HGNC:11100	Likely benign	0	Nov 05, 2025	1555779998	-	RCV002212137|RCV002441290|RCV006887967
1901781	single nucleotide variant	NM_002435.3(MPI):c.894G>A (p.Leu298=)	4351	MPI	HGNC:7216	Likely benign	0	Sep 10, 2022	945029384	-	RCV002595434
525548	single nucleotide variant	NM_201596.3(CACNB2):c.339G>A (p.Lys113=)	783	CACNB2	HGNC:1402	Likely benign	0	Dec 21, 2023	748906162	-	RCV000646212|RCV002397261
465645	single nucleotide variant	NM_145239.3(PRRT2):c.642C>A (p.Ala214=)	112476	PRRT2	HGNC:30500	Likely benign	0	Jan 26, 2026	1237572544	-	RCV001433554
1626617	single nucleotide variant	NM_001692.4(ATP6V1B1):c.438T>C (p.Asp146=)	525	ATP6V1B1	HGNC:853	Likely benign	0	Aug 11, 2021	2104826477	-	RCV002185276
4914805	single nucleotide variant	NM_000540.3(RYR1):c.537+18C>T	6261	RYR1	HGNC:10483	Likely benign	0	Apr 10, 2025	-1	-	RCV006632345
3616984	single nucleotide variant	NM_001376861.1(ATP6V1G3):c.236G>A (p.Gly79Glu)	127124	ATP6V1G3	HGNC:18265	Likely benign	0	Jul 22, 2024	-1	-	RCV004882912
4867458	single nucleotide variant	NM_000527.5(LDLR):c.2390-7C>A	3949	LDLR	HGNC:6547	Likely benign	0	Jul 09, 2025	-1	-	RCV006549069
701820	single nucleotide variant	NM_004177.5(STX3):c.853T>C (p.Ser285Pro)	6809	STX3	HGNC:11438	Benign	0	Jan 21, 2026	34753750	-	RCV000949776
1201220	single nucleotide variant	NM_181458.4(PAX3):c.586+638C>A	5077	PAX3	HGNC:8617	Likely benign	0	Jan 28, 2019	190583424	-	RCV001587700
3816063	single nucleotide variant	NM_182919.4(TICAM1):c.1503C>T (p.Ser501=)	148022	TICAM1	HGNC:18348	Likely benign	0	Apr 25, 2024	-1	-	RCV005156644
2189326	single nucleotide variant	NM_138694.4(PKHD1):c.8798-8T>C	5314	PKHD1	HGNC:9016	Likely benign	0	Apr 24, 2022	1786430640	-	RCV003044340
731534	single nucleotide variant	NM_006113.5(VAV3):c.1136G>A (p.Arg379His)	10451	VAV3	HGNC:12659	Likely benign	0	Aug 22, 2018	35313815	-	RCV000903568
2955337	single nucleotide variant	NM_020937.4(FANCM):c.1713A>C (p.Val571=)	57697	FANCM	HGNC:23168	Likely benign	0	Dec 01, 2024	765623831	-	RCV003636360|RCV004980905
2182194	single nucleotide variant	NM_020806.5(GPHN):c.1947T>C (p.Gly649=)	10243	GPHN	HGNC:15465	Likely benign	0	Oct 24, 2022	765357772	-	RCV003055873
3032395	single nucleotide variant	NM_006739.4(MCM5):c.1975+8G>A	4174	MCM5	HGNC:6948	Likely benign	0	Aug 29, 2023	1214073755	-	RCV003712030
3090054	single nucleotide variant	NM_021098.3(CACNA1H):c.3903C>G (p.Leu1301=)	8912	CACNA1H	HGNC:1395	Likely benign	0	Nov 27, 2023	745990247	-	RCV003788820|RCV006851270
3122282	single nucleotide variant	NM_018646.6(TRPV6):c.1572+14C>T	55503	TRPV6	HGNC:14006	Likely benign	0	Oct 26, 2025	537175566	-	RCV003818871
1813176	single nucleotide variant	NM_003073.5(SMARCB1):c.756C>T (p.Ser252=)	6598	SMARCB1	HGNC:11103	Likely benign	0	Jul 15, 2024	781751615	-	RCV003730137|RCV002394075
3851595	single nucleotide variant	NM_014806.5(RUSC2):c.282T>C (p.Pro94=)	9853	RUSC2	HGNC:23625	Likely benign	0	Dec 10, 2024	-1	-	RCV005202372
718645	single nucleotide variant	NM_005529.7(HSPG2):c.11367C>T (p.Gly3789=)	3339	HSPG2	HGNC:5273	Benign/Likely benign	0	Jul 23, 2025	143813500	-	RCV000881095|RCV006938870
1265305	single nucleotide variant	NM_003172.4(SURF1):c.515+276C>T	6834	SURF1	HGNC:11474	Benign	0	Jun 26, 2018	28483151	-	RCV001687341
3167751	single nucleotide variant	NM_173630.4(RTTN):c.2853A>G (p.Leu951=)	25914	RTTN	HGNC:18654	Likely benign	0	Jan 25, 2024	779764580	-	RCV003852141
1027560	single nucleotide variant	NM_005045.4(RELN):c.1290A>G (p.Gly430=)	5649	RELN	HGNC:9957	Likely benign	0	May 14, 2024	750986647	-	RCV001348758
712850	single nucleotide variant	NM_001610.4(ACP2):c.1177T>C (p.Phe393Leu)	53	ACP2	HGNC:123	Benign/Likely benign	0	Aug 18, 2025	145420520	-	RCV000970412|RCV005647321
1608935	single nucleotide variant	NM_000360.4(TH):c.313-15C>T	7054	TH	HGNC:11782	Likely benign	0	Dec 03, 2023	1298110996	-	RCV002107638
141207	single nucleotide variant	NM_001134407.3(GRIN2A):c.-34C>A	2903	GRIN2A	HGNC:4585	Benign/Likely benign	0	Jun 01, 2026	564039694	-	RCV000125303|RCV000370746|RCV003221812
502246	single nucleotide variant	NM_001130438.3(SPTAN1):c.7013+18C>T	6709	SPTAN1	HGNC:11273	Likely benign	0	Nov 06, 2022	368329742	-	RCV000616789|RCV006556426
694887	single nucleotide variant	NM_001135998.3(NDUFB11):c.250G>A (p.Val84Ile)	54539	NDUFB11	HGNC:20372	Benign/Likely benign	0	Dec 29, 2025	186469464	-	RCV000873853|RCV006905556
2948851	single nucleotide variant	NM_000348.4(SRD5A2):c.333C>T (p.Leu111=)	6716	SRD5A2	HGNC:11285	Likely benign	0	Aug 02, 2023	980063971	-	RCV003607679
3181540	single nucleotide variant	NM_001082971.2(DDC):c.1185T>C (p.Asp395=)	1644	DDC	HGNC:2719	Likely benign	0	Oct 28, 2023	773297272	-	RCV003878374
330472	single nucleotide variant	NM_005589.4(ALDH6A1):c.*403T>G	4329	ALDH6A1	HGNC:7179	Benign	0	Jan 13, 2018	1135885	-	RCV000400425
1068362	single nucleotide variant	NM_001375834.1(WIPF1):c.1129+10G>A	7456	WIPF1	HGNC:12736	Likely benign	0	Dec 11, 2025	887452483	-	RCV001419838|RCV003938725
1615473	single nucleotide variant	NM_001122955.4(BSCL2):c.1368C>T (p.Arg456=)	26580	BSCL2	HGNC:15832	Likely benign	0	Dec 13, 2020	2134688373	-	RCV002101608
1646062	single nucleotide variant	NM_000098.3(CPT2):c.558C>T (p.Ile186=)	1376	CPT2	HGNC:2330	Likely benign	0	Sep 22, 2025	1044393692	-	RCV002217248
1664424	single nucleotide variant	NM_001061.7(TBXAS1):c.792C>T (p.Ala264=)	6916	TBXAS1	HGNC:11609	Likely benign	0	Jul 20, 2023	1375797305	-	RCV002154508
1239756	single nucleotide variant	NM_000193.4(SHH):c.563-217C>A	6469	SHH	HGNC:10848	Benign	0	Jul 17, 2018	6968409	-	RCV001651933
1202452	single nucleotide variant	NM_000214.3(JAG1):c.2459-345C>T	182	JAG1	HGNC:6188	Likely benign	0	May 10, 2020	114221614	-	RCV001585049
2914173	single nucleotide variant	NM_013276.4(SHPK):c.453G>A (p.Thr151=)	23729	SHPK	HGNC:1492	Likely benign	0	Jan 25, 2024	753214804	-	RCV003571582
1551397	single nucleotide variant	NM_000251.3(MSH2):c.1494T>C (p.Ser498=)	4436	MSH2	HGNC:7325	Likely benign	0	Apr 17, 2021	2104092927	-	RCV002177984
2164931	single nucleotide variant	NM_000089.4(COL1A2):c.3775C>T (p.Leu1259=)	1278	COL1A2	HGNC:2198	Likely benign	0	Mar 20, 2022	2484741611	-	RCV003032406
1545876	single nucleotide variant	NM_013335.4(GMPPA):c.242+19G>A	29926	GMPPA	HGNC:22923	Benign	0	Jan 19, 2026	201263031	-	RCV002157582
1171474	single nucleotide variant	NM_001750.7(CAST):c.1626+111A>G	831	CAST	HGNC:1515	Benign	0	Nov 10, 2018	27772	-	RCV001540306
2970179	single nucleotide variant	NM_003383.5(VLDLR):c.2151C>T (p.Tyr717=)	7436	VLDLR	HGNC:12698	Likely benign	0	Nov 20, 2022	2488742064	-	RCV003685458
703144	single nucleotide variant	NM_005739.4(RASGRP1):c.12G>A (p.Leu4=)	10125	RASGRP1	HGNC:9878	Benign	0	Feb 04, 2026	80309120	-	RCV000948949|RCV003396556
240061	single nucleotide variant	NM_001277115.2(DNAH11):c.9110A>G (p.His3037Arg)	8701	DNAH11	HGNC:2942	Likely benign	0	Jan 25, 2026	192327380	-	RCV003430782|RCV002466477|RCV004532870|RCV005208556|RCV006763569
1542250	single nucleotide variant	NM_006445.4(PRPF8):c.4755C>A (p.Ile1585=)	10594	PRPF8	HGNC:17340	Likely benign	0	May 17, 2021	187533075	-	RCV002208947
1914670	single nucleotide variant	NM_152783.5(D2HGDH):c.693C>T (p.Ala231=)	728294	D2HGDH	HGNC:28358	Likely benign	0	Mar 25, 2022	778541885	-	RCV002611464|RCV003906537
1078867	single nucleotide variant	NM_000260.4(MYO7A):c.1872G>T (p.Thr624=)	4647	MYO7A	HGNC:7606	Likely benign	0	Feb 12, 2024	370110939	-	RCV001416460
3051081	single nucleotide variant	NM_001039958.2(MESP2):c.924+19G>C	145873	MESP2	HGNC:29659	Likely benign	0	Jul 25, 2023	1416773235	-	RCV003724833
1167616	single nucleotide variant	NM_177438.3(DICER1):c.2040+240T>G	23405	DICER1	HGNC:17098	Benign	0	Jun 25, 2018	77524520	-	RCV001533958
458609	single nucleotide variant	NM_004260.4(RECQL4):c.945G>A (p.Ser315=)	9401	RECQL4	HGNC:9949	Likely benign	0	Jan 22, 2026	371593078	-	RCV000533629|RCV004955623
1102804	single nucleotide variant	NM_001036.6(RYR3):c.7665C>T (p.Asp2555=)	6263	RYR3	HGNC:10485	Likely benign	0	Oct 13, 2019	377655671	-	RCV001422600|RCV004706129
1560866	single nucleotide variant	NM_021813.4(BACH2):c.264G>A (p.Gly88=)	60468	BACH2	HGNC:14078	Likely benign	0	Aug 17, 2025	971457986	-	RCV002112316
2100647	single nucleotide variant	NM_003742.4(ABCB11):c.2001G>A (p.Glu667=)	8647	ABCB11	HGNC:42	Likely benign	0	Oct 10, 2022	2545379157	-	RCV002877284
1109741	single nucleotide variant	NM_005562.3(LAMC2):c.1359G>A (p.Pro453=)	3918	LAMC2	HGNC:6493	Likely benign	0	Jan 18, 2024	778840063	-	RCV001474305
1575361	single nucleotide variant	NM_016648.4(LARP7):c.202+10C>T	51574	LARP7	HGNC:24912	Likely benign	0	Mar 03, 2023	770149417	-	RCV002110558
1218307	single nucleotide variant	NM_003114.5(SPAG1):c.702-319G>A	6674	SPAG1	HGNC:11212	Benign	0	Nov 27, 2018	7822587	-	RCV001614433
3165522	single nucleotide variant	NM_002103.5(GYS1):c.996T>C (p.Tyr332=)	2997	GYS1	HGNC:4706	Likely benign	0	Sep 28, 2023	2122507942	-	RCV003861188
1639340	single nucleotide variant	NM_003480.4(MFAP5):c.273C>T (p.Cys91=)	8076	MFAP5	HGNC:29673	Likely benign	0	Jun 17, 2021	2136461510	-	RCV002185081
3511993	single nucleotide variant	NM_004991.4(MECOM):c.183T>C (p.Gly61=)	2122	MECOM	HGNC:3498	Likely benign	0	Jun 06, 2024	-1	-	RCV004745662
281835	single nucleotide variant	NM_001035.3(RYR2):c.*56C>A	6262	RYR2	HGNC:10484	Benign	0	Jun 18, 2018	74703306	-	RCV000369630|RCV000407312|RCV001707625
2715439	single nucleotide variant	NM_018248.3(NEIL3):c.357G>C (p.Leu119Phe)	55247	NEIL3	HGNC:24573	Likely benign	0	May 31, 2023	114922382	-	RCV004324756
2088763	single nucleotide variant	NM_031935.3(HMCN1):c.14340G>T (p.Arg4780=)	83872	HMCN1	HGNC:19194	Likely benign	0	Apr 16, 2025	1650256587	-	RCV002863484
1594888	single nucleotide variant	NM_000548.5(TSC2):c.1840-20C>T	7249	TSC2	HGNC:12363	Likely benign	0	Sep 24, 2025	370980659	-	RCV002197696|RCV006846774
1145593	single nucleotide variant	NM_000057.4(BLM):c.2496A>C (p.Thr832=)	641	BLM	HGNC:1058	Likely benign	0	Feb 04, 2023	762840557	-	RCV001503863|RCV003161020
3088352	single nucleotide variant	NM_001127222.2(CACNA1A):c.6277A>G (p.Met2093Val)	773	CACNA1A	HGNC:1388	Likely benign	0	Sep 29, 2024	774946211	-	RCV003793129
1140440	single nucleotide variant	NM_133497.4(KCNV2):c.447C>T (p.Tyr149=)	169522	KCNV2	HGNC:19698	Likely benign	0	Jun 04, 2022	2130860614	-	RCV001503366
3063949	single nucleotide variant	NM_173076.3(ABCA12):c.2163A>G (p.Ser721=)	26154	ABCA12	HGNC:14637	Likely benign	0	Feb 08, 2024	925989750	-	RCV003739899
3546719	single nucleotide variant	NM_020975.6(RET):c.639C>A (p.Pro213=)	5979	RET	HGNC:9967	Likely benign	0	Jul 05, 2025	-1	-	RCV004807844|RCV005715114
4273151	single nucleotide variant	NM_018427.5(RRN3):c.1510A>G (p.Ile504Val)	54700	RRN3	HGNC:30346	Likely benign	0	Aug 29, 2025	-1	-	RCV005723675
667925	single nucleotide variant	NM_003384.3(VRK1):c.287-192G>T	7443	VRK1	HGNC:12718	Benign	0	Jun 19, 2018	10145354	-	RCV000831979
3871521	single nucleotide variant	NM_001927.4(DES):c.897+13G>T	1674	DES	HGNC:2770	Likely benign	0	Dec 06, 2024	-1	-	RCV005216737
1827808	single nucleotide variant	NM_144997.7(FLCN):c.1596A>G (p.Thr532=)	201163	FLCN	HGNC:27310	Benign/Likely benign	0	Oct 28, 2024	2144811189	-	RCV002398526|RCV005248718
3114552	single nucleotide variant	NM_001283009.2(RTEL1):c.2141+14G>C	51750	RTEL1	HGNC:15888	Likely benign	0	Oct 17, 2023	776497728	-	RCV003818130
2922877	single nucleotide variant	NM_001287.6(CLCN7):c.1257G>T (p.Leu419=)	1186	CLCN7	HGNC:2025	Likely benign	0	Oct 09, 2023	1362780341	-	RCV003573835
269075	single nucleotide variant	NM_017534.6(MYH2):c.4989G>A (p.Leu1663=)	4620	MYH2	HGNC:7572	Benign/Likely benign	0	Jan 24, 2026	61736461	-	RCV000305396|RCV000550905|RCV001545367
4922257	single nucleotide variant	NM_021625.5(TRPV4):c.1461C>T (p.Leu487=)	59341	TRPV4	HGNC:18083	Likely benign	0	Jul 08, 2025	-1	-	RCV006633409
2988090	single nucleotide variant	NM_016239.4(MYO15A):c.534C>A (p.Ala178=)	51168	MYO15A	HGNC:7594	Likely benign	0	Dec 16, 2025	749146534	-	RCV003706432
3876392	single nucleotide variant	NM_003611.3(OFD1):c.1543-20C>T	8481	OFD1	HGNC:2567	Likely benign	0	Jun 21, 2024	-1	-	RCV005218138
786275	single nucleotide variant	NM_002691.4(POLD1):c.1896G>A (p.Leu632=)	5424	POLD1	HGNC:9175	Likely benign	0	Dec 04, 2018	1601226379	-	RCV001471172
2168622	single nucleotide variant	NM_138694.4(PKHD1):c.4920A>T (p.Val1640=)	5314	PKHD1	HGNC:9016	Likely benign	0	Mar 19, 2022	142465959	-	RCV003032248
1966745	single nucleotide variant	NM_001368882.1(COL13A1):c.921+13G>A	1305	COL13A1	HGNC:2190	Likely benign	0	Nov 05, 2025	373526356	-	RCV002600958
2929458	single nucleotide variant	NM_001164508.2(NEB):c.13264-19C>T	4703	NEB	HGNC:7720	Likely benign	0	Feb 16, 2025	2552221019	-	RCV003515969
4861400	single nucleotide variant	NM_001961.4(EEF2):c.2019C>T (p.Asn673=)	1938	EEF2	HGNC:3214	Likely benign	0	Sep 15, 2025	-1	-	RCV006540925
3848323	single nucleotide variant	NM_014862.4(ARNT2):c.381G>A (p.Ala127=)	9915	ARNT2	HGNC:16876	Likely benign	0	Oct 08, 2024	-1	-	RCV005194203
134327	single nucleotide variant	NM_018294.6(CWF19L1):c.720G>A (p.Ala240=)	55280	CWF19L1	HGNC:25613	Benign	0	Mar 24, 2022	17112787	-	RCV000116859|RCV001711200|RCV003975017
2032448	single nucleotide variant	NM_016222.4(DDX41):c.1549+9C>G	51428	DDX41	HGNC:18674	Likely benign	0	Oct 08, 2022	2532075488	-	RCV002730250
2076858	single nucleotide variant	NM_001308093.3(GATA4):c.495C>T (p.Tyr165=)	2626	GATA4	HGNC:4173	Likely benign	0	Sep 17, 2022	2486782151	-	RCV002852753
1110623	single nucleotide variant	NM_003738.5(PTCH2):c.2646T>C (p.Pro882=)	8643	PTCH2	HGNC:9586	Likely benign	0	Dec 09, 2021	2148874628	-	RCV001467792
165888	single nucleotide variant	NM_001323289.2(CDKL5):c.554+11G>A	6792	CDKL5	HGNC:11411	Benign/Likely benign	0	Oct 16, 2024	267608498	-	RCV000144139|RCV000169969|RCV002055863|RCV004724909
1618115	single nucleotide variant	NM_001205293.3(CACNA1E):c.3060G>A (p.Val1020=)	777	CACNA1E	HGNC:1392	Likely benign	0	Jan 09, 2026	781551796	-	RCV002206571
864709	single nucleotide variant	NM_002633.3(PGM1):c.1027C>T (p.Arg343Trp)	5236	PGM1	HGNC:8905	Benign	0	Nov 24, 2025	577589562	-	RCV002129737|RCV004714370|RCV004543818
1096389	single nucleotide variant	NM_005228.5(EGFR):c.2163T>C (p.Gly721=)	1956	EGFR	HGNC:3236	Benign/Likely benign	0	Dec 14, 2025	2128953746	-	RCV001426843|RCV005642550|RCV005245955|RCV005562757
3080848	single nucleotide variant	NM_152296.5(ATP1A3):c.531C>A (p.Val177=)	478	ATP1A3	HGNC:801	Likely benign	0	Oct 02, 2025	141696210	-	RCV003628088
1094883	single nucleotide variant	NM_004100.5(EYA4):c.1506C>T (p.Leu502=)	2070	EYA4	HGNC:3522	Likely benign	0	Feb 15, 2020	753035830	-	RCV001447850
2086662	single nucleotide variant	NM_207352.4(CYP4V2):c.214+12C>T	285440	CYP4V2	HGNC:23198	Likely benign	0	Oct 25, 2024	2478890168	-	RCV002852070
3837598	single nucleotide variant	NM_005002.5(NDUFA9):c.907A>C (p.Arg303=)	4704	NDUFA9	HGNC:7693	Likely benign	0	Feb 07, 2024	-1	-	RCV005185758
4834855	single nucleotide variant	NM_003283.6(TNNT1):c.669C>A (p.Ala223=)	7138	TNNT1	HGNC:11948	Likely benign	0	Aug 10, 2025	-1	-	RCV006518777
1627229	single nucleotide variant	NM_018943.3(TUBA8):c.549G>A (p.Glu183=)	51807	TUBA8	HGNC:12410	Likely benign	0	Sep 10, 2025	375636209	-	RCV002095298|RCV003933390
5038715	single nucleotide variant	NM_016284.5(CNOT1):c.6021G>A (p.Val2007=)	23019	CNOT1	HGNC:7877	Likely benign	0	Feb 15, 2023	-1	-	RCV006871009
3217876	single nucleotide variant	NM_002566.5(P2RY11):c.259G>A (p.Ala87Thr)	5032	P2RY11	HGNC:8540	Benign	0	Oct 21, 2019	3745601	-	RCV003981999
1246714	single nucleotide variant	NM_007055.4(POLR3A):c.3760-47T>C	11128	POLR3A	HGNC:30074	Benign	0	Apr 16, 2021	79345120	-	RCV001666368
1560510	single nucleotide variant	NM_001371986.1(UNC80):c.5523A>G (p.Glu1841=)	285175	UNC80	HGNC:26582	Likely benign	0	Sep 20, 2021	2124953221	-	RCV002160196
3030654	single nucleotide variant	NM_032119.4(ADGRV1):c.18128T>C (p.Ile6043Thr)	84059	ADGRV1	HGNC:17416	Likely benign	0	Nov 30, 2023	752638993	-	RCV003700587
1316494	single nucleotide variant	NM_020166.5(MCCC1):c.1595-96C>T	56922	MCCC1	HGNC:6936	Likely benign	0	May 22, 2021	12330492	-	RCV001786296
1568163	single nucleotide variant	NM_001112741.2(KCNC1):c.1263G>T (p.Ala421=)	3746	KCNC1	HGNC:6233	Likely benign	0	Dec 16, 2024	915600389	-	RCV002105492|RCV006817673
2811966	single nucleotide variant	NM_006759.4(UGP2):c.135A>C (p.Ser45=)	7360	UGP2	HGNC:12527	Likely benign	0	Mar 01, 2023	1248498489	-	RCV003426992
2092598	single nucleotide variant	NM_182493.3(MYLK3):c.1149A>G (p.Gln383=)	91807	MYLK3	HGNC:29826	Likely benign	0	Jan 07, 2026	778557269	-	RCV002917869
5049822	single nucleotide variant	NM_007186.6(CEP250):c.6486A>G (p.Thr2162=)	11190	CEP250	HGNC:1859	Likely benign	0	Feb 22, 2023	-1	-	RCV006918863
718939	single nucleotide variant	NM_012199.5(AGO1):c.183G>C (p.Pro61=)	26523	AGO1	HGNC:3262	Benign	0	Dec 31, 2019	74665168	-	RCV000893538|RCV004753089
4882185	single nucleotide variant	NM_181741.4(ORC4):c.228A>G (p.Leu76=)	5000	ORC4	HGNC:8490	Likely benign	0	Mar 27, 2025	-1	-	RCV006581096
1254663	single nucleotide variant	NM_025215.6(PUS1):c.1236+103C>A	80324	PUS1	HGNC:15508	Benign	0	Jun 26, 2018	115537571	-	RCV001677365
1575708	single nucleotide variant	NM_006361.6(HOXB13):c.552C>T (p.Cys184=)	10481	HOXB13	HGNC:5112	Likely benign	0	Sep 06, 2024	1597933837	-	RCV002183712|RCV003308034
4902624	single nucleotide variant	NM_001110556.2(FLNA):c.7552+7C>A	2316	FLNA	HGNC:3754	Likely benign	0	Nov 09, 2025	-1	-	RCV006593426
2827394	single nucleotide variant	NM_016453.4(NCKIPSD):c.172-5C>G	51517	NCKIPSD	HGNC:15486	Likely benign	0	Oct 01, 2022	375304871	-	RCV003437832
3889774	single nucleotide variant	NM_000251.3(MSH2):c.645+10T>C	4436	MSH2	HGNC:7325	Likely benign	0	Dec 04, 2024	-1	-	RCV005247877
956150	single nucleotide variant	NM_018344.6(SLC29A3):c.18G>A (p.Glu6=)	55315	SLC29A3	HGNC:23096	Likely benign	0	Jan 14, 2026	758248725	-	RCV001247985|RCV006788478
3833034	single nucleotide variant	NM_001040167.2(LFNG):c.432+9C>T	3955	LFNG	HGNC:6560	Likely benign	0	May 23, 2024	-1	-	RCV005166931
3159127	single nucleotide variant	NM_007078.3(LDB3):c.195C>A (p.Ala65=)	11155	LDB3	HGNC:15710	Likely benign	0	Dec 15, 2022	745963690	-	RCV003869272
182256	single nucleotide variant	NM_000249.4(MLH1):c.1104G>A (p.Ser368=)	4292	MLH1	HGNC:7127	Benign/Likely benign	0	Feb 01, 2026	769364808	-	RCV000163950|RCV000200033|RCV000411033|RCV000432066|RCV000524222|RCV001284000
5069791	single nucleotide variant	NM_004525.3(LRP2):c.8106A>T (p.Ala2702=)	4036	LRP2	HGNC:6694	Likely benign	0	Apr 09, 2024	-1	-	RCV006947090
1683608	single nucleotide variant	NM_173500.4(TTBK2):c.433-248G>A	146057	TTBK2	HGNC:19141	Likely benign	0	Dec 03, 2021	116175323	-	RCV002254063
182569	single nucleotide variant	NM_005732.4(RAD50):c.1677C>T (p.His559=)	10111	RAD50	HGNC:9816	Benign/Likely benign	0	Nov 17, 2025	142619269	-	RCV000165613|RCV001264505|RCV002257469|RCV003947426|RCV003477618
870731	single nucleotide variant	NM_001846.4(COL4A2):c.1053C>T (p.Tyr351=)	1284	COL4A2	HGNC:2203	Likely benign	0	Nov 19, 2024	768513619	-	RCV001112639|RCV006839514
1146015	single nucleotide variant	NM_024675.4(PALB2):c.939C>T (p.Gly313=)	79728	PALB2	HGNC:26144	Likely benign	0	Oct 23, 2024	2142430444	-	RCV001494360|RCV004945194
464336	single nucleotide variant	NM_020806.5(GPHN):c.1414-4A>C	10243	GPHN	HGNC:15465	Benign/Likely benign	0	Feb 04, 2026	111956954	-	RCV000546129|RCV006842197
1947533	single nucleotide variant	NM_003106.4(SOX2):c.487A>G (p.Met163Val)	6657	SOX2	HGNC:11195	Likely benign	0	Mar 01, 2026	1393438018	-	RCV003107067|RCV006651347
3792340	single nucleotide variant	NM_000428.3(LTBP2):c.1263C>T (p.Asn421=)	4053	LTBP2	HGNC:6715	Likely benign	0	Apr 30, 2024	-1	-	RCV005137228
1115037	single nucleotide variant	NM_153717.3(EVC):c.1887-4A>C	2121	EVC	HGNC:3497	Likely benign	0	Oct 25, 2023	2152340153	-	RCV001455424
684519	single nucleotide variant	NM_015346.4(ZFYVE26):c.748G>A (p.Glu250Lys)	23503	ZFYVE26	HGNC:20761	Benign/Likely benign	0	Jan 28, 2026	200340910	-	RCV000862180|RCV001118447|RCV001727807|RCV001849156|RCV001573944
3702384	single nucleotide variant	NM_198578.4(LRRK2):c.5265A>G (p.Leu1755=)	120892	LRRK2	HGNC:18618	Likely benign	0	Nov 16, 2024	-1	-	RCV004990150
3388994	single nucleotide variant	NM_001082486.1(ACD):c.192G>A (p.Arg64=)	65057	ACD	HGNC:25070	Likely benign	0	Dec 14, 2023	756973095	-	RCV004523292
4889351	single nucleotide variant	NM_001379081.2(FREM1):c.5709A>G (p.Leu1903=)	158326	FREM1	HGNC:23399	Likely benign	0	Jun 01, 2025	-1	-	RCV006583896
4315198	single nucleotide variant	NM_006648.4(WNK2):c.2589C>T (p.His863=)	65268	WNK2	HGNC:14542	Likely benign	0	Aug 20, 2025	-1	-	RCV005784713
2929226	single nucleotide variant	NM_033100.4(CDHR1):c.297+11G>C	92211	CDHR1	HGNC:14550	Likely benign	0	Oct 07, 2023	2492467097	-	RCV003580435
4787002	single nucleotide variant	NM_032019.6(HDAC10):c.108T>A (p.Asp36Glu)	83933	HDAC10	HGNC:18128	Likely benign	0	Oct 07, 2025	-1	-	RCV006433072
1109646	single nucleotide variant	NM_004371.4(COPA):c.2292C>G (p.Thr764=)	1314	COPA	HGNC:2230	Likely benign	0	Mar 21, 2024	2101826069	-	RCV001474753
314535	single nucleotide variant	NM_152419.3(HGSNAT):c.*1216G>A	138050	HGSNAT	HGNC:26527	Benign	0	Jan 12, 2018	73569597	-	RCV000293369|RCV004712590|RCV005899405|RCV005899404
4289524	single nucleotide variant	NM_181486.4(TBX5):c.234G>A (p.Lys78=)	6910	TBX5	HGNC:11604	Likely benign	0	Jun 15, 2025	-1	-	RCV005757729
3847756	single nucleotide variant	NM_000096.4(CP):c.3186C>T (p.Thr1062=)	1356	CP	HGNC:2295	Likely benign	0	Sep 25, 2024	-1	-	RCV005188484
2907682	single nucleotide variant	NM_032119.4(ADGRV1):c.11906C>A (p.Pro3969Gln)	84059	ADGRV1	HGNC:17416	Likely benign	0	Mar 14, 2024	1235047565	-	RCV003568130
3607132	single nucleotide variant	NM_003098.3(SNTA1):c.1041A>G (p.Arg347=)	6640	SNTA1	HGNC:11167	Likely benign	0	Oct 22, 2024	-1	-	RCV004996173
4833467	single nucleotide variant	NM_001174150.2(ARL13B):c.891A>G (p.Gln297=)	200894	ARL13B	HGNC:25419	Likely benign	0	Jun 01, 2025	-1	-	RCV006497339
2282503	single nucleotide variant	NM_001136046.3(ZMYND15):c.794G>A (p.Arg265Gln)	84225	ZMYND15	HGNC:20997	Likely benign	0	May 04, 2022	140331305	-	RCV004135084
1974619	single nucleotide variant	NM_001770.6(CD19):c.947-19G>A	930	CD19	HGNC:1633	Likely benign	0	Sep 17, 2025	374909675	-	RCV002590849
5021589	single nucleotide variant	NM_001065.4(TNFRSF1A):c.625+8G>C	7132	TNFRSF1A	HGNC:11916	Likely benign	0	Jul 18, 2022	-1	-	RCV006823290
2993700	single nucleotide variant	NM_000338.3(SLC12A1):c.2778C>T (p.Ile926=)	6557	SLC12A1	HGNC:10910	Likely benign	0	Feb 28, 2023	2505191554	-	RCV003719053
1118716	single nucleotide variant	NM_017780.4(CHD7):c.813C>T (p.His271=)	55636	CHD7	HGNC:20626	Likely benign	0	Jan 05, 2026	773253450	-	RCV001456343
466554	single nucleotide variant	NM_004360.5(CDH1):c.1008+8G>A	999	CDH1	HGNC:1748	Likely benign	0	Dec 14, 2025	990193541	-	RCV000531274|RCV002060314|RCV003960305
3092007	single nucleotide variant	NM_000083.3(CLCN1):c.2904C>T (p.Asp968=)	1180	CLCN1	HGNC:2019	Likely benign	0	Jul 25, 2023	772482267	-	RCV003790453
1839221	single nucleotide variant	NM_001430.5(EPAS1):c.1830T>C (p.Asp610=)	2034	EPAS1	HGNC:3374	Likely benign	0	Mar 16, 2021	1684862394	-	RCV002412639
985587	single nucleotide variant	NM_001267550.2(TTN):c.106398T>C (p.Tyr35466=)	7273	TTN	HGNC:12403	Likely benign	0	Dec 07, 2025	1553482820	-	RCV001293482|RCV002418881|RCV002538422
2906782	single nucleotide variant	NM_001122630.2(CDKN1C):c.787+13C>T	1028	CDKN1C	HGNC:1786	Likely benign	0	Jul 26, 2023	1174788969	-	RCV003502216
2826204	single nucleotide variant	NR_166069.1(C9orf129):n.586C>T	-1	-	-	Likely benign	0	Sep 01, 2022	776278506	-	RCV003430132
3559465	single nucleotide variant	NM_017617.5(NOTCH1):c.5829C>G (p.Ala1943=)	4851	NOTCH1	HGNC:7881	Likely benign	0	Oct 28, 2024	-1	-	RCV004821463
2476729	single nucleotide variant	NM_001005361.3(DNM2):c.1215C>T (p.Pro405=)	1785	DNM2	HGNC:2974	Likely benign	0	Jul 11, 2025	546498406	-	RCV003222961|RCV005927323
3137568	single nucleotide variant	NM_001135649.3(FOXI3):c.783C>G (p.Leu261=)	344167	FOXI3	HGNC:35123	Likely benign	0	Dec 13, 2023	1012230746	-	RCV003834277
700167	single nucleotide variant	NM_001159522.3(ZNF727):c.1117T>C (p.Cys373Arg)	442319	ZNF727	HGNC:22785	Benign	0	Feb 13, 2018	199542879	-	RCV000954265
746506	single nucleotide variant	NM_006279.5(ST3GAL3):c.249G>A (p.Glu83=)	6487	ST3GAL3	HGNC:10866	Likely benign	0	Jul 05, 2018	1573982392	-	RCV000920348
1579569	single nucleotide variant	NM_000535.7(PMS2):c.2082T>C (p.Asp694=)	5395	PMS2	HGNC:9122	Benign/Likely benign	0	Sep 11, 2025	2128703697	-	RCV002158730|RCV002416509|RCV005421214
4830022	single nucleotide variant	NM_001953.5(TYMP):c.1194G>C (p.Ala398=)	1890	TYMP	HGNC:3148	Likely benign	0	May 04, 2025	-1	-	RCV006496660
762914	single nucleotide variant	NM_015488.5(PNKD):c.150G>A (p.Lys50=)	25953	PNKD	HGNC:9153	Likely benign	0	Aug 18, 2025	371649118	-	RCV003594064|RCV006945398
1602689	single nucleotide variant	NM_194255.4(SLC19A1):c.1536G>A (p.Gly512=)	6573	SLC19A1	HGNC:10937	Likely benign	0	Jan 11, 2026	201466856	-	RCV002105703
2806455	single nucleotide variant	NM_002457.5(MUC2):c.12063C>A (p.Thr4021=)	4583	MUC2	HGNC:7512	Likely benign	0	Aug 01, 2023	62637245	-	RCV003424552
2030543	single nucleotide variant	NM_003470.3(USP7):c.2415T>C (p.Asn805=)	7874	USP7	HGNC:12630	Likely benign	0	Apr 04, 2025	2061743538	-	RCV002746518
2981837	single nucleotide variant	NM_001083116.3(PRF1):c.78C>G (p.Ala26=)	5551	PRF1	HGNC:9360	Likely benign	0	Oct 17, 2023	1045076888	-	RCV003628023
4853233	single nucleotide variant	NM_019892.6(INPP5E):c.1035-20C>G	56623	INPP5E	HGNC:21474	Likely benign	0	Dec 18, 2025	-1	-	RCV006533886
1956305	single nucleotide variant	NM_004530.6(MMP2):c.684C>T (p.Ala228=)	4313	MMP2	HGNC:7166	Likely benign	0	Jun 08, 2022	138036598	-	RCV002579788
1919399	single nucleotide variant	NM_014844.5(TECPR2):c.315A>G (p.Gln105=)	9895	TECPR2	HGNC:19957	Likely benign	0	Jan 16, 2022	1164905694	-	RCV002610529
2059693	single nucleotide variant	NM_016247.4(IMPG2):c.3713+20C>A	50939	IMPG2	HGNC:18362	Likely benign	0	Jul 01, 2022	768729314	-	RCV002806556
1577362	single nucleotide variant	NM_005530.3(IDH3A):c.779+7C>G	3419	IDH3A	HGNC:5384	Likely benign	0	Oct 28, 2023	771318869	-	RCV002204623
735420	single nucleotide variant	NM_001901.4(CCN2):c.915C>T (p.Phe305=)	1490	CCN2	HGNC:2500	Likely benign	0	Oct 24, 2017	1181016968	-	RCV000908512
3047020	single nucleotide variant	NM_139057.4(ADAMTS17):c.984C>T (p.Gly328=)	170691	ADAMTS17	HGNC:17109	Likely benign	0	Mar 04, 2025	374501456	-	RCV003717317
2783010	single nucleotide variant	NM_153329.4(ALDH16A1):c.755C>T (p.Pro252Leu)	126133	ALDH16A1	HGNC:28114	Likely benign	0	Aug 22, 2023	776704156	-	RCV004361798
5050179	single nucleotide variant	NM_006311.4(NCOR1):c.120C>G (p.Val40=)	9611	NCOR1	HGNC:7672	Likely benign	0	Aug 18, 2020	-1	-	RCV006877639
2051773	single nucleotide variant	NM_015046.7(SETX):c.2154C>A (p.Ile718=)	23064	SETX	HGNC:445	Likely benign	0	Jun 09, 2022	2539125213	-	RCV002811386
732753	single nucleotide variant	NM_020120.4(UGGT1):c.1266G>A (p.Glu422=)	56886	UGGT1	HGNC:15663	Benign	0	Dec 14, 2017	73955931	-	RCV000906561
993147	single nucleotide variant	NM_001114753.3(ENG):c.613C>T (p.Arg205Trp)	2022	ENG	HGNC:3349	Likely benign	0	Apr 24, 2025	762209698	-	RCV001297931|RCV002357091
2891984	single nucleotide variant	NM_004531.5(MOCS2):c.65C>A (p.Pro22Gln)	4338	MOCS2	HGNC:7193	Likely benign	0	Dec 12, 2023	746626353	-	RCV003561619
2940877	single nucleotide variant	NM_014639.4(SKIC3):c.2635-8T>C	9652	SKIC3	HGNC:23639	Likely benign	0	Apr 01, 2025	766777690	-	RCV003659751
1066427	single nucleotide variant	NM_000130.5(F5):c.3446C>T (p.Ser1149Phe)	2153	F5	HGNC:3542	Likely benign	0	Jan 15, 2026	559098136	-	RCV003595776
2186717	single nucleotide variant	NM_000064.4(C3):c.773+15G>A	718	C3	HGNC:1318	Likely benign	0	Sep 29, 2025	1032861590	-	RCV003036895
2098210	single nucleotide variant	NM_005883.3(APC2):c.6169G>A (p.Ala2057Thr)	10297	APC2	HGNC:24036	Benign	0	Jan 29, 2026	189440287	-	RCV002895391|RCV003926458
2980160	single nucleotide variant	NM_174916.3(UBR1):c.5052C>T (p.Gly1684=)	197131	UBR1	HGNC:16808	Likely benign	0	Jan 15, 2024	775258388	-	RCV003686270
1890339	single nucleotide variant	NM_080860.4(RSPH1):c.654C>T (p.Ala218=)	89765	RSPH1	HGNC:12371	Benign	0	May 14, 2022	752858417	-	RCV003072760
1100486	single nucleotide variant	NM_001876.4(CPT1A):c.699C>T (p.Ser233=)	1374	CPT1A	HGNC:2328	Likely benign	0	Apr 28, 2025	777831837	-	RCV001429752
3796352	single nucleotide variant	NM_000455.5(STK11):c.734+9C>T	6794	STK11	HGNC:11389	Likely benign	0	Jul 09, 2024	-1	-	RCV005152435
3061024	single nucleotide variant	NM_203486.3(DLL3):c.1758+87G>A	10683	DLL3	HGNC:2909	Likely benign	0	Feb 08, 2024	746856386	-	RCV003737273
3696545	single nucleotide variant	NM_001148.6(ANK2):c.8296A>G (p.Thr2766Ala)	287	ANK2	HGNC:493	Likely benign	0	Sep 15, 2024	-1	-	RCV004993839
1634536	single nucleotide variant	NM_000038.6(APC):c.729+17T>C	324	APC	HGNC:583	Likely benign	0	Nov 13, 2024	770104532	-	RCV004565207
1073932	single nucleotide variant	NM_001851.6(COL9A1):c.1558-18T>C	1297	COL9A1	HGNC:2217	Likely benign	0	Jun 25, 2026	192159251	-	RCV001393405|RCV006753192
2085663	single nucleotide variant	NM_173660.5(DOK7):c.653-18G>A	285489	DOK7	HGNC:26594	Likely benign	0	Oct 16, 2025	762076600	-	RCV002881264
3139414	single nucleotide variant	NM_001126108.2(SLC12A3):c.2319C>A (p.Val773=)	6559	SLC12A3	HGNC:10912	Likely benign	0	Nov 15, 2023	2543531362	-	RCV003830057
2899314	single nucleotide variant	NM_001429.4(EP300):c.6914A>G (p.Asn2305Ser)	2033	EP300	HGNC:3373	Likely benign	0	Mar 01, 2026	769583219	-	RCV003527250|RCV006651455
1634849	single nucleotide variant	NM_004006.3(DMD):c.7969A>C (p.Arg2657=)	1756	DMD	HGNC:2928	Likely benign	0	Aug 30, 2023	778467350	-	RCV002096931
3149217	single nucleotide variant	NM_021076.4(NEFH):c.2034G>A (p.Glu678=)	4744	NEFH	HGNC:7737	Likely benign	0	Mar 20, 2023	755787868	-	RCV003843143
3032992	single nucleotide variant	NM_007055.4(POLR3A):c.3291T>C (p.Tyr1097=)	11128	POLR3A	HGNC:30074	Likely benign	0	Nov 04, 2024	760408755	-	RCV003712571|RCV006814663
1843910	single nucleotide variant	NM_002382.5(MAX):c.213C>A (p.Ile71=)	4149	MAX	HGNC:6913	Likely benign	0	Jun 28, 2022	777274451	-	RCV002430505
4872405	single nucleotide variant	NM_006859.4(LIAS):c.46-7T>C	11019	LIAS	HGNC:16429	Likely benign	0	Oct 17, 2025	-1	-	RCV006571308
765010	single nucleotide variant	NM_003062.4(SLIT3):c.3918C>T (p.Ile1306=)	6586	SLIT3	HGNC:11087	Likely benign	0	Jul 04, 2018	1582511364	-	RCV000934278
3077850	single nucleotide variant	NM_004614.5(TK2):c.90G>T (p.Gly30=)	7084	TK2	HGNC:11831	Likely benign	0	Feb 12, 2023	1458686377	-	RCV003736288
1133783	single nucleotide variant	NM_001171613.2(PREPL):c.1629+9A>G	9581	PREPL	HGNC:30228	Likely benign	0	Jun 16, 2020	1247136692	-	RCV001482179
911215	single nucleotide variant	NM_000314.8(PTEN):c.249C>T (p.Cys83=)	5728	PTEN	HGNC:9588	Likely benign	0	Dec 03, 2019	1554897879	-	RCV001192057
737932	single nucleotide variant	NM_001122630.2(CDKN1C):c.408C>T (p.Thr136=)	1028	CDKN1C	HGNC:1786	Likely benign	0	Oct 10, 2023	1590150476	-	RCV001399280
4835275	single nucleotide variant	NM_001364905.1(LRBA):c.646-17A>G	987	LRBA	HGNC:1742	Likely benign	0	Sep 09, 2025	-1	-	RCV006529053
3836204	single nucleotide variant	NM_000722.4(CACNA2D1):c.3076+14T>C	781	CACNA2D1	HGNC:1399	Likely benign	0	Sep 09, 2024	-1	-	RCV005177001
2937057	single nucleotide variant	NM_001792.5(CDH2):c.546+9G>A	1000	CDH2	HGNC:1759	Likely benign	0	Jul 25, 2023	1196582384	-	RCV003663559
3791480	single nucleotide variant	NM_005876.5(SPEG):c.5433C>T (p.Asn1811=)	10290	SPEG	HGNC:16901	Likely benign	0	Feb 02, 2024	-1	-	RCV005139234
1351454	single nucleotide variant	NM_032608.7(MYO18B):c.6287+9C>G	84700	MYO18B	HGNC:18150	Likely benign	0	Feb 24, 2024	2146851665	-	RCV002021874
1822720	single nucleotide variant	NM_016169.4(SUFU):c.72G>C (p.Pro24=)	51684	SUFU	HGNC:16466	Likely benign	0	Nov 04, 2021	1322344970	-	RCV002382778
401860	single nucleotide variant	NM_016373.4(WWOX):c.807C>T (p.Asn269=)	51741	WWOX	HGNC:12799	Benign/Likely benign	0	May 01, 2026	62034095	-	RCV000501786|RCV000714214|RCV001083409|RCV002244942|RCV002244943
1308740	single nucleotide variant	NM_016556.4(PSMC3IP):c.225+89C>T	29893	PSMC3IP	HGNC:17928	Likely benign	0	May 15, 2019	193090088	-	RCV001766244
3098600	single nucleotide variant	NM_001244008.2(KIF1A):c.4665+11C>T	547	KIF1A	HGNC:888	Likely benign	0	May 18, 2023	2536697473	-	RCV003804531
3165074	single nucleotide variant	NM_206933.4(USH2A):c.4396+11T>A	7399	USH2A	HGNC:12601	Likely benign	0	Mar 14, 2023	753100074	-	RCV003860935
2023713	single nucleotide variant	NM_018124.4(RFWD3):c.1427-16A>C	55159	RFWD3	HGNC:25539	Likely benign	0	Oct 21, 2025	552108764	-	RCV002731208
5053445	single nucleotide variant	NM_000180.4(GUCY2D):c.1047C>T (p.Thr349=)	3000	GUCY2D	HGNC:4689	Likely benign	0	Nov 03, 2020	-1	-	RCV006889128
1531490	single nucleotide variant	NM_000251.3(MSH2):c.2088A>C (p.Pro696=)	4436	MSH2	HGNC:7325	Likely benign	0	Nov 15, 2022	878853807	-	RCV002213547
698480	single nucleotide variant	NM_020972.3(ZFYVE28):c.946C>G (p.Pro316Ala)	57732	ZFYVE28	HGNC:29334	Benign	0	Jan 19, 2018	61742112	-	RCV000955329
1872622	single nucleotide variant	NM_001042681.2(RERE):c.3889C>T (p.Pro1297Ser)	473	RERE	HGNC:9965	Likely benign	0	Oct 03, 2023	372623770	-	RCV003076465|RCV003076466
5070508	single nucleotide variant	NM_001631.5(ALPI):c.262C>T (p.Leu88=)	248	ALPI	HGNC:437	Likely benign	0	Aug 24, 2020	-1	-	RCV006940954
378477	single nucleotide variant	NM_001111125.3(IQSEC2):c.120G>A (p.Gln40=)	23096	IQSEC2	HGNC:29059	Likely benign	0	Dec 01, 2025	1057522131	-	RCV000897124|RCV001698152
3815560	single nucleotide variant	NM_001379500.1(COL18A1):c.2621-20C>G	80781	COL18A1	HGNC:2195	Likely benign	0	Jan 06, 2025	-1	-	RCV005163493
2829125	single nucleotide variant	NM_007157.4(ZXDB):c.2220G>A (p.Ser740=)	158586	ZXDB	HGNC:13199	Likely benign	0	Apr 01, 2023	148466824	-	RCV003430576
2817041	single nucleotide variant	NM_014708.6(KNTC1):c.4923C>T (p.His1641=)	9735	KNTC1	HGNC:17255	Likely benign	0	Apr 01, 2022	370507743	-	RCV003390338
4994130	single nucleotide variant	NM_006662.3(SRCAP):c.7967C>T (p.Pro2656Leu)	10847	SRCAP	HGNC:16974	Likely benign	0	Nov 06, 2025	-1	-	RCV006743664
1201990	single nucleotide variant	NM_021942.6(TRAPPC11):c.3190-268G>T	60684	TRAPPC11	HGNC:25751	Likely benign	0	Oct 16, 2018	73004704	-	RCV001584860
5083076	single nucleotide variant	NM_004385.5(VCAN):c.2628T>C (p.His876=)	1462	VCAN	HGNC:2464	Likely benign	0	Dec 13, 2022	-1	-	RCV006969924
1928106	single nucleotide variant	NM_172362.3(KCNH1):c.2574G>A (p.Ser858=)	3756	KCNH1	HGNC:6250	Likely benign	0	Dec 09, 2025	753475175	-	RCV002654905|RCV006870258
912617	single nucleotide variant	NM_005159.5(ACTC1):c.141G>T (p.Val47=)	70	ACTC1	HGNC:143	Likely benign	0	Aug 27, 2024	1409682416	-	RCV001188002|RCV002560916|RCV004807418
2426948	single nucleotide variant	NM_001184.4(ATR):c.3924G>A (p.Lys1308=)	545	ATR	HGNC:882	Likely benign	0	Dec 27, 2022	1209367847	-	RCV003183009
752364	single nucleotide variant	NM_000195.5(HPS1):c.685C>T (p.Leu229=)	3257	HPS1	HGNC:5163	Likely benign	0	Jul 23, 2025	760554633	-	RCV000916007
1102579	single nucleotide variant	NM_015072.5(TTLL5):c.3824-7T>G	23093	TTLL5	HGNC:19963	Likely benign	0	Sep 08, 2024	2035054244	-	RCV001429798
3056776	single nucleotide variant	NM_138694.4(PKHD1):c.8841T>C (p.Ala2947=)	5314	PKHD1	HGNC:9016	Likely benign	0	Jun 27, 2023	761457656	-	RCV003612045
1376656	single nucleotide variant	NM_006073.4(TRDN):c.1598-6T>G	10345	TRDN	HGNC:12261	Likely benign	0	Sep 27, 2025	554635684	-	RCV002548046
1074761	single nucleotide variant	NM_001101.5(ACTB):c.803-9C>T	60	ACTB	HGNC:132	Likely benign	0	May 12, 2025	367990633	-	RCV001412980|RCV004550132|RCV006777583
5016068	single nucleotide variant	NM_002900.3(RBP3):c.3389-16G>A	5949	RBP3	HGNC:9921	Likely benign	0	Oct 14, 2024	-1	-	RCV006815496
3415026	single nucleotide variant	NM_000321.3(RB1):c.2106+15C>T	5925	RB1	HGNC:9884	Likely benign	0	Mar 04, 2025	-1	-	RCV004597361
3826792	single nucleotide variant	NM_001371986.1(UNC80):c.5505G>T (p.Thr1835=)	285175	UNC80	HGNC:26582	Likely benign	0	Jun 04, 2024	-1	-	RCV005182909
1127900	single nucleotide variant	NM_181882.3(PRX):c.2967C>T (p.Leu989=)	57716	PRX	HGNC:13797	Likely benign	0	Feb 22, 2024	1057522657	-	RCV001474366
3066612	single nucleotide variant	NM_000925.4(PDHB):c.792+18T>C	5162	PDHB	HGNC:8808	Likely benign	0	Jan 16, 2026	769394650	-	RCV003627409
4816564	single nucleotide variant	NM_017802.4(DNAAF5):c.906-14C>T	54919	DNAAF5	HGNC:26013	Likely benign	0	Jan 08, 2026	-1	-	RCV006500114
225653	single nucleotide variant	NM_006231.4(POLE):c.4149+1524C>T	5426	POLE	HGNC:9177	Likely benign	0	Dec 01, 2015	869312624	-	RCV000209344
4915418	single nucleotide variant	NM_022765.4(MICAL1):c.833-5C>T	64780	MICAL1	HGNC:20619	Likely benign	0	Jul 08, 2025	-1	-	RCV006622086
2873038	single nucleotide variant	NM_000396.4(CTSK):c.795T>C (p.Tyr265=)	1513	CTSK	HGNC:2536	Likely benign	0	Aug 28, 2023	1342713133	-	RCV003548671
459327	single nucleotide variant	NM_017617.5(NOTCH1):c.2326G>A (p.Val776Met)	4851	NOTCH1	HGNC:7881	Benign	0	Dec 25, 2025	377286829	-	RCV000527166
1617770	single nucleotide variant	NM_001164508.2(NEB):c.7335G>A (p.Lys2445=)	4703	NEB	HGNC:7720	Likely benign	0	Jul 13, 2021	886043134	-	RCV002125446
2461366	single nucleotide variant	NM_001256067.2(NOXA1):c.589G>A (p.Val197Met)	10811	NOXA1	HGNC:10668	Likely benign	0	Jan 23, 2023	879073978	-	RCV004267526
2825332	single nucleotide variant	NM_018915.4(PCDHGA2):c.1783G>A (p.Asp595Asn)	56113	PCDHGA2	HGNC:8700	Likely benign	0	Dec 01, 2022	61749034	-	RCV003428646
349357	single nucleotide variant	NM_015629.4(PRPF31):c.1416G>A (p.Val472=)	26121	PRPF31	HGNC:15446	Benign	0	Jan 09, 2026	145958840	-	RCV000385623|RCV001516677
2172019	single nucleotide variant	NM_001844.5(COL2A1):c.4170C>T (p.Thr1390=)	1280	COL2A1	HGNC:2200	Likely benign	0	Dec 29, 2025	933473190	-	RCV003029888
4897166	single nucleotide variant	NM_201384.3(PLEC):c.3712C>T (p.Leu1238=)	5339	PLEC	HGNC:9069	Likely benign	0	Feb 11, 2025	-1	-	RCV006599318
3084242	single nucleotide variant	NM_000044.6(AR):c.2319-10T>C	367	AR	HGNC:644	Benign	0	Nov 07, 2023	778237501	-	RCV003782435
2980740	single nucleotide variant	NM_002858.4(ABCD3):c.406-19A>G	5825	ABCD3	HGNC:67	Likely benign	0	Nov 28, 2022	2525255657	-	RCV003711105
2921700	single nucleotide variant	NM_001130144.3(LTBP3):c.2978-17T>G	4054	LTBP3	HGNC:6716	Likely benign	0	Nov 09, 2024	772518709	-	RCV003591568
3763201	single nucleotide variant	NM_015346.4(ZFYVE26):c.834C>G (p.Thr278=)	23503	ZFYVE26	HGNC:20761	Likely benign	0	Mar 26, 2024	-1	-	RCV005108796
4846908	single nucleotide variant	NM_017999.5(RNF31):c.3015T>C (p.Tyr1005=)	55072	RNF31	HGNC:16031	Likely benign	0	Dec 03, 2025	-1	-	RCV006525677
1609249	single nucleotide variant	NM_000321.3(RB1):c.564A>G (p.Ala188=)	5925	RB1	HGNC:9884	Likely benign	0	Jun 11, 2024	1952522861	-	RCV002157276|RCV004671637
1463135	single nucleotide variant	NM_016151.4(TAOK2):c.205-7C>G	9344	TAOK2	HGNC:16835	Likely benign	0	Feb 24, 2024	1446549040	-	RCV002049627
722142	single nucleotide variant	NM_015687.5(FILIP1):c.1129A>G (p.Met377Val)	27145	FILIP1	HGNC:21015	Benign	0	Apr 24, 2018	61736188	-	RCV000891868
338495	single nucleotide variant	NM_032387.5(WNK4):c.1864-11T>C	65266	WNK4	HGNC:14544	Benign/Likely benign	0	Dec 26, 2025	61755599	-	RCV000321058|RCV003765879|RCV006458260
3455210	single nucleotide variant	NM_001145304.2(IQCN):c.3595G>A (p.Gly1199Arg)	80726	IQCN	HGNC:29350	Likely benign	0	May 01, 2024	-1	-	RCV004630997
2884974	single nucleotide variant	NM_004171.4(SLC1A2):c.453G>A (p.Lys151=)	6506	SLC1A2	HGNC:10940	Likely benign	0	Mar 09, 2023	1358621043	-	RCV003559234
1086007	single nucleotide variant	NM_001282684.2(KCTD17):c.144C>T (p.Ser48=)	79734	KCTD17	HGNC:25705	Likely benign	0	Dec 01, 2023	572333922	-	RCV001416740
3416394	single nucleotide variant	NM_017951.5(SMPD4):c.-75C>T	55627	SMPD4	HGNC:32949	Likely benign	0	Jul 01, 2024	-1	-	RCV004597652
44460	single nucleotide variant	NM_000388.4(CASR):c.3063G>A (p.Thr1021=)	846	CASR	HGNC:1514	Likely benign	0	Apr 21, 2025	193922440	-	RCV000029448|RCV002054482|RCV004018681
4809368	single nucleotide variant	NM_194248.3(OTOF):c.1393-10C>T	9381	OTOF	HGNC:8515	Likely benign	0	Jan 16, 2026	-1	-	RCV006481084
3152546	single nucleotide variant	NM_000283.4(PDE6B):c.2526C>G (p.Gly842=)	5158	PDE6B	HGNC:8786	Likely benign	0	Jul 23, 2025	61733857	-	RCV003840473
1635981	single nucleotide variant	NM_001267550.2(TTN):c.48153T>C (p.Asn16051=)	7273	TTN	HGNC:12403	Likely benign	0	Jun 18, 2025	1445636202	-	RCV002085002
4804649	single nucleotide variant	NM_018263.6(ASXL2):c.58-16T>C	55252	ASXL2	HGNC:23805	Likely benign	0	Apr 28, 2025	-1	-	RCV006498233
3032488	single nucleotide variant	NM_001142864.4(PIEZO1):c.3301+18C>A	9780	PIEZO1	HGNC:28993	Likely benign	0	Oct 01, 2025	896427011	-	RCV003714891
4873604	single nucleotide variant	NM_031483.7(ITCH):c.732A>G (p.Thr244=)	83737	ITCH	HGNC:13890	Likely benign	0	Nov 27, 2025	-1	-	RCV006587464
3135778	single nucleotide variant	NM_001355436.2(SPTB):c.1342-17T>G	6710	SPTB	HGNC:11274	Likely benign	0	Jan 20, 2023	557089913	-	RCV003824404
2159749	single nucleotide variant	NM_016284.5(CNOT1):c.3202-5T>C	23019	CNOT1	HGNC:7877	Likely benign	0	Oct 29, 2024	780252748	-	RCV003029441
3168553	single nucleotide variant	NM_001905.4(CTPS1):c.453G>C (p.Val151=)	1503	CTPS1	HGNC:2519	Likely benign	0	Oct 09, 2023	745918544	-	RCV003866027
4908887	single nucleotide variant	NM_001369369.1(FOXN1):c.870G>A (p.Gly290=)	8456	FOXN1	HGNC:12765	Likely benign	0	Nov 20, 2025	-1	-	RCV006626064
1207033	single nucleotide variant	NM_014290.3(TDRD7):c.2167-130G>A	23424	TDRD7	HGNC:30831	Likely benign	0	Nov 12, 2018	78712725	-	RCV001587825
1067205	single nucleotide variant	NM_005356.5(LCK):c.481+7G>A	3932	LCK	HGNC:6524	Likely benign	0	Mar 19, 2022	1270606553	-	RCV001399126
917926	single nucleotide variant	NM_032444.4(SLX4):c.1925-122C>T	84464	SLX4	HGNC:23845	Likely benign	0	Aug 31, 2012	2040646025	-	RCV001194879
1560892	single nucleotide variant	NM_000548.5(TSC2):c.975+19G>T	7249	TSC2	HGNC:12363	Likely benign	0	Oct 30, 2024	909473730	-	RCV002102810|RCV002499923
1235143	single nucleotide variant	NM_000722.4(CACNA2D1):c.1363-273T>A	781	CACNA2D1	HGNC:1399	Benign	0	Jun 26, 2018	37128	-	RCV001651512
3099029	single nucleotide variant	NM_025114.4(CEP290):c.2478C>T (p.Tyr826=)	80184	CEP290	HGNC:29021	Likely benign	0	Apr 26, 2023	758193337	-	RCV003791009
1901617	single nucleotide variant	NM_005529.7(HSPG2):c.456G>A (p.Ser152=)	3339	HSPG2	HGNC:5273	Likely benign	0	Jan 18, 2025	575330207	-	RCV002610279
1138050	single nucleotide variant	NM_004370.6(COL12A1):c.4893A>G (p.Thr1631=)	1303	COL12A1	HGNC:2188	Likely benign	0	Sep 09, 2020	1219807352	-	RCV001505684
4826413	single nucleotide variant	NM_175875.5(SIX5):c.1610-5C>A	147912	SIX5	HGNC:10891	Likely benign	0	May 13, 2025	-1	-	RCV006496867
1572489	single nucleotide variant	NM_005051.3(QARS1):c.376-20C>T	5859	QARS1	HGNC:9751	Likely benign	0	May 15, 2025	2107112057	-	RCV003025473
295528	single nucleotide variant	NM_153281.2(HYAL1):c.-240A>G	3373	HYAL1	HGNC:5320	Benign	0	Jan 13, 2018	12634784	-	RCV000286541
3056335	single nucleotide variant	NM_001126108.2(SLC12A3):c.2038-17G>T	6559	SLC12A3	HGNC:10912	Likely benign	0	Dec 01, 2023	2543522845	-	RCV003728468
1105097	single nucleotide variant	NM_017763.6(RNF43):c.873C>A (p.Leu291=)	54894	RNF43	HGNC:18505	Likely benign	0	Oct 13, 2025	148147597	-	RCV001428450|RCV002268485|RCV003930914
1222817	single nucleotide variant	NM_000447.3(PSEN2):c.141+125C>G	5664	PSEN2	HGNC:9509	Benign	0	Nov 16, 2018	12071324	-	RCV001621751
4318439	single nucleotide variant	NM_015367.4(BCL2L13):c.1307C>T (p.Pro436Leu)	23786	BCL2L13	HGNC:17164	Likely benign	0	Aug 11, 2025	-1	-	RCV005784559
5024190	single nucleotide variant	NM_004055.5(CAPN5):c.1741-4C>T	726	CAPN5	HGNC:1482	Likely benign	0	Nov 14, 2023	-1	-	RCV006809550
1981861	single nucleotide variant	NM_005529.7(HSPG2):c.7095C>T (p.Pro2365=)	3339	HSPG2	HGNC:5273	Likely benign	0	Aug 08, 2024	747613348	-	RCV002631637|RCV006939859
2121627	single nucleotide variant	NM_001379291.1(BRD4):c.1552-9G>C	23476	BRD4	HGNC:13575	Likely benign	0	Dec 02, 2024	756055126	-	RCV002953905
3793626	single nucleotide variant	NM_000217.3(KCNA1):c.27G>A (p.Val9=)	3736	KCNA1	HGNC:6218	Likely benign	0	Jun 22, 2024	-1	-	RCV005132282
2096659	single nucleotide variant	NM_206937.2(LIG4):c.711T>C (p.Asp237=)	3981	LIG4	HGNC:6601	Likely benign	0	Oct 01, 2022	2501617967	-	RCV002885239
4828147	single nucleotide variant	NM_006231.4(POLE):c.3276G>A (p.Arg1092=)	5426	POLE	HGNC:9177	Likely benign	0	Dec 21, 2025	-1	-	RCV006500622
365241	single nucleotide variant	NM_000310.4(PPT1):c.362+18A>T	5538	PPT1	HGNC:9325	Likely benign	0	Nov 03, 2016	201717598	-	RCV000432465
1238540	single nucleotide variant	NM_001204375.2(NPR3):c.769+180C>T	4883	NPR3	HGNC:7945	Benign	0	May 14, 2021	4867473	-	RCV001655084
1108296	single nucleotide variant	NM_004006.3(DMD):c.4998A>T (p.Arg1666=)	1756	DMD	HGNC:2928	Likely benign	0	Nov 11, 2024	1481796319	-	RCV001429993|RCV002341934
4737929	single nucleotide variant	NM_005475.3(SH2B3):c.1641G>C (p.Val547=)	10019	SH2B3	HGNC:29605	Likely benign	0	Nov 26, 2025	-1	-	RCV006371919
2138736	single nucleotide variant	NM_015570.4(AUTS2):c.1468+7C>T	26053	AUTS2	HGNC:14262	Likely benign	0	Jul 06, 2025	374398806	-	RCV002988520
570398	single nucleotide variant	NM_004360.5(CDH1):c.1323C>T (p.Gly441=)	999	CDH1	HGNC:1748	Likely benign	0	Feb 14, 2026	763647680	-	RCV000687654|RCV006663135
1671877	single nucleotide variant	NM_152773.5(DYNLT2B):c.318-12T>C	255758	DYNLT2B	HGNC:28482	Likely benign	0	Jul 29, 2024	767692322	-	RCV002587372
4370865	single nucleotide variant	NM_138420.4(AHNAK2):c.10625T>C (p.Leu3542Pro)	113146	AHNAK2	HGNC:20125	Likely benign	0	Jun 01, 2026	-1	-	RCV005846945|RCV006735014
761201	single nucleotide variant	NM_001330723.2(SNX27):c.621G>A (p.Leu207=)	81609	SNX27	HGNC:20073	Likely benign	0	Jun 03, 2024	754801297	-	RCV001393202
1210551	single nucleotide variant	NM_021951.3(DMRT1):c.539-158T>C	1761	DMRT1	HGNC:2934	Benign	0	Jun 20, 2021	73374764	-	RCV001597730
4877941	single nucleotide variant	NM_172341.4(PSENEN):c.166+12G>A	55851	PSENEN	HGNC:30100	Likely benign	0	Dec 26, 2025	-1	-	RCV006568893
2902830	single nucleotide variant	NM_004656.4(BAP1):c.37+35A>G	8314	BAP1	HGNC:950	Likely benign	0	Jan 26, 2026	199750231	-	RCV003529570
467300	single nucleotide variant	NM_001042492.3(NF1):c.1966G>A (p.Ala656Thr)	4763	NF1	HGNC:7765	Benign/Likely benign	0	May 05, 2026	1555613598	-	RCV002420363|RCV000529749
1650017	single nucleotide variant	NM_015259.6(ICOSLG):c.594C>T (p.Asp198=)	23308	ICOSLG	HGNC:17087	Likely benign	0	Jan 08, 2026	578188475	-	RCV002092755
3218500	single nucleotide variant	NM_024996.7(GFM1):c.689+884T>C	85476	GFM1	HGNC:13780	Likely benign	0	Jan 15, 2020	553012731	-	RCV003957290
1616305	single nucleotide variant	NM_015662.3(IFT172):c.2388A>G (p.Thr796=)	26160	IFT172	HGNC:30391	Likely benign	0	Jan 14, 2026	750450341	-	RCV002120843|RCV002500190
3154575	single nucleotide variant	NM_201525.4(ADGRG1):c.1168-5G>T	9289	ADGRG1	HGNC:4512	Likely benign	0	Aug 10, 2023	1488185493	-	RCV003849251
4828158	single nucleotide variant	NM_001330700.2(TOP2B):c.3816G>A (p.Val1272=)	7155	TOP2B	HGNC:11990	Likely benign	0	Oct 27, 2025	-1	-	RCV006505257
1184621	single nucleotide variant	NM_001082538.3(TCTN1):c.822+68A>G	79600	TCTN1	HGNC:26113	Likely benign	0	Aug 12, 2018	114661062	-	RCV001558873|RCV005916394
1597976	single nucleotide variant	NM_172364.5(CACNA2D4):c.1722C>T (p.Tyr574=)	93589	CACNA2D4	HGNC:20202	Likely benign	0	Oct 03, 2025	374467523	-	RCV002162327|RCV006828766
3793551	single nucleotide variant	NM_000784.4(CYP27A1):c.1017+18G>C	1593	CYP27A1	HGNC:2605	Likely benign	0	Jun 21, 2024	-1	-	RCV005132207
2816597	single nucleotide variant	NM_001008938.4(CKAP5):c.3231A>G (p.Lys1077=)	9793	CKAP5	HGNC:28959	Likely benign	0	Sep 01, 2022	146251898	-	RCV003390045|RCV005932995|RCV005932990|RCV005932992|RCV005932991|RCV005932993|RCV005932994
3122849	single nucleotide variant	NM_001277115.2(DNAH11):c.8317-18C>G	8701	DNAH11	HGNC:2942	Likely benign	0	Aug 07, 2023	1280646753	-	RCV003819247
254665	single nucleotide variant	NM_000552.5(VWF):c.5664+33G>A	7450	VWF	HGNC:12726	Benign	0	-	55664929	-	RCV000253732|RCV004706694
1572525	single nucleotide variant	NM_000155.4(GALT):c.564+8T>C	2592	GALT	HGNC:4135	Likely benign	0	Jun 13, 2022	2132343810	-	RCV002162630
2067629	single nucleotide variant	NM_025103.4(IFT74):c.1498-17T>C	80173	IFT74	HGNC:21424	Likely benign	0	Mar 03, 2025	2489724779	-	RCV002856510
1142218	single nucleotide variant	NM_001122630.2(CDKN1C):c.111C>T (p.Ala37=)	1028	CDKN1C	HGNC:1786	Likely benign	0	Feb 04, 2024	769255937	-	RCV001486091|RCV006807006
579805	single nucleotide variant	NM_001130438.3(SPTAN1):c.6790A>C (p.Arg2264=)	6709	SPTAN1	HGNC:11273	Likely benign	0	Jan 01, 2025	766550915	-	RCV002316149|RCV005243347|RCV006464048
4808227	single nucleotide variant	NM_001845.6(COL4A1):c.4640+17T>G	1282	COL4A1	HGNC:2202	Likely benign	0	Feb 10, 2025	-1	-	RCV006488185
3190969	single nucleotide variant	NM_003458.4(BSN):c.6165G>A (p.Pro2055=)	8927	BSN	HGNC:1117	Likely benign	0	Aug 01, 2019	145865812	-	RCV003909526
3141864	single nucleotide variant	NM_001304438.2(TMEM132E):c.2691C>T (p.Val897=)	124842	TMEM132E	HGNC:26991	Likely benign	0	Aug 18, 2025	148850158	-	RCV003839786
4987915	single nucleotide variant	NM_017649.5(CNNM2):c.1622-56504G>A	54805	CNNM2	HGNC:103	Likely benign	0	May 18, 2026	-1	-	RCV006740315
1389051	single nucleotide variant	NM_015047.3(EMC1):c.714T>A (p.Pro238=)	23065	EMC1	HGNC:28957	Likely benign	0	Feb 17, 2024	2151958841	-	RCV002040193
1995080	single nucleotide variant	NM_000231.3(SGCG):c.506-5T>C	6445	SGCG	HGNC:10809	Likely benign	0	Jul 13, 2022	2542029820	-	RCV002650502
3215261	single nucleotide variant	NM_015354.3(NUP188):c.4369C>T (p.Leu1457=)	23511	NUP188	HGNC:17859	Likely benign	0	Oct 30, 2019	763163159	-	RCV003942297
1881228	single nucleotide variant	NM_000388.4(CASR):c.282A>T (p.Gly94=)	846	CASR	HGNC:1514	Likely benign	0	Feb 28, 2023	1426150772	-	RCV003083248|RCV004071636
3170068	single nucleotide variant	NM_001277115.2(DNAH11):c.1689T>C (p.Asn563=)	8701	DNAH11	HGNC:2942	Likely benign	0	Dec 11, 2023	2534563995	-	RCV003869697
2941723	single nucleotide variant	NM_022081.6(HPS4):c.1714-13T>C	89781	HPS4	HGNC:15844	Likely benign	0	Apr 18, 2023	1284386208	-	RCV003662244
752534	single nucleotide variant	NM_021961.6(TEAD1):c.252G>A (p.Thr84=)	7003	TEAD1	HGNC:11714	Likely benign	0	Sep 09, 2025	144369913	-	RCV000913082|RCV006824656
176954	single nucleotide variant	NM_014014.5(SNRNP200):c.2800A>G (p.Thr934Ala)	23020	SNRNP200	HGNC:30859	Benign/Likely benign	0	Jan 20, 2026	149616320	-	RCV000153985|RCV000376441|RCV000756671|RCV001000085|RCV003888596
2140002	single nucleotide variant	NM_144596.4(TTC8):c.114+7G>C	123016	TTC8	HGNC:20087	Likely benign	0	Jun 07, 2022	1216227769	-	RCV003002473
3985484	single nucleotide variant	NM_014647.4(MARF1):c.5157G>A (p.Pro1719=)	9665	MARF1	HGNC:29562	Likely benign	0	Dec 16, 2024	-1	-	RCV005371499
1250459	single nucleotide variant	NM_182914.3(SYNE2):c.20469+55A>G	23224	SYNE2	HGNC:17084	Benign	0	Jul 09, 2018	8020646	-	RCV001674420
657201	single nucleotide variant	NM_024529.5(CDC73):c.1155-165A>G	79577	CDC73	HGNC:16783	Likely benign	0	Jun 17, 2018	150246947	-	RCV000837120
2011752	single nucleotide variant	NM_001291415.2(KDM6A):c.261T>G (p.Ala87=)	7403	KDM6A	HGNC:12637	Likely benign	0	Aug 22, 2022	2147168881	-	RCV002705799
3073156	single nucleotide variant	NM_152309.3(PIK3AP1):c.2360+19T>G	118788	PIK3AP1	HGNC:30034	Likely benign	0	Aug 17, 2023	747096308	-	RCV003760512
1241027	single nucleotide variant	NM_019616.4(F7):c.365-57G>A	2155	F7	HGNC:3544	Benign	0	Jun 18, 2021	569557	-	RCV001656922
753517	single nucleotide variant	NM_002332.3(LRP1):c.8058C>T (p.Arg2686=)	4035	LRP1	HGNC:6692	Likely benign	0	Sep 05, 2018	545868364	-	RCV000917996
4452805	single nucleotide variant	NM_005685.4(GTF2IRD1):c.1410-16C>A	9569	GTF2IRD1	HGNC:4661	Likely benign	0	Nov 23, 2024	-1	-	RCV006000773|RCV006000772|RCV006762314
1234526	single nucleotide variant	NM_020754.4(ARHGAP31):c.1926+163T>G	57514	ARHGAP31	HGNC:29216	Benign	0	Dec 17, 2018	72968486	-	RCV001651846
2959162	single nucleotide variant	NM_001023570.4(IQCB1):c.1568-6C>T	9657	IQCB1	HGNC:28949	Likely benign	0	Dec 19, 2023	1447280144	-	RCV003749290
1270514	single nucleotide variant	NM_000175.5(GPI):c.283-31G>A	2821	GPI	HGNC:4458	Benign	0	Nov 12, 2018	2099099	-	RCV001691652
902908	single nucleotide variant	NM_000132.4(F8):c.*992A>G	2157	F8	HGNC:3546	Likely benign	0	Jan 12, 2018	782499043	-	RCV001166726
1889001	single nucleotide variant	NM_001267550.2(TTN):c.31270+18T>C	7273	TTN	HGNC:12403	Likely benign	0	Nov 24, 2025	755844270	-	RCV003069109
4983807	single nucleotide variant	NM_001353345.2(SETD1B):c.3804G>A (p.Pro1268=)	23067	SETD1B	HGNC:29187	Likely benign	0	Apr 01, 2026	-1	-	RCV006732331
2037417	single nucleotide variant	NM_001365951.3(KIF1B):c.3688+16G>A	23095	KIF1B	HGNC:16636	Likely benign	0	Jun 25, 2025	146170231	-	RCV002786728
3331098	single nucleotide variant	NM_178509.6(STXBP4):c.494G>T (p.Cys165Phe)	252983	STXBP4	HGNC:19694	Likely benign	0	Oct 30, 2023	1480428015	-	RCV004458676
3070194	single nucleotide variant	NM_001206744.2(TPO):c.1857C>T (p.Ala619=)	7173	TPO	HGNC:12015	Likely benign	0	Mar 14, 2024	140322336	-	RCV003734798
3482141	single nucleotide variant	NM_003213.4(TEAD4):c.528T>C (p.Asp176=)	7004	TEAD4	HGNC:11717	Likely benign	0	Apr 08, 2024	-1	-	RCV004675765
3050879	single nucleotide variant	NM_004268.5(MED17):c.1599G>A (p.Gln533=)	9440	MED17	HGNC:2375	Likely benign	0	Nov 20, 2023	1944067105	-	RCV003722111
5074994	single nucleotide variant	NM_020754.4(ARHGAP31):c.1827G>A (p.Glu609=)	57514	ARHGAP31	HGNC:29216	Likely benign	0	Sep 07, 2022	-1	-	RCV006958666
3737004	single nucleotide variant	NM_015160.3(PMPCA):c.507T>C (p.Asp169=)	23203	PMPCA	HGNC:18667	Likely benign	0	Jul 31, 2024	-1	-	RCV005064484
2995987	single nucleotide variant	NM_000944.5(PPP3CA):c.1077A>G (p.Glu359=)	5530	PPP3CA	HGNC:9314	Likely benign	0	Jan 02, 2024	2476262525	-	RCV003692545
1613826	single nucleotide variant	NM_000275.3(OCA2):c.759G>A (p.Glu253=)	4948	OCA2	HGNC:8101	Likely benign	0	Jun 03, 2025	1011810786	-	RCV002084066
772806	single nucleotide variant	NM_020719.3(PRR12):c.5166C>T (p.Ala1722=)	57479	PRR12	HGNC:29217	Likely benign	0	Aug 13, 2018	1599799699	-	RCV000943223
2191828	single nucleotide variant	NM_006206.6(PDGFRA):c.555G>A (p.Gly185=)	5156	PDGFRA	HGNC:8803	Likely benign	0	Sep 05, 2025	878854830	-	RCV003040709|RCV004946166
2241561	single nucleotide variant	NM_024490.4(ATP10A):c.2275G>A (p.Asp759Asn)	57194	ATP10A	HGNC:13542	Likely benign	0	Aug 19, 2021	752081521	-	RCV004104452
1554216	single nucleotide variant	NM_015346.4(ZFYVE26):c.9T>C (p.His3=)	23503	ZFYVE26	HGNC:20761	Likely benign	0	Aug 16, 2023	904309189	-	RCV002100969
4019889	single nucleotide variant	NM_000535.7(PMS2):c.1344A>C (p.Gly448=)	5395	PMS2	HGNC:9122	Benign	0	Jan 30, 2025	-1	-	RCV005427549
659549	single nucleotide variant	NM_001130987.2(DYSF):c.4221+96C>T	8291	DYSF	HGNC:3097	Benign	0	Jun 10, 2021	2016605	-	RCV000829642|RCV001527264
1205201	single nucleotide variant	NM_001375808.2(LPIN2):c.1268+224G>A	9663	LPIN2	HGNC:14450	Likely benign	0	Dec 31, 2018	186067725	-	RCV001585100
369243	single nucleotide variant	NM_000038.6(APC):c.1158A>G (p.Ala386=)	324	APC	HGNC:583	Benign/Likely benign	0	Jan 17, 2026	370669642	-	RCV000424566|RCV000572353|RCV004000409|RCV001284229|RCV004563338
1564513	single nucleotide variant	NM_001374353.1(GLI2):c.402C>T (p.His134=)	2736	GLI2	HGNC:4318	Likely benign	0	Aug 11, 2025	200675247	-	RCV002190361
759737	single nucleotide variant	NM_182746.3(MCM4):c.2500-7C>T	4173	MCM4	HGNC:6947	Likely benign	0	Apr 06, 2018	1302062625	-	RCV000924269
3084826	single nucleotide variant	NM_032043.3(BRIP1):c.2130T>G (p.Ser710=)	83990	BRIP1	HGNC:20473	Benign/Likely benign	0	Sep 11, 2025	1555591497	-	RCV003793499|RCV004366589|RCV004787022
3011475	single nucleotide variant	NM_017882.3(CLN6):c.672G>T (p.Leu224=)	54982	CLN6	HGNC:2077	Likely benign	0	Mar 08, 2023	368443679	-	RCV003648443
834063	single nucleotide variant	NM_001308093.3(GATA4):c.1206G>A (p.Ser402=)	2626	GATA4	HGNC:4173	Likely benign	0	Sep 14, 2025	141909277	-	RCV001069623|RCV002348479
518203	single nucleotide variant	NM_001199138.2(NLRC4):c.2615-8T>C	58484	NLRC4	HGNC:16412	Likely benign	0	Dec 31, 2019	1553343121	-	RCV000652412
2094311	single nucleotide variant	NM_001127222.2(CACNA1A):c.6529T>C (p.Leu2177=)	773	CACNA1A	HGNC:1388	Likely benign	0	Oct 04, 2024	2512517229	-	RCV002885961
1266183	single nucleotide variant	NM_021965.4(PGM5):c.-32G>A	5239	PGM5	HGNC:8908	Benign	0	Jul 25, 2019	10867824	-	RCV001688505
3766257	single nucleotide variant	NM_006420.3(ARFGEF2):c.1719C>T (p.Cys573=)	10564	ARFGEF2	HGNC:15853	Likely benign	0	May 06, 2024	-1	-	RCV005108389
3131080	single nucleotide variant	NM_017433.5(MYO3A):c.508+19G>T	53904	MYO3A	HGNC:7601	Likely benign	0	Jan 31, 2024	927392146	-	RCV003837136
1966308	single nucleotide variant	NM_002775.5(HTRA1):c.1275-9G>A	5654	HTRA1	HGNC:9476	Likely benign	0	Nov 29, 2022	371219867	-	RCV002589409
2888674	single nucleotide variant	NM_000484.4(APP):c.1770C>T (p.Asn590=)	351	APP	HGNC:620	Benign/Likely benign	0	Oct 17, 2024	200150248	-	RCV003511162|RCV004765881
1127816	single nucleotide variant	NM_000540.3(RYR1):c.2076C>T (p.Thr692=)	6261	RYR1	HGNC:10483	Likely benign	0	Jan 16, 2024	1468369900	-	RCV001459649
3134688	single nucleotide variant	NM_000071.3(CBS):c.1359-13C>T	875	CBS	HGNC:1550	Likely benign	0	Sep 12, 2023	2517395960	-	RCV003835034
2085210	single nucleotide variant	NM_006258.4(PRKG1):c.831C>T (p.Ser277=)	5592	PRKG1	HGNC:9414	Likely benign	0	Sep 02, 2022	2494961205	-	RCV002893945
2908355	single nucleotide variant	NM_018946.4(NANS):c.1056T>C (p.Asn352=)	54187	NANS	HGNC:19237	Likely benign	0	Aug 03, 2023	368044466	-	RCV003568604
1654030	single nucleotide variant	NM_003977.4(AIP):c.666A>G (p.Glu222=)	9049	AIP	HGNC:358	Likely benign	0	Dec 29, 2025	2134255280	-	RCV002088743|RCV006667167
1307032	single nucleotide variant	NM_003738.5(PTCH2):c.266-239A>G	8643	PTCH2	HGNC:9586	Likely benign	0	May 06, 2019	11573570	-	RCV001759086
1451696	single nucleotide variant	NM_058179.4(PSAT1):c.571-6T>C	29968	PSAT1	HGNC:19129	Likely benign	0	Mar 23, 2025	376067862	-	RCV001988275
1244516	single nucleotide variant	NM_018896.5(CACNA1G):c.1925-219C>T	8913	CACNA1G	HGNC:1394	Likely benign	0	Mar 08, 2021	75698299	-	RCV001658765
1117344	single nucleotide variant	NM_005045.4(RELN):c.4748-6T>C	5649	RELN	HGNC:9957	Likely benign	0	Nov 12, 2025	1025031303	-	RCV001454906|RCV006269414
1533669	single nucleotide variant	NM_001110556.2(FLNA):c.3138C>T (p.Thr1046=)	2316	FLNA	HGNC:3754	Likely benign	0	Aug 22, 2021	2148113449	-	RCV002093375
2823183	single nucleotide variant	NM_173569.4(UBN2):c.222G>A (p.Gln74=)	254048	UBN2	HGNC:21931	Likely benign	0	Apr 01, 2023	918433504	-	RCV003423773
2956045	single nucleotide variant	NM_004380.3(CREBBP):c.1330+16G>A	1387	CREBBP	HGNC:2348	Likely benign	0	Feb 17, 2025	2053517430	-	RCV003760675
743362	single nucleotide variant	NM_006044.4(HDAC6):c.765C>T (p.His255=)	10013	HDAC6	HGNC:14064	Likely benign	0	Jan 05, 2018	782692797	-	RCV000908563
4914089	single nucleotide variant	NM_002661.5(PLCG2):c.3330C>T (p.Ser1110=)	5336	PLCG2	HGNC:9066	Likely benign	0	Oct 09, 2025	-1	-	RCV006633238
141298	single nucleotide variant	NM_000214.3(JAG1):c.3417T>C (p.Tyr1139=)	182	JAG1	HGNC:6188	Benign	0	Feb 04, 2026	1051419	-	RCV000125430|RCV000250727|RCV000270345|RCV001516692|RCV001730566|RCV001730565|RCV004551219|RCV004717022
2895214	single nucleotide variant	NM_139343.3(BIN1):c.504A>G (p.Glu168=)	274	BIN1	HGNC:1052	Likely benign	0	Jul 07, 2023	1685508719	-	RCV003509018
1544246	single nucleotide variant	NM_003079.5(SMARCE1):c.816+8T>C	6605	SMARCE1	HGNC:11109	Likely benign	0	Mar 07, 2021	2143986777	-	RCV002162154
3079083	single nucleotide variant	NM_001365999.1(SZT2):c.1002C>A (p.Gly334=)	23334	SZT2	HGNC:29040	Likely benign	0	Mar 18, 2023	1652130377	-	RCV003738757
780440	single nucleotide variant	NM_000069.3(CACNA1S):c.4276C>T (p.Leu1426=)	779	CACNA1S	HGNC:1397	Likely benign	0	Feb 16, 2021	1572024632	-	RCV001464526
1126219	single nucleotide variant	NM_012448.4(STAT5B):c.750C>T (p.Asp250=)	6777	STAT5B	HGNC:11367	Likely benign	0	Jan 13, 2025	764709139	-	RCV001471684|RCV006880143
1621186	single nucleotide variant	NM_005866.4(SIGMAR1):c.446-19G>A	10280	SIGMAR1	HGNC:8157	Likely benign	0	Oct 23, 2024	781431829	-	RCV002193658
4820364	single nucleotide variant	NM_001290043.2(TAP2):c.1144-12C>T	6891	TAP2	HGNC:44	Likely benign	0	Sep 06, 2025	-1	-	RCV006493752
1225930	single nucleotide variant	NM_015340.4(LARS2):c.2405-23G>A	23395	LARS2	HGNC:17095	Benign	0	Jul 07, 2018	111807780	-	RCV001618091
3909762	single nucleotide variant	NM_017763.6(RNF43):c.1665C>T (p.His555=)	54894	RNF43	HGNC:18505	Likely benign	0	Jan 25, 2025	-1	-	RCV005269781
3802818	single nucleotide variant	NM_001034853.2(RPGR):c.1414+15T>C	6103	RPGR	HGNC:10295	Likely benign	0	Jan 12, 2025	-1	-	RCV005147605
1109174	single nucleotide variant	NM_012243.3(SLC35A3):c.858T>C (p.Tyr286=)	23443	SLC35A3	HGNC:11023	Likely benign	0	Jul 31, 2020	1368296616	-	RCV001458069
169607	single nucleotide variant	NM_001077446.4(TSEN34):c.795= (p.Pro265=)	79042	TSEN34	HGNC:15506	Benign	0	Feb 03, 2026	7595	-	RCV000147766|RCV000284876|RCV001651006
660117	single nucleotide variant	NM_015340.4(LARS2):c.516+262A>G	23395	LARS2	HGNC:17095	Benign	0	Jun 14, 2018	17638301	-	RCV000828568
657646	single nucleotide variant	NM_001035.3(RYR2):c.3807+241C>T	6262	RYR2	HGNC:10484	Benign	0	Jun 15, 2018	2618712	-	RCV000828299
1581892	single nucleotide variant	NM_020686.6(ABAT):c.817-15C>A	18	ABAT	HGNC:23	Likely benign	0	Apr 05, 2024	761188607	-	RCV002086868
3739525	single nucleotide variant	NM_002460.4(IRF4):c.255C>T (p.Ile85=)	3662	IRF4	HGNC:6119	Likely benign	0	Oct 12, 2025	-1	-	RCV005063744
2101333	single nucleotide variant	NM_201384.3(PLEC):c.9594G>T (p.Arg3198=)	5339	PLEC	HGNC:9069	Likely benign	0	Feb 25, 2025	1822095921	-	RCV002899541
3094635	single nucleotide variant	NM_173660.5(DOK7):c.652+20C>T	285489	DOK7	HGNC:26594	Likely benign	0	Jul 24, 2024	776633500	-	RCV003792647
140358	single nucleotide variant	NM_000726.5(CACNB4):c.1413G>A (p.Arg471=)	785	CACNB4	HGNC:1404	Benign/Likely benign	0	Nov 17, 2025	1805029	-	RCV000186610|RCV000262971|RCV000477503|RCV001705904|RCV004530076
2901762	single nucleotide variant	NM_000521.4(HEXB):c.1082+12C>T	3074	HEXB	HGNC:4879	Likely benign	0	Jul 07, 2023	1260592245	-	RCV003502052
268571	single nucleotide variant	NM_006486.3(FBLN1):c.1925G>T (p.Arg642Leu)	2192	FBLN1	HGNC:3600	Benign/Likely benign	0	Feb 02, 2026	143377110	-	RCV000298703|RCV002059151|RCV003920075
3858560	single nucleotide variant	NM_003072.5(SMARCA4):c.4636-4C>T	6597	SMARCA4	HGNC:11100	Likely benign	0	Dec 24, 2024	-1	-	RCV005197302
372405	single nucleotide variant	NM_001330260.2(SCN8A):c.4359C>T (p.Phe1453=)	6334	SCN8A	HGNC:10596	Likely benign	0	Oct 24, 2025	746544103	-	RCV000426531|RCV006462692
3106196	single nucleotide variant	NM_001110556.2(FLNA):c.4632T>C (p.Asp1544=)	2316	FLNA	HGNC:3754	Likely benign	0	Jul 17, 2023	2522735194	-	RCV003796887
3549358	single nucleotide variant	NM_001395513.1(TMPRSS9):c.1833G>C (p.Arg611=)	360200	TMPRSS9	HGNC:30079	Likely benign	0	Nov 01, 2024	-1	-	RCV004812178
3853024	single nucleotide variant	NM_000053.4(ATP7B):c.2319C>T (p.Phe773=)	540	ATP7B	HGNC:870	Likely benign	0	Mar 14, 2024	-1	-	RCV005202681
654791	single nucleotide variant	NM_144672.4(OTOA):c.645G>A (p.Val215=)	146183	OTOA	HGNC:16378	Likely benign	0	Dec 23, 2025	759683702	-	RCV000825797|RCV003718301
3510329	single nucleotide variant	NM_054012.4(ASS1):c.516G>A (p.Pro172=)	445	ASS1	HGNC:758	Likely benign	0	Jan 28, 2026	-1	-	RCV004756709|RCV006631181
2351555	single nucleotide variant	NM_001004301.4(ZNF813):c.536G>T (p.Arg179Ile)	126017	ZNF813	HGNC:33257	Likely benign	0	Jul 08, 2022	201335438	-	RCV004195278|RCV005928970
725523	single nucleotide variant	NM_015057.5(MYCBP2):c.4827G>A (p.Ala1609=)	23077	MYCBP2	HGNC:23386	Benign	0	Dec 31, 2019	142887854	-	RCV000885486
705693	single nucleotide variant	NM_005239.6(ETS2):c.243A>G (p.Gln81=)	2114	ETS2	HGNC:3489	Benign/Likely benign	0	Mar 01, 2022	11700777	-	RCV000951160
4932843	single nucleotide variant	NM_000603.5(NOS3):c.931C>T (p.Leu311Phe)	4846	NOS3	HGNC:7876	Likely benign	0	May 01, 2026	-1	-	RCV006655175
3470256	single nucleotide variant	NM_001166108.2(PALLD):c.1818T>G (p.Ala606=)	23022	PALLD	HGNC:17068	Likely benign	0	May 16, 2024	-1	-	RCV004650782
1384867	single nucleotide variant	NM_005993.5(TBCD):c.2982G>A (p.Thr994=)	6904	TBCD	HGNC:11581	Likely benign	0	Jan 27, 2026	376919689	-	RCV001982592|RCV006884347
2778107	single nucleotide variant	NM_022785.4(EFCAB6):c.1707A>G (p.Ile569Met)	64800	EFCAB6	HGNC:24204	Likely benign	0	Jul 25, 2023	145207977	-	RCV004348052
4878247	single nucleotide variant	NM_001374828.1(ARID1B):c.4323G>A (p.Met1441Ile)	57492	ARID1B	HGNC:18040	Likely benign	0	Sep 24, 2025	-1	-	RCV006585534
1205006	single nucleotide variant	NM_002615.7(SERPINF1):c.786+627C>T	5176	SERPINF1	HGNC:8824	Likely benign	0	Nov 27, 2018	148112343	-	RCV001593498
4817147	single nucleotide variant	NM_005751.5(AKAP9):c.11253T>C (p.Asp3751=)	10142	AKAP9	HGNC:379	Likely benign	0	Jul 20, 2025	-1	-	RCV006503778
3095957	single nucleotide variant	NM_001267550.2(TTN):c.72303C>T (p.Thr24101=)	7273	TTN	HGNC:12403	Likely benign	0	Jul 09, 2025	1369997735	-	RCV003794107
3538313	single nucleotide variant	NM_000465.4(BARD1):c.1811-9G>C	580	BARD1	HGNC:952	Likely benign	0	Jul 26, 2024	-1	-	RCV004791780
2023270	single nucleotide variant	NM_005918.4(MDH2):c.235+7G>A	4191	MDH2	HGNC:6971	Likely benign	0	Oct 03, 2023	1797727608	-	RCV002741349
3833240	single nucleotide variant	NM_024700.4(SNIP1):c.180G>T (p.Pro60=)	79753	SNIP1	HGNC:30587	Likely benign	0	May 19, 2025	-1	-	RCV005167137
562567	single nucleotide variant	NM_198253.3(TERT):c.3144A>G (p.Lys1048=)	7015	TERT	HGNC:11730	Likely benign	0	Nov 15, 2022	745389061	-	RCV002531447
2915631	single nucleotide variant	NM_024301.5(FKRP):c.843C>T (p.Gly281=)	79147	FKRP	HGNC:17997	Likely benign	0	Jan 17, 2024	2513993058	-	RCV003591391
1546726	single nucleotide variant	NM_000191.3(HMGCL):c.402C>T (p.Phe134=)	3155	HMGCL	HGNC:5005	Likely benign	0	Feb 18, 2021	11551767	-	RCV002142946
140898	single nucleotide variant	NM_018100.4(EFHC1):c.1069G>A (p.Glu357Lys)	114327	EFHC1	HGNC:16406	Benign/Likely benign	0	Dec 09, 2024	505760	-	RCV000124871|RCV000514956|RCV003764858
1148990	single nucleotide variant	NM_017636.4(TRPM4):c.165A>G (p.Ala55=)	54795	TRPM4	HGNC:17993	Likely benign	0	Jan 20, 2026	376808923	-	RCV001489558|RCV002396171|RCV006894866
3792443	single nucleotide variant	NM_003091.4(SNRPB):c.471C>T (p.Ala157=)	6628	SNRPB	HGNC:11153	Likely benign	0	Dec 17, 2024	-1	-	RCV005137330
3887579	single nucleotide variant	NM_004713.6(NEMF):c.213G>A (p.Pro71=)	9147	NEMF	HGNC:10663	Likely benign	0	Dec 01, 2024	-1	-	RCV005243752
1523513	single nucleotide variant	NM_004481.5(GALNT2):c.1467G>A (p.Ser489=)	2590	GALNT2	HGNC:4124	Benign	0	Jan 26, 2026	16851310	-	RCV002136887|RCV005928101|RCV005928099|RCV005928102|RCV005928103|RCV005928104|RCV005928105|RCV005928100|RCV005928107|RCV005928106
2175116	single nucleotide variant	NM_005562.3(LAMC2):c.1035C>A (p.Ala345=)	3918	LAMC2	HGNC:6493	Likely benign	0	Apr 18, 2022	1659605374	-	RCV003055569
314350	single nucleotide variant	NM_005142.3(CBLIF):c.246C>T (p.Ser82=)	2694	CBLIF	HGNC:4268	Benign	0	Jan 27, 2026	35792306	-	RCV000275847|RCV001541012|RCV006441618
55911	single nucleotide variant	NM_001267550.2(TTN):c.25002T>C (p.Tyr8334=)	7273	TTN	HGNC:12403	Likely benign	0	Jan 26, 2026	371334680	-	RCV000040016|RCV000643574|RCV001697134
1437284	single nucleotide variant	NM_000232.5(SGCB):c.459C>T (p.Leu153=)	6443	SGCB	HGNC:10806	Likely benign	0	Jan 17, 2024	1737178749	-	RCV001999581
787313	single nucleotide variant	NM_000288.4(PEX7):c.903+7G>T	5191	PEX7	HGNC:8860	Likely benign	0	Jun 15, 2025	1227993935	-	RCV000982358|RCV006784887
2077644	single nucleotide variant	NM_014956.5(CEP164):c.4096+19G>A	22897	CEP164	HGNC:29182	Benign/Likely benign	0	Dec 19, 2025	192829250	-	RCV002871216|RCV006825559
532058	single nucleotide variant	NM_004104.5(FASN):c.2778C>G (p.Pro926=)	2194	FASN	HGNC:3594	Likely benign	0	Aug 31, 2022	369562322	-	RCV000637244
1247318	single nucleotide variant	NM_001081.4(CUBN):c.2110+268G>A	8029	CUBN	HGNC:2548	Benign	0	Nov 16, 2018	56195956	-	RCV001659345
1218980	single nucleotide variant	NM_152424.4(AMER1):c.-98-71A>C	139285	AMER1	HGNC:26837	Benign	0	Jun 15, 2019	58157735	-	RCV001614732
1943427	single nucleotide variant	NM_015474.4(SAMHD1):c.1155-16G>A	25939	SAMHD1	HGNC:15925	Likely benign	0	Nov 26, 2024	2063439149	-	RCV003110406
4819649	single nucleotide variant	NM_001273.5(CHD4):c.5362-16C>A	1108	CHD4	HGNC:1919	Likely benign	0	Mar 05, 2025	-1	-	RCV006493213
2173156	single nucleotide variant	NM_000466.3(PEX1):c.273+11G>C	5189	PEX1	HGNC:8850	Likely benign	0	Nov 12, 2023	748152716	-	RCV003025152
777693	single nucleotide variant	NM_017460.6(CYP3A4):c.1253+9C>T	1576	CYP3A4	HGNC:2637	Benign/Likely benign	0	Nov 23, 2024	35723517	-	RCV000954679|RCV006781473
3835203	single nucleotide variant	NM_001206927.2(DNAH8):c.4854C>T (p.Cys1618=)	1769	DNAH8	HGNC:2952	Likely benign	0	Dec 24, 2025	-1	-	RCV005180923
2154792	single nucleotide variant	NM_003183.6(ADAM17):c.1143T>C (p.Asn381=)	6868	ADAM17	HGNC:195	Likely benign	0	Nov 01, 2022	754147588	-	RCV003025969
4845573	single nucleotide variant	NM_018139.3(DNAAF2):c.537G>A (p.Lys179=)	55172	DNAAF2	HGNC:20188	Likely benign	0	Sep 15, 2025	-1	-	RCV006519363
3214502	single nucleotide variant	NM_198491.3(CIBAR2):c.736C>T (p.Gln246Ter)	339145	CIBAR2	HGNC:24781	Likely benign	0	Sep 14, 2023	553906448	-	RCV003932179
877583	single nucleotide variant	NM_032387.5(WNK4):c.1666C>A (p.Pro556Thr)	65266	WNK4	HGNC:14544	Benign/Likely benign	0	Jul 15, 2025	56003090	-	RCV001124269|RCV002070026|RCV006887592
894776	single nucleotide variant	NM_004385.5(VCAN):c.329T>G (p.Val110Gly)	1462	VCAN	HGNC:2464	Benign/Likely benign	0	Apr 02, 2025	750836310	-	RCV001155004|RCV001155005|RCV001493100|RCV006975178
4810251	single nucleotide variant	NM_005529.7(HSPG2):c.5998-16A>T	3339	HSPG2	HGNC:5273	Likely benign	0	Dec 02, 2025	-1	-	RCV006477117
4778162	single nucleotide variant	NM_032448.3(FAM120B):c.1117C>T (p.Pro373Ser)	84498	FAM120B	HGNC:21109	Likely benign	0	Sep 22, 2025	-1	-	RCV006416159
2986113	single nucleotide variant	NM_005630.3(SLCO2A1):c.102T>C (p.Phe34=)	6578	SLCO2A1	HGNC:10955	Likely benign	0	Dec 30, 2022	771439829	-	RCV003678438
1530062	single nucleotide variant	NM_198129.4(LAMA3):c.9186A>G (p.Lys3062=)	3909	LAMA3	HGNC:6483	Likely benign	0	Oct 05, 2021	2145505266	-	RCV002196543
1220245	single nucleotide variant	NM_000260.4(MYO7A):c.4323+83G>A	4647	MYO7A	HGNC:7606	Benign	0	Jul 01, 2018	867716	-	RCV001610229
1674220	single nucleotide variant	NM_001605.3(AARS1):c.333+17A>G	16	AARS1	HGNC:20	Likely benign	0	Nov 09, 2025	370831078	-	RCV002239843|RCV006865873
1502441	single nucleotide variant	NM_182972.3(IRF2BP2):c.201G>A (p.Pro67=)	359948	IRF2BP2	HGNC:21729	Likely benign	0	Jul 18, 2025	1402795565	-	RCV001911277
1189535	single nucleotide variant	NM_016343.4(CENPF):c.9141+140G>A	1063	CENPF	HGNC:1857	Likely benign	0	Oct 21, 2018	146647475	-	RCV001568201
1316826	single nucleotide variant	NM_000153.4(GALC):c.909-40A>G	2581	GALC	HGNC:4115	Likely benign	0	May 24, 2021	199667484	-	RCV001786646
3756173	single nucleotide variant	NM_006907.4(PYCR1):c.540+18A>G	5831	PYCR1	HGNC:9721	Likely benign	0	Jul 13, 2024	-1	-	RCV005081490
3824014	single nucleotide variant	NM_053025.4(MYLK):c.738T>G (p.Ala246=)	4638	MYLK	HGNC:7590	Likely benign	0	Dec 23, 2024	-1	-	RCV005173253
913007	single nucleotide variant	NM_000138.5(FBN1):c.846G>A (p.Val282=)	2200	FBN1	HGNC:3603	Likely benign	0	Sep 20, 2024	2043994063	-	RCV001187450|RCV001395831|RCV004008700
1831378	single nucleotide variant	NM_052947.4(ALPK2):c.1722A>T (p.Pro574=)	115701	ALPK2	HGNC:20565	Likely benign	0	Mar 16, 2020	768618813	-	RCV004060635
1106003	single nucleotide variant	NM_003331.5(TYK2):c.204T>C (p.Pro68=)	7297	TYK2	HGNC:12440	Likely benign	0	Nov 05, 2024	2145276325	-	RCV001424039
1569144	single nucleotide variant	NM_007186.6(CEP250):c.6543G>A (p.Ala2181=)	11190	CEP250	HGNC:1859	Likely benign	0	Nov 13, 2025	373000443	-	RCV002220473|RCV006891487
1572367	single nucleotide variant	NM_001369.3(DNAH5):c.10102-9C>G	1767	DNAH5	HGNC:2950	Likely benign	0	Jul 13, 2021	762531071	-	RCV002219120
2427332	single nucleotide variant	NM_021168.5(RAB40C):c.748G>A (p.Gly250Ser)	57799	RAB40C	HGNC:18285	Likely benign	0	Feb 06, 2023	373191568	-	RCV004248192
2695776	single nucleotide variant	NM_001372106.1(DNAH10):c.436A>G (p.Met146Val)	196385	DNAH10	HGNC:2941	Likely benign	0	Mar 29, 2023	566985716	-	RCV004299568
3796366	single nucleotide variant	NM_003906.5(MCM3AP):c.2790-4G>A	8888	MCM3AP	HGNC:6946	Likely benign	0	Jul 03, 2024	-1	-	RCV005152449
2179714	single nucleotide variant	NM_001041.4(SI):c.3255-20T>G	6476	SI	HGNC:10856	Likely benign	0	Apr 24, 2023	2473282812	-	RCV003053501
2991602	single nucleotide variant	NM_000026.4(ADSL):c.60C>T (p.Arg20=)	158	ADSL	HGNC:291	Likely benign	0	Feb 03, 2023	2518078012	-	RCV003604515
3039419	single nucleotide variant	NM_014028.4(OSTM1):c.402+8C>G	28962	OSTM1	HGNC:21652	Likely benign	0	Mar 05, 2024	781536509	-	RCV003710805
1578891	single nucleotide variant	NM_002449.5(MSX2):c.228G>A (p.Leu76=)	4488	MSX2	HGNC:7392	Likely benign	0	Oct 14, 2023	999180495	-	RCV002079048
226218	single nucleotide variant	NM_014625.4(NPHS2):c.*200G>A	7827	NPHS2	HGNC:13394	Benign	0	Jul 08, 2021	2274623	-	RCV000210046|RCV001618346
1791584	single nucleotide variant	NM_199420.4(POLQ):c.3150A>G (p.Arg1050=)	10721	POLQ	HGNC:9186	Likely benign	0	Feb 12, 2022	34246901	-	RCV004048470
724304	single nucleotide variant	NM_002017.5(FLI1):c.834C>T (p.Ser278=)	2313	FLI1	HGNC:3749	Likely benign	0	Jun 13, 2025	375151134	-	RCV000890239
397164	single nucleotide variant	NM_004281.4(BAG3):c.1083G>A (p.Lys361=)	9531	BAG3	HGNC:939	Likely benign	0	Aug 16, 2016	1060504722	-	RCV001453297
1990251	single nucleotide variant	NM_020207.7(ERCC6L2):c.2100+20C>T	375748	ERCC6L2	HGNC:26922	Likely benign	0	Oct 20, 2024	1204722783	-	RCV002614133
1485470	single nucleotide variant	NM_002225.5(IVD):c.36G>A (p.Val12=)	3712	IVD	HGNC:6186	Likely benign	0	Sep 01, 2022	2141289293	-	RCV002029294
1665696	single nucleotide variant	NM_001144967.3(NEDD4L):c.1833+17T>C	23327	NEDD4L	HGNC:7728	Benign/Likely benign	0	Jan 06, 2026	189511948	-	RCV002198509|RCV002505872
1378572	single nucleotide variant	NM_004304.5(ALK):c.1428G>A (p.Val476=)	238	ALK	HGNC:427	Likely benign	0	Feb 17, 2024	1667017111	-	RCV002050074|RCV002388691
3210335	single nucleotide variant	NM_006420.3(ARFGEF2):c.5352G>A (p.Val1784=)	10564	ARFGEF2	HGNC:15853	Likely benign	0	May 22, 2019	140734809	-	RCV003914562
506243	single nucleotide variant	NM_000088.4(COL1A1):c.544-4A>G	1277	COL1A1	HGNC:2197	Likely benign	0	Oct 19, 2025	369898579	-	RCV000604762|RCV002529682
1249626	single nucleotide variant	NM_032383.5(HPS3):c.1245+59C>G	84343	HPS3	HGNC:15597	Benign	0	Jul 14, 2018	7631157	-	RCV001668841
3101458	single nucleotide variant	NM_001101426.4(CRPPA):c.621A>G (p.Arg207=)	729920	CRPPA	HGNC:37276	Likely benign	0	Apr 24, 2023	2546723361	-	RCV003806037
1574619	single nucleotide variant	NM_177402.5(SYT2):c.1125C>T (p.Phe375=)	127833	SYT2	HGNC:11510	Likely benign	0	Oct 16, 2024	139376371	-	RCV002116934|RCV006846994
2094777	single nucleotide variant	NM_005883.3(APC2):c.1785C>T (p.Ala595=)	10297	APC2	HGNC:24036	Likely benign	0	Jan 15, 2026	537258047	-	RCV002907885|RCV003963382
1077797	single nucleotide variant	NM_000051.4(ATM):c.3994-9C>A	472	ATM	HGNC:795	Likely benign	0	Oct 01, 2020	767111803	-	RCV001413680
2937095	single nucleotide variant	NM_020461.4(TUBGCP6):c.4059C>T (p.Thr1353=)	85378	TUBGCP6	HGNC:18127	Likely benign	0	Apr 17, 2025	1309409067	-	RCV003663586
4393919	single nucleotide variant	NM_000082.4(ERCC8):c.969A>G (p.Ser323=)	1161	ERCC8	HGNC:3439	Likely benign	0	Sep 01, 2025	-1	-	RCV005866425
5042321	single nucleotide variant	NM_000715.4(C4BPA):c.178G>T (p.Ala60Ser)	722	C4BPA	HGNC:1325	Likely benign	0	Dec 23, 2022	-1	-	RCV006867263
3888896	single nucleotide variant	NM_000249.4(MLH1):c.2104-11G>T	4292	MLH1	HGNC:7127	Likely benign	0	Dec 02, 2024	-1	-	RCV005249889
2338227	single nucleotide variant	NM_022460.4(HS1BP3):c.542C>T (p.Pro181Leu)	64342	HS1BP3	HGNC:24979	Likely benign	0	Jul 13, 2021	144903305	-	RCV004186292
1252872	single nucleotide variant	NM_001114134.2(EPB42):c.654+231G>A	2038	EPB42	HGNC:3381	Benign	0	Nov 11, 2018	494863	-	RCV001670196
1228749	single nucleotide variant	NM_153365.3(TAPT1):c.1108-283T>C	202018	TAPT1	HGNC:26887	Benign	0	Aug 20, 2018	317878	-	RCV001638738
3180092	single nucleotide variant	NM_003118.4(SPARC):c.735-6C>T	6678	SPARC	HGNC:11219	Likely benign	0	Dec 21, 2023	373835368	-	RCV003869552
4851067	single nucleotide variant	NM_001371986.1(UNC80):c.5250G>C (p.Pro1750=)	285175	UNC80	HGNC:26582	Likely benign	0	Jul 27, 2025	-1	-	RCV006526827
3798666	single nucleotide variant	NM_001378964.1(CDON):c.2313A>G (p.Glu771=)	50937	CDON	HGNC:17104	Likely benign	0	Nov 11, 2024	-1	-	RCV005144254
2925169	single nucleotide variant	NM_021076.4(NEFH):c.2196C>T (p.Thr732=)	4744	NEFH	HGNC:7737	Likely benign	0	Sep 18, 2023	760295571	-	RCV003567601
704693	single nucleotide variant	NM_001395333.1(MTCL1):c.2635A>G (p.Met879Val)	23255	MTCL1	HGNC:29121	Benign	0	Dec 31, 2019	34690009	-	RCV000959776|RCV005910118
2957791	single nucleotide variant	NM_001291415.2(KDM6A):c.2229A>G (p.Thr743=)	7403	KDM6A	HGNC:12637	Likely benign	0	Feb 09, 2023	2044726368	-	RCV003643284
1148379	single nucleotide variant	NM_001005361.3(DNM2):c.1170T>C (p.Tyr390=)	1785	DNM2	HGNC:2974	Likely benign	0	Mar 04, 2020	765373844	-	RCV001479264
1070132	single nucleotide variant	NM_001018115.3(FANCD2):c.1413+8G>A	2177	FANCD2	HGNC:3585	Likely benign	0	Jan 23, 2020	2087079196	-	RCV001400182
3373138	single nucleotide variant	NM_014935.5(PLEKHA6):c.1916C>T (p.Thr639Ile)	22874	PLEKHA6	HGNC:17053	Likely benign	0	Jan 17, 2024	201432117	-	RCV004514152
1600193	single nucleotide variant	NM_015139.3(SLC35D1):c.612C>T (p.Tyr204=)	23169	SLC35D1	HGNC:20800	Likely benign	0	Jan 07, 2026	752308674	-	RCV002088526
3049741	single nucleotide variant	NM_001145715.3(KPNA7):c.553+11C>A	402569	KPNA7	HGNC:21839	Likely benign	0	Dec 04, 2023	1024898088	-	RCV003721830
3844813	single nucleotide variant	NM_020987.5(ANK3):c.10440A>T (p.Pro3480=)	288	ANK3	HGNC:494	Likely benign	0	Dec 08, 2024	-1	-	RCV005186319
1966578	single nucleotide variant	NM_002972.4(SBF1):c.4185A>T (p.Ala1395=)	6305	SBF1	HGNC:10542	Likely benign	0	Apr 04, 2022	371662879	-	RCV002600844
700082	single nucleotide variant	NM_001101648.2(NPC1L1):c.2463T>G (p.Pro821=)	29881	NPC1L1	HGNC:7898	Benign	0	Jun 05, 2018	113377432	-	RCV000947007
3753606	single nucleotide variant	NM_001100913.3(PACS2):c.982C>T (p.His328Tyr)	23241	PACS2	HGNC:23794	Likely benign	0	May 20, 2024	-1	-	RCV005081910
2123547	single nucleotide variant	NM_000249.4(MLH1):c.678-19A>G	4292	MLH1	HGNC:7127	Likely benign	0	Jul 18, 2025	2082517760	-	RCV002971902|RCV005248895
4645166	single nucleotide variant	NM_002063.4(GLRA2):c.861C>T (p.Val287=)	2742	GLRA2	HGNC:4327	Likely benign	0	Oct 01, 2025	-1	-	RCV006265857
2075454	single nucleotide variant	NM_001267550.2(TTN):c.21915A>G (p.Glu7305=)	7273	TTN	HGNC:12403	Likely benign	0	Apr 25, 2024	763316110	-	RCV002851478
5056557	single nucleotide variant	NM_005560.6(LAMA5):c.1477+16G>T	3911	LAMA5	HGNC:6485	Likely benign	0	Sep 03, 2024	-1	-	RCV006897569
1194240	single nucleotide variant	NM_000170.3(GLDC):c.2569+296C>T	2731	GLDC	HGNC:4313	Likely benign	0	Aug 26, 2019	181172238	-	RCV001568710
139536	single nucleotide variant	NM_000075.4(CDK4):c.523-4T>A	1019	CDK4	HGNC:1773	Benign/Likely benign	0	Jan 28, 2026	587780667	-	RCV000564591|RCV000589608|RCV001085786|RCV004595928
662052	single nucleotide variant	NM_198999.3(SLC26A5):c.1515-44C>T	375611	SLC26A5	HGNC:9359	Benign	0	Jun 16, 2018	72655395	-	RCV000835596
2114433	single nucleotide variant	NM_145200.5(CABP4):c.384C>T (p.Pro128=)	57010	CABP4	HGNC:1386	Likely benign	0	Dec 24, 2025	376274257	-	RCV002909375|RCV003943565
5066717	single nucleotide variant	NM_212482.4(FN1):c.5435-19C>T	2335	FN1	HGNC:3778	Likely benign	0	Jun 09, 2020	-1	-	RCV006947687
4969706	single nucleotide variant	NM_001042492.3(NF1):c.3135G>C (p.Leu1045=)	4763	NF1	HGNC:7765	Likely benign	0	Jun 02, 2026	-1	-	RCV006719091
1286643	single nucleotide variant	NC_000001.11:g.6424615C>A	83715	ESPN	HGNC:13281	Benign	0	Nov 29, 2018	112816965	-	RCV001720878
3308654	single nucleotide variant	NM_001366165.2(RAVER2):c.1879G>A (p.Ala627Thr)	55225	RAVER2	HGNC:25577	Likely benign	0	Feb 21, 2024	750056582	-	RCV004440935
1519553	single nucleotide variant	NM_001271938.2(MEGF8):c.7099C>T (p.Leu2367=)	1954	MEGF8	HGNC:3233	Likely benign	0	Jun 30, 2025	768745459	-	RCV002153008
1642856	single nucleotide variant	NM_001199138.2(NLRC4):c.263-12C>G	58484	NLRC4	HGNC:16412	Likely benign	0	Mar 24, 2025	1031162580	-	RCV002185888
1924006	single nucleotide variant	NM_000070.3(CAPN3):c.801+13T>G	825	CAPN3	HGNC:1480	Likely benign	0	Jun 29, 2023	759835353	-	RCV002638011
1587715	single nucleotide variant	NM_015466.4(PTPN23):c.3579T>C (p.Thr1193=)	25930	PTPN23	HGNC:14406	Likely benign	0	Jan 25, 2024	752712620	-	RCV002083493
1640573	single nucleotide variant	NM_144631.6(ZNF513):c.999T>C (p.Ala333=)	130557	ZNF513	HGNC:26498	Likely benign	0	Feb 15, 2022	772611579	-	RCV002176103
1103951	single nucleotide variant	NM_031885.5(BBS2):c.1530T>G (p.Val510=)	583	BBS2	HGNC:967	Likely benign	0	Aug 20, 2025	545597883	-	RCV001444765|RCV002495624|RCV004733319|RCV006861694
1232106	single nucleotide variant	NM_006901.4(MYO9A):c.1156-106C>G	4649	MYO9A	HGNC:7608	Benign	0	May 13, 2021	2957742	-	RCV001646014
3759373	single nucleotide variant	NM_014003.4(DHX38):c.2206C>T (p.Leu736=)	9785	DHX38	HGNC:17211	Likely benign	0	Jun 25, 2024	-1	-	RCV005076493
757263	single nucleotide variant	NM_001433705.1(NLRP5):c.2094C>T (p.Ser698=)	126206	NLRP5	HGNC:21269	Likely benign	0	Apr 20, 2018	149649207	-	RCV000917575
4020932	single nucleotide variant	NM_015021.3(ZNF292):c.1458A>G (p.Gln486=)	23036	ZNF292	HGNC:18410	Likely benign	0	May 01, 2025	-1	-	RCV005428685|RCV006762245
3865655	single nucleotide variant	NM_025132.4(WDR19):c.1777+18T>A	57728	WDR19	HGNC:18340	Likely benign	0	May 13, 2024	-1	-	RCV005219633
3084444	single nucleotide variant	NM_000083.3(CLCN1):c.2670G>A (p.Thr890=)	1180	CLCN1	HGNC:2019	Likely benign	0	Dec 01, 2023	778939630	-	RCV003797851
3200284	single nucleotide variant	NM_003873.7(NRP1):c.1611G>A (p.Ala537=)	8829	NRP1	HGNC:8004	Likely benign	0	Mar 25, 2019	150625889	-	RCV003967303
5065144	single nucleotide variant	NM_001448.3(GPC4):c.161-14T>C	2239	GPC4	HGNC:4452	Likely benign	0	Oct 23, 2023	-1	-	RCV006930208
4084948	single nucleotide variant	NM_001143986.2(TLE6):c.1316C>T (p.Pro439Leu)	79816	TLE6	HGNC:30788	Likely benign	0	Mar 17, 2025	-1	-	RCV005500174
3167731	single nucleotide variant	NM_001197104.2(KMT2A):c.3335-14C>T	4297	KMT2A	HGNC:7132	Likely benign	0	Dec 15, 2023	1950068183	-	RCV003860137
3098735	single nucleotide variant	NM_001267550.2(TTN):c.57582C>T (p.His19194=)	7273	TTN	HGNC:12403	Likely benign	0	Sep 30, 2024	1053045105	-	RCV003806861
1100005	single nucleotide variant	NM_000518.5(HBB):c.435G>A (p.Lys145=)	3043	HBB	HGNC:4827	Likely benign	0	Feb 25, 2024	35020585	-	RCV001428141
1458148	single nucleotide variant	NM_015650.4(TRAF3IP1):c.1314G>A (p.Lys438=)	26146	TRAF3IP1	HGNC:17861	Likely benign	0	Dec 15, 2022	1472465067	-	RCV001951035
366017	single nucleotide variant	NM_001267550.2(TTN):c.71259C>T (p.Asn23753=)	7273	TTN	HGNC:12403	Likely benign	0	Dec 02, 2025	367685557	-	RCV000433021|RCV000768936|RCV002063633|RCV004533132|RCV004992216
1634707	single nucleotide variant	NM_177402.5(SYT2):c.1054-8C>T	127833	SYT2	HGNC:11510	Likely benign	0	Aug 11, 2021	1240990672	-	RCV002079851
222027	single nucleotide variant	NM_000051.4(ATM):c.702A>G (p.Ala234=)	472	ATM	HGNC:795	Benign/Likely benign	0	Jan 19, 2026	752751588	-	RCV000205528|RCV000445226|RCV000563414|RCV001722132|RCV004547496|RCV004589897
2066693	single nucleotide variant	NM_001017420.3(ESCO2):c.1353+10A>G	157570	ESCO2	HGNC:27230	Likely benign	0	Nov 17, 2023	1006841523	-	RCV002828844
774379	single nucleotide variant	NM_006118.4(HAX1):c.505-9C>T	10456	HAX1	HGNC:16915	Likely benign	0	Jan 07, 2026	779604569	-	RCV000940709|RCV003895718
703656	single nucleotide variant	NM_002773.5(PRSS8):c.23G>A (p.Gly8Glu)	5652	PRSS8	HGNC:9491	Benign	0	Feb 01, 2023	148529565	-	RCV000950465|RCV001731989
800173	single nucleotide variant	NM_003098.3(SNTA1):c.669G>A (p.Ser223=)	6640	SNTA1	HGNC:11167	Likely benign	0	Aug 14, 2024	199762207	-	RCV001001021|RCV002363532|RCV002549149
751134	single nucleotide variant	NM_033225.6(CSMD1):c.579A>T (p.Ala193=)	64478	CSMD1	HGNC:14026	Likely benign	0	Apr 07, 2018	371163239	-	RCV000924477
1627712	single nucleotide variant	NM_024809.5(TCTN2):c.2085C>G (p.Ala695=)	79867	TCTN2	HGNC:25774	Likely benign	0	Feb 11, 2023	950593517	-	RCV002108749
280374	single nucleotide variant	NM_003680.4(YARS1):c.*680A>G	8565	YARS1	HGNC:12840	Benign	0	Jan 13, 2018	536402126	-	RCV000282699
225121	single nucleotide variant	NM_000038.6(APC):c.1408+1262T>A	324	APC	HGNC:583	Likely benign	0	Dec 01, 2015	182458072	-	RCV000209602
3200662	single nucleotide variant	NM_001111077.2(EZR):c.1090+8G>A	7430	EZR	HGNC:12691	Benign	0	Oct 17, 2019	3212308	-	RCV003977286
1913737	single nucleotide variant	NM_000718.4(CACNA1B):c.3339G>A (p.Ala1113=)	774	CACNA1B	HGNC:1389	Likely benign	0	Aug 09, 2025	200894674	-	RCV002599763|RCV005794479
3761192	single nucleotide variant	NM_004387.4(NKX2-5):c.696G>A (p.Gly232=)	1482	NKX2-5	HGNC:2488	Likely benign	0	Nov 21, 2024	-1	-	RCV005083579
1828637	single nucleotide variant	NM_001211.6(BUB1B):c.1752T>C (p.Ile584=)	701	BUB1B	HGNC:1149	Likely benign	0	Sep 28, 2020	1412163700	-	RCV002401586
1598496	single nucleotide variant	NM_001382567.1(STIM1):c.385+20T>G	6786	STIM1	HGNC:11386	Likely benign	0	Aug 04, 2021	2136019322	-	RCV002142665
3737815	single nucleotide variant	NM_021813.4(BACH2):c.1431G>A (p.Ser477=)	60468	BACH2	HGNC:14078	Likely benign	0	Dec 22, 2025	-1	-	RCV005074414
3418425	single nucleotide variant	NM_001146197.3(CCDC168):c.5414T>C (p.Ile1805Thr)	643677	CCDC168	HGNC:26851	Likely benign	0	Mar 31, 2024	-1	-	RCV004603003
1693700	single nucleotide variant	NM_001005273.3(CHD3):c.4564A>G (p.Ser1522Gly)	1107	CHD3	HGNC:1918	Likely benign	0	Nov 01, 2025	202059923	-	RCV002276041
1532163	single nucleotide variant	NM_001852.4(COL9A2):c.901-10T>C	1298	COL9A2	HGNC:2218	Likely benign	0	Sep 02, 2025	772820832	-	RCV002125493
1615057	single nucleotide variant	NM_002907.4(RECQL):c.700+19G>A	5965	RECQL	HGNC:9948	Likely benign	0	Sep 01, 2022	2137373213	-	RCV002088891
1959588	single nucleotide variant	NM_001039141.3(TRIOBP):c.6324+8C>T	11078	TRIOBP	HGNC:17009	Likely benign	0	Jan 14, 2026	201910230	-	RCV002571913
249892	single nucleotide variant	NM_001852.4(COL9A2):c.2001C>T (p.Ala667=)	1298	COL9A2	HGNC:2218	Benign/Likely benign	0	May 11, 2026	2229826	-	RCV000248479|RCV000276253|RCV000991651|RCV002278154
230796	single nucleotide variant	NM_017950.4(CCDC40):c.1131C>T (p.Cys377=)	55036	CCDC40	HGNC:26090	Benign	0	Jan 28, 2026	74692882	-	RCV000215876|RCV000226516|RCV001094484|RCV001706211
1124443	single nucleotide variant	NM_000103.4(CYP19A1):c.1107C>T (p.Val369=)	1588	CYP19A1	HGNC:2594	Likely benign	0	Mar 13, 2024	767322330	-	RCV001456689
1153311	single nucleotide variant	NM_015331.3(NCSTN):c.733+18C>G	23385	NCSTN	HGNC:17091	Benign/Likely benign	0	Feb 03, 2026	2274185	-	RCV001516257|RCV006832351
1906078	single nucleotide variant	NM_016616.5(NME8):c.91+16G>A	51314	NME8	HGNC:16473	Likely benign	0	Oct 10, 2022	746669564	-	RCV003084486
549524	single nucleotide variant	NM_000310.4(PPT1):c.536+25T>C	5538	PPT1	HGNC:9325	Benign	0	Jul 09, 2018	16826876	-	RCV000675770
3094434	single nucleotide variant	NM_015512.5(DNAH1):c.8208C>T (p.Cys2736=)	25981	DNAH1	HGNC:2940	Likely benign	0	Sep 25, 2025	2471265853	-	RCV003785124
1600156	single nucleotide variant	NM_001330311.2(DVL1):c.228C>T (p.Arg76=)	1855	DVL1	HGNC:3084	Likely benign	0	Sep 16, 2021	907270030	-	RCV002088510
3807451	single nucleotide variant	NM_001206999.2(CIT):c.1545+18C>T	11113	CIT	HGNC:1985	Likely benign	0	Sep 18, 2024	-1	-	RCV005160086
1128601	single nucleotide variant	NM_001283009.2(RTEL1):c.546C>T (p.Ser182=)	51750	RTEL1	HGNC:15888	Likely benign	0	Feb 01, 2026	145902382	-	RCV001463077|RCV004533797|RCV005271295
654803	single nucleotide variant	NM_005548.3(KARS1):c.1275T>C (p.Asp425=)	3735	KARS1	HGNC:6215	Likely benign	0	Oct 09, 2024	779241883	-	RCV000825174
1267314	single nucleotide variant	NM_004523.4(KIF11):c.78-329G>A	3832	KIF11	HGNC:6388	Benign	0	Jul 08, 2018	12242681	-	RCV001688342
1076312	single nucleotide variant	NM_007327.4(GRIN1):c.2583C>T (p.Asn861=)	2902	GRIN1	HGNC:4584	Likely benign	0	Oct 30, 2024	886758694	-	RCV001394371
2141229	single nucleotide variant	NM_024301.5(FKRP):c.795G>A (p.Arg265=)	79147	FKRP	HGNC:17997	Likely benign	0	Mar 08, 2022	1364305668	-	RCV002976126
3041151	single nucleotide variant	NM_001276270.2(MBD4):c.1393+17C>G	8930	MBD4	HGNC:6919	Likely benign	0	Jul 25, 2025	2530704343	-	RCV003707337
2062860	single nucleotide variant	NM_001365088.1(SLC12A6):c.1512C>T (p.Asn504=)	9990	SLC12A6	HGNC:10914	Likely benign	0	Jun 21, 2022	2509802710	-	RCV002816680
2938614	single nucleotide variant	NM_001376.5(DYNC1H1):c.5817+8A>G	1778	DYNC1H1	HGNC:2961	Likely benign	0	Oct 19, 2024	2503743983	-	RCV003643187
2946198	single nucleotide variant	NM_000428.3(LTBP2):c.2979T>C (p.Thr993=)	4053	LTBP2	HGNC:6715	Likely benign	0	Dec 28, 2025	767867217	-	RCV003663176
1544923	single nucleotide variant	NM_001254.4(CDC6):c.174T>C (p.Arg58=)	990	CDC6	HGNC:1744	Likely benign	0	Mar 12, 2021	746381647	-	RCV002155010
1149655	single nucleotide variant	NM_012469.4(PRPF6):c.1152G>A (p.Thr384=)	24148	PRPF6	HGNC:15860	Likely benign	0	Sep 30, 2022	375889714	-	RCV001488237|RCV006894856
3338016	single nucleotide variant	NM_020121.4(UGGT2):c.2782G>A (p.Val928Ile)	55757	UGGT2	HGNC:15664	Likely benign	0	Mar 01, 2024	938830741	-	RCV004479472
4733365	single nucleotide variant	NM_004006.3(DMD):c.2990A>G (p.Tyr997Cys)	1756	DMD	HGNC:2928	Likely benign	0	Dec 02, 2025	-1	-	RCV006360892
751500	single nucleotide variant	NM_000368.5(TSC1):c.1719G>A (p.Gln573=)	7248	TSC1	HGNC:12362	Likely benign	0	Aug 16, 2023	1588309743	-	RCV001447921
368092	single nucleotide variant	NM_002887.4(RARS1):c.823-20T>A	5917	RARS1	HGNC:9870	Benign	0	Jan 27, 2026	10042188	-	RCV000443508|RCV001523102|RCV005896642|RCV005896638|RCV005896639|RCV005896641|RCV005896643|RCV005896640
1117455	single nucleotide variant	NM_000492.4(CFTR):c.2022T>C (p.Asp674=)	1080	CFTR	HGNC:1884	Likely benign	0	Jan 19, 2026	1259091056	-	RCV001477955
4021108	single nucleotide variant	NM_000393.5(COL5A2):c.1590A>G (p.Pro530=)	1290	COL5A2	HGNC:2210	Likely benign	0	Aug 03, 2025	-1	-	RCV005428861|RCV005806999
2718385	single nucleotide variant	NM_001011552.4(SLC9A4):c.814G>A (p.Val272Ile)	389015	SLC9A4	HGNC:11077	Likely benign	0	May 24, 2023	562401734	-	RCV004318213
346876	single nucleotide variant	NM_031220.4(PITPNM3):c.*198G>A	83394	PITPNM3	HGNC:21043	Benign	0	Jan 12, 2018	542520491	-	RCV000261536
1562137	single nucleotide variant	NM_004448.4(ERBB2):c.1755G>A (p.Val585=)	2064	ERBB2	HGNC:3430	Likely benign	0	Dec 18, 2024	1458686041	-	RCV002164136
447165	single nucleotide variant	NM_002529.4(NTRK1):c.366C>G (p.Leu122=)	4914	NTRK1	HGNC:8031	Likely benign	0	Mar 01, 2024	764843161	-	RCV000544129|RCV002456051
1515264	single nucleotide variant	NM_006030.4(CACNA2D2):c.784+20C>G	9254	CACNA2D2	HGNC:1400	Likely benign	0	Nov 17, 2025	746907949	-	RCV006468921
2853926	single nucleotide variant	NM_145046.5(CALR3):c.969G>A (p.Glu323=)	125972	CALR3	HGNC:20407	Likely benign	0	Nov 08, 2023	758485228	-	RCV003525437
3135193	single nucleotide variant	NM_001853.4(COL9A3):c.1416G>C (p.Gly472=)	1299	COL9A3	HGNC:2219	Likely benign	0	May 23, 2024	749217106	-	RCV003840305
3854656	single nucleotide variant	NM_152468.5(TMC8):c.299-18C>G	147138	TMC8	HGNC:20474	Likely benign	0	Nov 17, 2024	-1	-	RCV005201764
1520499	single nucleotide variant	NM_021939.4(FKBP10):c.246-18C>T	60681	FKBP10	HGNC:18169	Likely benign	0	Apr 29, 2024	2047824460	-	RCV002184652
2244823	single nucleotide variant	NM_020530.6(OSM):c.256A>G (p.Thr86Ala)	5008	OSM	HGNC:8506	Likely benign	0	Sep 01, 2021	1418444410	-	RCV004104586
99741	single nucleotide variant	NM_001848.3(COL6A1):c.1833C>T (p.Cys611=)	1291	COL6A1	HGNC:2211	Benign/Likely benign	0	Dec 15, 2025	142554239	-	RCV000079776|RCV000554422|RCV001138472|RCV001697070
3473552	single nucleotide variant	NM_016955.4(SEPSECS):c.1151G>A (p.Arg384His)	51091	SEPSECS	HGNC:30605	Likely benign	0	Apr 15, 2024	-1	-	RCV004663906
4975426	single nucleotide variant	NM_020937.4(FANCM):c.5856A>G (p.Glu1952=)	57697	FANCM	HGNC:23168	Likely benign	0	Apr 28, 2026	-1	-	RCV006728478
811587	single nucleotide variant	NM_000059.4(BRCA2):c.5709T>C (p.Ile1903=)	675	BRCA2	HGNC:1101	Likely benign	0	Nov 14, 2018	1593906265	-	RCV001024438
5055052	single nucleotide variant	NM_001367823.1(ARHGEF18):c.968-65C>T	23370	ARHGEF18	HGNC:17090	Likely benign	0	Feb 12, 2024	-1	-	RCV006886389
876264	single nucleotide variant	NM_002386.4(MC1R):c.417C>T (p.Ala139=)	4157	MC1R	HGNC:6929	Likely benign	0	Apr 01, 2025	372929572	-	RCV001116040|RCV004704410|RCV005589962
3134084	single nucleotide variant	NM_000383.4(AIRE):c.879+8C>A	326	AIRE	HGNC:360	Likely benign	0	Nov 17, 2023	760555624	-	RCV003836686
1146528	single nucleotide variant	NM_199355.4(ADAMTS18):c.2598A>G (p.Gly866=)	170692	ADAMTS18	HGNC:17110	Likely benign	0	Jan 07, 2022	2144591600	-	RCV001485456
5039768	single nucleotide variant	NM_001385012.1(NBEA):c.1748G>C (p.Gly583Ala)	26960	NBEA	HGNC:7648	Likely benign	0	Jun 26, 2024	-1	-	RCV006841287
691721	single nucleotide variant	NM_001369.3(DNAH5):c.5281C>A (p.Arg1761=)	1767	DNAH5	HGNC:2950	Likely benign	0	Aug 29, 2025	148891849	-	RCV000872146
3219431	single nucleotide variant	NM_015261.3(NCAPD3):c.519C>T (p.Pro173=)	23310	NCAPD3	HGNC:28952	Likely benign	0	Oct 07, 2020	149186393	-	RCV003969660
3736430	single nucleotide variant	NM_001378414.1(HDAC4):c.1152G>A (p.Arg384=)	9759	HDAC4	HGNC:14063	Likely benign	0	Sep 29, 2024	-1	-	RCV005060008
766738	single nucleotide variant	NM_006158.5(NEFL):c.729C>A (p.Ile243=)	4747	NEFL	HGNC:7739	Likely benign	0	Nov 14, 2023	1586128322	-	RCV001418917
2997612	single nucleotide variant	NM_194248.3(OTOF):c.3621G>A (p.Val1207=)	9381	OTOF	HGNC:8515	Likely benign	0	Dec 27, 2023	1665084488	-	RCV003694139
730308	single nucleotide variant	NM_014243.3(ADAMTS3):c.1746-5T>G	9508	ADAMTS3	HGNC:219	Benign/Likely benign	0	May 01, 2022	375213929	-	RCV000890963
1436477	single nucleotide variant	NM_000092.5(COL4A4):c.489A>G (p.Leu163=)	1286	COL4A4	HGNC:2206	Likely benign	0	Dec 12, 2023	1177525984	-	RCV001971672
3509632	single nucleotide variant	NM_014423.4(AFF4):c.1133+8T>G	27125	AFF4	HGNC:17869	Likely benign	0	Jan 12, 2022	-1	-	RCV004748111
1095725	single nucleotide variant	NM_003227.4(TFR2):c.1278C>T (p.Tyr426=)	7036	TFR2	HGNC:11762	Likely benign	0	Mar 02, 2024	535869195	-	RCV001422897
230997	single nucleotide variant	NM_001039876.3(SYNE4):c.*5T>C	163183	SYNE4	HGNC:26703	Benign	0	Feb 04, 2020	73928380	-	RCV000213515|RCV001596990|RCV003955251
1583042	single nucleotide variant	NM_001201543.2(FAM161A):c.120G>T (p.Ala40=)	84140	FAM161A	HGNC:25808	Likely benign	0	Feb 12, 2021	774817397	-	RCV002099873
1525200	single nucleotide variant	NM_014053.4(FLVCR1):c.1128G>A (p.Thr376=)	28982	FLVCR1	HGNC:24682	Likely benign	0	Apr 19, 2023	780568170	-	RCV002131025|RCV006862091
5061034	single nucleotide variant	NM_001034853.2(RPGR):c.*986A>G	6103	RPGR	HGNC:10295	Likely benign	0	Jun 06, 2018	-1	-	RCV006916300
763931	single nucleotide variant	NM_014159.7(SETD2):c.4989G>T (p.Thr1663=)	29072	SETD2	HGNC:18420	Likely benign	0	Dec 02, 2022	148325978	-	RCV001397128
1821885	single nucleotide variant	NM_000059.4(BRCA2):c.666T>A (p.Pro222=)	675	BRCA2	HGNC:1101	Likely benign	0	Sep 17, 2022	2548517029	-	RCV002366957
2106746	single nucleotide variant	NM_001853.4(COL9A3):c.51G>A (p.Gly17=)	1299	COL9A3	HGNC:2219	Likely benign	0	Apr 28, 2022	769231410	-	RCV002938806
4052385	single nucleotide variant	NM_006231.4(POLE):c.2790T>C (p.Phe930=)	5426	POLE	HGNC:9177	Likely benign	0	Jun 05, 2025	-1	-	RCV005461454
3169786	single nucleotide variant	NM_001164508.2(NEB):c.4091T>C (p.Leu1364Pro)	4703	NEB	HGNC:7720	Likely benign	0	Jan 18, 2023	772999290	-	RCV003862385
2087478	single nucleotide variant	NM_001875.5(CPS1):c.3267C>T (p.Arg1089=)	1373	CPS1	HGNC:2323	Likely benign	0	Jun 14, 2023	1288962683	-	RCV002857739
5070501	single nucleotide variant	NM_152383.5(DIS3L2):c.1740-15A>C	129563	DIS3L2	HGNC:28648	Likely benign	0	Oct 30, 2024	-1	-	RCV006940951
5069343	single nucleotide variant	NM_006341.4(MAD2L2):c.41-10C>T	-1	LOC129929411;MAD2L2	-	Likely benign	0	Jun 01, 2023	-1	-	RCV006934671
3020201	single nucleotide variant	NM_152564.5(VPS13B):c.11139G>A (p.Glu3713=)	157680	VPS13B	HGNC:2183	Likely benign	0	Jun 11, 2023	1816854749	-	RCV003605520
3207336	single nucleotide variant	NM_032485.6(MCM8):c.832C>T (p.Arg278Cys)	84515	MCM8	HGNC:16147	Likely benign	0	May 24, 2019	146490315	-	RCV003931725
3808105	single nucleotide variant	NM_032608.7(MYO18B):c.4254A>G (p.Leu1418=)	84700	MYO18B	HGNC:18150	Likely benign	0	Dec 07, 2024	-1	-	RCV005155813
2082698	single nucleotide variant	NM_176787.5(PIGN):c.285G>A (p.Arg95=)	23556	PIGN	HGNC:8967	Likely benign	0	Sep 24, 2022	1431110227	-	RCV002877022
3167660	single nucleotide variant	NM_015072.5(TTLL5):c.740+14T>C	23093	TTLL5	HGNC:19963	Likely benign	0	Sep 09, 2023	1566822305	-	RCV003860066
3751580	single nucleotide variant	NM_031427.4(DNAL1):c.265-9C>T	83544	DNAL1	HGNC:23247	Likely benign	0	Jan 07, 2025	-1	-	RCV005082950
1687693	single nucleotide variant	NM_001032221.6(STXBP1):c.1702+1401C>T	6812	STXBP1	HGNC:11444	Likely benign	0	Feb 01, 2026	143950200	-	RCV002263514
1231358	single nucleotide variant	NM_001614.5(ACTG1):c.*32A>G	71	ACTG1	HGNC:144	Benign	0	Jan 22, 2020	782078011	-	RCV001640923
3113377	single nucleotide variant	NM_002334.4(LRP4):c.4320G>A (p.Arg1440=)	4038	LRP4	HGNC:6696	Likely benign	0	Apr 17, 2025	765284084	-	RCV003812669
4917129	single nucleotide variant	NM_001371623.1(TCOF1):c.1167G>A (p.Ala389=)	6949	TCOF1	HGNC:11654	Likely benign	0	Dec 31, 2025	-1	-	RCV006616152|RCV006976313
1199677	single nucleotide variant	NM_000186.4(CFH):c.59-36C>T	3075	CFH	HGNC:4883	Benign	0	Oct 02, 2025	551397	-	RCV001579003|RCV001579002|RCV001579189|RCV001579190|RCV001655911|RCV005867197
1980296	single nucleotide variant	NM_033109.5(PNPT1):c.2069+19C>T	87178	PNPT1	HGNC:23166	Likely benign	0	Jul 18, 2022	762164126	-	RCV002625846
1850306	single nucleotide variant	NM_198578.4(LRRK2):c.210C>G (p.Ser70=)	120892	LRRK2	HGNC:18618	Likely benign	0	May 04, 2021	2499336207	-	RCV002424361
773534	single nucleotide variant	NM_133642.5(LARGE1):c.189G>A (p.Glu63=)	9215	LARGE1	HGNC:6511	Likely benign	0	Apr 06, 2018	1602978054	-	RCV001439070
2037698	single nucleotide variant	NM_000123.4(ERCC5):c.3240A>G (p.Gly1080=)	2073	ERCC5	HGNC:3437	Likely benign	0	May 28, 2022	749249051	-	RCV002790635
776944	single nucleotide variant	NM_203446.3(SYNJ1):c.3392-8A>T	8867	SYNJ1	HGNC:11503	Likely benign	0	Jan 19, 2024	533064963	-	RCV000929801
779554	single nucleotide variant	NM_000932.5(PLCB3):c.2038+7C>A	5331	PLCB3	HGNC:9056	Benign	0	Dec 31, 2019	73500181	-	RCV000968674
1849677	single nucleotide variant	NM_004336.5(BUB1):c.1999T>C (p.Ser667Pro)	699	BUB1	HGNC:1148	Likely benign	0	Feb 07, 2022	2467991213	-	RCV004061713
373061	single nucleotide variant	NM_203447.4(DOCK8):c.2427C>T (p.Ile809=)	81704	DOCK8	HGNC:19191	Likely benign	0	May 13, 2024	772977760	-	RCV000418909|RCV006462792
3828886	single nucleotide variant	NM_001127208.3(TET2):c.2949G>A (p.Val983=)	54790	TET2	HGNC:25941	Likely benign	0	Dec 06, 2025	-1	-	RCV005171579|RCV006332475
2889074	single nucleotide variant	NM_000294.3(PHKG2):c.648-13G>A	5261	PHKG2	HGNC:8931	Likely benign	0	Jun 07, 2025	184960414	-	RCV003514180|RCV005433409
5013086	single nucleotide variant	NM_002047.4(GARS1):c.1613+20C>T	2617	GARS1	HGNC:4162	Likely benign	0	May 04, 2022	-1	-	RCV006772711
2160922	single nucleotide variant	NM_031924.8(RSPH3):c.116+12A>T	83861	RSPH3	HGNC:21054	Likely benign	0	Mar 18, 2022	2484928397	-	RCV003027292
4837886	single nucleotide variant	NM_006947.4(SRP72):c.438G>A (p.Glu146=)	6731	SRP72	HGNC:11303	Likely benign	0	Jul 14, 2025	-1	-	RCV006503110
1978446	single nucleotide variant	NM_001447.3(FAT2):c.12384C>T (p.Leu4128=)	2196	FAT2	HGNC:3596	Likely benign	0	Aug 17, 2023	1314096471	-	RCV002601860
1650948	single nucleotide variant	NM_144631.6(ZNF513):c.6C>T (p.Pro2=)	130557	ZNF513	HGNC:26498	Likely benign	0	Sep 20, 2024	757597807	-	RCV002153407
1515875	single nucleotide variant	NM_000390.4(CHM):c.1770+7C>T	1121	CHM	HGNC:1940	Likely benign	0	Feb 17, 2024	2148120363	-	RCV001984065
762689	single nucleotide variant	NM_001267550.2(TTN):c.7239C>T (p.Leu2413=)	7273	TTN	HGNC:12403	Likely benign	0	Apr 11, 2018	1574622425	-	RCV001503225
1193343	single nucleotide variant	NM_002292.4(LAMB2):c.3328-36T>G	3913	LAMB2	HGNC:6487	Likely benign	0	Jul 25, 2020	143016594	-	RCV001570715
3362015	single nucleotide variant	NM_025176.6(NINL):c.1120G>A (p.Val374Ile)	22981	NINL	HGNC:29163	Likely benign	0	Jan 23, 2024	746614158	-	RCV004493003
2866469	single nucleotide variant	NM_024120.5(NDUFAF5):c.862+11A>G	79133	NDUFAF5	HGNC:15899	Likely benign	0	Dec 19, 2023	763211911	-	RCV003572827
352793	single nucleotide variant	NM_000054.7(AVPR2):c.754C>T (p.Arg252Trp)	554	AVPR2	HGNC:897	Benign/Likely benign	0	Feb 04, 2026	61733407	-	RCV000371554|RCV000961853|RCV006447129
1601794	single nucleotide variant	NM_006245.4(PPP2R5D):c.522+15A>G	5528	PPP2R5D	HGNC:9312	Likely benign	0	Oct 23, 2021	2150278587	-	RCV002180898
390279	single nucleotide variant	NM_173628.4(DNAH17):c.12627G>A (p.Pro4209=)	8632	DNAH17	HGNC:2946	Benign	0	Aug 21, 2018	3209030	-	RCV000455996|RCV001692103|RCV003972668
1812260	single nucleotide variant	NM_001271.4(CHD2):c.1233C>G (p.Pro411=)	1106	CHD2	HGNC:1917	Likely benign	0	Dec 30, 2019	202188833	-	RCV002378068
1094069	single nucleotide variant	NM_001044.5(SLC6A3):c.385G>A (p.Ala129Thr)	6531	SLC6A3	HGNC:11049	Likely benign	0	Oct 02, 2025	780852886	-	RCV001436213
577443	single nucleotide variant	NM_021098.3(CACNA1H):c.5730C>T (p.Asp1910=)	8912	CACNA1H	HGNC:1395	Benign/Likely benign	0	Feb 03, 2026	2745136	-	RCV000711117|RCV001515305|RCV006440050
738491	single nucleotide variant	NM_032314.4(COQ5):c.16A>G (p.Ser6Gly)	84274	COQ5	HGNC:28722	Likely benign	0	Jun 12, 2018	140043357	-	RCV000901416|RCV003950574
203434	single nucleotide variant	NM_015443.4(KANSL1):c.680G>A (p.Ser227Asn)	284058	KANSL1	HGNC:24565	Benign/Likely benign	0	May 12, 2025	150345690	-	RCV000712047|RCV001084191|RCV004020270|RCV006879354
1250226	single nucleotide variant	NM_000368.5(TSC1):c.2625+572A>G	7248	TSC1	HGNC:12362	Benign	0	May 19, 2021	2284902	-	RCV001673839
784686	single nucleotide variant	NM_000257.4(MYH7):c.4815A>T (p.Thr1605=)	4625	MYH7	HGNC:7577	Likely benign	0	Sep 14, 2025	202026847	-	RCV001490190|RCV005672536|RCV006545738
961442	single nucleotide variant	NM_001374828.1(ARID1B):c.344C>G (p.Ala115Gly)	57492	ARID1B	HGNC:18040	Likely benign	0	Jan 07, 2025	935320680	-	RCV001249534|RCV002570401
2929719	single nucleotide variant	NM_000246.4(CIITA):c.2283G>A (p.Leu761=)	4261	CIITA	HGNC:7067	Likely benign	0	Oct 18, 2023	1192393696	-	RCV003522796
2842616	single nucleotide variant	NM_001128205.2(SULF1):c.1689A>C (p.Glu563Asp)	23213	SULF1	HGNC:20391	Likely benign	0	-	2537349059	-	RCV004557973
1522678	single nucleotide variant	NM_003038.5(SLC1A4):c.633+19T>C	6509	SLC1A4	HGNC:10942	Likely benign	0	Jan 27, 2024	767050207	-	RCV002140691
3204133	single nucleotide variant	NM_001271938.2(MEGF8):c.1860C>T (p.Ser620=)	1954	MEGF8	HGNC:3233	Likely benign	0	Apr 25, 2019	149246261	-	RCV003944000
378323	single nucleotide variant	NM_004975.4(KCNB1):c.177G>A (p.Lys59=)	3745	KCNB1	HGNC:6231	Benign/Likely benign	0	Feb 01, 2026	117017889	-	RCV000421488|RCV000652427|RCV004567912
525248	single nucleotide variant	NM_201596.3(CACNB2):c.912G>A (p.Leu304=)	783	CACNB2	HGNC:1402	Likely benign	0	May 28, 2022	1246608729	-	RCV000646209
3780164	single nucleotide variant	NM_001375524.1(TRRAP):c.3183C>T (p.Phe1061=)	8295	TRRAP	HGNC:12347	Likely benign	0	Mar 18, 2024	-1	-	RCV005116484
1544051	single nucleotide variant	NM_032888.4(COL27A1):c.2172G>A (p.Gly724=)	85301	COL27A1	HGNC:22986	Likely benign	0	Mar 12, 2021	2135302934	-	RCV002169394
2820426	single nucleotide variant	NM_001131.3(CRISP1):c.276G>A (p.Arg92=)	167	CRISP1	HGNC:304	Likely benign	0	Oct 01, 2022	143712708	-	RCV003436583
3447864	single nucleotide variant	NM_001146334.2(NACAD):c.613C>T (p.Arg205Trp)	23148	NACAD	HGNC:22196	Likely benign	0	May 06, 2024	-1	-	RCV004641147
1279823	single nucleotide variant	NM_006772.3(SYNGAP1):c.2336+17T>C	8831	SYNGAP1	HGNC:11497	Benign	0	Nov 25, 2020	752795914	-	RCV001714902
2873079	single nucleotide variant	NM_004036.5(ADCY3):c.1710G>A (p.Gln570=)	109	ADCY3	HGNC:234	Benign	0	Jan 06, 2026	183219559	-	RCV003548695|RCV003966486
2079495	single nucleotide variant	NM_000199.5(SGSH):c.633C>G (p.Thr211=)	6448	SGSH	HGNC:10818	Likely benign	0	May 07, 2023	187147954	-	RCV002881695
4266632	single nucleotide variant	NM_006258.4(PRKG1):c.1983A>G (p.Thr661=)	5592	PRKG1	HGNC:9414	Likely benign	0	Aug 03, 2025	-1	-	RCV005709167
3742099	single nucleotide variant	NM_001134363.3(RBM20):c.3306G>A (p.Val1102=)	282996	RBM20	HGNC:27424	Likely benign	0	Apr 11, 2024	-1	-	RCV005075731
864047	single nucleotide variant	NM_000254.3(MTR):c.*860A>G	4548	MTR	HGNC:7468	Benign	0	Jan 13, 2018	539366380	-	RCV001101725
3879716	single nucleotide variant	NM_201384.3(PLEC):c.10713G>A (p.Gln3571=)	5339	PLEC	HGNC:9069	Likely benign	0	May 06, 2024	-1	-	RCV005222117
4753272	single nucleotide variant	NM_000249.4(MLH1):c.1668-4T>A	4292	MLH1	HGNC:7127	Likely benign	0	Oct 17, 2025	-1	-	RCV006412487
1263039	single nucleotide variant	NM_001144869.3(LIPT2):c.466+230T>G	387787	LIPT2	HGNC:37216	Benign	0	May 12, 2021	10751236	-	RCV001686439
774852	single nucleotide variant	NM_000251.3(MSH2):c.1076+9T>C	4436	MSH2	HGNC:7325	Likely benign	0	May 05, 2025	939824082	-	RCV000940809|RCV001185324|RCV005249381
1705149	single nucleotide variant	NM_002087.4(GRN):c.-8+236G>A	2896	GRN	HGNC:4601	Likely benign	0	Oct 11, 2021	75193026	-	RCV002285754
1076688	single nucleotide variant	NM_033305.3(VPS13A):c.9315C>A (p.Leu3105=)	23230	VPS13A	HGNC:1908	Likely benign	0	Jul 28, 2023	1197508826	-	RCV001403368
2860669	single nucleotide variant	NM_207361.6(FREM2):c.495G>T (p.Val165=)	341640	FREM2	HGNC:25396	Likely benign	0	Nov 09, 2023	780166109	-	RCV003544180
1143512	single nucleotide variant	NM_000289.6(PFKM):c.1127+9A>C	5213	PFKM	HGNC:8877	Likely benign	0	May 31, 2019	2135976634	-	RCV001482023
3592984	single nucleotide variant	NM_006506.5(RASA2):c.2166A>C (p.Gly722=)	5922	RASA2	HGNC:9872	Likely benign	0	Dec 07, 2024	-1	-	RCV004860456
1218188	single nucleotide variant	NM_018993.4(RIN2):c.-36-2954C>T	54453	RIN2	HGNC:18750	Benign	0	Aug 08, 2019	6112633	-	RCV001614314
1180826	single nucleotide variant	NM_021926.4(ALX4):c.467-276T>C	60529	ALX4	HGNC:450	Likely benign	0	May 28, 2019	111535442	-	RCV001552062
3775327	single nucleotide variant	NM_021939.4(FKBP10):c.1564-4C>T	60681	FKBP10	HGNC:18169	Likely benign	0	Feb 12, 2024	-1	-	RCV005118153
1962932	single nucleotide variant	NM_001961.4(EEF2):c.1347-16C>T	1938	EEF2	HGNC:3214	Likely benign	0	Dec 19, 2025	200014508	-	RCV002572405
403332	single nucleotide variant	NM_030973.4(MED25):c.638T>C (p.Val213Ala)	81857	MED25	HGNC:28845	Likely benign	0	Dec 29, 2025	144892223	-	RCV000457028|RCV003912807
1936874	single nucleotide variant	NM_004629.2(FANCG):c.511-5C>G	2189	FANCG	HGNC:3588	Likely benign	0	Jan 29, 2024	2131057314	-	RCV003106574
737441	single nucleotide variant	NM_014263.4(YME1L1):c.168+1261G>A	10730	YME1L1	HGNC:12843	Likely benign	0	Oct 27, 2025	141172987	-	RCV000896652|RCV006806572
1663523	single nucleotide variant	NC_000019.10:g.39480748G>C	92609	TIMM50	HGNC:23656	Likely benign	0	Sep 23, 2024	2146145631	-	RCV002149172
2939755	single nucleotide variant	NM_006231.4(POLE):c.2118C>G (p.Ala706=)	5426	POLE	HGNC:9177	Likely benign	0	Oct 04, 2023	1555227247	-	RCV003658935
2026770	single nucleotide variant	NM_006904.7(PRKDC):c.400-18T>C	5591	PRKDC	HGNC:9413	Likely benign	0	Oct 16, 2025	1410544162	-	RCV002755638
3096448	single nucleotide variant	NM_002292.4(LAMB2):c.2152-18C>T	3913	LAMB2	HGNC:6487	Likely benign	0	Jun 12, 2025	939200081	-	RCV006255964
4828322	single nucleotide variant	NM_002471.4(MYH6):c.4360-18A>G	4624	MYH6	HGNC:7576	Likely benign	0	Mar 06, 2025	-1	-	RCV006505421
4985971	single nucleotide variant	NM_004539.4(NARS1):c.1212T>C (p.Asp404=)	4677	NARS1	HGNC:7643	Likely benign	0	Apr 01, 2026	-1	-	RCV006731289
3048521	single nucleotide variant	NM_020831.6(MRTFA):c.1032G>A (p.Pro344=)	57591	MRTFA	HGNC:14334	Likely benign	0	Mar 01, 2024	752819736	-	RCV003725328
3129359	single nucleotide variant	NM_022081.6(HPS4):c.1218C>G (p.Leu406=)	89781	HPS4	HGNC:15844	Likely benign	0	Jan 08, 2026	751823743	-	RCV003832628|RCV006907266
1268179	single nucleotide variant	NM_020366.4(RPGRIP1):c.3099+243G>A	57096	RPGRIP1	HGNC:13436	Benign	0	Jun 19, 2021	7159529	-	RCV001695043
2066440	single nucleotide variant	NM_001844.5(COL2A1):c.1795C>T (p.Pro599Ser)	1280	COL2A1	HGNC:2200	Likely benign	0	Jan 05, 2026	367600621	-	RCV002828654
2024654	single nucleotide variant	NM_001205293.3(CACNA1E):c.1883+11A>C	777	CACNA1E	HGNC:1392	Likely benign	0	Aug 09, 2025	746104157	-	RCV002721878
229962	single nucleotide variant	NM_002906.4(RDX):c.471A>G (p.Val157=)	5962	RDX	HGNC:9944	Likely benign	0	Nov 14, 2023	376917034	-	RCV000218427|RCV001577473|RCV002485381
347749	single nucleotide variant	NM_006941.4(SOX10):c.122G>T (p.Gly41Val)	6663	SOX10	HGNC:11190	Benign/Likely benign	0	Dec 16, 2025	199750760	-	RCV000277103|RCV000325156|RCV000877144|RCV000613610
3023743	single nucleotide variant	NM_018089.3(ANKZF1):c.1476A>G (p.Pro492=)	55139	ANKZF1	HGNC:25527	Likely benign	0	Feb 21, 2024	1166920926	-	RCV003705105
668441	single nucleotide variant	NM_002693.3(POLG):c.2426+75A>C	5428	POLG	HGNC:9179	Likely benign	0	Jun 16, 2018	2307428	-	RCV000832690
3092428	single nucleotide variant	NM_021098.3(CACNA1H):c.987G>A (p.Gly329=)	8912	CACNA1H	HGNC:1395	Likely benign	0	Oct 22, 2024	375424823	-	RCV003788048
308710	single nucleotide variant	NM_001083111.2(GNRH1):c.-2+388T>C	2796	GNRH1	HGNC:4419	Likely benign	0	Jan 12, 2018	17790824	-	RCV000400342|RCV004705465
1233186	single nucleotide variant	NM_014832.5(TBC1D4):c.2033+298G>T	9882	TBC1D4	HGNC:19165	Benign	0	Nov 12, 2018	2060134	-	RCV001645859
3512821	single nucleotide variant	NM_006031.6(PCNT):c.4842C>G (p.Ser1614=)	5116	PCNT	HGNC:16068	Likely benign	0	Oct 27, 2022	-1	-	RCV004740014
3182242	single nucleotide variant	NM_014444.5(TUBGCP4):c.1101A>G (p.Glu367=)	27229	TUBGCP4	HGNC:16691	Likely benign	0	Mar 08, 2023	766306906	-	RCV003878896
3761322	single nucleotide variant	NM_000540.3(RYR1):c.7713C>A (p.Gly2571=)	6261	RYR1	HGNC:10483	Likely benign	0	Feb 17, 2024	-1	-	RCV005083709
3409294	single nucleotide variant	NM_000384.2(APOB):c.-277C>T	338	APOB	HGNC:603	Benign	0	Jun 23, 2022	9282608	-	RCV004585225
2070387	single nucleotide variant	NM_001374828.1(ARID1B):c.1363C>A (p.Arg455=)	57492	ARID1B	HGNC:18040	Likely benign	0	Jun 26, 2022	1487267556	-	RCV002842737
340051	single nucleotide variant	NM_144599.5(NIPA1):c.*1724C>G	123606	NIPA1	HGNC:17043	Benign	0	Jan 12, 2018	61523596	-	RCV000383954|RCV004714927
1271884	single nucleotide variant	NM_145207.3(AFG2A):c.447-81C>T	166378	AFG2A	HGNC:18119	Benign	0	Jul 21, 2018	72919900	-	RCV001691298
2030161	single nucleotide variant	NM_001023.4(RPS20):c.54C>T (p.His18=)	6224	RPS20	HGNC:10405	Likely benign	0	Nov 06, 2025	2486985451	-	RCV002746339|RCV006307241
2325953	single nucleotide variant	NM_016343.4(CENPF):c.8737A>G (p.Ile2913Val)	1063	CENPF	HGNC:1857	Likely benign	0	Dec 21, 2022	758734737	-	RCV002944715
519279	single nucleotide variant	NM_001349253.2(SCN11A):c.201C>T (p.Gly67=)	11280	SCN11A	HGNC:10583	Benign/Likely benign	0	Dec 23, 2025	148264228	-	RCV000651913|RCV002422414|RCV003918067|RCV005900311
1530857	single nucleotide variant	NM_032578.4(MYPN):c.2454T>G (p.Ser818=)	84665	MYPN	HGNC:23246	Likely benign	0	Jun 28, 2023	758819987	-	RCV002123135|RCV002443222
2866793	single nucleotide variant	NM_000170.3(GLDC):c.2868A>C (p.Thr956=)	2731	GLDC	HGNC:4313	Likely benign	0	Dec 26, 2023	1219276888	-	RCV003512893
1172332	single nucleotide variant	NM_001352171.3(SLC41A2):c.1614C>T (p.Ser538=)	84102	SLC41A2	HGNC:31045	Benign	0	May 04, 2021	11112201	-	RCV001541860
3087766	single nucleotide variant	NM_000384.3(APOB):c.9257G>C (p.Ser3086Thr)	338	APOB	HGNC:603	Likely benign	0	Jan 26, 2023	1413521538	-	RCV003790119
3895893	single nucleotide variant	NM_002439.5(MSH3):c.2318+8T>A	4437	MSH3	HGNC:7326	Likely benign	0	Oct 13, 2022	-1	-	RCV005362177
2825282	single nucleotide variant	NM_018902.5(PCDHA11):c.98A>G (p.Tyr33Cys)	56138	PCDHA11	HGNC:8665	Likely benign	0	Sep 01, 2022	202010088	-	RCV003429808
1989780	single nucleotide variant	NM_001368882.1(COL13A1):c.1915-19C>T	1305	COL13A1	HGNC:2190	Likely benign	0	Apr 19, 2022	753863986	-	RCV002636224
1591708	single nucleotide variant	NM_001061.7(TBXAS1):c.297G>A (p.Val99=)	6916	TBXAS1	HGNC:11609	Likely benign	0	Mar 24, 2023	754565649	-	RCV002210089
3198816	single nucleotide variant	NM_001393586.1(MYO7B):c.5727G>A (p.Thr1909=)	4648	MYO7B	HGNC:7607	Likely benign	0	Jul 29, 2019	377168438	-	RCV003911938
4228309	single nucleotide variant	NM_001370497.1(ABCC11):c.913A>G (p.Ile305Val)	85320	ABCC11	HGNC:14639	Likely benign	0	Aug 31, 2025	-1	-	RCV005677093
2960227	single nucleotide variant	NM_138348.6(OTULIN):c.864+8G>A	90268	OTULIN	HGNC:25118	Likely benign	0	Aug 24, 2023	2478223892	-	RCV003669890
3755717	single nucleotide variant	NM_013386.5(SLC25A24):c.630A>C (p.Thr210=)	29957	SLC25A24	HGNC:20662	Likely benign	0	Jan 05, 2025	-1	-	RCV005088868
2174642	single nucleotide variant	NM_152564.5(VPS13B):c.6483C>T (p.Leu2161=)	157680	VPS13B	HGNC:2183	Likely benign	0	Sep 08, 2023	2130316478	-	RCV003049764
4931508	single nucleotide variant	NM_001267550.2(TTN):c.8554A>T (p.Met2852Leu)	7273	TTN	HGNC:12403	Likely benign	0	Mar 27, 2026	1382675661	-	RCV006652849
2934063	single nucleotide variant	NM_000138.5(FBN1):c.6156G>A (p.Arg2052=)	2200	FBN1	HGNC:3603	Likely benign	0	Dec 13, 2023	2505445890	-	RCV003528013|RCV004011448
4732754	single nucleotide variant	NM_004991.4(MECOM):c.2937G>A (p.Lys979=)	2122	MECOM	HGNC:3498	Likely benign	0	Dec 11, 2025	-1	-	RCV006370292
739584	single nucleotide variant	NM_144508.5(KNL1):c.3405C>T (p.Ala1135=)	57082	KNL1	HGNC:24054	Benign/Likely benign	0	Dec 31, 2019	142853192	-	RCV000904849|RCV001118822
1596574	single nucleotide variant	NM_003072.5(SMARCA4):c.1943+11C>T	6597	SMARCA4	HGNC:11100	Likely benign	0	Oct 08, 2021	2146100084	-	RCV002118780
1662484	single nucleotide variant	NM_001003722.2(GLE1):c.1089C>T (p.Pro363=)	2733	GLE1	HGNC:4315	Likely benign	0	Apr 12, 2021	1357351573	-	RCV002163051
2093669	single nucleotide variant	NM_000070.3(CAPN3):c.1851G>T (p.Val617=)	825	CAPN3	HGNC:1480	Likely benign	0	Oct 16, 2022	2548287873	-	RCV002877598
3038938	single nucleotide variant	NM_000260.4(MYO7A):c.2095-12T>C	4647	MYO7A	HGNC:7606	Likely benign	0	Nov 29, 2022	2497088035	-	RCV003715117
1077870	single nucleotide variant	NM_014956.5(CEP164):c.1569C>G (p.Ser523=)	22897	CEP164	HGNC:29182	Likely benign	0	May 05, 2025	747829353	-	RCV001415538|RCV003953762
853920	single nucleotide variant	NM_007294.4(BRCA1):c.5133A>C (p.Lys1711Asn)	672	BRCA1	HGNC:1100	Likely benign	0	Jul 20, 2023	1597820025	-	RCV001072314|RCV003372986
2961595	single nucleotide variant	NM_004525.3(LRP2):c.2265C>A (p.Ile755=)	4036	LRP2	HGNC:6694	Likely benign	0	Mar 16, 2023	1683397645	-	RCV003667753
3097403	single nucleotide variant	NM_000180.4(GUCY2D):c.681G>A (p.Arg227=)	3000	GUCY2D	HGNC:4689	Likely benign	0	Jul 06, 2023	2545418336	-	RCV003807983
4054133	single nucleotide variant	NM_133510.4(RAD51B):c.354T>C (p.Cys118=)	5890	RAD51B	HGNC:9822	Likely benign	0	Apr 12, 2025	-1	-	RCV005478339
396097	single nucleotide variant	NM_005751.5(AKAP9):c.6134A>G (p.Asn2045Ser)	10142	AKAP9	HGNC:379	Benign/Likely benign	0	Feb 02, 2026	139963188	-	RCV000477279|RCV001618711|RCV001824793|RCV002253459|RCV002356759|RCV003942576
3537854	single nucleotide variant	NM_004360.5(CDH1):c.2439+7A>G	999	CDH1	HGNC:1748	Likely benign	0	Sep 23, 2024	-1	-	RCV004788801
1619009	single nucleotide variant	NM_199242.3(UNC13D):c.859-13G>C	201294	UNC13D	HGNC:23147	Likely benign	0	Aug 22, 2022	989852597	-	RCV002123609
2085118	single nucleotide variant	NM_032228.6(FAR1):c.190-8C>G	84188	FAR1	HGNC:26222	Likely benign	0	Mar 27, 2023	1428482748	-	RCV002863532
4848104	single nucleotide variant	NM_001278669.2(NFATC1):c.1362G>A (p.Ser454=)	4772	NFATC1	HGNC:7775	Likely benign	0	Apr 08, 2025	-1	-	RCV006531778
1560072	single nucleotide variant	NM_001365536.1(SCN9A):c.223C>T (p.Leu75=)	6335	SCN9A	HGNC:10597	Likely benign	0	Jul 11, 2022	201563763	-	RCV002138001
4834769	single nucleotide variant	NM_001288705.3(CSF1R):c.2292G>A (p.Gln764=)	1436	CSF1R	HGNC:2433	Likely benign	0	Aug 09, 2025	-1	-	RCV006518691
2186742	single nucleotide variant	NM_001384732.1(CPLANE1):c.3009A>G (p.Glu1003=)	65250	CPLANE1	HGNC:25801	Likely benign	0	Mar 11, 2024	2548235412	-	RCV003056103
1231688	single nucleotide variant	NM_018036.7(ATG2B):c.5497-141G>A	55102	ATG2B	HGNC:20187	Benign	0	Jul 09, 2018	2275022	-	RCV001647994
4804630	single nucleotide variant	NM_001195263.2(PDZD7):c.367+19C>G	79955	PDZD7	HGNC:26257	Likely benign	0	Nov 18, 2025	-1	-	RCV006498214
4952781	single nucleotide variant	NM_001130009.3(GEN1):c.1047A>G (p.Gln349=)	348654	GEN1	HGNC:26881	Likely benign	0	Feb 19, 2026	-1	-	RCV006676719
2973716	single nucleotide variant	NM_005739.4(RASGRP1):c.1998G>A (p.Arg666=)	10125	RASGRP1	HGNC:9878	Likely benign	0	Feb 18, 2023	2542847857	-	RCV003681852
318718	single nucleotide variant	NM_005188.4(CBL):c.*5987A>T	867	CBL	HGNC:1541	Benign	0	Jan 13, 2018	150688966	-	RCV000373177
2806678	single nucleotide variant	NM_000218.3(KCNQ1):c.1393+21480C>T	-1	KCNQ1;KCNQ1OT1	-	Benign/Likely benign	0	Jul 01, 2026	144313257	-	RCV003424775|RCV006804036
710710	single nucleotide variant	NM_001256007.3(PNPLA8):c.87G>A (p.Leu29=)	50640	PNPLA8	HGNC:28900	Benign	0	Jan 27, 2026	112125737	-	RCV000970174
1216619	single nucleotide variant	NM_018446.4(GLT8D1):c.629G>A (p.Arg210His)	55830	GLT8D1	HGNC:24870	Benign	0	May 04, 2021	2276812	-	RCV001610918
1648139	single nucleotide variant	NM_001365480.1(CCDC88A):c.630T>G (p.Thr210=)	55704	CCDC88A	HGNC:25523	Likely benign	0	Jun 17, 2025	772724179	-	RCV002125278|RCV005433728
1538965	single nucleotide variant	NM_000540.3(RYR1):c.12498C>T (p.Ala4166=)	6261	RYR1	HGNC:10483	Likely benign	0	Dec 24, 2025	748446527	-	RCV002175180|RCV006552902
313803	single nucleotide variant	NM_001317778.2(SFTPC):c.*123G>A	6440	SFTPC	HGNC:10802	Benign/Likely benign	0	Mar 24, 2023	7592	-	RCV001159016|RCV004712559|RCV006784297
182134	single nucleotide variant	NM_000179.3(MSH6):c.3084A>T (p.Ser1028=)	2956	MSH6	HGNC:7329	Benign/Likely benign	0	Jan 11, 2026	786201843	-	RCV000164336|RCV000197176|RCV000411527|RCV000507785|RCV001682878|RCV003150014|RCV003995334|RCV005396469
1099270	single nucleotide variant	NM_004523.4(KIF11):c.732T>C (p.His244=)	3832	KIF11	HGNC:6388	Likely benign	0	Feb 01, 2022	916476703	-	RCV001429873|RCV006806660
1201797	single nucleotide variant	NM_001037.5(SCN1B):c.208-159G>A	6324	SCN1B	HGNC:10586	Likely benign	0	Jul 06, 2018	143996359	-	RCV001584665
1634822	single nucleotide variant	NM_201253.3(CRB1):c.4117A>C (p.Arg1373=)	23418	CRB1	HGNC:2343	Likely benign	0	Jul 28, 2021	2125574055	-	RCV002079904
2328214	single nucleotide variant	NM_007332.3(TRPA1):c.1879A>G (p.Ile627Val)	8989	TRPA1	HGNC:497	Likely benign	0	Dec 13, 2022	1243647254	-	RCV004173306
1086842	single nucleotide variant	NM_001008537.3(NEXMIF):c.1598G>A (p.Arg533His)	340533	NEXMIF	HGNC:29433	Likely benign	0	Jun 30, 2020	752979291	-	RCV001413160
3165201	single nucleotide variant	NM_006371.5(CRTAP):c.783T>G (p.Leu261=)	10491	CRTAP	HGNC:2379	Likely benign	0	Oct 12, 2023	2030006965	-	RCV003861062
1598715	single nucleotide variant	NM_001013838.3(CARMIL2):c.3742+13C>G	146206	CARMIL2	HGNC:27089	Likely benign	0	Dec 20, 2025	760298734	-	RCV002172139
4832680	single nucleotide variant	NM_001287.6(CLCN7):c.882G>T (p.Ala294=)	1186	CLCN7	HGNC:2025	Likely benign	0	Sep 03, 2025	-1	-	RCV006507002
1168975	single nucleotide variant	NM_005677.4(COLQ):c.600+22T>C	8292	COLQ	HGNC:2226	Likely benign	0	Dec 17, 2019	113512775	-	RCV001536715
2911584	single nucleotide variant	NM_003060.4(SLC22A5):c.132G>A (p.Ala44=)	6584	SLC22A5	HGNC:10969	Likely benign	0	May 28, 2023	1387676594	-	RCV003506888
3798692	single nucleotide variant	NM_053025.4(MYLK):c.422+19A>C	4638	MYLK	HGNC:7590	Likely benign	0	Jan 01, 2025	-1	-	RCV005144280
4839812	single nucleotide variant	NM_001174089.2(SLC4A11):c.1850-12C>G	83959	SLC4A11	HGNC:16438	Likely benign	0	Oct 26, 2025	-1	-	RCV006515082
4662521	single nucleotide variant	NM_014641.3(MDC1):c.5078C>T (p.Pro1693Leu)	9656	MDC1	HGNC:21163	Likely benign	0	Nov 26, 2025	-1	-	RCV006298871
852176	single nucleotide variant	NM_007327.4(GRIN1):c.1468-8C>A	2902	GRIN1	HGNC:4584	Benign	0	Feb 01, 2024	1588729972	-	RCV001040332
1540312	single nucleotide variant	NM_005559.4(LAMA1):c.3189C>T (p.Cys1063=)	284217	LAMA1	HGNC:6481	Likely benign	0	Oct 22, 2024	371303337	-	RCV002097784|RCV006891622
4935149	single nucleotide variant	NM_001354604.2(MITF):c.1419C>A (p.Val473=)	4286	MITF	HGNC:7105	Likely benign	0	Mar 13, 2026	-1	-	RCV006665254
1601207	single nucleotide variant	NM_000096.4(CP):c.2421T>A (p.Ile807=)	1356	CP	HGNC:2295	Likely benign	0	Jun 02, 2025	998289672	-	RCV002093674
735414	single nucleotide variant	NM_004830.4(MED23):c.2034A>G (p.Ala678=)	9439	MED23	HGNC:2372	Benign/Likely benign	0	Apr 01, 2023	143184324	-	RCV000907190|RCV001818799|RCV002416119
153012	single nucleotide variant	NM_001110792.2(MECP2):c.*5839C>T	4204	MECP2	HGNC:6990	Likely benign	0	Aug 14, 2023	267608368	-	RCV000132804|RCV003380445
5036208	single nucleotide variant	NM_006182.4(DDR2):c.-10A>G	4921	DDR2	HGNC:2731	Likely benign	0	Apr 28, 2023	-1	-	RCV006844577
690134	single nucleotide variant	NM_000548.5(TSC2):c.1716+7G>A	7249	TSC2	HGNC:12363	Likely benign	0	Nov 23, 2025	1204839285	-	RCV000870312
2044901	single nucleotide variant	NM_001042750.2(STAG2):c.894-6A>G	10735	STAG2	HGNC:11355	Likely benign	0	Dec 14, 2021	2057994262	-	RCV002736868
3439004	single nucleotide variant	NM_001039112.2(FER1L6):c.3313A>G (p.Thr1105Ala)	654463	FER1L6	HGNC:28065	Likely benign	0	Apr 01, 2024	-1	-	RCV004618645
697956	single nucleotide variant	NM_004366.6(CLCN2):c.1491G>A (p.Gly497=)	1181	CLCN2	HGNC:2020	Likely benign	0	Nov 24, 2025	138627624	-	RCV000952395|RCV002502940|RCV004553410|RCV006956623
3851168	single nucleotide variant	NM_006949.4(STXBP2):c.1538+7C>T	6813	STXBP2	HGNC:11445	Likely benign	0	Nov 14, 2024	-1	-	RCV005204136
751884	single nucleotide variant	NM_021240.4(DMRT3):c.815A>C (p.Lys272Thr)	58524	DMRT3	HGNC:13909	Benign	0	Sep 25, 2018	187176004	-	RCV000920822
1809898	single nucleotide variant	NM_001035.3(RYR2):c.525A>G (p.Val175=)	6262	RYR2	HGNC:10484	Likely benign	0	Jan 14, 2026	901316291	-	RCV002340991|RCV003776074
3123723	single nucleotide variant	NM_001128178.3(NPHP1):c.1854G>A (p.Arg618=)	4867	NPHP1	HGNC:7905	Likely benign	0	Jul 04, 2024	1679169552	-	RCV003825149
4823169	single nucleotide variant	NM_021942.6(TRAPPC11):c.2415T>C (p.Thr805=)	60684	TRAPPC11	HGNC:25751	Likely benign	0	May 12, 2025	-1	-	RCV006502180
2142373	single nucleotide variant	NM_001270508.2(TNFAIP3):c.1812G>T (p.Thr604=)	7128	TNFAIP3	HGNC:11896	Likely benign	0	Jan 11, 2022	755526418	-	RCV002995262
1897730	single nucleotide variant	NM_001211.6(BUB1B):c.2386-10T>C	701	BUB1B	HGNC:1149	Likely benign	0	Feb 12, 2024	759271695	-	RCV002579159
3150716	single nucleotide variant	NM_001363711.2(DUOX2):c.3495C>T (p.Pro1165=)	50506	DUOX2	HGNC:13273	Likely benign	0	Jan 16, 2025	374660171	-	RCV003849319
2942351	single nucleotide variant	NM_006502.3(POLH):c.764+13G>A	5429	POLH	HGNC:9181	Likely benign	0	Jan 08, 2023	2532448951	-	RCV003671594
1328933	single nucleotide variant	NM_004991.4(MECOM):c.2415C>T (p.Val805=)	2122	MECOM	HGNC:3498	Likely benign	0	Nov 18, 2025	756402551	-	RCV001822522|RCV003772327|RCV004946752
748594	single nucleotide variant	NM_017491.5(WDR1):c.510C>T (p.Cys170=)	9948	WDR1	HGNC:12754	Likely benign	0	Dec 08, 2025	761011483	-	RCV000912885|RCV006956324
3652681	single nucleotide variant	NM_014895.4(CEP162):c.2457C>A (p.Phe819Leu)	22832	CEP162	HGNC:21107	Likely benign	0	Oct 08, 2024	-1	-	RCV004899412
732093	single nucleotide variant	NM_016343.4(CENPF):c.3307T>C (p.Leu1103=)	1063	CENPF	HGNC:1857	Benign/Likely benign	0	Jan 08, 2026	547374269	-	RCV000894978
1619222	single nucleotide variant	NM_000018.4(ACADVL):c.609C>A (p.Pro203=)	37	ACADVL	HGNC:92	Likely benign	0	Aug 30, 2024	2142975004	-	RCV002092819
1579215	single nucleotide variant	NM_198053.3(CD247):c.219+9G>A	919	CD247	HGNC:1677	Likely benign	0	Jun 23, 2025	1444139145	-	RCV002081399
2221825	single nucleotide variant	NM_013358.3(PADI1):c.1264G>A (p.Gly422Ser)	29943	PADI1	HGNC:18367	Likely benign	0	Jul 20, 2021	373735719	-	RCV004102854
1181598	single nucleotide variant	NM_001378183.1(PIEZO2):c.1527+248T>C	63895	PIEZO2	HGNC:26270	Likely benign	0	Jul 14, 2018	148957617	-	RCV001550161
2192988	single nucleotide variant	NM_016453.4(NCKIPSD):c.1999A>G (p.Ile667Val)	51517	NCKIPSD	HGNC:15486	Likely benign	0	Dec 05, 2022	142134638	-	RCV004069541
2963094	single nucleotide variant	NM_024649.5(BBS1):c.952-9C>T	582	BBS1	HGNC:966	Likely benign	0	Nov 01, 2023	755942584	-	RCV003634512
2002450	single nucleotide variant	NM_013336.4(SEC61A1):c.1245-4C>T	29927	SEC61A1	HGNC:18276	Likely benign	0	Sep 10, 2022	746895826	-	RCV002658707
3810821	single nucleotide variant	NM_006739.4(MCM5):c.1921C>T (p.Leu641=)	4174	MCM5	HGNC:6948	Likely benign	0	Nov 27, 2024	-1	-	RCV005157530
1097131	single nucleotide variant	NM_182746.3(MCM4):c.235+17C>G	4173	MCM4	HGNC:6947	Likely benign	0	Oct 21, 2020	1178584797	-	RCV001424146
4849121	single nucleotide variant	NM_004525.3(LRP2):c.12984G>A (p.Lys4328=)	4036	LRP2	HGNC:6694	Likely benign	0	Jul 03, 2025	-1	-	RCV006527966
3003380	single nucleotide variant	NM_001369.3(DNAH5):c.3834+12T>A	1767	DNAH5	HGNC:2950	Likely benign	0	Feb 23, 2023	2546995430	-	RCV003652362
1630964	single nucleotide variant	NM_001042472.3(ABHD12):c.408G>A (p.Val136=)	26090	ABHD12	HGNC:15868	Likely benign	0	Oct 04, 2022	764119125	-	RCV002119017
4794860	single nucleotide variant	NM_000031.6(ALAD):c.327G>A (p.Arg109=)	210	ALAD	HGNC:395	Likely benign	0	Jun 27, 2025	-1	-	RCV006439353
3844423	single nucleotide variant	NM_000527.5(LDLR):c.1845+12G>A	3949	LDLR	HGNC:6547	Likely benign	0	Dec 12, 2024	-1	-	RCV005191096
786481	single nucleotide variant	NM_203446.3(SYNJ1):c.*108A>G	8867	SYNJ1	HGNC:11503	Likely benign	0	Mar 24, 2024	371381727	-	RCV000983377
3063103	single nucleotide variant	NM_003906.5(MCM3AP):c.384A>G (p.Gly128=)	8888	MCM3AP	HGNC:6946	Likely benign	0	Feb 25, 2024	201541920	-	RCV003732127
4859596	single nucleotide variant	NM_033118.4(MYLK2):c.878+16C>G	85366	MYLK2	HGNC:16243	Likely benign	0	Dec 19, 2025	-1	-	RCV006541529
333441	single nucleotide variant	NM_001845.6(COL4A1):c.4658C>T (p.Ala1553Val)	1282	COL4A1	HGNC:2202	Benign/Likely benign	0	Jan 02, 2026	201150281	-	RCV000371031|RCV000945582|RCV002248537|RCV004544545|RCV006838660
710320	single nucleotide variant	NM_001385079.1(PDE10A):c.2289C>A (p.Ser763=)	10846	PDE10A	HGNC:8772	Benign	0	Jan 15, 2026	61733391	-	RCV000961771|RCV005911662|RCV006442316
688260	single nucleotide variant	NM_000257.4(MYH7):c.5676C>T (p.Asn1892=)	4625	MYH7	HGNC:7577	Likely benign	0	Dec 18, 2023	1595070496	-	RCV000866615|RCV001177909|RCV002345973
3375629	single nucleotide variant	NM_001286581.2(PHRF1):c.2798G>A (p.Arg933Gln)	57661	PHRF1	HGNC:24351	Likely benign	0	Oct 26, 2021	757156844	-	RCV004501351
2158913	single nucleotide variant	NM_001142800.2(EYS):c.8769C>T (p.His2923=)	346007	EYS	HGNC:21555	Likely benign	0	Jun 02, 2023	908512202	-	RCV003031625
699095	single nucleotide variant	NM_000065.5(C6):c.2087A>G (p.Asp696Gly)	729	C6	HGNC:1339	Benign/Likely benign	0	Jun 01, 2026	41271067	-	RCV000949912|RCV002502918|RCV003925918|RCV005905336|RCV005905337|RCV005905335|RCV005905338|RCV006455212
669651	single nucleotide variant	NM_001130823.3(DNMT1):c.3117-288T>C	1786	DNMT1	HGNC:2976	Benign	0	Jun 19, 2018	35863536	-	RCV000840354
3769634	single nucleotide variant	NM_001001331.4(ATP2B2):c.2943C>T (p.Ser981=)	491	ATP2B2	HGNC:815	Benign	0	Oct 23, 2025	-1	-	RCV005105676
1541932	single nucleotide variant	NM_031942.5(CDCA7):c.1174C>T (p.Leu392=)	83879	CDCA7	HGNC:14628	Likely benign	0	Oct 06, 2021	772253103	-	RCV002103270
578983	single nucleotide variant	NM_006593.4(TBR1):c.1242G>C (p.Ser414=)	10716	TBR1	HGNC:11590	Likely benign	0	Jun 01, 2024	200230676	-	RCV002312486|RCV004584797
2130803	single nucleotide variant	NM_006371.5(CRTAP):c.723C>T (p.Tyr241=)	10491	CRTAP	HGNC:2379	Likely benign	0	Mar 10, 2024	1176440670	-	RCV002967740
753911	single nucleotide variant	NM_006260.5(DNAJC3):c.1377C>T (p.Asp459=)	5611	DNAJC3	HGNC:9439	Likely benign	0	Nov 16, 2018	149304997	-	RCV000916008
2824529	single nucleotide variant	NM_080425.4(GNAS):c.2069-5435G>A	2778	GNAS	HGNC:4392	Likely benign	0	Jul 01, 2023	1018816947	-	RCV003440460
5023691	single nucleotide variant	NM_001352027.3(PHF21A):c.803C>T (p.Thr268Ile)	51317	PHF21A	HGNC:24156	Likely benign	0	Dec 15, 2021	-1	-	RCV006805612
4835005	single nucleotide variant	NM_032730.5(RTN4IP1):c.496-14G>C	84816	RTN4IP1	HGNC:18647	Likely benign	0	Sep 12, 2025	-1	-	RCV006528782
4792818	single nucleotide variant	NM_012309.5(SHANK2):c.1473G>A (p.Pro491=)	22941	SHANK2	HGNC:14295	Likely benign	0	Mar 01, 2026	-1	-	RCV006435679
851235	single nucleotide variant	NM_000551.4(VHL):c.340+738C>T	7428	VHL	HGNC:12687	Likely benign	0	Jan 24, 2026	1274332503	-	RCV001070891
1121756	single nucleotide variant	NM_006876.3(B4GAT1):c.162G>A (p.Arg54=)	11041	B4GAT1	HGNC:15685	Likely benign	0	Jan 31, 2020	751180898	-	RCV001461456
697131	single nucleotide variant	NM_024753.5(TTC21B):c.1551C>T (p.His517=)	79809	TTC21B	HGNC:25660	Likely benign	0	Oct 04, 2017	753874300	-	RCV000951826
1603012	single nucleotide variant	NM_006899.5(IDH3B):c.1110C>T (p.Thr370=)	3420	IDH3B	HGNC:5385	Likely benign	0	Jun 12, 2024	772268475	-	RCV002198302|RCV006895404
3659868	single nucleotide variant	NM_000492.4(CFTR):c.2367A>G (p.Ala789=)	1080	CFTR	HGNC:1884	Likely benign	0	Sep 08, 2024	-1	-	RCV004822514
1238392	single nucleotide variant	NM_001670.3(ARVCF):c.1889-143G>A	421	ARVCF	HGNC:728	Benign	0	May 10, 2021	73880035	-	RCV001656822
737748	single nucleotide variant	NM_001680.5(FXYD2):c.198G>T (p.Pro66=)	486	FXYD2	HGNC:4026	Benign/Likely benign	0	Jun 12, 2025	149353193	-	RCV000898832|RCV001106621
1630054	single nucleotide variant	NM_000925.4(PDHB):c.700+17A>T	5162	PDHB	HGNC:8808	Likely benign	0	Jan 19, 2024	754519817	-	RCV002154733
3154579	single nucleotide variant	NM_001017420.3(ESCO2):c.1674-11T>G	157570	ESCO2	HGNC:27230	Likely benign	0	Dec 20, 2025	1478230133	-	RCV003849255
99058	single nucleotide variant	NM_000492.4(CFTR):c.2820T>G (p.Thr940=)	1080	CFTR	HGNC:1884	Benign/Likely benign	0	Jan 28, 2026	60887846	-	RCV000217477|RCV000537570|RCV000587160|RCV002257404
519119	single nucleotide variant	NM_000249.4(MLH1):c.315C>T (p.Ala105=)	4292	MLH1	HGNC:7127	Likely benign	0	Jan 16, 2026	1553641255	-	RCV000630320|RCV000772455
722305	single nucleotide variant	NM_001458.5(FLNC):c.6825C>T (p.Ser2275=)	2318	FLNC	HGNC:3756	Likely benign	0	Jan 27, 2026	748970432	-	RCV002363339|RCV006607890
3664965	single nucleotide variant	NM_138961.3(ESAM):c.16G>A (p.Gly6Arg)	90952	ESAM	HGNC:17474	Likely benign	0	Nov 26, 2024	-1	-	RCV004915223
1082796	single nucleotide variant	NM_000382.3(ALDH3A2):c.774A>G (p.Val258=)	224	ALDH3A2	HGNC:403	Likely benign	0	Nov 18, 2024	141842478	-	RCV001415708
1288791	single nucleotide variant	NM_014415.4(ZBTB11):c.384A>G (p.Pro128=)	27107	ZBTB11	HGNC:16740	Likely benign	0	Sep 01, 2021	778519696	-	RCV001727259
1094521	single nucleotide variant	NM_002454.3(MTRR):c.1443A>G (p.Thr481=)	4552	MTRR	HGNC:7473	Likely benign	0	Mar 03, 2024	1359474445	-	RCV001424894
1595780	single nucleotide variant	NM_001363711.2(DUOX2):c.1693+20A>G	50506	DUOX2	HGNC:13273	Likely benign	0	Sep 30, 2023	1894245491	-	RCV002213959
914494	single nucleotide variant	NM_001943.5(DSG2):c.1476C>T (p.Ile492=)	1829	DSG2	HGNC:3049	Likely benign	0	May 15, 2023	2073229563	-	RCV001183545|RCV004008392
5011227	single nucleotide variant	NM_012082.4(ZFPM2):c.2550G>T (p.Leu850=)	-1	LOC126860469;ZFPM2;ZFPM2-AS1	-	Likely benign	0	Oct 15, 2021	-1	-	RCV006790051
1938552	single nucleotide variant	NM_198428.3(BBS9):c.861A>G (p.Pro287=)	27241	BBS9	HGNC:30000	Likely benign	0	Nov 22, 2022	201383240	-	RCV003112667
1636858	single nucleotide variant	NM_001297.5(CNGB1):c.2991T>G (p.Arg997=)	1258	CNGB1	HGNC:2151	Likely benign	0	Nov 11, 2023	1960279144	-	RCV002208160|RCV006862369
3979888	single nucleotide variant	NM_015158.5(KANK1):c.1744G>C (p.Ala582Pro)	23189	KANK1	HGNC:19309	Likely benign	0	Jan 27, 2025	-1	-	RCV005358815
4882486	single nucleotide variant	NM_020461.4(TUBGCP6):c.3180C>T (p.Ser1060=)	85378	TUBGCP6	HGNC:18127	Likely benign	0	Feb 22, 2025	-1	-	RCV006576585
3861436	single nucleotide variant	NM_007347.5(AP4E1):c.3336C>T (p.Ala1112=)	23431	AP4E1	HGNC:573	Likely benign	0	Aug 30, 2025	-1	-	RCV005204593
734604	single nucleotide variant	NM_004787.4(SLIT2):c.3220G>C (p.Asp1074His)	9353	SLIT2	HGNC:11086	Likely benign	0	Dec 29, 2025	143782841	-	RCV000899857|RCV003912849
3136035	single nucleotide variant	NM_000494.4(COL17A1):c.1835-18G>A	1308	COL17A1	HGNC:2194	Likely benign	0	Oct 22, 2023	765934150	-	RCV003824661|RCV006814866
326291	single nucleotide variant	NM_024426.6(WT1):c.*224A>G	7490	WT1	HGNC:12796	Benign	0	Dec 05, 2021	5030316	-	RCV000311309|RCV000349797|RCV000404382|RCV001653497|RCV002244779|RCV002244780
3077776	single nucleotide variant	NM_006904.7(PRKDC):c.1278+8A>G	5591	PRKDC	HGNC:9413	Likely benign	0	Jun 16, 2023	1329821739	-	RCV003749789|RCV006789534
1967481	single nucleotide variant	NM_001005337.3(PKP1):c.1800C>T (p.Asn600=)	5317	PKP1	HGNC:9023	Likely benign	0	Apr 26, 2022	201145416	-	RCV002613098
1592954	single nucleotide variant	NM_152419.3(HGSNAT):c.118+17T>C	138050	HGSNAT	HGNC:26527	Likely benign	0	Dec 24, 2025	912987473	-	RCV002202405
1797545	single nucleotide variant	NM_052947.4(ALPK2):c.4158T>C (p.Thr1386=)	115701	ALPK2	HGNC:20565	Likely benign	0	Feb 15, 2022	772530514	-	RCV004051795
342497	single nucleotide variant	NM_001130823.3(DNMT1):c.1500C>T (p.Ala500=)	1786	DNMT1	HGNC:2976	Benign	0	Feb 02, 2026	75443147	-	RCV000545959|RCV000424954|RCV001726118
713371	single nucleotide variant	NM_006253.5(PRKAB1):c.255G>A (p.Thr85=)	5564	PRKAB1	HGNC:9378	Benign	0	Apr 26, 2018	115821895	-	RCV000972864
3215891	single nucleotide variant	NM_001478.5(B4GALNT1):c.1057C>T (p.Leu353=)	2583	B4GALNT1	HGNC:4117	Likely benign	0	Apr 08, 2019	2540652971	-	RCV003934656
704548	single nucleotide variant	NM_138340.5(ABHD3):c.819C>T (p.Thr273=)	171586	ABHD3	HGNC:18718	Benign	0	May 08, 2018	61729089	-	RCV000955619
1561891	single nucleotide variant	NM_002764.4(PRPS1):c.171G>A (p.Gln57=)	5631	PRPS1	HGNC:9462	Likely benign	0	Jul 07, 2021	2147681418	-	RCV002194811
1511826	single nucleotide variant	NM_022041.4(GAN):c.168-5C>G	8139	GAN	HGNC:4137	Likely benign	0	Nov 05, 2024	1355051159	-	RCV001983878
1197416	single nucleotide variant	NM_032119.4(ADGRV1):c.7945+27C>T	84059	ADGRV1	HGNC:17416	Likely benign	0	Jul 07, 2020	10068473	-	RCV001574913
670709	single nucleotide variant	NM_001849.4(COL6A2):c.1333-169C>T	1292	COL6A2	HGNC:2212	Benign	0	Jun 14, 2018	13051514	-	RCV000838861
4918324	single nucleotide variant	NM_001105206.3(LAMA4):c.719-18T>C	3910	LAMA4	HGNC:6484	Likely benign	0	Jul 14, 2025	-1	-	RCV006617955
2311647	single nucleotide variant	NM_014866.2(SEC16A):c.1804A>G (p.Ile602Val)	9919	SEC16A	HGNC:29006	Likely benign	0	Nov 01, 2022	368089712	-	RCV004168742
774965	single nucleotide variant	NM_000222.3(KIT):c.67+7C>G	3815	KIT	HGNC:6342	Likely benign	0	Aug 15, 2018	1577898767	-	RCV001435943
3751613	single nucleotide variant	NM_001953.5(TYMP):c.784C>T (p.Leu262=)	1890	TYMP	HGNC:3148	Likely benign	0	Feb 03, 2025	-1	-	RCV005082983
3837588	single nucleotide variant	NM_006227.4(PLTP):c.234C>T (p.Ser78=)	5360	PLTP	HGNC:9093	Likely benign	0	Dec 30, 2024	-1	-	RCV005185748
3835686	single nucleotide variant	NM_006258.4(PRKG1):c.1963-12C>A	5592	PRKG1	HGNC:9414	Likely benign	0	Dec 18, 2024	-1	-	RCV005176677
1592478	single nucleotide variant	NM_080680.3(COL11A2):c.1872+9C>T	1302	COL11A2	HGNC:2187	Likely benign	0	Sep 13, 2025	763212532	-	RCV002161810
1096851	single nucleotide variant	NM_004260.4(RECQL4):c.2793A>C (p.Pro931=)	9401	RECQL4	HGNC:9949	Likely benign	0	Jul 30, 2025	2130667230	-	RCV001439621
1171259	single nucleotide variant	NM_001379270.1(CNGA1):c.-14-218T>C	1259	CNGA1	HGNC:2148	Benign	0	Mar 03, 2015	1972884	-	RCV001540933
1551509	single nucleotide variant	NM_139076.3(ABRAXAS1):c.333G>A (p.Thr111=)	84142	ABRAXAS1	HGNC:25829	Likely benign	0	Apr 17, 2025	751175389	-	RCV002178012|RCV004045075
3509395	single nucleotide variant	NM_006180.6(NTRK2):c.702C>T (p.Asn234=)	4915	NTRK2	HGNC:8032	Likely benign	0	Feb 16, 2024	-1	-	RCV004747719
2025921	single nucleotide variant	NM_182914.3(SYNE2):c.3004C>T (p.Leu1002=)	23224	SYNE2	HGNC:17084	Likely benign	0	Oct 09, 2022	771490549	-	RCV002746136
3160860	single nucleotide variant	NM_000944.5(PPP3CA):c.81C>T (p.His27=)	5530	PPP3CA	HGNC:9314	Likely benign	0	Nov 28, 2025	776490146	-	RCV003862922
4817956	single nucleotide variant	NM_001254.4(CDC6):c.1453-16C>T	990	CDC6	HGNC:1744	Likely benign	0	Apr 14, 2025	-1	-	RCV006494635
698060	single nucleotide variant	NM_020873.7(LRRN1):c.1647C>T (p.Val549=)	57633	LRRN1	HGNC:20980	Benign	0	Dec 31, 2019	114810202	-	RCV000959556
2346673	single nucleotide variant	NM_138287.3(DTX3L):c.1657C>G (p.Leu553Val)	151636	DTX3L	HGNC:30323	Likely benign	0	Nov 01, 2022	201919153	-	RCV004199693
1580065	single nucleotide variant	NM_001197104.2(KMT2A):c.4122A>G (p.Ala1374=)	4297	KMT2A	HGNC:7132	Likely benign	0	Oct 03, 2023	2134311281	-	RCV002076326
739916	single nucleotide variant	NM_001319206.4(MEF2A):c.930C>T (p.Thr310=)	4205	MEF2A	HGNC:6993	Benign	0	Dec 31, 2019	3730283	-	RCV000910690
2156782	single nucleotide variant	NM_006017.3(PROM1):c.1002+13G>C	8842	PROM1	HGNC:9454	Likely benign	0	Apr 22, 2022	2530418761	-	RCV003012114
2985217	single nucleotide variant	NM_014252.4(SLC25A15):c.225C>A (p.Ile75=)	10166	SLC25A15	HGNC:10985	Likely benign	0	Dec 16, 2022	765380976	-	RCV003616398
1125784	single nucleotide variant	NM_001243279.3(ACSF3):c.1449G>A (p.Lys483=)	197322	ACSF3	HGNC:27288	Likely benign	0	Jul 23, 2022	2151562665	-	RCV001467298
3750823	single nucleotide variant	NM_001369268.1(ACAN):c.7182C>T (p.Ser2394=)	176	ACAN	HGNC:319	Likely benign	0	Sep 26, 2024	-1	-	RCV005084567
1104488	single nucleotide variant	NM_001481.3(DRC4):c.105C>T (p.Val35=)	2622	DRC4	HGNC:4166	Likely benign	0	Feb 13, 2025	138829033	-	RCV001435987
1662103	single nucleotide variant	NM_003611.3(OFD1):c.382G>C (p.Val128Leu)	8481	OFD1	HGNC:2567	Benign	0	Feb 25, 2024	766600036	-	RCV002132045
2165107	single nucleotide variant	NM_021076.4(NEFH):c.1208+20T>A	4744	NEFH	HGNC:7737	Likely benign	0	Mar 24, 2022	2517974085	-	RCV003024697
3004231	single nucleotide variant	NM_004836.7(EIF2AK3):c.1611G>C (p.Thr537=)	9451	EIF2AK3	HGNC:3255	Likely benign	0	Mar 07, 2023	186435400	-	RCV003724002
2960335	single nucleotide variant	NM_004612.4(TGFBR1):c.255A>G (p.Val85=)	7046	TGFBR1	HGNC:11772	Likely benign	0	Dec 03, 2022	2118570145	-	RCV003643254
4832607	single nucleotide variant	NM_001365999.1(SZT2):c.4155T>C (p.Ala1385=)	23334	SZT2	HGNC:29040	Likely benign	0	Apr 17, 2025	-1	-	RCV006506929
2825196	single nucleotide variant	NM_018406.7(MUC4):c.10989C>G (p.Thr3663=)	4585	MUC4	HGNC:7514	Likely benign	0	Aug 01, 2023	1578225894	-	RCV003439121
3049405	single nucleotide variant	NM_006623.4(PHGDH):c.105C>T (p.Asn35=)	26227	PHGDH	HGNC:8923	Likely benign	0	Oct 30, 2023	756796275	-	RCV003610899
4525344	single nucleotide variant	NM_014712.3(SETD1A):c.621G>A (p.Ser207=)	9739	SETD1A	HGNC:29010	Likely benign	0	Mar 01, 2026	-1	-	RCV006101875|RCV006101874|RCV006651986
1109417	single nucleotide variant	NM_006623.4(PHGDH):c.723C>T (p.Asp241=)	26227	PHGDH	HGNC:8923	Likely benign	0	Mar 11, 2025	150682021	-	RCV001454349
2876639	single nucleotide variant	NM_000126.4(ETFA):c.660T>C (p.Ser220=)	2108	ETFA	HGNC:3481	Likely benign	0	Jun 15, 2023	2543022184	-	RCV003513208
1961080	single nucleotide variant	NM_001846.4(COL4A2):c.2097T>C (p.Gly699=)	1284	COL4A2	HGNC:2203	Likely benign	0	Sep 19, 2024	201392418	-	RCV002583361
2821316	single nucleotide variant	NM_001001671.4(MAP3K15):c.3750G>A (p.Leu1250=)	389840	MAP3K15	HGNC:31689	Likely benign	0	May 01, 2022	1602237492	-	RCV003441115
2111183	single nucleotide variant	NM_000081.4(LYST):c.6882-20T>A	1130	LYST	HGNC:1968	Likely benign	0	Nov 06, 2023	1667151092	-	RCV002909702
2121273	single nucleotide variant	NM_005186.4(CAPN1):c.1140C>T (p.Thr380=)	823	CAPN1	HGNC:1476	Likely benign	0	Aug 11, 2025	372268910	-	RCV002948440|RCV006825658
2823553	single nucleotide variant	NM_001807.6(CEL):c.2046G>C (p.Pro682=)	1056	CEL	HGNC:1848	Likely benign	0	Jun 01, 2026	1201516575	-	RCV003430365
3809338	single nucleotide variant	NM_006343.3(MERTK):c.2486+17G>A	10461	MERTK	HGNC:7027	Likely benign	0	May 09, 2024	-1	-	RCV005162062|RCV006929579
1108581	single nucleotide variant	NM_000489.6(ATRX):c.2422C>A (p.Arg808=)	546	ATRX	HGNC:886	Likely benign	0	May 14, 2026	891068548	-	RCV001443456|RCV006702586
3783535	single nucleotide variant	NM_000053.4(ATP7B):c.3099C>G (p.Thr1033=)	540	ATP7B	HGNC:870	Likely benign	0	Mar 08, 2024	-1	-	RCV005124031
1966467	single nucleotide variant	NM_000027.4(AGA):c.810C>T (p.Tyr270=)	175	AGA	HGNC:318	Likely benign	0	Mar 14, 2023	2476846203	-	RCV002589534
3772269	single nucleotide variant	NM_000320.3(QDPR):c.228T>G (p.Gly76=)	5860	QDPR	HGNC:9752	Likely benign	0	Feb 14, 2024	-1	-	RCV005120588
3037359	single nucleotide variant	NM_018834.6(MATR3):c.81C>G (p.Gly27=)	9782	MATR3	HGNC:6912	Likely benign	0	Dec 22, 2025	2546754791	-	RCV003628714|RCV006455724
1073697	single nucleotide variant	NM_138694.4(PKHD1):c.75T>C (p.Ile25=)	5314	PKHD1	HGNC:9016	Likely benign	0	Aug 14, 2025	138600204	-	RCV001406905
698924	single nucleotide variant	NM_002609.4(PDGFRB):c.2164G>T (p.Val722Phe)	5159	PDGFRB	HGNC:8804	Benign	0	Apr 25, 2025	142689325	-	RCV000949157
3221567	single nucleotide variant	NM_152295.5(TARS1):c.1506G>A (p.Pro502=)	6897	TARS1	HGNC:11572	Benign	0	Oct 30, 2019	2270905	-	RCV003981292|RCV005933557|RCV005933556
773997	single nucleotide variant	NM_004006.3(DMD):c.3249T>A (p.Ile1083=)	1756	DMD	HGNC:2928	Likely benign	0	Nov 02, 2025	1235726996	-	RCV001498926|RCV001827015|RCV006347300
3847969	single nucleotide variant	NM_003331.5(TYK2):c.2010G>A (p.Leu670=)	7297	TYK2	HGNC:12440	Likely benign	0	Mar 19, 2024	-1	-	RCV005188699
670435	single nucleotide variant	NM_000071.3(CBS):c.1553-48C>T	875	CBS	HGNC:1550	Likely benign	0	Jun 14, 2018	114623741	-	RCV000833763
2926809	single nucleotide variant	NM_004646.4(NPHS1):c.3540A>G (p.Glu1180=)	4868	NPHS1	HGNC:7908	Likely benign	0	Oct 15, 2023	904988950	-	RCV003576480
4393424	single nucleotide variant	NM_001136219.3(FCGR2A):c.619+6G>A	2212	FCGR2A	HGNC:3616	Likely benign	0	Sep 01, 2025	-1	-	RCV005865929
2876785	single nucleotide variant	NM_001142800.2(EYS):c.120G>A (p.Val40=)	346007	EYS	HGNC:21555	Likely benign	0	Jun 17, 2023	544798334	-	RCV003551137
372313	single nucleotide variant	NM_054012.4(ASS1):c.-5-1915C>T	445	ASS1	HGNC:758	Likely benign	0	Feb 06, 2018	549216391	-	RCV000428185
1125625	single nucleotide variant	NM_199355.4(ADAMTS18):c.3290G>A (p.Arg1097His)	170692	ADAMTS18	HGNC:17110	Likely benign	0	Nov 06, 2025	150975249	-	RCV001469322|RCV003946220|RCV006861823
294618	single nucleotide variant	NM_001122681.2(SH3BP2):c.*689C>T	6452	SH3BP2	HGNC:10825	Benign	0	Jan 12, 2018	549653099	-	RCV000284922
3862026	single nucleotide variant	NM_001999.4(FBN2):c.3725-10G>C	2201	FBN2	HGNC:3604	Likely benign	0	Jan 17, 2025	-1	-	RCV005206890
2987545	single nucleotide variant	NM_000350.3(ABCA4):c.6675C>T (p.His2225=)	24	ABCA4	HGNC:34	Likely benign	0	Dec 30, 2022	2523614651	-	RCV003711465
5021720	single nucleotide variant	NM_000616.5(CD4):c.51G>A (p.Ala17=)	920	CD4	HGNC:1678	Likely benign	0	Sep 24, 2024	-1	-	RCV006823421
1544550	single nucleotide variant	NM_001999.4(FBN2):c.1682A>G (p.His561Arg)	2201	FBN2	HGNC:3604	Benign	0	Nov 17, 2024	28763951	-	RCV002123044
3857918	single nucleotide variant	NM_001004334.4(GPR179):c.2430C>T (p.Pro810=)	440435	GPR179	HGNC:31371	Likely benign	0	Dec 07, 2024	-1	-	RCV005199346
1194850	single nucleotide variant	NM_001329943.3(KIAA0586):c.3528-77G>A	9786	KIAA0586	HGNC:19960	Likely benign	0	Jul 10, 2019	149080512	-	RCV001569691
3079358	single nucleotide variant	NM_000159.4(GCDH):c.271+16G>T	2639	GCDH	HGNC:4189	Likely benign	0	Oct 23, 2023	1254197563	-	RCV003603966
5063254	single nucleotide variant	NM_001267550.2(TTN):c.45616+9G>A	-1	LOC126806427;TTN	-	Likely benign	0	Jul 26, 2024	-1	-	RCV006940402
1172648	single nucleotide variant	NM_001177676.2(GPR68):c.114C>T (p.Ala38=)	8111	GPR68	HGNC:4519	Benign	0	Nov 12, 2018	184986403	-	RCV001538550
3119871	single nucleotide variant	NM_004544.4(NDUFA10):c.564C>T (p.Asn188=)	4705	NDUFA10	HGNC:7684	Likely benign	0	Feb 28, 2024	370901546	-	RCV003819964
239849	single nucleotide variant	NM_021072.4(HCN1):c.1338G>A (p.Glu446=)	348980	HCN1	HGNC:4845	Likely benign	0	Oct 03, 2023	878855067	-	RCV006462179|RCV006970898
2878487	single nucleotide variant	NM_000111.3(SLC26A3):c.1113C>T (p.Gly371=)	1811	SLC26A3	HGNC:3018	Likely benign	0	Nov 25, 2023	146803737	-	RCV003552706
3063504	single nucleotide variant	NM_006015.6(ARID1A):c.5871C>T (p.Asp1957=)	8289	ARID1A	HGNC:11110	Likely benign	0	Apr 12, 2025	761246391	-	RCV003726285|RCV003948978
3192157	single nucleotide variant	NM_080675.4(SUN5):c.212-10T>C	140732	SUN5	HGNC:16252	Likely benign	0	Apr 26, 2019	372936971	-	RCV003924072
4911276	single nucleotide variant	NM_206926.2(SELENON):c.1286-7T>C	57190	SELENON	HGNC:15999	Likely benign	0	Apr 07, 2025	-1	-	RCV006629782
3765782	single nucleotide variant	NM_002890.3(RASA1):c.2191C>T (p.Leu731=)	5921	RASA1	HGNC:9871	Likely benign	0	Mar 03, 2024	-1	-	RCV005119160
1194868	single nucleotide variant	NM_000428.3(LTBP2):c.565+281G>A	4053	LTBP2	HGNC:6715	Likely benign	0	Sep 04, 2018	11624628	-	RCV001570634|RCV005917713
4878811	single nucleotide variant	NM_000452.3(SLC10A2):c.1014G>A (p.Lys338=)	6555	SLC10A2	HGNC:10906	Likely benign	0	Jan 21, 2026	-1	-	RCV006585907
2959548	single nucleotide variant	NM_004944.4(DNASE1L3):c.321-12T>C	1776	DNASE1L3	HGNC:2959	Likely benign	0	Jun 12, 2025	2471313706	-	RCV003673872
1093416	single nucleotide variant	NM_147127.5(EVC2):c.3372G>A (p.Leu1124=)	132884	EVC2	HGNC:19747	Likely benign	0	Jul 02, 2020	778492108	-	RCV001447313
1069898	single nucleotide variant	NM_001130987.2(DYSF):c.5097T>A (p.Gly1699=)	8291	DYSF	HGNC:3097	Likely benign	0	Sep 21, 2023	779293276	-	RCV001406397
2724574	single nucleotide variant	NM_017636.4(TRPM4):c.546G>A (p.Lys182=)	54795	TRPM4	HGNC:17993	Likely benign	0	May 28, 2023	761273055	-	RCV003305844
1143650	single nucleotide variant	NM_000075.4(CDK4):c.648A>C (p.Gly216=)	1019	CDK4	HGNC:1773	Benign/Likely benign	0	Nov 30, 2025	2140383924	-	RCV001504620|RCV004789634|RCV006392036
3218581	single nucleotide variant	NM_018036.7(ATG2B):c.3266A>G (p.Asn1089Ser)	55102	ATG2B	HGNC:20187	Likely benign	0	Aug 09, 2021	79425071	-	RCV003947282
4900169	single nucleotide variant	NM_003002.4(SDHD):c.53-18T>A	6392	SDHD	HGNC:10683	Likely benign	0	Nov 03, 2025	-1	-	RCV006591459
1251355	single nucleotide variant	NM_004998.4(MYO1E):c.1189-109A>C	4643	MYO1E	HGNC:7599	Benign	0	May 13, 2021	73422940	-	RCV001674026
2717482	single nucleotide variant	NM_001105206.3(LAMA4):c.2103C>A (p.Ala701=)	3910	LAMA4	HGNC:6484	Likely benign	0	Jun 09, 2023	2547052120	-	RCV003296633
756594	single nucleotide variant	NM_002566.5(P2RY11):c.258C>T (p.Ala86=)	5032	P2RY11	HGNC:8540	Likely benign	0	Jun 12, 2018	145464312	-	RCV000926470
1081084	single nucleotide variant	NM_000070.3(CAPN3):c.1254C>T (p.Ala418=)	825	CAPN3	HGNC:1480	Likely benign	0	May 04, 2024	774754175	-	RCV001411368
710105	single nucleotide variant	NM_001271852.3(CEP57L1):c.28G>T (p.Val10Leu)	285753	CEP57L1	HGNC:21561	Benign	0	Sep 11, 2018	61738593	-	RCV000970986
3217080	single nucleotide variant	NM_021232.2(PRODH2):c.599A>G (p.Asn200Ser)	58510	PRODH2	HGNC:17325	Benign	0	Nov 26, 2019	73594420	-	RCV003964342
3129453	single nucleotide variant	NM_001429.4(EP300):c.5331C>G (p.Gly1777=)	2033	EP300	HGNC:3373	Likely benign	0	Sep 08, 2023	558982627	-	RCV003832722
2019910	single nucleotide variant	NM_003690.5(PRKRA):c.397-19C>T	8575	PRKRA	HGNC:9438	Likely benign	0	Jun 13, 2025	952198413	-	RCV002710426
1122935	single nucleotide variant	NM_025114.4(CEP290):c.6165T>C (p.Cys2055=)	80184	CEP290	HGNC:29021	Likely benign	0	Jan 20, 2026	2034700190	-	RCV001463190|RCV001836411
654867	single nucleotide variant	NM_004230.4(S1PR2):c.558C>T (p.Tyr186=)	9294	S1PR2	HGNC:3169	Likely benign	0	Jul 01, 2025	199954220	-	RCV000825231|RCV000827268
1249277	single nucleotide variant	NM_005842.4(SPRY2):c.*107G>T	10253	SPRY2	HGNC:11270	Benign	0	May 26, 2021	4728	-	RCV001666709
4072851	single nucleotide variant	NM_001145641.2(SRRM5):c.1634G>A (p.Arg545His)	100170229	SRRM5	HGNC:37248	Likely benign	0	May 21, 2025	-1	-	RCV005494484
2822812	single nucleotide variant	NM_133471.4(PPP1R18):c.1743C>A (p.Asp581Glu)	170954	PPP1R18	HGNC:29413	Likely benign	0	Jul 01, 2022	115169407	-	RCV003428779
1693674	single nucleotide variant	NM_004996.4(ABCC1):c.1988+7C>T	4363	ABCC1	HGNC:51	Likely benign	0	Jul 01, 2022	368963584	-	RCV002276025
56439	single nucleotide variant	NM_001267550.2(TTN):c.69585C>T (p.Ser23195=)	7273	TTN	HGNC:12403	Benign/Likely benign	0	Jul 01, 2026	67041405	-	RCV000040544|RCV000228909|RCV000241872|RCV000259841|RCV000314287|RCV000355110|RCV000356339|RCV000403274|RCV000769960|RCV001528978|RCV004528214
667864	single nucleotide variant	NM_000430.4(PAFAH1B1):c.569-330G>A	5048	PAFAH1B1	HGNC:8574	Likely benign	0	Jun 19, 2018	16952298	-	RCV000833342
1180600	single nucleotide variant	NM_138691.3(TMC1):c.2260+46C>T	117531	TMC1	HGNC:16513	Likely benign	0	Aug 08, 2019	956799073	-	RCV001551824
2819133	single nucleotide variant	NM_033394.3(TANC1):c.5352C>A (p.Thr1784=)	85461	TANC1	HGNC:29364	Likely benign	0	Jun 01, 2022	199565667	-	RCV003429323
3809266	single nucleotide variant	NM_014994.3(MAPKBP1):c.819+258C>T	23005	MAPKBP1	HGNC:29536	Likely benign	0	Jul 31, 2025	-1	-	RCV005161990
1576857	single nucleotide variant	NM_000170.3(GLDC):c.2706C>G (p.Thr902=)	2731	GLDC	HGNC:4313	Likely benign	0	May 27, 2021	752943013	-	RCV002179003
3810120	single nucleotide variant	NM_020928.2(ZSWIM6):c.2704-10G>A	57688	ZSWIM6	HGNC:29316	Likely benign	0	Jul 18, 2024	-1	-	RCV005151841
2915738	single nucleotide variant	NM_003383.5(VLDLR):c.2403C>T (p.Ala801=)	7436	VLDLR	HGNC:12698	Likely benign	0	Oct 15, 2023	2488746561	-	RCV003563574
1225065	single nucleotide variant	NM_003896.4(ST3GAL5):c.850-208G>A	8869	ST3GAL5	HGNC:10872	Benign	0	Jan 14, 2019	2280313	-	RCV001619543
1188406	single nucleotide variant	NM_016373.4(WWOX):c.1056+34T>C	51741	WWOX	HGNC:12799	Likely benign	0	Jul 17, 2018	59437347	-	RCV001561311
498681	single nucleotide variant	NM_014795.4(ZEB2):c.-52C>T	9839	ZEB2	HGNC:14881	Likely benign	0	Dec 18, 2017	1261328970	-	RCV000610088
1792151	single nucleotide variant	NM_002769.5(PRSS1):c.32C>G (p.Ala11Gly)	5644	PRSS1	HGNC:9475	Likely benign	0	Jul 08, 2021	748442280	-	RCV002326207
3906905	single nucleotide variant	NM_004168.4(SDHA):c.816C>T (p.Ser272=)	6389	SDHA	HGNC:10680	Likely benign	0	Jan 23, 2025	-1	-	RCV005275485
533739	single nucleotide variant	NM_033409.4(SLC52A3):c.801G>A (p.Pro267=)	113278	SLC52A3	HGNC:16187	Likely benign	0	Jun 14, 2025	146474751	-	RCV001487092|RCV002422416|RCV006901581
339435	single nucleotide variant	NM_013382.7(POMT2):c.*1501G>A	29954	POMT2	HGNC:19743	Benign	0	Jan 12, 2018	4141640	-	RCV000370357|RCV004715862
3980614	single nucleotide variant	NM_015114.3(ANKLE2):c.2137G>A (p.Gly713Ser)	23141	ANKLE2	HGNC:29101	Likely benign	0	Feb 07, 2025	-1	-	RCV005355106
1644402	single nucleotide variant	NM_004174.4(SLC9A3):c.1035C>T (p.Ser345=)	6550	SLC9A3	HGNC:11073	Likely benign	0	Nov 14, 2024	759093164	-	RCV002182480
504821	single nucleotide variant	NM_000138.5(FBN1):c.4359G>A (p.Pro1453=)	2200	FBN1	HGNC:3603	Likely benign	0	Jun 01, 2026	748551052	-	RCV001472766|RCV001712693|RCV001805214|RCV004002612|RCV006845710
3052502	single nucleotide variant	NM_001369268.1(ACAN):c.1638G>C (p.Val546=)	176	ACAN	HGNC:319	Likely benign	0	Nov 03, 2025	369454178	-	RCV003728138
2039920	single nucleotide variant	NM_024596.5(MCPH1):c.2453-10C>G	79648	MCPH1	HGNC:6954	Likely benign	0	Apr 10, 2024	776816440	-	RCV002805385
370149	single nucleotide variant	NM_201384.3(PLEC):c.2508G>A (p.Pro836=)	5339	PLEC	HGNC:9069	Benign/Likely benign	0	Dec 21, 2025	116385960	-	RCV000422879|RCV000576177|RCV001704268|RCV004539851
702458	single nucleotide variant	NM_000075.4(CDK4):c.597T>C (p.Ser199=)	1019	CDK4	HGNC:1773	Benign/Likely benign	0	Aug 17, 2025	1260582581	-	RCV001024743|RCV001486129|RCV004789282
4301225	single nucleotide variant	NM_015421.4(TMEM186):c.509G>A (p.Arg170Gln)	25880	TMEM186	HGNC:24530	Likely benign	0	Sep 10, 2025	-1	-	RCV005767245
430020	single nucleotide variant	NM_001143992.2(WRAP53):c.615G>A (p.Glu205=)	55135	WRAP53	HGNC:25522	Likely benign	0	Oct 29, 2025	750517279	-	RCV000503515|RCV002056888|RCV005781983
902265	single nucleotide variant	NM_203447.4(DOCK8):c.*378G>A	81704	DOCK8	HGNC:19191	Likely benign	0	Jan 12, 2018	544124760	-	RCV001167349
1121302	single nucleotide variant	NM_000360.4(TH):c.96G>C (p.Pro32=)	7054	TH	HGNC:11782	Likely benign	0	Jun 02, 2020	202167640	-	RCV001476277
2223081	single nucleotide variant	NM_001271907.2(SPATA33):c.190C>T (p.Pro64Ser)	124045	SPATA33	HGNC:26463	Likely benign	0	Jul 21, 2021	371560786	-	RCV004103936
1083483	single nucleotide variant	NM_002734.5(PRKAR1A):c.112T>C (p.Leu38=)	5573	PRKAR1A	HGNC:9388	Likely benign	0	Apr 13, 2024	2143151993	-	RCV001414566|RCV003160661
1850570	single nucleotide variant	NM_001077653.2(TBX20):c.21C>T (p.Pro7=)	57057	TBX20	HGNC:11598	Likely benign	0	Oct 27, 2022	368443927	-	RCV002425695
3104009	single nucleotide variant	NM_001283009.2(RTEL1):c.1083C>G (p.Thr361=)	51750	RTEL1	HGNC:15888	Likely benign	0	Jan 27, 2025	2517068566	-	RCV003799679|RCV005273919
221747	single nucleotide variant	NM_005751.5(AKAP9):c.5978-4A>G	10142	AKAP9	HGNC:379	Benign/Likely benign	0	Feb 01, 2026	147494754	-	RCV000205658|RCV000246728|RCV000624952|RCV001553705|RCV001706195|RCV003927876
4863909	single nucleotide variant	NM_001848.3(COL6A1):c.174C>T (p.Leu58=)	1291	COL6A1	HGNC:2211	Likely benign	0	Oct 31, 2025	-1	-	RCV006535243
1316764	single nucleotide variant	NM_006612.6(KIF1C):c.107-78G>A	10749	KIF1C	HGNC:6317	Likely benign	0	May 28, 2021	191842386	-	RCV001786584
3840044	single nucleotide variant	NM_002615.7(SERPINF1):c.1177C>G (p.Pro393Ala)	5176	SERPINF1	HGNC:8824	Benign	0	Apr 02, 2025	-1	-	RCV005184783
2971984	single nucleotide variant	NM_007289.4(MME):c.1449T>C (p.Pro483=)	4311	MME	HGNC:7154	Likely benign	0	May 18, 2024	2473092135	-	RCV003680037
1285961	single nucleotide variant	NM_001772.4(CD33):c.924+295A>G	945	CD33	HGNC:1659	Benign	0	Jun 18, 2021	10409348	-	RCV001719384
2113481	single nucleotide variant	NM_017534.6(MYH2):c.3594G>C (p.Leu1198=)	4620	MYH2	HGNC:7572	Likely benign	0	Oct 13, 2022	754257987	-	RCV002933754
2946963	single nucleotide variant	NM_006734.4(HIVEP2):c.6055C>A (p.Pro2019Thr)	3097	HIVEP2	HGNC:4921	Benign	0	Aug 17, 2023	1328708901	-	RCV003661502
1891060	single nucleotide variant	NM_201548.5(CERKL):c.963A>G (p.Ser321=)	375298	CERKL	HGNC:21699	Likely benign	0	Oct 12, 2022	1407008455	-	RCV003089448
3825888	single nucleotide variant	NM_001089.3(ABCA3):c.4227G>A (p.Gly1409=)	21	ABCA3	HGNC:33	Likely benign	0	Nov 25, 2024	-1	-	RCV005177762
1574231	single nucleotide variant	NM_001130144.3(LTBP3):c.3386-4G>A	4054	LTBP3	HGNC:6716	Likely benign	0	Jan 07, 2026	758834505	-	RCV002189758|RCV006442523
1568721	single nucleotide variant	NM_005219.5(DIAPH1):c.2547A>G (p.Leu849=)	1729	DIAPH1	HGNC:2876	Likely benign	0	Nov 15, 2024	963579651	-	RCV002186300
530537	single nucleotide variant	NM_001077418.3(TMEM231):c.470C>T (p.Ala157Val)	79583	TMEM231	HGNC:37234	Likely benign	0	Jan 27, 2026	201036290	-	RCV000650608|RCV004704169|RCV006872011
5064800	single nucleotide variant	NM_004312.3(ARR3):c.1076+17T>C	407	ARR3	HGNC:710	Likely benign	0	Aug 26, 2022	-1	-	RCV006912511
4914470	single nucleotide variant	NM_001242882.2(NAXD):c.839+9A>G	55739	NAXD	HGNC:25576	Likely benign	0	Mar 22, 2025	-1	-	RCV006628291
379835	single nucleotide variant	NM_007194.4(CHEK2):c.908+14T>G	11200	CHEK2	HGNC:16627	Likely benign	0	Feb 27, 2025	538313507	-	RCV000418151|RCV000775873|RCV002062390
2915752	single nucleotide variant	NM_004958.4(MTOR):c.3529C>T (p.Leu1177=)	2475	MTOR	HGNC:3942	Likely benign	0	Aug 14, 2023	1646339170	-	RCV003563582
2336193	single nucleotide variant	NM_016546.4(C1RL):c.793C>T (p.His265Tyr)	51279	C1RL	HGNC:21265	Likely benign	0	Jul 06, 2021	368393642	-	RCV004191950
1083447	single nucleotide variant	NM_004655.4(AXIN2):c.885C>T (p.Thr295=)	8313	AXIN2	HGNC:904	Benign/Likely benign	0	Aug 11, 2025	2144538903	-	RCV001419912|RCV004951718
4862644	single nucleotide variant	NM_013247.5(HTRA2):c.420C>G (p.Pro140=)	27429	HTRA2	HGNC:14348	Likely benign	0	May 12, 2025	-1	-	RCV006538694
3299716	single nucleotide variant	NM_006678.5(CD300C):c.548G>A (p.Arg183His)	10871	CD300C	HGNC:19320	Likely benign	0	Jan 29, 2024	1473827518	-	RCV004435388
5034708	single nucleotide variant	NM_001145358.2(SIN3A):c.3759C>A (p.Thr1253=)	25942	SIN3A	HGNC:19353	Likely benign	0	Dec 12, 2023	-1	-	RCV006852174
1106058	single nucleotide variant	NM_003072.5(SMARCA4):c.2310C>T (p.Asn770=)	6597	SMARCA4	HGNC:11100	Likely benign	0	Apr 15, 2024	2146277679	-	RCV001426257
2122363	single nucleotide variant	NM_005708.5(GPC6):c.1254C>T (p.Asn418=)	10082	GPC6	HGNC:4454	Likely benign	0	Dec 23, 2025	146122550	-	RCV002943790
1255033	single nucleotide variant	NM_145868.2(ANXA11):c.1276+80G>T	311	ANXA11	HGNC:535	Benign	0	Dec 05, 2021	112550067	-	RCV001668092|RCV002260296
1580964	single nucleotide variant	NM_001845.6(COL4A1):c.4071G>A (p.Gly1357=)	1282	COL4A1	HGNC:2202	Likely benign	0	Dec 15, 2025	769532281	-	RCV002089274|RCV004526183
2787415	single nucleotide variant	NM_006939.4(SOS2):c.2616A>T (p.Ile872=)	6655	SOS2	HGNC:11188	Likely benign	0	Aug 03, 2023	2502914645	-	RCV003380191
4916817	single nucleotide variant	NM_030667.3(PTPRO):c.3036G>T (p.Gly1012=)	5800	PTPRO	HGNC:9678	Likely benign	0	Jun 12, 2025	-1	-	RCV006619600
2983478	single nucleotide variant	NM_001830.4(CLCN4):c.1608G>A (p.Val536=)	1183	CLCN4	HGNC:2022	Likely benign	0	Aug 10, 2023	1452629277	-	RCV003693938
336440	single nucleotide variant	NM_001367624.2(ZNF469):c.952G>A (p.Val318Met)	84627	ZNF469	HGNC:23216	Benign/Likely benign	0	Feb 13, 2026	139066376	-	RCV000604405|RCV002278433|RCV002374543|RCV006445748
1207513	single nucleotide variant	NM_021098.3(CACNA1H):c.2452-281C>T	8912	CACNA1H	HGNC:1395	Likely benign	0	Nov 22, 2019	71384635	-	RCV001588202
1219979	single nucleotide variant	NM_012463.4(ATP6V0A2):c.294+217T>C	23545	ATP6V0A2	HGNC:18481	Benign	0	Jun 23, 2018	9787987	-	RCV001612361
5019062	single nucleotide variant	NM_005085.4(NUP214):c.1821C>T (p.Pro607=)	8021	NUP214	HGNC:8064	Likely benign	0	Jul 11, 2022	-1	-	RCV006801757
2991252	single nucleotide variant	NM_001089.3(ABCA3):c.558G>T (p.Pro186=)	21	ABCA3	HGNC:33	Likely benign	0	Jan 28, 2023	747303018	-	RCV003689654
1101568	single nucleotide variant	NM_000282.4(PCCA):c.18C>T (p.Val6=)	5095	PCCA	HGNC:8653	Likely benign	0	Feb 06, 2025	752423629	-	RCV001425248
543076	single nucleotide variant	NM_174878.3(CLRN1):c.336C>G (p.Thr112=)	7401	CLRN1	HGNC:12605	Likely benign	0	Dec 07, 2025	565400473	-	RCV000979978|RCV005430584
3773371	single nucleotide variant	NM_005762.3(TRIM28):c.2121A>C (p.Val707=)	10155	TRIM28	HGNC:16384	Likely benign	0	Jul 04, 2024	-1	-	RCV005111278
4900860	single nucleotide variant	NM_000384.3(APOB):c.12678G>T (p.Thr4226=)	338	APOB	HGNC:603	Likely benign	0	Oct 22, 2025	-1	-	RCV006591981
3049764	single nucleotide variant	NM_000135.4(FANCA):c.80-15G>A	2175	FANCA	HGNC:3582	Likely benign	0	Mar 16, 2025	2544390719	-	RCV003635789
767423	single nucleotide variant	NM_012203.2(GRHPR):c.456G>A (p.Thr152=)	9380	GRHPR	HGNC:4570	Likely benign	0	Dec 31, 2025	140612021	-	RCV000930773|RCV005572415
1546677	single nucleotide variant	NM_001244008.2(KIF1A):c.4122+20G>A	547	KIF1A	HGNC:888	Likely benign	0	Sep 06, 2023	376365164	-	RCV002124569
2822893	single nucleotide variant	NM_006295.3(VARS1):c.3346C>A (p.Arg1116=)	7407	VARS1	HGNC:12651	Likely benign	0	May 01, 2022	1226600950	-	RCV003431765
1081787	single nucleotide variant	NM_000548.5(TSC2):c.1257+9C>T	7249	TSC2	HGNC:12363	Likely benign	0	Jan 30, 2026	1166139497	-	RCV001398934
1542127	single nucleotide variant	NM_003722.5(TP63):c.63-17A>G	8626	TP63	HGNC:15979	Benign	0	Nov 03, 2024	768649694	-	RCV002208916
3046144	single nucleotide variant	NM_025207.5(FLAD1):c.750C>T (p.Asn250=)	80308	FLAD1	HGNC:24671	Likely benign	0	Mar 05, 2025	765950156	-	RCV003725707
2862660	single nucleotide variant	NM_194248.3(OTOF):c.306T>C (p.Asp102=)	9381	OTOF	HGNC:8515	Likely benign	0	Jan 12, 2024	770925605	-	RCV003579097
1135032	single nucleotide variant	NM_000094.4(COL7A1):c.2808C>T (p.Val936=)	1294	COL7A1	HGNC:2214	Likely benign	0	Feb 17, 2024	1559424416	-	RCV001483077|RCV001826315
1105577	single nucleotide variant	NM_012418.4(FSCN2):c.1476C>T (p.Tyr492=)	25794	FSCN2	HGNC:3960	Likely benign	0	Sep 13, 2025	1307840912	-	RCV001429450
1131659	single nucleotide variant	NM_013339.4(ALG6):c.87T>C (p.Ala29=)	29929	ALG6	HGNC:23157	Likely benign	0	Aug 17, 2023	2100404896	-	RCV001482998
1216402	single nucleotide variant	NM_001374736.1(DST):c.17923-120G>C	667	DST	HGNC:1090	Benign	0	May 25, 2021	141542052	-	RCV001608593
3790465	single nucleotide variant	NM_000256.3(MYBPC3):c.1146G>A (p.Arg382=)	4607	MYBPC3	HGNC:7551	Likely benign	0	Jun 03, 2025	-1	-	RCV005142888
2863677	single nucleotide variant	NM_000532.5(PCCB):c.543+11T>C	5096	PCCB	HGNC:8654	Likely benign	0	Nov 02, 2023	2529764051	-	RCV003512242
2939934	single nucleotide variant	NM_018263.6(ASXL2):c.1890G>A (p.Pro630=)	55252	ASXL2	HGNC:23805	Likely benign	0	May 01, 2025	754898134	-	RCV003659041
1082981	single nucleotide variant	NM_001254.4(CDC6):c.460+8C>T	990	CDC6	HGNC:1744	Likely benign	0	Aug 27, 2020	1458707987	-	RCV001416918
4984172	single nucleotide variant	NM_000834.5(GRIN2B):c.559C>T (p.Arg187Cys)	2904	GRIN2B	HGNC:4586	Likely benign	0	May 01, 2026	-1	-	RCV006735474
329489	single nucleotide variant	NM_015915.5(ATL1):c.*450A>G	51062	ATL1	HGNC:11231	Benign	0	Jan 13, 2018	183817549	-	RCV000406965
404317	single nucleotide variant	NM_006440.5(TXNRD2):c.939G>A (p.Leu313=)	10587	TXNRD2	HGNC:18155	Likely benign	0	Mar 23, 2022	1060504228	-	RCV001393980
2999591	single nucleotide variant	NM_005765.3(ATP6AP2):c.1008T>C (p.Asp336=)	10159	ATP6AP2	HGNC:18305	Likely benign	0	Feb 14, 2023	2518970504	-	RCV003623001
725291	single nucleotide variant	NM_002469.3(MYF6):c.355C>A (p.Arg119=)	4618	MYF6	HGNC:7566	Likely benign	0	Feb 03, 2022	766453673	-	RCV003227505
4048993	single nucleotide variant	NM_000483.5(APOC2):c.220T>C (p.Leu74=)	344	APOC2	HGNC:609	Likely benign	0	Jun 10, 2025	-1	-	RCV005464227
4914594	single nucleotide variant	NM_015602.4(TOR1AIP1):c.1170C>T (p.Ser390=)	26092	TOR1AIP1	HGNC:29456	Likely benign	0	Nov 22, 2025	-1	-	RCV006632133
2938961	single nucleotide variant	NM_006019.4(TCIRG1):c.630+20C>G	10312	TCIRG1	HGNC:11647	Likely benign	0	May 01, 2023	1855286344	-	RCV003666477
4831933	single nucleotide variant	NM_001363118.2(SLC52A2):c.1001+17A>C	79581	SLC52A2	HGNC:30224	Likely benign	0	Mar 05, 2025	-1	-	RCV006511143
4884324	single nucleotide variant	NM_004525.3(LRP2):c.7950G>A (p.Gln2650=)	4036	LRP2	HGNC:6694	Likely benign	0	Feb 27, 2025	-1	-	RCV006583332
2170162	single nucleotide variant	NM_006348.5(COG5):c.1476-14T>G	10466	COG5	HGNC:14857	Likely benign	0	Apr 26, 2023	769339809	-	RCV003017333
2092437	single nucleotide variant	NM_000320.3(QDPR):c.474C>T (p.His158=)	5860	QDPR	HGNC:9752	Likely benign	0	Feb 19, 2025	767372446	-	RCV002917744
369397	single nucleotide variant	NM_005431.2(XRCC2):c.39+11C>T	7516	XRCC2	HGNC:12829	Likely benign	0	Feb 24, 2016	1057521891	-	RCV000418054
1520830	single nucleotide variant	NM_000264.5(PTCH1):c.6C>T (p.Ala2=)	5727	PTCH1	HGNC:9585	Likely benign	0	Apr 11, 2025	1843916368	-	RCV002075480|RCV002372882
4942686	single nucleotide variant	NM_177438.3(DICER1):c.2571T>A (p.Ile857=)	23405	DICER1	HGNC:17098	Likely benign	0	Feb 24, 2026	-1	-	RCV006661694
713565	single nucleotide variant	NM_001095.4(ASIC1):c.672C>T (p.Ile224=)	41	ASIC1	HGNC:100	Benign	0	Jul 16, 2018	61731226	-	RCV000965237
3552058	single nucleotide variant	NM_174936.4(PCSK9):c.927C>T (p.Val309=)	255738	PCSK9	HGNC:20001	Likely benign	0	Jun 06, 2024	-1	-	RCV004820771
2167982	single nucleotide variant	NM_000352.6(ABCC8):c.3163-8C>G	6833	ABCC8	HGNC:59	Likely benign	0	Mar 15, 2022	1489967666	-	RCV003034705
765407	single nucleotide variant	NM_001372066.1(TFAP2A):c.714G>A (p.Arg238=)	7020	TFAP2A	HGNC:11742	Likely benign	0	Apr 28, 2025	761298686	-	RCV000932896|RCV002505386
1466925	single nucleotide variant	NM_001379286.1(ZNF423):c.3654G>A (p.Pro1218=)	23090	ZNF423	HGNC:16762	Likely benign	0	Jun 12, 2025	376719006	-	RCV001885862
4808466	single nucleotide variant	NM_017813.5(BPNT2):c.894G>A (p.Lys298=)	54928	BPNT2	HGNC:26019	Likely benign	0	Oct 08, 2025	-1	-	RCV006488423
3076914	single nucleotide variant	NM_000022.4(ADA):c.478+20T>G	100	ADA	HGNC:186	Likely benign	0	Feb 11, 2024	762046214	-	RCV003604013
2870642	single nucleotide variant	NM_016239.4(MYO15A):c.9788-12T>C	51168	MYO15A	HGNC:7594	Likely benign	0	Jan 02, 2024	2545324762	-	RCV003552298
4812171	single nucleotide variant	NM_000095.3(COMP):c.1669-19C>G	1311	COMP	HGNC:2227	Likely benign	0	May 13, 2025	-1	-	RCV006475972
684228	single nucleotide variant	NM_000795.4(DRD2):c.741C>T (p.Pro247=)	1813	DRD2	HGNC:3023	Benign/Likely benign	0	Jan 05, 2026	80350280	-	RCV000861869|RCV004707423
5014433	single nucleotide variant	NM_020361.5(CPA6):c.535-20G>A	57094	CPA6	HGNC:17245	Likely benign	0	Oct 31, 2024	-1	-	RCV006780146
3837487	single nucleotide variant	NM_013444.4(UBQLN2):c.1758G>T (p.Leu586=)	29978	UBQLN2	HGNC:12509	Likely benign	0	Jan 01, 2025	-1	-	RCV005185645
3165211	single nucleotide variant	NM_000553.6(WRN):c.654+14G>A	7486	WRN	HGNC:12791	Likely benign	0	Jun 30, 2023	1215424716	-	RCV003861072
3178148	single nucleotide variant	NM_003119.4(SPG7):c.192A>G (p.Gln64=)	6687	SPG7	HGNC:11237	Likely benign	0	Apr 14, 2023	148296627	-	RCV003870928
3779258	single nucleotide variant	NM_021831.6(AGBL5):c.216-9G>C	60509	AGBL5	HGNC:26147	Likely benign	0	Jan 27, 2025	-1	-	RCV005127335|RCV006929548
3940013	single nucleotide variant	NM_001256106.3(CD101):c.2986G>T (p.Ala996Ser)	9398	CD101	HGNC:5949	Likely benign	0	Jan 23, 2025	-1	-	RCV005315096
3748308	single nucleotide variant	NM_001114753.3(ENG):c.1742-12G>A	2022	ENG	HGNC:3349	Likely benign	0	Jul 31, 2024	-1	-	RCV005067130
3154423	single nucleotide variant	NM_020745.4(AARS2):c.120G>A (p.Ser40=)	57505	AARS2	HGNC:21022	Likely benign	0	Sep 06, 2023	2534733730	-	RCV003847115
3184019	single nucleotide variant	NM_001080414.4(CCDC88C):c.3779+18G>A	440193	CCDC88C	HGNC:19967	Benign	0	Sep 12, 2025	747086244	-	RCV003882602
1616652	single nucleotide variant	NM_005373.3(MPL):c.1143C>T (p.Ser381=)	4352	MPL	HGNC:7217	Likely benign	0	Sep 26, 2021	2153918638	-	RCV002210506
534698	single nucleotide variant	NM_000268.4(NF2):c.459C>T (p.Tyr153=)	4771	NF2	HGNC:7773	Likely benign	0	Dec 23, 2025	142972020	-	RCV000632663|RCV001022761|RCV003892424|RCV006913383
253684	single nucleotide variant	NM_000494.4(COL17A1):c.10A>G (p.Thr4Ala)	1308	COL17A1	HGNC:2194	Benign	0	Feb 01, 2026	17116471	-	RCV000251082|RCV000407352|RCV001770217
1243889	single nucleotide variant	NM_012213.3(MLYCD):c.529-290G>C	23417	MLYCD	HGNC:7150	Benign	0	Jul 31, 2018	8060065	-	RCV001665095
3877002	single nucleotide variant	NM_005159.5(ACTC1):c.129+13C>T	70	ACTC1	HGNC:143	Likely benign	0	Oct 28, 2024	-1	-	RCV005228230|RCV006833303
1540550	single nucleotide variant	NM_001128178.3(NPHP1):c.1392A>G (p.Glu464=)	4867	NPHP1	HGNC:7905	Likely benign	0	May 15, 2023	369856527	-	RCV002104451
1269027	single nucleotide variant	NM_001256715.2(DNAAF3):c.322+145C>T	352909	DNAAF3	HGNC:30492	Benign	0	Jul 14, 2018	7247150	-	RCV001692851
1639798	single nucleotide variant	NM_024301.5(FKRP):c.1242C>T (p.His414=)	79147	FKRP	HGNC:17997	Likely benign	0	Feb 03, 2024	369599106	-	RCV002078622
1663882	single nucleotide variant	NM_005751.5(AKAP9):c.8778A>G (p.Glu2926=)	10142	AKAP9	HGNC:379	Likely benign	0	Oct 25, 2025	779524120	-	RCV002078734|RCV003161549
3477507	single nucleotide variant	NM_001384609.1(SLITRK5):c.247A>G (p.Ile83Val)	26050	SLITRK5	HGNC:20295	Likely benign	0	Jun 02, 2024	-1	-	RCV004667549
1091876	single nucleotide variant	NM_001298.3(CNGA3):c.1641C>T (p.Phe547=)	1261	CNGA3	HGNC:2150	Likely benign	0	Apr 28, 2025	104893617	-	RCV001449267|RCV003900545|RCV006924789
2123064	single nucleotide variant	NM_003242.6(TGFBR2):c.1254+11G>A	7048	TGFBR2	HGNC:11773	Likely benign	0	Oct 12, 2024	2470564471	-	RCV002975777
3952342	single nucleotide variant	NM_000089.4(COL1A2):c.912C>T (p.Gly304=)	1278	COL1A2	HGNC:2198	Likely benign	0	Dec 13, 2024	-1	-	RCV005317077
2109919	single nucleotide variant	NM_001291088.2(WDR87):c.3495C>T (p.Ala1165=)	83889	WDR87	HGNC:29934	Likely benign	0	Oct 01, 2025	530588985	-	RCV002928552
3813044	single nucleotide variant	NM_001134363.3(RBM20):c.3573+17C>T	282996	RBM20	HGNC:27424	Likely benign	0	Jul 24, 2025	-1	-	RCV005148980
2923438	single nucleotide variant	NM_000166.6(GJB1):c.327G>A (p.Glu109=)	2705	GJB1	HGNC:4283	Likely benign	0	Oct 16, 2023	2519798312	-	RCV003582009
786777	single nucleotide variant	NM_000284.4(PDHA1):c.765T>C (p.Asp255=)	5160	PDHA1	HGNC:8806	Likely benign	0	Aug 16, 2023	1602227938	-	RCV000977290
4933866	single nucleotide variant	NM_001744.6(CAMK4):c.240+8T>G	814	CAMK4	HGNC:1464	Likely benign	0	Jan 01, 2026	-1	-	RCV006654215
5047902	single nucleotide variant	NM_015295.3(SMCHD1):c.424+20T>C	23347	SMCHD1	HGNC:29090	Likely benign	0	Apr 22, 2020	-1	-	RCV006886073
3764698	single nucleotide variant	NM_000443.4(ABCB4):c.2199A>G (p.Ser733=)	5244	ABCB4	HGNC:45	Likely benign	0	Feb 01, 2024	-1	-	RCV005117397
1827475	single nucleotide variant	NM_000492.4(CFTR):c.157T>C (p.Leu53=)	1080	CFTR	HGNC:1884	Likely benign	0	Aug 17, 2019	2484968437	-	RCV002392647
2076335	single nucleotide variant	NM_001256789.3(CACNA1F):c.711G>C (p.Leu237=)	778	CACNA1F	HGNC:1393	Likely benign	0	Aug 01, 2022	2519137127	-	RCV002862314
520606	single nucleotide variant	NM_198253.3(TERT):c.519G>A (p.Pro173=)	7015	TERT	HGNC:11730	Likely benign	0	Oct 13, 2025	763396974	-	RCV002533417|RCV004559316|RCV006963579
2380270	single nucleotide variant	NM_052935.5(NT5C3B):c.392A>G (p.Asn131Ser)	115024	NT5C3B	HGNC:28300	Likely benign	0	Jun 24, 2022	782344608	-	RCV004224625
3137406	single nucleotide variant	NM_014956.5(CEP164):c.1035G>A (p.Lys345=)	22897	CEP164	HGNC:29182	Likely benign	0	Jan 19, 2023	1331350171	-	RCV003834115|RCV006818330
3151821	single nucleotide variant	NM_002476.2(MYL4):c.429C>T (p.Asp143=)	4635	MYL4	HGNC:7585	Likely benign	0	Jan 10, 2026	139239258	-	RCV003857972
4945438	single nucleotide variant	NM_000384.3(APOB):c.11527G>A (p.Val3843Ile)	338	APOB	HGNC:603	Likely benign	0	Feb 13, 2026	-1	-	RCV006657202
1995767	single nucleotide variant	NM_001440.4(EXTL3):c.1299C>T (p.Ile433=)	2137	EXTL3	HGNC:3518	Likely benign	0	Oct 05, 2022	1432191459	-	RCV002667219
1113075	single nucleotide variant	NM_001130987.2(DYSF):c.1419G>A (p.Gln473=)	8291	DYSF	HGNC:3097	Likely benign	0	Nov 29, 2019	2152761012	-	RCV001472612
1235400	single nucleotide variant	NM_005932.4(MIPEP):c.1654-66G>A	4285	MIPEP	HGNC:7104	Benign	0	May 13, 2021	9510869	-	RCV001641770
54441	single nucleotide variant	NM_005228.5(EGFR):c.2457G>A (p.Val819=)	1956	EGFR	HGNC:3236	Benign/Likely benign	0	Feb 01, 2026	56183713	-	RCV000038430|RCV001517569|RCV003430646|RCV004948146|RCV005234931
3170649	single nucleotide variant	NM_006892.4(DNMT3B):c.205-6A>G	1789	DNMT3B	HGNC:2979	Likely benign	0	Nov 03, 2023	1979050306	-	RCV003875851
1642320	single nucleotide variant	NM_139057.4(ADAMTS17):c.1998C>T (p.Cys666=)	170691	ADAMTS17	HGNC:17109	Likely benign	0	Jan 22, 2026	770257592	-	RCV002107407|RCV006850485
4967848	single nucleotide variant	NM_144997.7(FLCN):c.397-378C>T	201163	FLCN	HGNC:27310	Likely benign	0	Mar 24, 2026	-1	-	RCV006708233
212554	single nucleotide variant	NM_000245.4(MET):c.2715C>T (p.Ser905=)	4233	MET	HGNC:7029	Benign/Likely benign	0	Jan 31, 2026	45572835	-	RCV000566209|RCV000987953|RCV001507228|RCV001550435|RCV003907748|RCV005893575|RCV006273619|RCV005893574
1072666	single nucleotide variant	NM_000843.4(GRM6):c.1239C>T (p.His413=)	2916	GRM6	HGNC:4598	Likely benign	0	Nov 08, 2022	112697894	-	RCV001393428|RCV006964296
1522574	single nucleotide variant	NM_003072.5(SMARCA4):c.1420-16T>C	6597	SMARCA4	HGNC:11100	Likely benign	0	Jul 06, 2022	2145936128	-	RCV002146151
3064633	single nucleotide variant	NM_004484.4(GPC3):c.1425C>G (p.Thr475=)	2719	GPC3	HGNC:4451	Likely benign	0	Nov 07, 2022	760974627	-	RCV003607019
4645094	single nucleotide variant	NM_020719.3(PRR12):c.861G>A (p.Thr287=)	57479	PRR12	HGNC:29217	Likely benign	0	Nov 01, 2025	-1	-	RCV006265785|RCV006892179
1911730	single nucleotide variant	NM_016373.4(WWOX):c.903C>T (p.Ile301=)	51741	WWOX	HGNC:12799	Likely benign	0	Nov 01, 2025	758799029	-	RCV002636785|RCV006262646
777821	single nucleotide variant	NM_014720.4(SLK):c.316-8G>T	9748	SLK	HGNC:11088	Likely benign	0	Apr 10, 2018	775328978	-	RCV000949764|RCV005905308|RCV005905306|RCV005905307
1538112	single nucleotide variant	NM_182760.4(SUMF1):c.336G>A (p.Gly112=)	285362	SUMF1	HGNC:20376	Likely benign	0	Jul 15, 2021	2125133941	-	RCV002219474
3537694	single nucleotide variant	NM_000075.4(CDK4):c.528T>C (p.Val176=)	1019	CDK4	HGNC:1773	Benign	0	Sep 26, 2024	-1	-	RCV004787662
1281723	single nucleotide variant	NM_001670.3(ARVCF):c.2239+65G>A	421	ARVCF	HGNC:728	Benign	0	May 10, 2021	2240713	-	RCV001717947
1601882	single nucleotide variant	NM_002439.5(MSH3):c.1752C>A (p.Leu584=)	4437	MSH3	HGNC:7326	Likely benign	0	Apr 16, 2021	1184418846	-	RCV002144424|RCV002409584
2961828	single nucleotide variant	NM_004614.5(TK2):c.700-17A>T	7084	TK2	HGNC:11831	Likely benign	0	Feb 11, 2023	756784379	-	RCV003673098
1664148	single nucleotide variant	NM_003183.6(ADAM17):c.958-8T>G	6868	ADAM17	HGNC:195	Likely benign	0	Dec 04, 2024	777073815	-	RCV002078935
2915269	single nucleotide variant	NM_004525.3(LRP2):c.10407T>C (p.Cys3469=)	4036	LRP2	HGNC:6694	Likely benign	0	May 29, 2023	2545734573	-	RCV003566227
2809356	single nucleotide variant	NM_002016.2(FLG):c.6390A>G (p.Ala2130=)	2312	FLG	HGNC:3748	Likely benign	0	Nov 25, 2024	760770197	-	RCV003408972|RCV006829198
1621665	single nucleotide variant	NM_015122.3(FCHO1):c.2088G>C (p.Leu696=)	23149	FCHO1	HGNC:29002	Likely benign	0	Dec 17, 2025	143447435	-	RCV002107894|RCV005921424
270583	single nucleotide variant	NM_003477.3(PDHX):c.-4C>G	8050	PDHX	HGNC:21350	Benign	0	Jan 13, 2018	3818401	-	RCV000284713|RCV000389336|RCV000676185
4969012	single nucleotide variant	NM_001148.6(ANK2):c.5202A>G (p.Glu1734=)	287	ANK2	HGNC:493	Likely benign	0	Mar 30, 2026	-1	-	RCV006710389
2827908	single nucleotide variant	NM_001270.4(CHD1):c.3582C>T (p.Leu1194=)	1105	CHD1	HGNC:1915	Likely benign	0	Jun 01, 2022	954196135	-	RCV003429714
4829323	single nucleotide variant	NM_001256545.2(MEGF10):c.1426+20T>A	84466	MEGF10	HGNC:29634	Likely benign	0	Jul 13, 2025	-1	-	RCV006496169
869505	single nucleotide variant	NM_012463.4(ATP6V0A2):c.*1837T>C	23545	ATP6V0A2	HGNC:18481	Benign	0	Jan 13, 2018	115183932	-	RCV001113495
4988837	single nucleotide variant	NM_017649.5(CNNM2):c.1621+13120A>C	54805	CNNM2	HGNC:103	Likely benign	0	Jun 10, 2026	-1	-	RCV006738757
1530962	single nucleotide variant	NM_001388492.1(HTT):c.4044C>G (p.Ser1348=)	3064	HTT	HGNC:4851	Likely benign	0	Jan 17, 2021	2110232225	-	RCV002123184
1204849	single nucleotide variant	NM_001323289.2(CDKL5):c.2047-178G>A	6792	CDKL5	HGNC:11411	Likely benign	0	Jul 14, 2018	183698277	-	RCV001593341
3033722	single nucleotide variant	NM_170601.5(SIAE):c.1124+12T>A	54414	SIAE	HGNC:18187	Likely benign	0	Mar 21, 2023	2496882670	-	RCV003707949
3226480	single nucleotide variant	NM_152701.5(ABCA13):c.927G>T (p.Met309Ile)	154664	ABCA13	HGNC:14638	Likely benign	0	Feb 01, 2026	144218923	-	RCV003992873
580611	single nucleotide variant	NM_025219.3(DNAJC5):c.447C>T (p.Tyr149=)	80331	DNAJC5	HGNC:16235	Likely benign	0	Aug 25, 2025	780478210	-	RCV001494222|RCV001719161|RCV002318224
3826413	single nucleotide variant	NM_015909.4(NBAS):c.3258-16T>G	51594	NBAS	HGNC:15625	Likely benign	0	Oct 02, 2025	-1	-	RCV005178110
688015	single nucleotide variant	NM_001330260.2(SCN8A):c.1371T>A (p.Thr457=)	6334	SCN8A	HGNC:10596	Likely benign	0	Mar 28, 2025	972703260	-	RCV006610399
5014862	single nucleotide variant	NM_022114.4(PRDM16):c.3396C>T (p.Asp1132=)	63976	PRDM16	HGNC:14000	Likely benign	0	Aug 06, 2024	-1	-	RCV006797733
2886932	single nucleotide variant	NM_000081.4(LYST):c.11268-15T>C	1130	LYST	HGNC:1968	Likely benign	0	Nov 15, 2023	776515881	-	RCV003525064
4841902	single nucleotide variant	NM_001100913.3(PACS2):c.423+10C>T	23241	PACS2	HGNC:23794	Likely benign	0	Aug 25, 2025	-1	-	RCV006523797
1916308	single nucleotide variant	NM_000264.5(PTCH1):c.3625A>G (p.Met1209Val)	5727	PTCH1	HGNC:9585	Benign/Likely benign	0	Jun 19, 2025	1259134617	-	RCV002599320|RCV005705085
1321432	single nucleotide variant	NM_000093.5(COL5A1):c.2262A>G (p.Gly754=)	1289	COL5A1	HGNC:2209	Likely benign	0	Mar 16, 2021	1836755970	-	RCV001811850
1247795	single nucleotide variant	NM_001378609.3(OTOGL):c.3213+28T>C	283310	OTOGL	HGNC:26901	Benign	0	Jul 04, 2018	77786512	-	RCV001666162
5065054	single nucleotide variant	NM_001555.5(IGSF1):c.1392A>C (p.Ser464=)	3547	IGSF1	HGNC:5948	Likely benign	0	Oct 19, 2023	-1	-	RCV006930118
58548	single nucleotide variant	NM_000548.5(TSC2):c.781C>T (p.Arg261Trp)	7249	TSC2	HGNC:12363	Benign/Likely benign	0	Nov 11, 2025	45517130	-	RCV000042646|RCV000055120|RCV000571475|RCV000841881|RCV001080453|RCV004734594
5025366	single nucleotide variant	NM_002281.4(KRT81):c.1027-15T>C	-1	KRT81;KRT86	-	Likely benign	0	Nov 26, 2024	-1	-	RCV006830855
2015405	single nucleotide variant	NM_001372.4(DNAH9):c.1119C>T (p.Ala373=)	1770	DNAH9	HGNC:2953	Likely benign	0	Apr 07, 2022	2544222705	-	RCV002720289
2068542	single nucleotide variant	NM_005732.4(RAD50):c.3862A>C (p.Arg1288=)	10111	RAD50	HGNC:9816	Likely benign	0	Jul 14, 2022	2479440499	-	RCV002834997
3093641	single nucleotide variant	NM_000052.7(ATP7A):c.4227-12G>C	538	ATP7A	HGNC:869	Likely benign	0	Sep 12, 2024	2522427132	-	RCV003786839
715663	single nucleotide variant	NM_000018.4(ACADVL):c.951G>T (p.Val317=)	37	ACADVL	HGNC:92	Likely benign	0	Nov 24, 2025	1183459867	-	RCV000973854|RCV004601316
776626	single nucleotide variant	NM_176787.5(PIGN):c.2078-7A>C	23556	PIGN	HGNC:8967	Likely benign	0	Jan 27, 2025	371198368	-	RCV001395834
3516659	single nucleotide variant	NM_170699.3(GPBAR1):c.336G>T (p.Met112Ile)	151306	GPBAR1	HGNC:19680	Likely benign	0	Jul 15, 2024	-1	-	RCV004752464
2078462	single nucleotide variant	NM_005562.3(LAMC2):c.588C>T (p.Cys196=)	3918	LAMC2	HGNC:6493	Likely benign	0	Sep 07, 2022	2526031948	-	RCV002880869
168667	single nucleotide variant	NM_024596.5(MCPH1):c.1728C>T (p.Gly576=)	79648	MCPH1	HGNC:6954	Benign	0	Feb 04, 2026	41313954	-	RCV000146279|RCV000349328|RCV001650999|RCV005888137|RCV005888148|RCV005888149|RCV005888146|RCV005888138|RCV005888150|RCV005888151|RCV005888153|RCV005888152|RCV005888145|RCV005888147|RCV005888139|RCV005888140|RCV005888154|RCV005888142|RCV005888143|RCV005888144|RCV005888141
254584	single nucleotide variant	NM_000289.6(PFKM):c.1880+32G>C	5213	PFKM	HGNC:8877	Benign	0	Jul 01, 2021	4075914	-	RCV000248238|RCV000835757|RCV001533440
709818	single nucleotide variant	NM_004946.3(DOCK2):c.4854T>C (p.Gly1618=)	1794	DOCK2	HGNC:2988	Benign	0	Dec 23, 2025	2270900	-	RCV000971706
1966774	single nucleotide variant	NM_031942.5(CDCA7):c.18G>A (p.Val6=)	83879	CDCA7	HGNC:14628	Likely benign	0	Dec 03, 2025	761129739	-	RCV002600976
3203519	single nucleotide variant	NM_001365951.3(KIF1B):c.2115+6400G>T	23095	KIF1B	HGNC:16636	Likely benign	0	Jun 30, 2019	567157730	-	RCV003934046
3382700	single nucleotide variant	NM_000038.6(APC):c.6330C>G (p.Ser2110=)	324	APC	HGNC:583	Benign/Likely benign	0	Apr 04, 2024	2149962502	-	RCV004522973|RCV004588553
2002624	single nucleotide variant	NM_020745.4(AARS2):c.1434+14C>T	57505	AARS2	HGNC:21022	Likely benign	0	Jan 20, 2026	537847449	-	RCV002658838|RCV006765365
1121784	single nucleotide variant	NM_001040716.2(PC):c.3288+9T>A	5091	PC	HGNC:8636	Likely benign	0	Jan 19, 2024	1233044534	-	RCV001465782
1000969	single nucleotide variant	NM_001367624.2(ZNF469):c.11577G>A (p.Pro3859=)	84627	ZNF469	HGNC:23216	Likely benign	0	Jun 29, 2026	191554921	-	RCV001311088|RCV002456406|RCV006753159
1652860	single nucleotide variant	NM_000238.4(KCNH2):c.1107T>C (p.Asn369=)	3757	KCNH2	HGNC:6251	Likely benign	0	Nov 11, 2024	372231104	-	RCV002148580|RCV003161634
1213200	single nucleotide variant	NM_052859.4(RFT1):c.957+183G>A	91869	RFT1	HGNC:30220	Benign	0	Jul 27, 2018	2564942	-	RCV001594612
1556473	single nucleotide variant	NM_015474.4(SAMHD1):c.348+18T>G	25939	SAMHD1	HGNC:15925	Benign/Likely benign	0	Jan 31, 2026	181987130	-	RCV002111696|RCV004717875|RCV006459002
4904065	single nucleotide variant	NM_001267550.2(TTN):c.57936T>C (p.Gly19312=)	7273	TTN	HGNC:12403	Likely benign	0	Jun 22, 2025	-1	-	RCV006600327
5037932	single nucleotide variant	NM_005632.3(CAPN15):c.2949G>A (p.Ala983=)	6650	CAPN15	HGNC:11182	Likely benign	0	Sep 20, 2024	-1	-	RCV006860199
2926757	single nucleotide variant	NM_000245.4(MET):c.3462G>C (p.Leu1154=)	4233	MET	HGNC:7029	Likely benign	0	Oct 15, 2023	2117047380	-	RCV003597145
4878464	single nucleotide variant	NM_001040436.3(YARS2):c.750C>T (p.Asn250=)	51067	YARS2	HGNC:24249	Likely benign	0	Nov 06, 2025	-1	-	RCV006585752
4038628	single nucleotide variant	NM_001042424.3(NSD2):c.512G>A (p.Arg171Lys)	7468	NSD2	HGNC:12766	Likely benign	0	Apr 25, 2025	-1	-	RCV005456065
1586345	single nucleotide variant	NM_018082.6(POLR3B):c.1386G>A (p.Thr462=)	55703	POLR3B	HGNC:30348	Likely benign	0	Mar 08, 2023	766417611	-	RCV002184838
1215510	single nucleotide variant	NM_000395.3(CSF2RB):c.76+101C>T	1439	CSF2RB	HGNC:2436	Benign	0	Nov 10, 2018	2280976	-	RCV001611103
1662375	single nucleotide variant	NM_000136.3(FANCC):c.1248C>G (p.Ala416=)	2176	FANCC	HGNC:3584	Likely benign	0	May 29, 2024	747051975	-	RCV002090990|RCV002391225
3422941	single nucleotide variant	NM_001127895.2(CHST8):c.1207A>G (p.Thr403Ala)	64377	CHST8	HGNC:15993	Likely benign	0	May 15, 2024	-1	-	RCV004610570
2075151	single nucleotide variant	NM_033026.6(PCLO):c.13326A>G (p.Thr4442=)	27445	PCLO	HGNC:13406	Likely benign	0	Nov 27, 2023	2535529367	-	RCV002839063
4304820	single nucleotide variant	NM_000546.6(TP53):c.1049T>G (p.Leu350Arg)	7157	TP53	HGNC:11998	Likely benign	0	Aug 18, 2025	-1	-	RCV005756707
1373259	single nucleotide variant	NM_000170.3(GLDC):c.78G>A (p.Ser26=)	2731	GLDC	HGNC:4313	Likely benign	0	Feb 24, 2024	915226152	-	RCV001932339
5037359	single nucleotide variant	NM_014967.5(FAN1):c.2489-968A>C	-1	FAN1;MTMR10	-	Benign	0	Jun 01, 2018	-1	-	RCV006851938
52588	single nucleotide variant	NM_001018005.2(TPM1):c.444G>C (p.Leu148=)	7168	TPM1	HGNC:12010	Likely benign	0	Mar 16, 2025	376518788	-	RCV000036331|RCV000828390|RCV001185544|RCV001422858|RCV004018791
2391721	single nucleotide variant	NM_006980.5(MTERF1):c.128G>A (p.Arg43Gln)	7978	MTERF1	HGNC:21463	Likely benign	0	Jun 17, 2022	190837494	-	RCV004241874
2049634	single nucleotide variant	NM_020207.7(ERCC6L2):c.788+8G>A	375748	ERCC6L2	HGNC:26922	Likely benign	0	May 16, 2022	2490055499	-	RCV002796367
1140957	single nucleotide variant	NM_004311.4(ARL3):c.495C>T (p.Gly165=)	403	ARL3	HGNC:694	Likely benign	0	Nov 13, 2023	547067319	-	RCV001489524
3004462	single nucleotide variant	NM_000492.4(CFTR):c.3964-17A>G	1080	CFTR	HGNC:1884	Likely benign	0	Jun 05, 2024	1793338614	-	RCV003617368
429394	single nucleotide variant	NM_001247997.2(CLIP1):c.1614T>C (p.Pro538=)	6249	CLIP1	HGNC:10461	Likely benign	0	Jan 04, 2016	549426099	-	RCV000503470
2963056	single nucleotide variant	NM_025215.6(PUS1):c.552G>A (p.Lys184=)	80324	PUS1	HGNC:15508	Likely benign	0	Feb 05, 2023	1481004716	-	RCV003668795
3584554	single nucleotide variant	NM_199285.3(PRR19):c.793T>C (p.Tyr265His)	284338	PRR19	HGNC:33728	Likely benign	0	Jul 31, 2024	-1	-	RCV004848909
1113675	single nucleotide variant	NM_032383.5(HPS3):c.1873-4A>G	84343	HPS3	HGNC:15597	Likely benign	0	Dec 03, 2025	761683710	-	RCV001459308
4647312	single nucleotide variant	NM_001001344.3(ATP2B3):c.3489C>T (p.Asp1163=)	492	ATP2B3	HGNC:816	Likely benign	0	Sep 04, 2025	-1	-	RCV006266518
4872693	single nucleotide variant	NM_033419.5(PGAP3):c.695-7C>T	93210	PGAP3	HGNC:23719	Likely benign	0	Jun 26, 2025	-1	-	RCV006571405
1176446	single nucleotide variant	NM_006017.3(PROM1):c.2211+30C>T	8842	PROM1	HGNC:9454	Likely benign	0	Oct 14, 2018	11726546	-	RCV001545372
398438	single nucleotide variant	NM_000432.4(MYL2):c.147G>A (p.Leu49=)	4633	MYL2	HGNC:7583	Likely benign	0	Apr 29, 2024	749936467	-	RCV001177368|RCV001416131
811487	single nucleotide variant	NM_000059.4(BRCA2):c.3690T>C (p.Ser1230=)	675	BRCA2	HGNC:1101	Likely benign	0	Jan 14, 2026	1593900245	-	RCV001020892|RCV001398124|RCV005367673
1893819	single nucleotide variant	NM_000081.4(LYST):c.5322C>T (p.Pro1774=)	1130	LYST	HGNC:1968	Likely benign	0	Nov 13, 2023	751320821	-	RCV003070015
1265166	single nucleotide variant	NM_181776.3(SLC36A2):c.1010+89T>C	153201	SLC36A2	HGNC:18762	Benign	0	May 15, 2021	246496	-	RCV001681799
475448	single nucleotide variant	NM_000314.8(PTEN):c.1092T>C (p.Ser364=)	5728	PTEN	HGNC:9588	Benign/Likely benign	0	Feb 13, 2025	1355576298	-	RCV000567997|RCV001496283|RCV005427067
250967	single nucleotide variant	NM_004628.5(XPC):c.2251-37C>G	7508	XPC	HGNC:12816	Benign	0	Jul 07, 2023	2470353	-	RCV000248907|RCV001651186|RCV002244614|RCV003316414
2129260	single nucleotide variant	NM_004807.3(HS6ST1):c.1177G>A (p.Asp393Asn)	9394	HS6ST1	HGNC:5201	Benign	0	Mar 14, 2023	201160903	-	RCV002970719
1070066	single nucleotide variant	NM_017849.4(TMEM127):c.245-7T>C	55654	TMEM127	HGNC:26038	Likely benign	0	Sep 22, 2025	1266586655	-	RCV001409437|RCV006924589
2816837	single nucleotide variant	NM_015267.4(CUX2):c.1944C>T (p.Asp648=)	23316	CUX2	HGNC:19347	Benign/Likely benign	0	Jan 01, 2026	199957017	-	RCV003390299|RCV006840318
3064898	single nucleotide variant	NM_001164508.2(NEB):c.19836+17G>A	4703	NEB	HGNC:7720	Likely benign	0	Dec 20, 2023	1355352587	-	RCV003629721
4098092	single nucleotide variant	NM_001211.6(BUB1B):c.1989T>C (p.Thr663=)	701	BUB1B	HGNC:1149	Likely benign	0	Jul 21, 2025	-1	-	RCV005533186|RCV006480060
2180489	single nucleotide variant	NM_012233.3(RAB3GAP1):c.151-13T>C	22930	RAB3GAP1	HGNC:17063	Likely benign	0	Jan 06, 2025	2468125712	-	RCV003027959
741942	single nucleotide variant	NM_001271938.2(MEGF8):c.2436G>A (p.Ser812=)	1954	MEGF8	HGNC:3233	Likely benign	0	Sep 14, 2025	199938628	-	RCV002540757
1815869	single nucleotide variant	NM_001267550.2(TTN):c.99216G>A (p.Arg33072=)	7273	TTN	HGNC:12403	Likely benign	0	Oct 30, 2022	1692854600	-	RCV002370865
1153474	single nucleotide variant	NM_206933.4(USH2A):c.15053-4G>T	7399	USH2A	HGNC:12601	Benign/Likely benign	0	May 21, 2024	753732714	-	RCV001522675|RCV006865614
2134738	single nucleotide variant	NM_000396.4(CTSK):c.951C>T (p.Ala317=)	1513	CTSK	HGNC:2536	Likely benign	0	Oct 23, 2022	2101945956	-	RCV002972558
3512245	single nucleotide variant	NM_001709.5(BDNF):c.81A>C (p.Arg27=)	627	BDNF	HGNC:1033	Likely benign	0	Jan 19, 2021	-1	-	RCV004745677
3783986	single nucleotide variant	NM_005629.4(SLC6A8):c.1203C>T (p.Leu401=)	6535	SLC6A8	HGNC:11055	Likely benign	0	Mar 19, 2024	-1	-	RCV005122289
1198160	single nucleotide variant	NM_000352.6(ABCC8):c.1671+31G>A	6833	ABCC8	HGNC:59	Likely benign	0	Aug 09, 2018	190600550	-	RCV001577194
657573	single nucleotide variant	NM_001035.3(RYR2):c.4683+190T>A	6262	RYR2	HGNC:10484	Likely benign	0	Jun 14, 2018	791542	-	RCV000834884
1549982	single nucleotide variant	NM_003801.4(GPAA1):c.1836G>A (p.Leu612=)	8733	GPAA1	HGNC:4446	Likely benign	0	Jun 30, 2024	782747541	-	RCV002201972
2958818	single nucleotide variant	NM_000271.5(NPC1):c.2127C>T (p.Tyr709=)	4864	NPC1	HGNC:7897	Likely benign	0	Dec 23, 2022	2511234391	-	RCV003606035
1232631	single nucleotide variant	NM_032383.5(HPS3):c.217+132C>T	84343	HPS3	HGNC:15597	Benign	0	Jul 10, 2018	115165700	-	RCV001647706
3129704	single nucleotide variant	NM_000135.4(FANCA):c.1900+13G>A	2175	FANCA	HGNC:3582	Likely benign	0	Jul 16, 2023	1297879241	-	RCV003830302
3119095	single nucleotide variant	NM_000565.4(IL6R):c.1329G>A (p.Ser443=)	3570	IL6R	HGNC:6019	Likely benign	0	Jan 08, 2024	755384864	-	RCV003811546
677507	single nucleotide variant	NC_012920.1(MT-TR):m.10410T>C	4573	MT-TR	HGNC:7496	Benign	0	Jul 12, 2019	200478835	-	RCV000850994
468393	single nucleotide variant	NM_032043.3(BRIP1):c.2514T>C (p.Asp838=)	83990	BRIP1	HGNC:20473	Benign/Likely benign	0	Aug 30, 2025	1555574808	-	RCV000555684|RCV000564363|RCV004787870
4683388	single nucleotide variant	NM_182588.3(RGPD4):c.1880T>C (p.Ile627Thr)	285190	RGPD4	HGNC:32417	Likely benign	0	Sep 22, 2025	-1	-	RCV006337114
3127668	single nucleotide variant	NM_020699.4(GATAD2B):c.1217-20C>T	57459	GATAD2B	HGNC:30778	Likely benign	0	Jan 26, 2026	375722136	-	RCV003825700
3137791	single nucleotide variant	NM_000843.4(GRM6):c.1407G>T (p.Arg469=)	2916	GRM6	HGNC:4598	Likely benign	0	Apr 24, 2024	752683903	-	RCV003831829
2967824	single nucleotide variant	NM_001160372.4(TRAPPC9):c.1860G>A (p.Leu620=)	83696	TRAPPC9	HGNC:30832	Likely benign	0	Dec 06, 2022	2065531776	-	RCV003679942
1566645	single nucleotide variant	NM_025150.5(TARS2):c.1718+15C>T	80222	TARS2	HGNC:30740	Likely benign	0	Jan 24, 2026	368349064	-	RCV002153834
4802908	single nucleotide variant	NM_144988.4(ALG14):c.579T>C (p.Asp193=)	199857	ALG14	HGNC:28287	Likely benign	0	May 17, 2025	-1	-	RCV006486546
778856	single nucleotide variant	NM_198317.3(KLHL17):c.712-9C>T	339451	KLHL17	HGNC:24023	Benign	0	Jul 23, 2018	115528693	-	RCV000966720
3795807	single nucleotide variant	NM_178452.6(DNAAF1):c.1031-18T>C	123872	DNAAF1	HGNC:30539	Likely benign	0	Sep 19, 2024	-1	-	RCV005136817
1225659	single nucleotide variant	NM_002662.5(PLD1):c.2340+313C>T	5337	PLD1	HGNC:9067	Benign	0	Jun 20, 2021	75563749	-	RCV001619175
3173567	single nucleotide variant	NM_006914.4(RORB):c.327G>A (p.Gln109=)	6096	RORB	HGNC:10259	Likely benign	0	Feb 06, 2024	1413035716	-	RCV003862316
1188856	single nucleotide variant	NM_175914.5(HNF4A):c.320-270A>G	3172	HNF4A	HGNC:5024	Likely benign	0	Sep 29, 2018	186414755	-	RCV001561466
3079122	single nucleotide variant	NM_172250.3(MMAA):c.969+15A>C	166785	MMAA	HGNC:18871	Likely benign	0	Jan 02, 2024	369712158	-	RCV003607110
904702	single nucleotide variant	NM_000071.3(CBS):c.1146-4G>A	875	CBS	HGNC:1550	Likely benign	0	Oct 17, 2025	778414187	-	RCV001171963|RCV002240911
3500409	single nucleotide variant	NM_003120.3(SPI1):c.463C>G (p.Pro155Ala)	6688	SPI1	HGNC:11241	Benign	0	Aug 28, 2024	-1	-	RCV005230666
515214	single nucleotide variant	NM_004371.4(COPA):c.399G>A (p.Gly133=)	1314	COPA	HGNC:2230	Benign/Likely benign	0	Jan 25, 2026	142221638	-	RCV000653105|RCV005639177|RCV006842489
2886676	single nucleotide variant	NM_017636.4(TRPM4):c.1743+13T>G	54795	TRPM4	HGNC:17993	Likely benign	0	Dec 05, 2023	187115349	-	RCV003504377
1955952	single nucleotide variant	NM_004715.5(CTDP1):c.6G>A (p.Glu2=)	9150	CTDP1	HGNC:2498	Likely benign	0	Dec 30, 2025	1468065862	-	RCV002575834
1662576	single nucleotide variant	NM_014714.4(IFT140):c.2517G>A (p.Ala839=)	9742	IFT140	HGNC:29077	Likely benign	0	Aug 25, 2021	767699979	-	RCV002141443
3045617	single nucleotide variant	NM_017491.5(WDR1):c.1767G>A (p.Thr589=)	9948	WDR1	HGNC:12754	Likely benign	0	Oct 20, 2023	377107801	-	RCV003718013|RCV006950203
1561723	single nucleotide variant	NM_000101.4(CYBA):c.58+13C>A	1535	CYBA	HGNC:2577	Likely benign	0	Aug 16, 2022	1364625103	-	RCV002194687
1667105	single nucleotide variant	NM_001930.4(DHPS):c.1074G>A (p.Lys358=)	1725	DHPS	HGNC:2869	Likely benign	0	Dec 01, 2025	140233506	-	RCV002214091|RCV006895446
1208940	single nucleotide variant	NM_001128178.3(NPHP1):c.205-145A>G	4867	NPHP1	HGNC:7905	Likely benign	0	Jan 16, 2019	112623366	-	RCV001594157|RCV005915053|RCV005915051|RCV005915052
4458168	single nucleotide variant	NM_153704.6(TMEM67):c.406+1375G>T	91147	TMEM67	HGNC:28396	Likely benign	0	Sep 09, 2024	-1	-	RCV006017755|RCV006782819
3776004	single nucleotide variant	NM_000275.3(OCA2):c.1843-11C>T	4948	OCA2	HGNC:8101	Likely benign	0	Feb 24, 2024	-1	-	RCV005123531
3737147	single nucleotide variant	NM_001252024.2(TRPM1):c.4809T>C (p.Ile1603=)	4308	TRPM1	HGNC:7146	Likely benign	0	Aug 12, 2024	-1	-	RCV005064627
1859042	single nucleotide variant	NM_000207.3(INS):c.153A>C (p.Thr51=)	3630	INS	HGNC:6081	Benign/Likely benign	0	Nov 30, 2024	773789432	-	RCV002464670|RCV003103170|RCV003164719
2967118	single nucleotide variant	NM_001195518.2(MICU1):c.933+18T>C	10367	MICU1	HGNC:1530	Likely benign	0	Jan 15, 2024	1449917562	-	RCV003681509
2105573	single nucleotide variant	NM_000094.4(COL7A1):c.4299A>T (p.Gly1433=)	1294	COL7A1	HGNC:2214	Likely benign	0	Oct 11, 2022	2531151802	-	RCV002947251
1575882	single nucleotide variant	NM_004171.4(SLC1A2):c.1041T>C (p.Phe347=)	6506	SLC1A2	HGNC:10940	Likely benign	0	Jan 05, 2026	1313085367	-	RCV002197747
3055753	single nucleotide variant	NM_001042432.2(CLN3):c.838-17T>A	1201	CLN3	HGNC:2074	Likely benign	0	Jan 24, 2024	2506454249	-	RCV003648826
529600	single nucleotide variant	NM_001136472.2(LITAF):c.51A>G (p.Pro17=)	9516	LITAF	HGNC:16841	Likely benign	0	Feb 19, 2025	751525365	-	RCV000639574|RCV002334101
1625952	single nucleotide variant	NM_001015880.2(PAPSS2):c.849T>C (p.Phe283=)	9060	PAPSS2	HGNC:8604	Likely benign	0	Oct 09, 2025	529851319	-	RCV002131637
1533951	single nucleotide variant	NM_033641.4(COL4A6):c.4224A>G (p.Lys1408=)	1288	COL4A6	HGNC:2208	Likely benign	0	Dec 20, 2022	757880489	-	RCV002136463
1254565	single nucleotide variant	NM_002303.6(LEPR):c.2673+3353T>A	3953	LEPR	HGNC:6554	Benign	0	Sep 05, 2018	6588153	-	RCV001677267
3759435	single nucleotide variant	NM_004438.5(EPHA4):c.1362A>G (p.Arg454=)	2043	EPHA4	HGNC:3388	Likely benign	0	Oct 23, 2024	-1	-	RCV005076555
3042833	single nucleotide variant	NM_001365999.1(SZT2):c.5274+18C>T	23334	SZT2	HGNC:29040	Likely benign	0	Apr 03, 2023	2545829989	-	RCV003719500
692446	single nucleotide variant	NM_001363118.2(SLC52A2):c.1164C>T (p.Tyr388=)	79581	SLC52A2	HGNC:30224	Likely benign	0	Nov 08, 2025	370533575	-	RCV001490029
1112126	single nucleotide variant	NM_001204.7(BMPR2):c.853-6A>T	659	BMPR2	HGNC:1078	Likely benign	0	Aug 25, 2020	372279211	-	RCV001476621
2873181	single nucleotide variant	NM_000359.3(TGM1):c.457C>T (p.Leu153=)	7051	TGM1	HGNC:11777	Likely benign	0	Jun 16, 2023	751619088	-	RCV003548747
3035699	single nucleotide variant	NM_021116.4(ADCY1):c.2418C>T (p.Asp806=)	107	ADCY1	HGNC:232	Likely benign	0	Nov 24, 2022	2484169382	-	RCV003710280
252106	single nucleotide variant	NM_000426.4(LAMA2):c.7451+37A>G	3908	LAMA2	HGNC:6482	Likely benign	0	-	886038294	-	RCV000250894
1544471	single nucleotide variant	NM_024589.3(ROGDI):c.45+19C>G	79641	ROGDI	HGNC:29478	Benign/Likely benign	0	Jan 28, 2026	546936996	-	RCV002122981|RCV003426330|RCV006873366
3703162	single nucleotide variant	NM_002388.6(MCM3):c.2348T>C (p.Val783Ala)	4172	MCM3	HGNC:6945	Likely benign	0	Oct 11, 2024	-1	-	RCV004942861
3386036	single nucleotide variant	NM_001184.4(ATR):c.2706T>C (p.Ser902=)	545	ATR	HGNC:882	Likely benign	0	Feb 22, 2024	1383387766	-	RCV004507953
701363	single nucleotide variant	NM_177987.3(TUBB8):c.9G>A (p.Glu3=)	347688	TUBB8	HGNC:20773	Benign/Likely benign	0	Nov 27, 2024	561104222	-	RCV000955412|RCV006810463
5032479	single nucleotide variant	NM_001146262.4(SYT14):c.1412-13T>G	255928	SYT14	HGNC:23143	Likely benign	0	Oct 11, 2024	-1	-	RCV006863650
1968947	single nucleotide variant	NM_173689.7(CRB2):c.2436+19T>C	286204	CRB2	HGNC:18688	Likely benign	0	Jun 12, 2025	745328584	-	RCV002621303|RCV006796681
703695	single nucleotide variant	NM_133450.4(ANKS3):c.1131T>C (p.His377=)	124401	ANKS3	HGNC:29422	Benign	0	Jul 04, 2018	61747669	-	RCV000955505
450580	single nucleotide variant	NM_152383.5(DIS3L2):c.1737C>T (p.Asn579=)	129563	DIS3L2	HGNC:28648	Likely benign	0	Oct 03, 2023	370101007	-	RCV000533828
2927082	single nucleotide variant	NM_005051.3(QARS1):c.442C>T (p.Leu148=)	5859	QARS1	HGNC:9751	Likely benign	0	Oct 16, 2023	2471862419	-	RCV003583981
444761	single nucleotide variant	NM_001292063.2(OTOG):c.3973C>T (p.Arg1325Cys)	340990	OTOG	HGNC:8516	Benign	0	Jan 01, 2026	557335789	-	RCV001696981
3852603	single nucleotide variant	NM_001378452.1(ITPR1):c.3283C>A (p.Arg1095=)	3708	ITPR1	HGNC:6180	Likely benign	0	Sep 17, 2024	-1	-	RCV005187002
3021441	single nucleotide variant	NM_199242.3(UNC13D):c.1542C>T (p.His514=)	201294	UNC13D	HGNC:23147	Likely benign	0	Feb 05, 2024	1159767919	-	RCV003605015
741529	single nucleotide variant	NM_003072.5(SMARCA4):c.2829T>C (p.Phe943=)	6597	SMARCA4	HGNC:11100	Likely benign	0	Mar 03, 2026	1600279521	-	RCV001456406|RCV005641872|RCV006666454
698025	single nucleotide variant	NM_175607.3(CNTN4):c.1060G>A (p.Glu354Lys)	152330	CNTN4	HGNC:2174	Benign	0	Dec 31, 2019	145270510	-	RCV000958644|RCV003960693
222226	single nucleotide variant	NM_006231.4(POLE):c.2550C>T (p.Ile850=)	5426	POLE	HGNC:9177	Benign/Likely benign	0	Jul 10, 2026	5744834	-	RCV000203933|RCV000419373|RCV000588078|RCV000564677|RCV002494542|RCV005361214
3109774	single nucleotide variant	NM_000448.3(RAG1):c.1608C>T (p.Gly536=)	5896	RAG1	HGNC:9831	Likely benign	0	Dec 22, 2023	2494756885	-	RCV003802133
1153264	single nucleotide variant	NM_000565.4(IL6R):c.808-13C>A	3570	IL6R	HGNC:6019	Benign	0	Jan 26, 2026	114283925	-	RCV001513215|RCV005914177|RCV005914179|RCV005914178|RCV005914175|RCV005914181|RCV005914180|RCV005914176|RCV006457241
1598097	single nucleotide variant	NM_006785.4(MALT1):c.837T>C (p.Tyr279=)	10892	MALT1	HGNC:6819	Likely benign	0	Jul 07, 2023	762659498	-	RCV002121659
4805762	single nucleotide variant	NM_033305.3(VPS13A):c.9502A>C (p.Arg3168=)	23230	VPS13A	HGNC:1908	Likely benign	0	Jun 22, 2025	-1	-	RCV006485820
3146214	single nucleotide variant	NM_022114.4(PRDM16):c.648C>T (p.Pro216=)	63976	PRDM16	HGNC:14000	Likely benign	0	Jan 03, 2024	1266891555	-	RCV003845745
2964428	single nucleotide variant	NM_002579.3(PALM):c.58-9T>C	5064	PALM	HGNC:8594	Likely benign	0	Apr 25, 2023	1210670058	-	RCV003682198
3202425	single nucleotide variant	NM_005909.5(MAP1B):c.6534C>T (p.Ile2178=)	4131	MAP1B	HGNC:6836	Likely benign	0	Apr 12, 2019	147666683	-	RCV003909692
3093169	single nucleotide variant	NM_004130.4(GYG1):c.765C>T (p.Thr255=)	2992	GYG1	HGNC:4699	Likely benign	0	Feb 18, 2023	2472757984	-	RCV003786520|RCV003893392
4819897	single nucleotide variant	NM_000821.7(GGCX):c.1221C>T (p.Ser407=)	2677	GGCX	HGNC:4247	Likely benign	0	Feb 23, 2025	-1	-	RCV006493461
499090	single nucleotide variant	NM_001267550.2(TTN):c.62298A>G (p.Leu20766=)	7273	TTN	HGNC:12403	Likely benign	0	Oct 19, 2025	368503103	-	RCV001481263|RCV001698111|RCV002456377
3079165	single nucleotide variant	NM_003042.4(SLC6A1):c.945T>C (p.Asn315=)	6529	SLC6A1	HGNC:11042	Likely benign	0	Oct 22, 2023	776363538	-	RCV005063151
712955	single nucleotide variant	NM_001620.3(AHNAK):c.2427T>C (p.Pro809=)	79026	AHNAK	HGNC:347	Likely benign	0	Jan 04, 2018	201133212	-	RCV000968951
3351599	single nucleotide variant	NM_003461.5(ZYX):c.1157G>A (p.Arg386Gln)	7791	ZYX	HGNC:13200	Likely benign	0	Dec 13, 2023	1407844238	-	RCV004490549
479994	single nucleotide variant	NM_000546.6(TP53):c.922C>T (p.Leu308=)	7157	TP53	HGNC:11998	Benign/Likely benign	0	Nov 19, 2025	1555525016	-	RCV000570417|RCV002526891|RCV005357701|RCV005620982
448155	single nucleotide variant	NM_001367561.1(DOCK7):c.4120-7A>G	85440	DOCK7	HGNC:19190	Likely benign	0	Oct 15, 2024	563656103	-	RCV000526401
3098149	single nucleotide variant	NM_000180.4(GUCY2D):c.1378+19G>C	3000	GUCY2D	HGNC:4689	Likely benign	0	Apr 06, 2023	1567958546	-	RCV003806442
1276585	single nucleotide variant	NM_000639.3(FASLG):c.348+208A>G	356	FASLG	HGNC:11936	Benign	0	Oct 24, 2018	12720439	-	RCV001708374
4812345	single nucleotide variant	NM_016111.4(TELO2):c.1473-14T>C	9894	TELO2	HGNC:29099	Likely benign	0	Dec 05, 2025	-1	-	RCV006476146
3011464	single nucleotide variant	NM_003383.5(VLDLR):c.2088A>G (p.Glu696=)	7436	VLDLR	HGNC:12698	Likely benign	0	Mar 08, 2023	2488738353	-	RCV003716607
758858	single nucleotide variant	NM_002826.5(QSOX1):c.516-7C>T	5768	QSOX1	HGNC:9756	Likely benign	0	Jul 04, 2018	374697697	-	RCV000923939
1129402	single nucleotide variant	NM_001379110.1(SLC9A6):c.1227T>C (p.Ile409=)	10479	SLC9A6	HGNC:11079	Likely benign	0	May 22, 2025	1556620031	-	RCV001475893|RCV006446208
4691875	single nucleotide variant	NM_001282531.3(ADNP):c.2684C>G (p.Pro895Arg)	23394	ADNP	HGNC:15766	Likely benign	0	Oct 07, 2025	-1	-	RCV006309223
2175002	single nucleotide variant	NM_020320.5(RARS2):c.1248A>G (p.Glu416=)	57038	RARS2	HGNC:21406	Likely benign	0	Nov 27, 2023	2483095646	-	RCV003055512
780854	single nucleotide variant	NM_001164508.2(NEB):c.21976A>C (p.Arg7326=)	4703	NEB	HGNC:7720	Likely benign	0	Sep 24, 2025	780790042	-	RCV000978707
2985825	single nucleotide variant	NM_004612.4(TGFBR1):c.343+12A>G	7046	TGFBR1	HGNC:11772	Likely benign	0	Dec 23, 2022	2490112249	-	RCV003643863
2052903	single nucleotide variant	NM_003331.5(TYK2):c.2909-18C>T	7297	TYK2	HGNC:12440	Likely benign	0	May 12, 2022	2512462099	-	RCV002814554
2024034	single nucleotide variant	NM_021008.4(DEAF1):c.388-16C>T	10522	DEAF1	HGNC:14677	Likely benign	0	Jun 04, 2025	754837453	-	RCV002736737
1177273	single nucleotide variant	NM_001081.4(CUBN):c.10764+282C>G	8029	CUBN	HGNC:2548	Likely benign	0	Apr 29, 2020	186500009	-	RCV001546417
3781999	single nucleotide variant	NM_176787.5(PIGN):c.2370+11T>A	23556	PIGN	HGNC:8967	Likely benign	0	May 07, 2024	-1	-	RCV005128491
688629	single nucleotide variant	NM_004360.5(CDH1):c.2268T>C (p.Asp756=)	999	CDH1	HGNC:1748	Benign/Likely benign	0	May 24, 2026	1567515480	-	RCV000866766|RCV004789243|RCV006720916
758176	single nucleotide variant	NM_002972.4(SBF1):c.2451A>G (p.Ala817=)	6305	SBF1	HGNC:10542	Likely benign	0	Mar 02, 2018	756420605	-	RCV000911713
1592458	single nucleotide variant	NM_001330360.2(POLA1):c.2115A>G (p.Glu705=)	5422	POLA1	HGNC:9173	Likely benign	0	Jan 30, 2025	199912686	-	RCV002161795
3106792	single nucleotide variant	NM_001323289.2(CDKL5):c.282+18A>G	6792	CDKL5	HGNC:11411	Likely benign	0	Aug 22, 2023	1359694118	-	RCV003797322
1879877	single nucleotide variant	NM_001379200.1(TBX1):c.1434T>G (p.Ala478=)	6899	TBX1	HGNC:11592	Likely benign	0	Mar 02, 2025	972389680	-	RCV003068223|RCV005288893|RCV006914657
4837238	single nucleotide variant	NM_015166.4(MLC1):c.597+13C>A	23209	MLC1	HGNC:17082	Likely benign	0	Jan 11, 2026	-1	-	RCV006521331
1840833	single nucleotide variant	NM_000388.4(CASR):c.2184T>C (p.Val728=)	846	CASR	HGNC:1514	Likely benign	0	Jun 10, 2020	1257342261	-	RCV004061157
2821855	single nucleotide variant	NM_001379500.1(COL18A1):c.107-11979G>A	80781	COL18A1	HGNC:2195	Likely benign	0	Sep 19, 2024	181274677	-	RCV003431584|RCV004554206|RCV006918289
5013809	single nucleotide variant	NM_000492.4(CFTR):c.1983C>T (p.Ile661=)	1080	CFTR	HGNC:1884	Likely benign	0	Sep 11, 2024	-1	-	RCV006787126
3274952	single nucleotide variant	NM_001145304.2(IQCN):c.1295C>G (p.Ser432Cys)	80726	IQCN	HGNC:29350	Likely benign	0	Mar 04, 2024	752703118	-	RCV004400916
716141	single nucleotide variant	NM_001136191.3(KANK2):c.1602G>A (p.Pro534=)	25959	KANK2	HGNC:29300	Benign/Likely benign	0	Jan 27, 2026	61734799	-	RCV000963380
1638875	single nucleotide variant	NM_001004356.3(FGFRL1):c.1266G>A (p.Thr422=)	53834	FGFRL1	HGNC:3693	Likely benign	0	Sep 09, 2025	375150331	-	RCV002150243
1248414	single nucleotide variant	NM_001145809.2(MYH14):c.2694+251C>A	79784	MYH14	HGNC:23212	Benign	0	Nov 12, 2018	4519440	-	RCV001659482
4986229	single nucleotide variant	NM_152515.5(CKAP2L):c.1938G>A (p.Thr646=)	150468	CKAP2L	HGNC:26877	Likely benign	0	Apr 01, 2026	-1	-	RCV006731547
3804555	single nucleotide variant	NM_001378964.1(CDON):c.21C>G (p.Pro7=)	50937	CDON	HGNC:17104	Likely benign	0	Jul 11, 2024	-1	-	RCV005152990
4902729	single nucleotide variant	NM_015046.7(SETX):c.2664A>G (p.Glu888=)	23064	SETX	HGNC:445	Likely benign	0	Aug 06, 2025	-1	-	RCV006603877
3848724	single nucleotide variant	NM_001282933.2(ZNF341):c.201G>A (p.Ala67=)	84905	ZNF341	HGNC:15992	Likely benign	0	Dec 17, 2024	-1	-	RCV005189661
4934558	single nucleotide variant	NM_006940.6(SOX5):c.1923C>T (p.Arg641=)	6660	SOX5	HGNC:11201	Likely benign	0	Feb 01, 2026	-1	-	RCV006655403
690644	single nucleotide variant	NM_000098.3(CPT2):c.1674T>G (p.Ala558=)	1376	CPT2	HGNC:2330	Likely benign	0	Dec 15, 2025	141814677	-	RCV000876901
2127031	single nucleotide variant	NM_016216.4(DBR1):c.1512C>T (p.Asp504=)	51163	DBR1	HGNC:15594	Likely benign	0	Nov 18, 2025	142272005	-	RCV002967501|RCV006961227
378823	single nucleotide variant	NM_001099922.3(ALG13):c.-27G>A	79868	ALG13	HGNC:30881	Likely benign	0	Mar 06, 2018	201622950	-	RCV000424752
4905645	single nucleotide variant	NM_001267550.2(TTN):c.105417C>G (p.Thr35139=)	7273	TTN	HGNC:12403	Likely benign	0	Nov 18, 2025	-1	-	RCV006596868
1583904	single nucleotide variant	NM_016373.4(WWOX):c.1242C>T (p.Gly414=)	51741	WWOX	HGNC:12799	Likely benign	0	Jan 14, 2021	557367276	-	RCV002199129
1069370	single nucleotide variant	NM_001244008.2(KIF1A):c.1080C>T (p.Ile360=)	547	KIF1A	HGNC:888	Likely benign	0	Dec 08, 2025	563701542	-	RCV001393550|RCV002420875
1124818	single nucleotide variant	NM_000246.4(CIITA):c.2317C>T (p.Leu773=)	4261	CIITA	HGNC:7067	Likely benign	0	Jul 02, 2022	767189945	-	RCV001477963
4036538	single nucleotide variant	NM_002458.3(MUC5B):c.7331C>T (p.Thr2444Ile)	727897	MUC5B	HGNC:7516	Likely benign	0	Apr 10, 2025	-1	-	RCV005440117
402118	single nucleotide variant	NM_007294.4(BRCA1):c.885C>T (p.Asp295=)	672	BRCA1	HGNC:1100	Likely benign	0	Mar 14, 2022	1060504557	-	RCV001422822|RCV002446888
280620	single nucleotide variant	NM_005373.3(MPL):c.1570C>T (p.Leu524=)	4352	MPL	HGNC:7217	Likely benign	0	Feb 02, 2026	146372205	-	RCV000278380|RCV000862247|RCV001820855|RCV003409453|RCV003243058|RCV004537673|RCV005430522
3166566	single nucleotide variant	NM_000291.4(PGK1):c.116+12G>C	5230	PGK1	HGNC:8896	Likely benign	0	Jul 17, 2023	1374002804	-	RCV003854015
1964340	single nucleotide variant	NM_004408.4(DNM1):c.1422+19G>T	1759	DNM1	HGNC:2972	Likely benign	0	Apr 08, 2025	1440002003	-	RCV002572879
2132542	single nucleotide variant	NM_014363.6(SACS):c.1693A>G (p.Ile565Val)	26278	SACS	HGNC:10519	Likely benign	0	Feb 04, 2026	772240153	-	RCV002979953
1276450	single nucleotide variant	NM_182894.3(VSX2):c.760+149C>T	338917	VSX2	HGNC:1975	Benign	0	Jun 28, 2018	7145612	-	RCV001710396
1527418	single nucleotide variant	NM_017617.5(NOTCH1):c.1527C>T (p.Ile509=)	4851	NOTCH1	HGNC:7881	Likely benign	0	Dec 29, 2024	2133367383	-	RCV002079704|RCV005375051
2188143	single nucleotide variant	NM_018834.6(MATR3):c.974+20T>C	9782	MATR3	HGNC:6912	Likely benign	0	Apr 30, 2022	2546799702	-	RCV003055999
5036800	single nucleotide variant	NM_182914.3(SYNE2):c.3483C>A (p.Val1161=)	23224	SYNE2	HGNC:17084	Likely benign	0	Jul 20, 2023	-1	-	RCV006841837
142522	single nucleotide variant	NM_003978.5(PSTPIP1):c.212+12C>T	9051	PSTPIP1	HGNC:9580	Benign	0	Jan 26, 2026	3812914	-	RCV000127629|RCV000324075|RCV004715735
2867814	single nucleotide variant	NM_001367624.2(ZNF469):c.11478C>T (p.Ala3826=)	84627	ZNF469	HGNC:23216	Likely benign	0	Jan 21, 2024	1157705759	-	RCV003552537
4833726	single nucleotide variant	NM_001372.4(DNAH9):c.5625C>A (p.Gly1875=)	1770	DNAH9	HGNC:2953	Likely benign	0	Jun 23, 2025	-1	-	RCV006497598
1135442	single nucleotide variant	NM_145207.3(AFG2A):c.2466T>C (p.Asp822=)	166378	AFG2A	HGNC:18119	Likely benign	0	Apr 20, 2020	777716801	-	RCV001501611
1598426	single nucleotide variant	NM_001267550.2(TTN):c.14925C>G (p.Val4975=)	7273	TTN	HGNC:12403	Likely benign	0	Aug 01, 2023	765070689	-	RCV002121899
3817041	single nucleotide variant	NM_133372.3(FNIP1):c.3102T>C (p.Ala1034=)	96459	FNIP1	HGNC:29418	Likely benign	0	Jun 18, 2025	-1	-	RCV005146422
2809199	single nucleotide variant	NM_004326.4(BCL9):c.15C>T (p.Asn5=)	607	BCL9	HGNC:1008	Likely benign	0	Jun 01, 2022	41299583	-	RCV003408815
4915966	single nucleotide variant	NM_001184.4(ATR):c.1732+10A>G	545	ATR	HGNC:882	Likely benign	0	Aug 02, 2025	-1	-	RCV006622448
3055058	single nucleotide variant	NM_006939.4(SOS2):c.2574A>G (p.Gln858=)	6655	SOS2	HGNC:11188	Likely benign	0	Dec 12, 2023	200391002	-	RCV003756242
2116673	single nucleotide variant	NM_198576.4(AGRN):c.727+11C>T	375790	AGRN	HGNC:329	Likely benign	0	Nov 11, 2024	1341053090	-	RCV002914879
294902	single nucleotide variant	NM_000232.5(SGCB):c.-25G>A	6443	SGCB	HGNC:10806	Benign/Likely benign	0	Jan 13, 2018	571169918	-	RCV000278024|RCV000432865
2685810	single nucleotide variant	NM_030917.4(FIP1L1):c.1500C>T (p.Ser500=)	81608	FIP1L1	HGNC:19124	Likely benign	0	May 24, 2023	371406567	-	RCV004294799
3316218	single nucleotide variant	NM_006911.4(RLN1):c.58T>C (p.Ser20Pro)	6013	RLN1	HGNC:10026	Likely benign	0	Jan 03, 2024	756954473	-	RCV004454103
2921719	single nucleotide variant	NM_004341.5(CAD):c.2889A>T (p.Arg963=)	790	CAD	HGNC:1424	Likely benign	0	Sep 13, 2023	2465327405	-	RCV003572197
3151066	single nucleotide variant	NM_003108.4(SOX11):c.1065C>A (p.Gly355=)	6664	SOX11	HGNC:11191	Likely benign	0	Feb 10, 2025	759356359	-	RCV003842150
453996	single nucleotide variant	NM_000038.6(APC):c.5319T>A (p.Thr1773=)	324	APC	HGNC:583	Benign/Likely benign	0	Jun 02, 2024	563219702	-	RCV004024127|RCV004568968
3215796	single nucleotide variant	NM_001917.5(DAO):c.848G>A (p.Arg283Gln)	1610	DAO	HGNC:2671	Likely benign	0	Feb 22, 2023	143550642	-	RCV003946946
2091271	single nucleotide variant	NM_024675.4(PALB2):c.855A>C (p.Ser285=)	79728	PALB2	HGNC:26144	Benign/Likely benign	0	Jan 10, 2025	2142432748	-	RCV002907975
1656340	single nucleotide variant	NM_183065.4(TMEM107):c.353+7T>C	84314	TMEM107	HGNC:28128	Likely benign	0	Jul 17, 2021	1311360637	-	RCV002220367
1312041	single nucleotide variant	NM_004329.3(BMPR1A):c.-268+11686T>C	657	BMPR1A	HGNC:1076	Likely benign	0	May 11, 2021	12772861	-	RCV001779852
2910586	single nucleotide variant	NM_001082971.2(DDC):c.714+14C>T	1644	DDC	HGNC:2719	Likely benign	0	Sep 06, 2023	2535395363	-	RCV003517059
2926701	single nucleotide variant	NM_000170.3(GLDC):c.714-17G>T	2731	GLDC	HGNC:4313	Likely benign	0	Jul 10, 2025	2129898769	-	RCV003512688
725345	single nucleotide variant	NM_000123.4(ERCC5):c.1911C>T (p.Ala637=)	-1	BIVM-ERCC5;ERCC5	-	Likely benign	0	May 03, 2024	569227686	-	RCV000891989|RCV006835401
2022251	single nucleotide variant	NM_004304.5(ALK):c.294G>C (p.Leu98=)	238	ALK	HGNC:427	Likely benign	0	May 11, 2025	761949668	-	RCV002760144|RCV003308248
3743544	single nucleotide variant	NM_016292.3(TRAP1):c.330+8C>T	10131	TRAP1	HGNC:16264	Likely benign	0	Aug 28, 2024	-1	-	RCV005060894
1069708	single nucleotide variant	NM_000179.3(MSH6):c.1737T>C (p.Cys579=)	2956	MSH6	HGNC:7329	Benign/Likely benign	0	Dec 27, 2024	1669367521	-	RCV001419909|RCV003584936|RCV005424050
1822329	single nucleotide variant	NM_000506.5(F2):c.699C>T (p.Pro233=)	2147	F2	HGNC:3535	Likely benign	0	Mar 04, 2022	1156387909	-	RCV002364711
770056	single nucleotide variant	NM_130839.5(UBE3A):c.873A>G (p.Arg291=)	7337	UBE3A	HGNC:12496	Likely benign	0	Nov 27, 2023	1213980033	-	RCV001487150
2123647	single nucleotide variant	NM_001563.4(IMPG1):c.1701C>T (p.Ala567=)	3617	IMPG1	HGNC:6055	Likely benign	0	Oct 05, 2022	1490119508	-	RCV002971977
1536317	single nucleotide variant	NM_003334.4(UBA1):c.1576-19C>T	7317	UBA1	HGNC:12469	Likely benign	0	May 05, 2024	782315217	-	RCV002148821
2086791	single nucleotide variant	NM_000388.4(CASR):c.186-18A>G	846	CASR	HGNC:1514	Likely benign	0	Jul 30, 2025	2074561937	-	RCV002862462
2006543	single nucleotide variant	NM_198428.3(BBS9):c.887-17G>A	27241	BBS9	HGNC:30000	Likely benign	0	Sep 23, 2022	2128347159	-	RCV002663514
1565703	single nucleotide variant	NM_000275.3(OCA2):c.1785-17C>T	4948	OCA2	HGNC:8101	Likely benign	0	Dec 21, 2025	368420440	-	RCV002136312|RCV006843453
306483	single nucleotide variant	NM_005228.5(EGFR):c.3015A>G (p.Glu1005=)	1956	EGFR	HGNC:3236	Benign/Likely benign	0	Jun 01, 2026	55737335	-	RCV000861591|RCV001311280|RCV002257660|RCV006780885
516312	single nucleotide variant	NM_139343.3(BIN1):c.864C>T (p.Asn288=)	274	BIN1	HGNC:1052	Likely benign	0	May 25, 2025	746393271	-	RCV000636917
1976891	single nucleotide variant	NM_001291303.3(FAT4):c.7018+7C>A	79633	FAT4	HGNC:23109	Likely benign	0	Apr 06, 2022	1435972320	-	RCV002581497
1999685	single nucleotide variant	NM_024996.7(GFM1):c.1222-7T>G	85476	GFM1	HGNC:13780	Likely benign	0	Jan 19, 2022	1482255733	-	RCV002667838
3126437	single nucleotide variant	NM_001008216.2(GALE):c.874-9G>C	2582	GALE	HGNC:4116	Likely benign	0	Aug 09, 2023	764448821	-	RCV003815189
3514220	single nucleotide variant	NM_017514.5(PLXNA3):c.1135-4C>T	55558	PLXNA3	HGNC:9101	Likely benign	0	Jan 12, 2022	-1	-	RCV004744694
5074919	single nucleotide variant	NM_018010.4(IFT57):c.586-19T>A	55081	IFT57	HGNC:17367	Likely benign	0	Jul 24, 2024	-1	-	RCV006958591
2871430	single nucleotide variant	NM_001171.6(ABCC6):c.2787+17C>A	368	ABCC6	HGNC:57	Likely benign	0	Jun 28, 2023	2510982826	-	RCV003552403
3198464	single nucleotide variant	NM_001282680.3(GAPVD1):c.1938C>T (p.Asp646=)	26130	GAPVD1	HGNC:23375	Likely benign	0	Jan 30, 2020	149991575	-	RCV003911830
1973639	single nucleotide variant	NM_005214.5(CTLA4):c.390G>A (p.Lys130=)	1493	CTLA4	HGNC:2505	Likely benign	0	Aug 09, 2024	147679342	-	RCV002593859|RCV006939812
4903991	single nucleotide variant	NM_014112.5(TRPS1):c.654G>T (p.Leu218=)	7227	TRPS1	HGNC:12340	Likely benign	0	Aug 29, 2025	-1	-	RCV006604808
4888190	single nucleotide variant	NM_004104.5(FASN):c.4768+15G>C	2194	FASN	HGNC:3594	Likely benign	0	May 22, 2025	-1	-	RCV006580101
1639635	single nucleotide variant	NM_004977.3(KCNC3):c.369G>C (p.Ala123=)	3748	KCNC3	HGNC:6235	Likely benign	0	Oct 28, 2021	2123546656	-	RCV002187348
4984256	single nucleotide variant	NM_000810.4(GABRA5):c.1101A>G (p.Glu367=)	2558	GABRA5	HGNC:4079	Likely benign	0	May 01, 2026	-1	-	RCV006735559
5083485	single nucleotide variant	NM_001543.5(NDST1):c.768C>T (p.Ala256=)	3340	NDST1	HGNC:7680	Likely benign	0	Dec 20, 2023	-1	-	RCV006966469
1672124	single nucleotide variant	NM_001042424.3(NSD2):c.3621+20C>T	7468	NSD2	HGNC:12766	Likely benign	0	Jan 20, 2025	369690906	-	RCV002237370
579970	single nucleotide variant	NM_001271.4(CHD2):c.4800C>T (p.Asn1600=)	1106	CHD2	HGNC:1917	Likely benign	0	Oct 27, 2016	748452670	-	RCV002318850
1168489	single nucleotide variant	NM_004541.4(NDUFA1):c.103-244T>A	4694	NDUFA1	HGNC:7683	Benign	0	Aug 13, 2019	2428220	-	RCV001535376|RCV005914503|RCV005914504|RCV005914505
1636150	single nucleotide variant	NM_001197104.2(KMT2A):c.9132C>A (p.Ile3044=)	4297	KMT2A	HGNC:7132	Likely benign	0	Apr 29, 2021	1343975939	-	RCV002102113
1095176	single nucleotide variant	NM_138694.4(PKHD1):c.9864T>C (p.Tyr3288=)	5314	PKHD1	HGNC:9016	Likely benign	0	Mar 03, 2024	1306350556	-	RCV001444055
182671	single nucleotide variant	NM_000245.4(MET):c.2265-15A>G	4233	MET	HGNC:7029	Likely benign	0	Jul 10, 2025	201304108	-	RCV000163793|RCV000864523|RCV005246696
173904	single nucleotide variant	NM_181426.2(CCDC39):c.1248A>G (p.Glu416=)	339829	CCDC39	HGNC:25244	Benign/Likely benign	0	Feb 04, 2026	2338436	-	RCV000150248|RCV000353694|RCV001094762|RCV001705957
1113575	single nucleotide variant	NM_153240.5(NPHP3):c.2721T>C (p.Tyr907=)	27031	NPHP3	HGNC:7907	Likely benign	0	Jan 12, 2026	1486007292	-	RCV001461648
3267345	single nucleotide variant	NM_016545.5(IER5):c.761A>G (p.Glu254Gly)	51278	IER5	HGNC:5393	Likely benign	0	Oct 20, 2023	750190904	-	RCV004399981
2166770	single nucleotide variant	NM_001035.3(RYR2):c.1851C>T (p.Leu617=)	6262	RYR2	HGNC:10484	Likely benign	0	May 03, 2025	2545802552	-	RCV003045682|RCV005473297|RCV005403267
2346388	single nucleotide variant	NM_016642.4(SPTBN5):c.3752G>A (p.Arg1251Gln)	51332	SPTBN5	HGNC:15680	Likely benign	0	Jan 03, 2022	560781735	-	RCV004203868
1107542	single nucleotide variant	NM_001848.3(COL6A1):c.1893C>T (p.Phe631=)	1291	COL6A1	HGNC:2211	Likely benign	0	Apr 25, 2024	374031718	-	RCV001426126|RCV003433153
685833	single nucleotide variant	NM_001128178.3(NPHP1):c.258T>C (p.His86=)	4867	NPHP1	HGNC:7905	Likely benign	0	Nov 23, 2025	370355360	-	RCV002538961|RCV006924352
3428128	single nucleotide variant	NM_000719.7(CACNA1C):c.4932C>G (p.Ser1644=)	775	CACNA1C	HGNC:1390	Likely benign	0	Jun 03, 2024	-1	-	RCV004606181
2078719	single nucleotide variant	NM_001130987.2(DYSF):c.4032G>A (p.Lys1344=)	8291	DYSF	HGNC:3097	Likely benign	0	Sep 24, 2022	2546126522	-	RCV002898749
3176659	single nucleotide variant	NM_001018115.3(FANCD2):c.666C>T (p.Ser222=)	2177	FANCD2	HGNC:3585	Likely benign	0	Nov 05, 2023	2470740256	-	RCV003865033
2900999	single nucleotide variant	NM_138694.4(PKHD1):c.9829+15T>C	5314	PKHD1	HGNC:9016	Likely benign	0	Jul 17, 2023	2533800067	-	RCV003502287
669624	single nucleotide variant	NM_000268.3(NF2):c.-575A>C	4771	NF2	HGNC:7773	Likely benign	0	Jun 19, 2018	140062784	-	RCV000833370
193523	single nucleotide variant	NM_003361.4(UMOD):c.840C>T (p.Pro280=)	7369	UMOD	HGNC:12559	Benign/Likely benign	0	Jan 20, 2026	78691203	-	RCV000177174|RCV000965325|RCV001824128|RCV002294064
53173	single nucleotide variant	NM_001134363.3(RBM20):c.3183A>G (p.Pro1061=)	282996	RBM20	HGNC:27424	Likely benign	0	Sep 10, 2012	397516612	-	RCV000036980
1606666	single nucleotide variant	NM_032737.4(LMNB2):c.1737G>C (p.Lys579Asn)	84823	LMNB2	HGNC:6638	Likely benign	0	Nov 11, 2024	150787379	-	RCV002195437
3428898	single nucleotide variant	NM_007186.6(CEP250):c.4090G>A (p.Val1364Ile)	11190	CEP250	HGNC:1859	Likely benign	0	May 07, 2024	-1	-	RCV004614896
1578995	single nucleotide variant	NM_014714.4(IFT140):c.3060C>T (p.Tyr1020=)	9742	IFT140	HGNC:29077	Likely benign	0	Mar 07, 2025	545658252	-	RCV002074560
2115307	single nucleotide variant	NM_030912.3(TRIM8):c.1101C>T (p.Cys367=)	81603	TRIM8	HGNC:15579	Likely benign	0	Nov 28, 2025	41300235	-	RCV002932600|RCV006811226
5020825	single nucleotide variant	NM_002016.2(FLG):c.5567G>A (p.Arg1856His)	-1	CCDST;FLG	-	Likely benign	0	Aug 15, 2024	-1	-	RCV006818572
3063139	single nucleotide variant	NM_173076.3(ABCA12):c.1512A>G (p.Gly504=)	26154	ABCA12	HGNC:14637	Likely benign	0	Feb 24, 2024	763391221	-	RCV003732147
2870915	single nucleotide variant	NM_002454.3(MTRR):c.1146+19T>G	4552	MTRR	HGNC:7473	Likely benign	0	Dec 19, 2023	747045329	-	RCV003508141
2066034	single nucleotide variant	NM_000414.4(HSD17B4):c.261G>C (p.Leu87=)	3295	HSD17B4	HGNC:5213	Likely benign	0	May 31, 2023	762632843	-	RCV002811945
333206	single nucleotide variant	NM_001113378.2(FANCI):c.1311A>G (p.Arg437=)	55215	FANCI	HGNC:25568	Likely benign	0	Mar 01, 2024	772846275	-	RCV000305871
712321	single nucleotide variant	NM_012342.3(BAMBI):c.376A>C (p.Arg126=)	25805	BAMBI	HGNC:30251	Benign	0	Jul 06, 2018	34535452	-	RCV000965132
2065193	single nucleotide variant	NM_000057.4(BLM):c.3020-4T>A	641	BLM	HGNC:1058	Likely benign	0	Jul 15, 2022	2505524454	-	RCV002856853
645271	single nucleotide variant	NM_001134407.3(GRIN2A):c.418C>G (p.Pro140Ala)	2903	GRIN2A	HGNC:4585	Benign	0	Aug 09, 2022	776317814	-	RCV000809920
4065413	single nucleotide variant	NM_152308.3(RMI2):c.188G>C (p.Arg63Thr)	116028	RMI2	HGNC:28349	Likely benign	0	Jun 07, 2025	-1	-	RCV005477318
3862877	single nucleotide variant	NM_002890.3(RASA1):c.165C>T (p.Thr55=)	5921	RASA1	HGNC:9871	Likely benign	0	Dec 08, 2024	-1	-	RCV005206411
1099950	single nucleotide variant	NM_024741.3(ZNF408):c.450C>T (p.Ser150=)	79797	ZNF408	HGNC:20041	Likely benign	0	Jan 04, 2026	369194898	-	RCV001421361|RCV006814006
3030586	single nucleotide variant	NM_183381.3(RNF13):c.489A>T (p.Thr163=)	11342	RNF13	HGNC:10057	Likely benign	0	Jan 22, 2024	2473427138	-	RCV003700549
3190729	single nucleotide variant	NM_024337.4(IRX1):c.780T>C (p.Ala260=)	79192	IRX1	HGNC:14358	Likely benign	0	Aug 21, 2019	61741521	-	RCV003907164
1114268	single nucleotide variant	NM_006030.4(CACNA2D2):c.1899T>A (p.Thr633=)	9254	CACNA2D2	HGNC:1400	Likely benign	0	Jun 04, 2020	2106639354	-	RCV006467309
3345872	single nucleotide variant	NM_003920.5(TIMELESS):c.2091C>T (p.Arg697=)	8914	TIMELESS	HGNC:11813	Likely benign	0	Jan 12, 2024	111445856	-	RCV004467354
2805886	single nucleotide variant	NM_020765.3(UBR4):c.15062C>T (p.Pro5021Leu)	23352	UBR4	HGNC:30313	Likely benign	0	Mar 01, 2023	146219234	-	RCV003412832
1089456	single nucleotide variant	NM_000642.3(AGL):c.3351T>C (p.Tyr1117=)	178	AGL	HGNC:321	Likely benign	0	Jun 21, 2024	2100804056	-	RCV001422460
2963286	single nucleotide variant	NM_012463.4(ATP6V0A2):c.1776C>T (p.Leu592=)	23545	ATP6V0A2	HGNC:18481	Likely benign	0	Nov 05, 2022	1956685439	-	RCV003610013
2754737	single nucleotide variant	NM_032349.4(NUDT16L1):c.486C>T (p.Ser162=)	84309	NUDT16L1	HGNC:28154	Likely benign	0	Aug 14, 2023	146701095	-	RCV004339404
2876800	single nucleotide variant	NM_005857.5(ZMPSTE24):c.918A>G (p.Glu306=)	10269	ZMPSTE24	HGNC:12877	Likely benign	0	Feb 26, 2024	761390798	-	RCV003551149
659243	single nucleotide variant	NM_033109.5(PNPT1):c.1495+12A>G	87178	PNPT1	HGNC:23166	Likely benign	0	Jan 05, 2026	368159642	-	RCV000836042
3806686	single nucleotide variant	NM_014974.3(DIP2C):c.2019G>A (p.Pro673=)	22982	DIP2C	HGNC:29150	Likely benign	0	Oct 16, 2024	-1	-	RCV005154253
395426	single nucleotide variant	NM_004562.3(PRKN):c.574A>C (p.Met192Leu)	5071	PRKN	HGNC:8607	Benign	0	Jan 25, 2026	9456735	-	RCV000732668|RCV000712860|RCV001080145
2950489	single nucleotide variant	NM_001386140.1(MTTP):c.318C>T (p.Ser106=)	4547	MTTP	HGNC:7467	Likely benign	0	Feb 20, 2023	1472302192	-	RCV003670136
3089806	single nucleotide variant	NM_004415.4(DSP):c.3573G>C (p.Glu1191Asp)	1832	DSP	HGNC:3052	Likely benign	0	Aug 01, 2025	750659892	-	RCV003780681
2923113	single nucleotide variant	NM_000426.4(LAMA2):c.2652C>G (p.Gly884=)	3908	LAMA2	HGNC:6482	Likely benign	0	Oct 10, 2023	2482292339	-	RCV003583138
5013759	single nucleotide variant	NM_002711.4(PPP1R3A):c.1971T>C (p.Asn657=)	5506	PPP1R3A	HGNC:9291	Likely benign	0	Jan 20, 2022	-1	-	RCV006787076
3946805	single nucleotide variant	NM_138803.4(CCDC148):c.160A>G (p.Met54Val)	130940	CCDC148	HGNC:25191	Likely benign	0	Jan 27, 2025	-1	-	RCV005310254
769185	single nucleotide variant	NM_001330260.2(SCN8A):c.1086A>G (p.Ala362=)	6334	SCN8A	HGNC:10596	Likely benign	0	Jun 26, 2025	774882730	-	RCV006608875
3180928	single nucleotide variant	NM_006015.6(ARID1A):c.4102-16C>T	8289	ARID1A	HGNC:11110	Likely benign	0	Apr 09, 2023	1441631410	-	RCV003865166
498819	single nucleotide variant	NM_001164508.2(NEB):c.6900A>G (p.Arg2300=)	4703	NEB	HGNC:7720	Likely benign	0	Dec 29, 2022	1553457085	-	RCV000614395|RCV002064315
1142301	single nucleotide variant	NM_024741.3(ZNF408):c.1071G>A (p.Glu357=)	79797	ZNF408	HGNC:20041	Likely benign	0	Oct 08, 2020	1250784102	-	RCV001503530
1205864	single nucleotide variant	NM_003383.5(VLDLR):c.2587-114C>T	7436	VLDLR	HGNC:12698	Likely benign	0	Jul 07, 2018	34745933	-	RCV001586821
5078142	single nucleotide variant	NM_001174150.2(ARL13B):c.59+13C>T	200894	ARL13B	HGNC:25419	Likely benign	0	Dec 18, 2023	-1	-	RCV006958358
4742547	single nucleotide variant	NM_001110556.2(FLNA):c.1158C>G (p.Ala386=)	2316	FLNA	HGNC:3754	Likely benign	0	Sep 18, 2025	-1	-	RCV006382974
3042195	single nucleotide variant	NM_004448.4(ERBB2):c.3648C>G (p.Ala1216=)	2064	ERBB2	HGNC:3430	Likely benign	0	Oct 13, 2023	1457230134	-	RCV003710629
3032533	single nucleotide variant	NM_021008.4(DEAF1):c.388-11T>C	10522	DEAF1	HGNC:14677	Likely benign	0	Jun 05, 2023	2494458958	-	RCV003714922
1553392	single nucleotide variant	NM_020778.5(ALPK3):c.4332C>T (p.Ile1444=)	57538	ALPK3	HGNC:17574	Likely benign	0	Jul 25, 2022	2141572770	-	RCV002087947
664665	single nucleotide variant	NM_203447.4(DOCK8):c.2971-73T>A	81704	DOCK8	HGNC:19191	Benign	0	Nov 12, 2023	2297076	-	RCV000833172|RCV003396470
3016074	single nucleotide variant	NM_004006.3(DMD):c.265-15C>A	1756	DMD	HGNC:2928	Likely benign	0	Mar 05, 2025	779680050	-	RCV003623230
350823	single nucleotide variant	NM_001174089.2(SLC4A11):c.2193-4G>A	83959	SLC4A11	HGNC:16438	Benign	0	Feb 04, 2026	10048856	-	RCV000358562|RCV000992992|RCV001273526|RCV006443101
3839619	single nucleotide variant	NM_006904.7(PRKDC):c.7689C>G (p.Leu2563=)	5591	PRKDC	HGNC:9413	Likely benign	0	Feb 08, 2024	-1	-	RCV005179511
1823659	single nucleotide variant	NM_001367624.2(ZNF469):c.8112G>A (p.Glu2704=)	84627	ZNF469	HGNC:23216	Likely benign	0	May 25, 2025	773262065	-	RCV002412409|RCV003120968|RCV005419451
4825697	single nucleotide variant	NM_001385641.1(SAMD11):c.2490G>A (p.Leu830=)	148398	SAMD11	HGNC:28706	Likely benign	0	Mar 18, 2025	-1	-	RCV006501552
2017691	single nucleotide variant	NM_000632.4(ITGAM):c.1389C>T (p.Ser463=)	3684	ITGAM	HGNC:6149	Likely benign	0	May 18, 2025	374020608	-	RCV002685892
3205742	single nucleotide variant	NM_001099293.3(KIF4B):c.1566G>A (p.Met522Ile)	285643	KIF4B	HGNC:6322	Benign	0	Oct 28, 2019	78450697	-	RCV003962088
2825153	single nucleotide variant	NM_001282506.2(MUC20):c.1137G>A (p.Pro379=)	200958	MUC20	HGNC:23282	Likely benign	0	Mar 01, 2023	1307363847	-	RCV003439100
767383	single nucleotide variant	NM_203447.4(DOCK8):c.1086A>G (p.Ala362=)	81704	DOCK8	HGNC:19191	Likely benign	0	Jun 30, 2018	1369955517	-	RCV006608892
243696	single nucleotide variant	NM_000268.4(NF2):c.1248G>A (p.Ala416=)	4771	NF2	HGNC:7773	Likely benign	0	Nov 19, 2025	759993776	-	RCV000228721|RCV000570766|RCV003955307|RCV006905486
3831984	single nucleotide variant	NM_004525.3(LRP2):c.3117G>A (p.Val1039=)	4036	LRP2	HGNC:6694	Likely benign	0	Feb 22, 2024	-1	-	RCV005166240
4900218	single nucleotide variant	NM_001110556.2(FLNA):c.1065+20G>C	2316	FLNA	HGNC:3754	Likely benign	0	Nov 09, 2025	-1	-	RCV006591508
1835761	single nucleotide variant	NM_198578.4(LRRK2):c.129G>A (p.Leu43=)	120892	LRRK2	HGNC:18618	Likely benign	0	Apr 02, 2022	550441220	-	RCV002380762
2347110	single nucleotide variant	NM_001165.5(BIRC3):c.1232G>A (p.Arg411Lys)	330	BIRC3	HGNC:591	Likely benign	0	Dec 03, 2021	201361356	-	RCV004204592
828970	single nucleotide variant	NM_021942.6(TRAPPC11):c.75G>A (p.Leu25=)	60684	TRAPPC11	HGNC:25751	Likely benign	0	Dec 10, 2022	1444239174	-	RCV001051722
3642144	single nucleotide variant	NM_016507.4(CDK12):c.3171C>T (p.Val1057=)	51755	CDK12	HGNC:24224	Likely benign	0	Nov 18, 2024	-1	-	RCV004903895
2885617	single nucleotide variant	NM_000481.4(AMT):c.18T>C (p.Ser6=)	275	AMT	HGNC:473	Likely benign	0	Dec 21, 2023	755979959	-	RCV003513376
1215691	single nucleotide variant	NM_032208.3(ANTXR1):c.-289G>T	84168	ANTXR1	HGNC:21014	Benign	0	May 20, 2021	13390812	-	RCV001611284
3214407	single nucleotide variant	NM_144572.2(TBC1D2B):c.23C>G (p.Ala8Gly)	23102	TBC1D2B	HGNC:29183	Benign	0	Mar 24, 2022	7176425	-	RCV003932094
750468	single nucleotide variant	NM_000420.3(KEL):c.1615G>A (p.Val539Ile)	3792	KEL	HGNC:6308	Likely benign	0	May 21, 2018	530961865	-	RCV000921231
2172969	single nucleotide variant	NM_012106.4(ARL2BP):c.442T>C (p.Leu148=)	23568	ARL2BP	HGNC:17146	Likely benign	0	Dec 06, 2023	2545934231	-	RCV003054418
2027451	single nucleotide variant	NM_000108.5(DLD):c.876-14T>C	1738	DLD	HGNC:2898	Likely benign	0	Dec 14, 2022	1032047869	-	RCV002750715
1890419	single nucleotide variant	NM_015335.5(MED13L):c.5891-16A>G	23389	MED13L	HGNC:22962	Likely benign	0	Dec 01, 2025	188574299	-	RCV003093776|RCV006825871
1169027	single nucleotide variant	NM_004564.3(GATB):c.1331+88T>C	5188	GATB	HGNC:8849	Benign	0	May 12, 2021	6535814	-	RCV001536796
812656	single nucleotide variant	NM_024675.4(PALB2):c.3297G>T (p.Thr1099=)	79728	PALB2	HGNC:26144	Likely benign	0	Jul 18, 2019	45565738	-	RCV001019757
4887068	single nucleotide variant	NM_001128840.3(CACNA1D):c.5313G>A (p.Arg1771=)	776	CACNA1D	HGNC:1391	Likely benign	0	Dec 20, 2025	-1	-	RCV006583951
1596904	single nucleotide variant	NM_144643.4(SCLT1):c.699A>G (p.Leu233=)	132320	SCLT1	HGNC:26406	Likely benign	0	Apr 17, 2025	2126032871	-	RCV002157166
2105895	single nucleotide variant	NM_001079843.3(CASZ1):c.2260G>A (p.Ala754Thr)	54897	CASZ1	HGNC:26002	Likely benign	0	Apr 01, 2026	139347543	-	RCV002923168|RCV006929415
1203629	single nucleotide variant	NM_002617.4(PEX10):c.913-287C>T	5192	PEX10	HGNC:8851	Likely benign	0	Apr 25, 2019	55746053	-	RCV001581785
670444	single nucleotide variant	NM_001849.4(COL6A2):c.802-250T>G	1292	COL6A2	HGNC:2212	Benign	0	Jun 14, 2018	8133910	-	RCV000838850
3871650	single nucleotide variant	NM_001458.5(FLNC):c.2929+19A>G	2318	FLNC	HGNC:3756	Likely benign	0	Feb 16, 2024	-1	-	RCV006621153
1254970	single nucleotide variant	NM_003972.3(BTAF1):c.991-275T>C	9044	BTAF1	HGNC:17307	Benign	0	Nov 10, 2018	12266974	-	RCV001668029
1532061	single nucleotide variant	NM_002972.4(SBF1):c.4369-16C>T	6305	SBF1	HGNC:10542	Likely benign	0	Jul 13, 2021	776900856	-	RCV002125468
2805988	single nucleotide variant	NM_002249.6(KCNN3):c.139C>T (p.Pro47Ser)	3782	KCNN3	HGNC:6292	Likely benign	0	Jul 01, 2025	189948752	-	RCV003409074
2043022	single nucleotide variant	NM_020708.5(SLC12A5):c.1238-10T>C	57468	SLC12A5	HGNC:13818	Likely benign	0	Jul 04, 2022	1455732285	-	RCV002770493
3860792	single nucleotide variant	NM_025179.4(PLXNA2):c.3891G>A (p.Gln1297=)	5362	PLXNA2	HGNC:9100	Likely benign	0	Feb 17, 2025	-1	-	RCV005196320
2760295	single nucleotide variant	NM_004336.5(BUB1):c.2838C>T (p.Asp946=)	699	BUB1	HGNC:1148	Likely benign	0	Jul 15, 2023	373249621	-	RCV004334219
2033256	single nucleotide variant	NM_002137.4(HNRNPA2B1):c.117+11T>G	3181	HNRNPA2B1	HGNC:5033	Likely benign	0	Oct 22, 2022	778153569	-	RCV002730810
1182880	single nucleotide variant	NM_001103.4(ACTN2):c.783+681G>A	88	ACTN2	HGNC:164	Likely benign	0	Jun 26, 2018	3768124	-	RCV001558727
1228618	single nucleotide variant	NM_014140.4(SMARCAL1):c.862+183G>A	50485	SMARCAL1	HGNC:11102	Benign	0	May 04, 2020	73072255	-	RCV001638606
2904088	single nucleotide variant	NM_016216.4(DBR1):c.1110T>C (p.Phe370=)	51163	DBR1	HGNC:15594	Likely benign	0	Jul 22, 2023	2472960450	-	RCV003568267
1121448	single nucleotide variant	NM_000256.3(MYBPC3):c.2019C>A (p.Ile673=)	4607	MYBPC3	HGNC:7551	Likely benign	0	Jun 15, 2025	746263346	-	RCV001464538|RCV004988640
256913	single nucleotide variant	NM_000540.3(RYR1):c.1440+47G>A	6261	RYR1	HGNC:10483	Likely benign	0	Jul 06, 2018	202063918	-	RCV000249361|RCV000721365
4125593	single nucleotide variant	NM_001012446.4(FAM221B):c.1187G>A (p.Ser396Asn)	392307	FAM221B	HGNC:30762	Likely benign	0	Apr 06, 2025	-1	-	RCV005565957
1535698	single nucleotide variant	NM_000395.3(CSF2RB):c.459T>C (p.Ser153=)	1439	CSF2RB	HGNC:2436	Likely benign	0	Apr 22, 2023	1279144353	-	RCV002168356
3999425	single nucleotide variant	NM_000483.5(APOC2):c.249C>T (p.Ser83=)	344	APOC2	HGNC:609	Likely benign	0	Dec 28, 2024	-1	-	RCV005388701
1139973	single nucleotide variant	NM_032888.4(COL27A1):c.1829C>T (p.Ser610Leu)	85301	COL27A1	HGNC:22986	Likely benign	0	Jan 06, 2026	144786117	-	RCV001489677|RCV006792661
3114070	single nucleotide variant	NM_004370.6(COL12A1):c.5633A>G (p.Tyr1878Cys)	1303	COL12A1	HGNC:2188	Likely benign	0	Nov 17, 2025	746619115	-	RCV003802484
1114158	single nucleotide variant	NM_000094.4(COL7A1):c.2587+10G>A	1294	COL7A1	HGNC:2214	Likely benign	0	Dec 17, 2019	754280379	-	RCV001465571
3365139	single nucleotide variant	NM_001002034.3(PHETA2):c.706G>A (p.Val236Met)	150368	PHETA2	HGNC:27161	Likely benign	0	Jan 26, 2022	139658669	-	RCV004500985
2097746	single nucleotide variant	NM_000033.4(ABCD1):c.701G>A (p.Arg234His)	215	ABCD1	HGNC:61	Likely benign	0	Dec 16, 2024	782723557	-	RCV002885618
1948217	single nucleotide variant	NM_005883.3(APC2):c.489C>T (p.Ser163=)	10297	APC2	HGNC:24036	Likely benign	0	Mar 01, 2025	750899180	-	RCV003118373
243209	single nucleotide variant	NM_003072.5(SMARCA4):c.4035G>A (p.Ser1345=)	6597	SMARCA4	HGNC:11100	Likely benign	0	May 27, 2025	878854220	-	RCV000233404|RCV000570372|RCV003947757
4068574	single nucleotide variant	NM_018968.4(SNTG2):c.349G>A (p.Val117Ile)	54221	SNTG2	HGNC:13741	Likely benign	0	May 02, 2025	-1	-	RCV005491180
1827129	single nucleotide variant	NM_007194.4(CHEK2):c.1500T>G (p.Ser500=)	11200	CHEK2	HGNC:16627	Benign/Likely benign	0	Oct 08, 2024	1057521300	-	RCV002389940|RCV005248709
365201	single nucleotide variant	NM_020631.6(PLEKHG5):c.186G>A (p.Lys62=)	57449	PLEKHG5	HGNC:29105	Likely benign	0	Dec 29, 2025	372405586	-	RCV000645451|RCV001720096|RCV002411322
1614322	single nucleotide variant	NM_001134407.3(GRIN2A):c.1695G>C (p.Leu565=)	2903	GRIN2A	HGNC:4585	Likely benign	0	Sep 10, 2023	1485070079	-	RCV002163603
3053437	single nucleotide variant	NM_003982.4(SLC7A7):c.895-14T>C	9056	SLC7A7	HGNC:11065	Likely benign	0	Jul 08, 2023	1471954692	-	RCV003617120
1219201	single nucleotide variant	NM_004963.4(GUCY2C):c.2249+200C>A	2984	GUCY2C	HGNC:4688	Benign	0	Jun 20, 2021	7955382	-	RCV001614953
3816785	single nucleotide variant	NC_000001.11:g.39084233T>C	23499	MACF1	HGNC:13664	Likely benign	0	Aug 01, 2024	-1	-	RCV005146358
2934223	single nucleotide variant	NM_000527.5(LDLR):c.68-13T>G	3949	LDLR	HGNC:6547	Likely benign	0	Nov 20, 2023	531778018	-	RCV003582090
2083425	single nucleotide variant	NM_001369.3(DNAH5):c.9546T>C (p.Ile3182=)	1767	DNAH5	HGNC:2950	Likely benign	0	Aug 05, 2022	761116750	-	RCV002862823
391011	single nucleotide variant	NM_001035.3(RYR2):c.714T>C (p.His238=)	6262	RYR2	HGNC:10484	Likely benign	0	Mar 20, 2018	376541511	-	RCV005208833
733135	single nucleotide variant	NM_004044.7(ATIC):c.435G>A (p.Val145=)	471	ATIC	HGNC:794	Likely benign	0	Aug 12, 2025	149803312	-	RCV000904278|RCV003950626
1800457	single nucleotide variant	NM_015627.3(LDLRAP1):c.574G>A (p.Val192Ile)	26119	LDLRAP1	HGNC:18640	Likely benign	0	Feb 26, 2024	901050187	-	RCV002349921
1073119	single nucleotide variant	NM_005654.6(NR2F1):c.765C>G (p.Thr255=)	7025	NR2F1	HGNC:7975	Likely benign	0	Feb 23, 2021	778504524	-	RCV001400041
2057256	single nucleotide variant	NM_144631.6(ZNF513):c.1176C>T (p.Arg392=)	130557	ZNF513	HGNC:26498	Likely benign	0	May 27, 2022	2465620343	-	RCV002797104
4264252	single nucleotide variant	NM_003579.4(RAD54L):c.2038C>T (p.His680Tyr)	8438	RAD54L	HGNC:9826	Likely benign	0	Aug 10, 2025	-1	-	RCV005711157
3134309	single nucleotide variant	NM_001378418.1(TCF20):c.5733G>A (p.Pro1911=)	6942	TCF20	HGNC:11631	Likely benign	0	May 12, 2025	778906412	-	RCV003836911
3184140	single nucleotide variant	NM_002778.4(PSAP):c.1539+18C>A	5660	PSAP	HGNC:9498	Likely benign	0	Jul 06, 2024	2494492271	-	RCV003882723
5015960	single nucleotide variant	NM_001174096.2(ZEB1):c.2037A>G (p.Gln679=)	6935	ZEB1	HGNC:11642	Likely benign	0	Oct 08, 2024	-1	-	RCV006815454
1647178	single nucleotide variant	NM_022916.6(VPS33A):c.1563C>T (p.Pro521=)	65082	VPS33A	HGNC:18179	Likely benign	0	Apr 23, 2021	1471835706	-	RCV002129158
3203121	single nucleotide variant	NM_012242.4(DKK1):c.359G>T (p.Arg120Leu)	22943	DKK1	HGNC:2891	Likely benign	0	Dec 28, 2022	149268042	-	RCV003914166
2891757	single nucleotide variant	NM_015073.3(SIPA1L3):c.2193C>T (p.Gly731=)	23094	SIPA1L3	HGNC:23801	Likely benign	0	Jan 18, 2024	746174616	-	RCV003559005
4876186	single nucleotide variant	NM_004859.4(CLTC):c.204A>C (p.Ala68=)	1213	CLTC	HGNC:2092	Likely benign	0	Apr 09, 2025	-1	-	RCV006582322
690665	single nucleotide variant	NM_001256864.2(DNAJC6):c.1182A>G (p.Leu394=)	9829	DNAJC6	HGNC:15469	Likely benign	0	Jul 16, 2025	148145327	-	RCV000877574|RCV003411869|RCV003955759
2942400	single nucleotide variant	NM_000048.4(ASL):c.656-7C>T	435	ASL	HGNC:746	Likely benign	0	Sep 15, 2023	375719771	-	RCV003603335
3169731	single nucleotide variant	NM_173689.7(CRB2):c.3634-13G>A	286204	CRB2	HGNC:18688	Likely benign	0	Mar 29, 2023	181069668	-	RCV003862330
302506	single nucleotide variant	NM_080680.3(COL11A2):c.*925G>A	1302	COL11A2	HGNC:2187	Likely benign	0	Jan 13, 2018	117470046	-	RCV000293764|RCV000333687
1180421	single nucleotide variant	NM_201378.4(PLEC):c.71-3528G>A	5339	PLEC	HGNC:9069	Likely benign	0	Aug 19, 2020	529669452	-	RCV001549388
470336	single nucleotide variant	NM_003072.5(SMARCA4):c.4905A>G (p.Gln1635=)	6597	SMARCA4	HGNC:11100	Likely benign	0	Jan 06, 2025	908806258	-	RCV002341391|RCV000543622
1556543	single nucleotide variant	NM_000182.5(HADHA):c.919-10T>C	3030	HADHA	HGNC:4801	Likely benign	0	Oct 16, 2024	2147768564	-	RCV002111727
4888742	single nucleotide variant	NM_024494.3(WNT2B):c.750C>G (p.Thr250=)	7482	WNT2B	HGNC:12781	Likely benign	0	Apr 19, 2025	-1	-	RCV006593806
1963017	single nucleotide variant	NM_018896.5(CACNA1G):c.1047+12T>C	8913	CACNA1G	HGNC:1394	Benign/Likely benign	0	Sep 21, 2025	376691340	-	RCV002572468|RCV006880786
2829282	single nucleotide variant	NM_001504.2(CXCR3):c.875G>A (p.Arg292Gln)	2833	CXCR3	HGNC:4540	Likely benign	0	Mar 01, 2023	139226823	-	RCV003439618
4923935	single nucleotide variant	NM_001458.5(FLNC):c.5929C>T (p.Leu1977=)	2318	FLNC	HGNC:3756	Likely benign	0	May 07, 2025	-1	-	RCV006630814
2974802	single nucleotide variant	NM_000376.3(VDR):c.1008C>T (p.Ile336=)	7421	VDR	HGNC:12679	Likely benign	0	Dec 02, 2022	2539968247	-	RCV003684478
2362985	single nucleotide variant	NM_001127255.2(NLRP7):c.1693G>A (p.Val565Met)	199713	NLRP7	HGNC:22947	Likely benign	0	Aug 09, 2021	775903122	-	RCV002666467
2935505	single nucleotide variant	NM_000465.4(BARD1):c.1812A>C (p.Val604=)	580	BARD1	HGNC:952	Likely benign	0	Dec 24, 2022	2469338624	-	RCV003585965
824484	single nucleotide variant	NM_000350.3(ABCA4):c.2415C>T (p.Gly805=)	24	ABCA4	HGNC:34	Likely benign	0	Jul 17, 2023	754658763	-	RCV001065024
1533024	single nucleotide variant	NM_206933.4(USH2A):c.9954T>A (p.Leu3318=)	7399	USH2A	HGNC:12601	Likely benign	0	May 13, 2022	2102778470	-	RCV002156881
3763469	single nucleotide variant	NM_002528.7(NTHL1):c.354+10G>A	4913	NTHL1	HGNC:8028	Likely benign	0	May 27, 2025	-1	-	RCV005111049
279114	single nucleotide variant	NM_003238.6(TGFB2):c.*1310C>T	7042	TGFB2	HGNC:11768	Benign	0	Jan 13, 2018	1418556	-	RCV000380602|RCV004713615
251969	single nucleotide variant	NM_000163.5(GHR):c.785-9G>A	2690	GHR	HGNC:4263	Benign/Likely benign	0	May 11, 2026	34190075	-	RCV000243184|RCV000278778|RCV000865495
2030192	single nucleotide variant	NM_018192.4(P3H2):c.1189-12G>T	55214	P3H2	HGNC:19317	Likely benign	0	Jul 20, 2022	773116869	-	RCV002746355
268766	single nucleotide variant	NM_014918.5(CHSY1):c.1218C>T (p.Asp406=)	22856	CHSY1	HGNC:17198	Benign/Likely benign	0	Jun 01, 2026	113219895	-	RCV000338568|RCV000642106|RCV001552542
5027131	single nucleotide variant	NM_001292063.2(OTOG):c.6459G>A (p.Pro2153=)	340990	OTOG	HGNC:8516	Likely benign	0	Jan 02, 2020	-1	-	RCV006829534
2060189	single nucleotide variant	NM_172364.5(CACNA2D4):c.537C>T (p.Asn179=)	93589	CACNA2D4	HGNC:20202	Likely benign	0	May 25, 2022	2497330676	-	RCV002796872
1635532	single nucleotide variant	NM_001080517.3(SETD5):c.2592G>A (p.Lys864=)	55209	SETD5	HGNC:25566	Likely benign	0	Jan 24, 2023	1358795259	-	RCV002201346
1098337	single nucleotide variant	NM_033305.3(VPS13A):c.8874A>G (p.Glu2958=)	23230	VPS13A	HGNC:1908	Likely benign	0	Nov 05, 2019	2131587813	-	RCV001441493
1278526	single nucleotide variant	NM_004356.4(CD81):c.561+70G>T	975	CD81	HGNC:1701	Benign	0	Nov 10, 2018	11022606	-	RCV001709141
1975487	single nucleotide variant	NM_003070.5(SMARCA2):c.2643G>C (p.Gly881=)	6595	SMARCA2	HGNC:11098	Likely benign	0	Dec 01, 2023	148360213	-	RCV002591166
1274327	single nucleotide variant	NM_001267550.2(TTN):c.7331-11T>C	7273	TTN	HGNC:12403	Likely benign	0	Nov 10, 2025	1198109375	-	RCV001703331|RCV001699658|RCV002073274
737131	single nucleotide variant	NM_021111.3(RECK):c.1304A>G (p.Asp435Gly)	8434	RECK	HGNC:11345	Likely benign	0	Jul 31, 2018	556592531	-	RCV000904287
2825115	single nucleotide variant	NM_021627.3(SENP2):c.818-4A>G	59343	SENP2	HGNC:23116	Likely benign	0	May 01, 2023	183052599	-	RCV003439078
1119297	single nucleotide variant	NM_001130438.3(SPTAN1):c.837C>T (p.Ala279=)	6709	SPTAN1	HGNC:11273	Likely benign	0	Jun 13, 2019	200243332	-	RCV006467389
1880966	single nucleotide variant	NM_001166114.2(PNPLA6):c.316-16G>A	10908	PNPLA6	HGNC:16268	Likely benign	0	Jan 15, 2025	753859800	-	RCV003068874
1144120	single nucleotide variant	NM_000059.4(BRCA2):c.855G>A (p.Lys285=)	675	BRCA2	HGNC:1101	Likely benign	0	Aug 03, 2020	1389778857	-	RCV001504005
3885108	single nucleotide variant	NM_000019.4(ACAT1):c.731-39T>C	38	ACAT1	HGNC:93	Likely benign	0	Feb 19, 2025	-1	-	RCV005238720
3038273	single nucleotide variant	NM_018052.5(VAC14):c.487-11C>G	55697	VAC14	HGNC:25507	Likely benign	0	May 27, 2023	1038157729	-	RCV003714525
1844705	single nucleotide variant	NM_020778.5(ALPK3):c.1743T>C (p.Ser581=)	57538	ALPK3	HGNC:17574	Likely benign	0	Apr 16, 2020	2141567147	-	RCV002448358
1814369	single nucleotide variant	NM_001267550.2(TTN):c.8892G>A (p.Leu2964=)	7273	TTN	HGNC:12403	Likely benign	0	Nov 27, 2024	2091176158	-	RCV002373565|RCV005215867
2864976	single nucleotide variant	NM_007259.5(VPS45):c.1533C>T (p.Thr511=)	11311	VPS45	HGNC:14579	Likely benign	0	Nov 20, 2023	2526303827	-	RCV003582196
2920993	single nucleotide variant	NM_014714.4(IFT140):c.1950C>T (p.Asn650=)	9742	IFT140	HGNC:29077	Likely benign	0	Sep 01, 2023	1384330278	-	RCV003531280
666927	single nucleotide variant	NM_018838.4(NDUFA12):c.-301G>A	55967	NDUFA12	HGNC:23987	Benign	0	Jun 14, 2018	835045	-	RCV000828583
1936145	single nucleotide variant	NR_157580.1:n.332C>T	-1	-	-	Likely benign	0	Jun 01, 2023	117931496	-	RCV002511800
2150224	single nucleotide variant	NM_003136.4(SRP54):c.666T>C (p.Asp222=)	6729	SRP54	HGNC:11301	Likely benign	0	Aug 22, 2023	2502760387	-	RCV003018892
5014434	single nucleotide variant	NM_020361.5(CPA6):c.317+7A>G	57094	CPA6	HGNC:17245	Likely benign	0	Apr 26, 2023	-1	-	RCV006801155
1273917	single nucleotide variant	NM_152383.5(DIS3L2):c.1124+269A>T	129563	DIS3L2	HGNC:28648	Benign	0	Jan 10, 2019	723317	-	RCV001698714
1189850	single nucleotide variant	NM_001244008.2(KIF1A):c.1684+118C>T	547	KIF1A	HGNC:888	Likely benign	0	Jul 31, 2018	115670971	-	RCV001565733
3820296	single nucleotide variant	NM_001242896.3(DEPDC5):c.4204-13T>C	9681	DEPDC5	HGNC:18423	Likely benign	0	Feb 22, 2024	-1	-	RCV005170073
656214	single nucleotide variant	NM_032229.3(SLITRK6):c.423G>A (p.Leu141=)	84189	SLITRK6	HGNC:23503	Likely benign	0	Feb 18, 2025	768314544	-	RCV000839929
1217587	single nucleotide variant	NM_001368882.1(COL13A1):c.1798-162A>G	1305	COL13A1	HGNC:2190	Benign	0	May 11, 2021	3750782	-	RCV001615598
1148408	single nucleotide variant	NM_003072.5(SMARCA4):c.2617-8G>T	6597	SMARCA4	HGNC:11100	Likely benign	0	May 06, 2024	369658986	-	RCV001495493
3865382	single nucleotide variant	NM_001127649.3(PEX26):c.178C>A (p.Arg60=)	55670	PEX26	HGNC:22965	Likely benign	0	Dec 31, 2024	-1	-	RCV005219505
4902426	single nucleotide variant	NM_001267550.2(TTN):c.55121-11T>C	7273	TTN	HGNC:12403	Likely benign	0	Dec 20, 2025	-1	-	RCV006604970
3738055	single nucleotide variant	NM_004174.4(SLC9A3):c.345C>T (p.Phe115=)	6550	SLC9A3	HGNC:11073	Likely benign	0	Nov 29, 2024	-1	-	RCV005074654
664728	single nucleotide variant	NM_006393.3(NEBL):c.903+260C>T	10529	NEBL	HGNC:16932	Likely benign	0	Jun 16, 2018	71524337	-	RCV000828497
1820608	single nucleotide variant	NM_001365951.3(KIF1B):c.852C>G (p.Ala284=)	23095	KIF1B	HGNC:16636	Likely benign	0	Nov 09, 2020	1648842141	-	RCV004056226
4872863	single nucleotide variant	NM_000081.4(LYST):c.3276A>G (p.Thr1092=)	1130	LYST	HGNC:1968	Likely benign	0	Oct 24, 2025	-1	-	RCV006571575
1586076	single nucleotide variant	NM_000372.5(TYR):c.1185-19A>G	7299	TYR	HGNC:12442	Likely benign	0	Dec 06, 2025	201228823	-	RCV002153357|RCV006821480
3870475	single nucleotide variant	NM_139058.3(ARX):c.1551G>A (p.Leu517=)	170302	ARX	HGNC:18060	Likely benign	0	Oct 12, 2024	-1	-	RCV005221526
4932005	single nucleotide variant	NM_001024383.2(NAV3):c.2024-12803A>G	89795	NAV3	HGNC:15998	Likely benign	0	Jan 01, 2026	-1	-	RCV006653841
4117731	single nucleotide variant	NM_000020.3(ACVRL1):c.189C>G (p.Pro63=)	94	ACVRL1	HGNC:175	Likely benign	0	Apr 24, 2025	-1	-	RCV005539587
669977	single nucleotide variant	NM_004006.3(DMD):c.7543-156C>G	1756	DMD	HGNC:2928	Benign	0	Jun 19, 2018	5927823	-	RCV000833135
1115517	single nucleotide variant	NM_001903.5(CTNNA1):c.1689T>C (p.Tyr563=)	1495	CTNNA1	HGNC:2509	Benign/Likely benign	0	Nov 05, 2025	773645419	-	RCV001474965|RCV002405121|RCV005247158
3782976	single nucleotide variant	NM_031407.7(HUWE1):c.5002-12T>C	10075	HUWE1	HGNC:30892	Likely benign	0	Jun 10, 2024	-1	-	RCV005126996
1311890	single nucleotide variant	NM_005908.4(MANBA):c.961-50T>C	4126	MANBA	HGNC:6831	Likely benign	0	May 13, 2021	55654958	-	RCV001779700
1106967	single nucleotide variant	NM_001174089.2(SLC4A11):c.228G>A (p.Gln76=)	83959	SLC4A11	HGNC:16438	Likely benign	0	Oct 18, 2023	538245352	-	RCV001425495
1196999	single nucleotide variant	NM_052989.3(IFT122):c.3391+142C>T	55764	IFT122	HGNC:13556	Likely benign	0	Mar 31, 2019	78304877	-	RCV001574294
4911759	single nucleotide variant	NM_005202.4(COL8A2):c.546G>T (p.Gly182=)	1296	COL8A2	HGNC:2216	Benign	0	May 13, 2025	-1	-	RCV006614011
5046294	single nucleotide variant	NM_001250.6(CD40):c.560-140C>T	958	CD40	HGNC:11919	Likely benign	0	Sep 15, 2022	-1	-	RCV006897275
1171816	single nucleotide variant	NM_006096.4(NDRG1):c.-18-191T>C	10397	NDRG1	HGNC:7679	Benign	0	Aug 14, 2018	73708718	-	RCV001540101
1077731	single nucleotide variant	NM_014633.5(CTR9):c.2145A>G (p.Gln715=)	9646	CTR9	HGNC:16850	Likely benign	0	Nov 21, 2019	1863121582	-	RCV001414653
3038449	single nucleotide variant	NM_001174089.2(SLC4A11):c.1449C>T (p.Ser483=)	83959	SLC4A11	HGNC:16438	Likely benign	0	Oct 06, 2023	756730972	-	RCV003707529
2091195	single nucleotide variant	NM_004006.3(DMD):c.4071+18A>T	1756	DMD	HGNC:2928	Likely benign	0	Dec 13, 2021	2148192779	-	RCV002900119
3138597	single nucleotide variant	NM_004341.5(CAD):c.83-9T>C	790	CAD	HGNC:1424	Likely benign	0	Nov 10, 2023	771925815	-	RCV003832442
1134598	single nucleotide variant	NM_001370658.1(BTD):c.183G>A (p.Glu61=)	686	BTD	HGNC:1122	Likely benign	0	Jan 05, 2025	753816877	-	RCV001487131
4644990	single nucleotide variant	NM_022053.4(NXF2):c.255C>T (p.Cys85=)	56001	NXF2	HGNC:8072	Likely benign	0	Mar 01, 2026	-1	-	RCV006265681
3037265	single nucleotide variant	NM_001365999.1(SZT2):c.4309-7A>G	23334	SZT2	HGNC:29040	Likely benign	0	Nov 27, 2023	1164345135	-	RCV003708364
751431	single nucleotide variant	NM_014908.4(DOLK):c.244T>C (p.Leu82=)	22845	DOLK	HGNC:23406	Likely benign	0	Feb 07, 2020	1588262895	-	RCV001498022
1225936	single nucleotide variant	NM_001142864.4(PIEZO1):c.3197-136C>G	9780	PIEZO1	HGNC:28993	Benign	0	Jul 06, 2018	77726535	-	RCV001618097
2465613	single nucleotide variant	NM_001999.4(FBN2):c.7554G>A (p.Pro2518=)	2201	FBN2	HGNC:3604	Benign/Likely benign	0	Jul 28, 2025	202192296	-	RCV003216518|RCV003525377|RCV006976238
978047	single nucleotide variant	NM_004453.4(ETFDH):c.1449G>A (p.Pro483=)	2110	ETFDH	HGNC:3483	Likely benign	0	Sep 23, 2025	143873407	-	RCV001279058
1145311	single nucleotide variant	NM_001101362.3(KBTBD13):c.24G>A (p.Leu8=)	390594	KBTBD13	HGNC:37227	Likely benign	0	Jan 14, 2026	753529968	-	RCV001499207
3151094	single nucleotide variant	NM_001003722.2(GLE1):c.643-11C>G	2733	GLE1	HGNC:4315	Likely benign	0	Dec 14, 2023	751017409	-	RCV003847519
2067116	single nucleotide variant	NM_014844.5(TECPR2):c.850T>C (p.Leu284=)	9895	TECPR2	HGNC:19957	Likely benign	0	Jun 25, 2022	746798798	-	RCV002833994
1107809	single nucleotide variant	NM_020461.4(TUBGCP6):c.4506C>T (p.Ala1502=)	85378	TUBGCP6	HGNC:18127	Likely benign	0	Sep 28, 2025	199819496	-	RCV001445942
2823117	single nucleotide variant	NM_021994.3(ZNF277):c.495A>G (p.Glu165=)	11179	ZNF277	HGNC:13070	Likely benign	0	Aug 01, 2023	138489628	-	RCV003423751
4895772	single nucleotide variant	NM_201384.3(PLEC):c.6414G>A (p.Leu2138=)	5339	PLEC	HGNC:9069	Likely benign	0	Jan 07, 2026	-1	-	RCV006601909
1530043	single nucleotide variant	NM_001378778.1(MPDZ):c.813C>A (p.Ile271=)	8777	MPDZ	HGNC:7208	Likely benign	0	Jun 29, 2021	1174654882	-	RCV002196524
1080643	single nucleotide variant	NM_015346.4(ZFYVE26):c.5688C>T (p.Tyr1896=)	23503	ZFYVE26	HGNC:20761	Likely benign	0	Oct 02, 2020	2140201384	-	RCV001409826
2948633	single nucleotide variant	NM_002067.5(GNA11):c.137-20T>C	2767	GNA11	HGNC:4379	Likely benign	0	Apr 11, 2023	779008056	-	RCV003664285
400184	single nucleotide variant	NM_177438.3(DICER1):c.514T>C (p.Leu172=)	23405	DICER1	HGNC:17098	Benign/Likely benign	0	Apr 15, 2026	1060504972	-	RCV001023620|RCV001485602|RCV004722809
2946210	single nucleotide variant	NM_022081.6(HPS4):c.1923C>T (p.Ala641=)	89781	HPS4	HGNC:15844	Likely benign	0	Mar 08, 2023	377050180	-	RCV003663184
3039112	single nucleotide variant	NM_033380.3(COL4A5):c.4087+19G>A	1287	COL4A5	HGNC:2207	Likely benign	0	Nov 28, 2023	1302582927	-	RCV003715218
1998058	single nucleotide variant	NM_020832.3(ZNF687):c.1920C>A (p.Ile640=)	57592	ZNF687	HGNC:29277	Likely benign	0	Jan 06, 2025	145603153	-	RCV002647119
1073794	single nucleotide variant	NM_001374736.1(DST):c.2859+8C>T	667	DST	HGNC:1090	Likely benign	0	Nov 15, 2022	774279266	-	RCV001396204
1114470	single nucleotide variant	NM_000203.5(IDUA):c.1929G>A (p.Val643=)	3425	IDUA	HGNC:5391	Likely benign	0	Apr 02, 2024	147163995	-	RCV001478430
1615799	single nucleotide variant	NM_012330.4(KAT6B):c.5298G>A (p.Leu1766=)	23522	KAT6B	HGNC:17582	Likely benign	0	Nov 05, 2024	2134247976	-	RCV002158935
1933156	single nucleotide variant	NM_006258.4(PRKG1):c.2004T>G (p.Pro668=)	5592	PRKG1	HGNC:9414	Likely benign	0	Aug 13, 2024	1210537677	-	RCV002651124
658486	single nucleotide variant	NM_001267550.2(TTN):c.28463-120G>A	7273	TTN	HGNC:12403	Likely benign	0	Jun 14, 2018	78637447	-	RCV000835010
3198441	single nucleotide variant	NM_001127392.3(MYRF):c.2595G>A (p.Ser865=)	745	MYRF	HGNC:1181	Likely benign	0	Nov 27, 2024	147865358	-	RCV004536935|RCV006807620
3065444	single nucleotide variant	NM_001277115.2(DNAH11):c.12718G>A (p.Gly4240Ser)	8701	DNAH11	HGNC:2942	Benign	0	Mar 24, 2024	1276904320	-	RCV003651580
748708	single nucleotide variant	NM_001130698.2(TRPC3):c.2127C>A (p.Leu709=)	7222	TRPC3	HGNC:12335	Likely benign	0	Jan 23, 2026	140365543	-	RCV000912000
1562304	single nucleotide variant	NM_001297.5(CNGB1):c.412+12G>A	1258	CNGB1	HGNC:2151	Likely benign	0	Jan 20, 2026	573010503	-	RCV002169076
657142	single nucleotide variant	NM_000702.4(ATP1A2):c.177+305G>A	477	ATP1A2	HGNC:800	Benign	0	Jun 19, 2018	58313172	-	RCV000827944
2874655	single nucleotide variant	NM_000137.4(FAH):c.501G>T (p.Val167=)	2184	FAH	HGNC:3579	Likely benign	0	Jul 14, 2025	2142097935	-	RCV003518153
4910432	single nucleotide variant	NM_001931.5(DLAT):c.1514+11C>T	1737	DLAT	HGNC:2896	Likely benign	0	Oct 02, 2025	-1	-	RCV006623799
750819	single nucleotide variant	NM_001348946.2(ABCB1):c.738G>A (p.Ala246=)	5243	ABCB1	HGNC:40	Likely benign	0	Mar 29, 2018	28381867	-	RCV000911726|RCV003932988
2367791	single nucleotide variant	NM_003437.5(ZNF136):c.176G>A (p.Arg59Gln)	7695	ZNF136	HGNC:12920	Likely benign	0	Aug 13, 2021	147268850	-	RCV004222908
2970535	single nucleotide variant	NM_004153.4(ORC1):c.991A>C (p.Arg331=)	4998	ORC1	HGNC:8487	Likely benign	0	Jun 17, 2023	2524149405	-	RCV003679286
4910758	single nucleotide variant	NM_002693.3(POLG):c.2073A>G (p.Val691=)	5428	POLG	HGNC:9179	Likely benign	0	Jan 08, 2026	-1	-	RCV006623949
1116180	single nucleotide variant	NM_032119.4(ADGRV1):c.663C>T (p.Leu221=)	84059	ADGRV1	HGNC:17416	Likely benign	0	Jan 11, 2026	1185984328	-	RCV001452734
4893296	single nucleotide variant	NM_005733.3(KIF20A):c.2218-18C>T	10112	KIF20A	HGNC:9787	Likely benign	0	May 01, 2025	-1	-	RCV006597884
1259107	single nucleotide variant	NM_001382567.1(STIM1):c.1238+107A>C	6786	STIM1	HGNC:11386	Benign	0	Jul 07, 2018	2289571	-	RCV001684352
1128018	single nucleotide variant	NM_182919.4(TICAM1):c.507G>A (p.Ser169=)	148022	TICAM1	HGNC:18348	Likely benign	0	Jan 23, 2026	369799199	-	RCV001460400
1610304	single nucleotide variant	NM_000334.4(SCN4A):c.273+17G>C	6329	SCN4A	HGNC:10591	Benign	0	Jan 26, 2026	375940672	-	RCV002124890
1656356	single nucleotide variant	NM_017636.4(TRPM4):c.1212C>T (p.Asn404=)	54795	TRPM4	HGNC:17993	Likely benign	0	Oct 24, 2025	755499876	-	RCV002207407|RCV002352808
4809719	single nucleotide variant	NM_001189.4(NKX3-2):c.306G>A (p.Glu102=)	579	NKX3-2	HGNC:951	Likely benign	0	Aug 18, 2025	-1	-	RCV006481241
251968	single nucleotide variant	NM_000163.5(GHR):c.785-22G>A	2690	GHR	HGNC:4263	Benign	0	-	34223737	-	RCV000251385|RCV004717102
3137298	single nucleotide variant	NM_016111.4(TELO2):c.2226+7C>T	9894	TELO2	HGNC:29099	Likely benign	0	Jun 13, 2023	773496611	-	RCV003836261
1190292	single nucleotide variant	NM_002109.6(HARS1):c.*244A>G	3035	HARS1	HGNC:4816	Likely benign	0	May 18, 2020	565981033	-	RCV001565960
4906026	single nucleotide variant	NM_001366385.1(CARD14):c.225T>C (p.Asp75=)	79092	CARD14	HGNC:16446	Likely benign	0	Dec 01, 2025	-1	-	RCV006593663
1170779	single nucleotide variant	NM_000350.3(ABCA4):c.67-150G>A	24	ABCA4	HGNC:34	Benign	0	Jul 10, 2018	72960501	-	RCV001540563
1647592	single nucleotide variant	NM_001378454.1(ALMS1):c.7638G>A (p.Glu2546=)	7840	ALMS1	HGNC:428	Likely benign	0	Jul 02, 2021	1672035793	-	RCV002210448
3677919	single nucleotide variant	NM_024523.6(GCC1):c.2293A>G (p.Thr765Ala)	79571	GCC1	HGNC:19095	Likely benign	0	Sep 07, 2024	-1	-	RCV004925195
3794750	single nucleotide variant	NM_020800.3(IFT80):c.1644A>C (p.Thr548=)	57560	IFT80	HGNC:29262	Likely benign	0	Oct 03, 2024	-1	-	RCV005138655
705369	single nucleotide variant	NM_005481.3(MED16):c.1343G>A (p.Ser448Asn)	10025	MED16	HGNC:17556	Likely benign	0	Aug 15, 2017	200085016	-	RCV000959512
1660605	single nucleotide variant	NM_001080432.3(FTO):c.1476C>T (p.Ile492=)	79068	FTO	HGNC:24678	Likely benign	0	Jun 25, 2025	376687583	-	RCV002105946
4870176	single nucleotide variant	NM_000069.3(CACNA1S):c.3256-5C>G	779	CACNA1S	HGNC:1397	Likely benign	0	Jun 30, 2025	-1	-	RCV006552252
2913229	single nucleotide variant	NM_002439.5(MSH3):c.759A>G (p.Gly253=)	4437	MSH3	HGNC:7326	Likely benign	0	Oct 30, 2025	1561436303	-	RCV003563815|RCV006411872
1807143	single nucleotide variant	NM_052947.4(ALPK2):c.5865G>A (p.Lys1955=)	115701	ALPK2	HGNC:20565	Likely benign	0	Mar 16, 2020	1268922668	-	RCV004054202
3140747	single nucleotide variant	NM_000494.4(COL17A1):c.3070+11G>A	1308	COL17A1	HGNC:2194	Likely benign	0	May 05, 2023	2086324112	-	RCV003833710
1594150	single nucleotide variant	NM_006904.7(PRKDC):c.12182+19G>A	5591	PRKDC	HGNC:9413	Likely benign	0	Jun 20, 2025	1193061001	-	RCV002175840|RCV006792870
2892736	single nucleotide variant	NM_001352514.2(HLCS):c.2237-19A>G	3141	HLCS	HGNC:4976	Likely benign	0	Sep 02, 2025	951250484	-	RCV003499691
3317098	single nucleotide variant	NM_033630.3(SCAND1):c.241G>C (p.Val81Leu)	51282	SCAND1	HGNC:10566	Likely benign	0	Dec 19, 2023	955367115	-	RCV004452619
1259396	single nucleotide variant	NM_014263.4(YME1L1):c.2008-37A>G	10730	YME1L1	HGNC:12843	Benign	0	May 17, 2021	117297789	-	RCV001681170
1087994	single nucleotide variant	NM_001330723.2(SNX27):c.447G>A (p.Ser149=)	81609	SNX27	HGNC:20073	Likely benign	0	Apr 22, 2025	764587770	-	RCV001431480
3031181	single nucleotide variant	NM_080680.3(COL11A2):c.4977C>A (p.Ala1659=)	1302	COL11A2	HGNC:2187	Likely benign	0	Sep 12, 2023	2534377479	-	RCV003701195
3076843	single nucleotide variant	NM_153240.5(NPHP3):c.339C>G (p.Gly113=)	27031	NPHP3	HGNC:7907	Likely benign	0	Nov 19, 2023	1940241779	-	RCV003749722|RCV006950257
1534498	single nucleotide variant	NM_025114.4(CEP290):c.93C>G (p.Ser31=)	80184	CEP290	HGNC:29021	Likely benign	0	Nov 18, 2021	375955381	-	RCV002097257
4975510	single nucleotide variant	NM_020937.4(FANCM):c.5289C>T (p.Phe1763=)	57697	FANCM	HGNC:23168	Likely benign	0	Jun 13, 2026	-1	-	RCV006728562
4914817	single nucleotide variant	NM_000346.4(SOX9):c.984G>T (p.Pro328=)	6662	SOX9	HGNC:11204	Likely benign	0	May 17, 2025	-1	-	RCV006632357
3209526	single nucleotide variant	NM_213599.3(ANO5):c.2043A>G (p.Gly681=)	203859	ANO5	HGNC:27337	Likely benign	0	Mar 19, 2019	1260272035	-	RCV004543976
55541	single nucleotide variant	NM_032119.4(ADGRV1):c.7576A>G (p.Ile2526Val)	84059	ADGRV1	HGNC:17416	Benign	0	Feb 01, 2026	75191159	-	RCV000039632|RCV000710460|RCV001155422
2978726	single nucleotide variant	NM_198129.4(LAMA3):c.5304-10T>C	3909	LAMA3	HGNC:6483	Likely benign	0	Jul 14, 2023	1164778280	-	RCV003714235
2040332	single nucleotide variant	NM_000138.5(FBN1):c.1589-20T>G	2200	FBN1	HGNC:3603	Likely benign	0	Oct 27, 2022	916810794	-	RCV002790116
3171912	single nucleotide variant	NM_001001563.5(TIMM50):c.780C>T (p.Asn260=)	92609	TIMM50	HGNC:23656	Likely benign	0	Sep 02, 2025	762687046	-	RCV003872035
2034214	single nucleotide variant	NM_016030.6(TRAPPC12):c.1569C>T (p.Gly523=)	51112	TRAPPC12	HGNC:24284	Likely benign	0	Oct 15, 2024	750481986	-	RCV002731374
4119983	single nucleotide variant	NM_016507.4(CDK12):c.3213C>T (p.Thr1071=)	51755	CDK12	HGNC:24224	Likely benign	0	May 11, 2025	-1	-	RCV005531726
1807632	single nucleotide variant	NM_002432.3(MNDA):c.615T>C (p.Asn205=)	4332	MNDA	HGNC:7183	Likely benign	0	Nov 14, 2021	777212094	-	RCV004053340
2736311	single nucleotide variant	NM_030624.3(KLHL15):c.420A>G (p.Leu140=)	80311	KLHL15	HGNC:29347	Likely benign	0	Nov 25, 2024	367816998	-	RCV003312759|RCV006918224
3062752	single nucleotide variant	NM_004727.3(SLC24A1):c.2628A>G (p.Glu876=)	9187	SLC24A1	HGNC:10975	Likely benign	0	Sep 01, 2025	764396401	-	RCV003727226
3116173	single nucleotide variant	NM_001089.3(ABCA3):c.504A>G (p.Thr168=)	21	ABCA3	HGNC:33	Likely benign	0	Dec 20, 2023	147644885	-	RCV003814663
500463	single nucleotide variant	NM_018699.4(PRDM5):c.-34G>A	11107	PRDM5	HGNC:9349	Likely benign	0	Jul 24, 2017	1207928854	-	RCV000611625
3054860	single nucleotide variant	NM_025137.4(SPG11):c.5838C>G (p.Pro1946=)	80208	SPG11	HGNC:11226	Likely benign	0	Mar 17, 2024	755068950	-	RCV003600915
4933415	single nucleotide variant	NM_001005373.4(LRSAM1):c.1089-187G>A	90678	LRSAM1	HGNC:25135	Likely benign	0	Jan 01, 2026	-1	-	RCV006653268
733306	single nucleotide variant	NM_015650.4(IFT54):c.234C>T (p.Asp78=)	26146	IFT54	HGNC:17861	Likely benign	0	Sep 23, 2025	377098968	-	RCV000898751|RCV006952671
1880977	single nucleotide variant	NM_014324.6(AMACR):c.248-18C>G	23600	AMACR	HGNC:451	Likely benign	0	Oct 13, 2023	534775074	-	RCV003063503
752690	single nucleotide variant	NM_002334.4(LRP4):c.630C>T (p.Cys210=)	4038	LRP4	HGNC:6696	Likely benign	0	Mar 29, 2018	939571893	-	RCV000923519
3419954	single nucleotide variant	NM_002996.6(CX3CL1):c.619C>T (p.Pro207Ser)	6376	CX3CL1	HGNC:10647	Likely benign	0	May 07, 2024	-1	-	RCV004616177
4898268	single nucleotide variant	NM_004415.4(DSP):c.924A>G (p.Lys308=)	1832	DSP	HGNC:3052	Likely benign	0	Dec 13, 2025	-1	-	RCV006595280
1558347	single nucleotide variant	NM_198576.4(AGRN):c.2806-12T>C	375790	AGRN	HGNC:329	Likely benign	0	Aug 01, 2025	1570221858	-	RCV002128368
522661	single nucleotide variant	NM_003227.4(TFR2):c.1941G>T (p.Gly647=)	7036	TFR2	HGNC:11762	Benign/Likely benign	0	Apr 01, 2026	111760099	-	RCV000636251|RCV001164799|RCV004712914|RCV005900159|RCV006773307
769823	single nucleotide variant	NM_002863.5(PYGL):c.2343T>C (p.Tyr781=)	5836	PYGL	HGNC:9725	Likely benign	0	Jul 27, 2018	1596030395	-	RCV000933705
5004731	single nucleotide variant	NM_207305.5(FOXD4):c.614C>T (p.Pro205Leu)	2298	FOXD4	HGNC:3805	Likely benign	0	Nov 27, 2024	-1	-	RCV006793974
498734	single nucleotide variant	NM_000098.3(CPT2):c.1545C>T (p.Ala515=)	1376	CPT2	HGNC:2330	Benign/Likely benign	0	Jan 28, 2026	201663642	-	RCV000610881|RCV000876883|RCV003451409|RCV003451410|RCV003451411|RCV003451412|RCV005231161
3756421	single nucleotide variant	NM_138348.6(OTULIN):c.865-20C>T	90268	OTULIN	HGNC:25118	Likely benign	0	Jul 15, 2024	-1	-	RCV005079478
2912084	single nucleotide variant	NM_033004.4(NLRP1):c.546G>A (p.Val182=)	22861	NLRP1	HGNC:14374	Likely benign	0	Nov 07, 2023	2508121621	-	RCV003570670
1089216	single nucleotide variant	NM_015102.5(NPHP4):c.1914A>G (p.Leu638=)	261734	NPHP4	HGNC:19104	Likely benign	0	Jan 11, 2024	373607911	-	RCV001432028
1107927	single nucleotide variant	NM_001830.4(CLCN4):c.1662G>A (p.Ala554=)	1183	CLCN4	HGNC:2022	Likely benign	0	Jun 27, 2022	1417370574	-	RCV001429334
2818931	single nucleotide variant	NM_015690.5(STK36):c.2625A>C (p.Ser875=)	27148	STK36	HGNC:17209	Likely benign	0	Mar 01, 2023	756082874	-	RCV003429544
3307577	single nucleotide variant	NM_000038.6(APC):c.3564T>A (p.Pro1188=)	324	APC	HGNC:583	Benign	0	Mar 21, 2024	1367649227	-	RCV004566297
1857471	single nucleotide variant	NM_139076.3(ABRAXAS1):c.300C>T (p.Tyr100=)	84142	ABRAXAS1	HGNC:25829	Likely benign	0	Nov 07, 2020	2110039843	-	RCV004067434
1321538	single nucleotide variant	NM_001355436.2(SPTB):c.1773C>G (p.Thr591=)	6710	SPTB	HGNC:11274	Benign/Likely benign	0	Dec 18, 2023	565667858	-	RCV001811919
692270	single nucleotide variant	NM_000048.4(ASL):c.1029C>T (p.Leu343=)	435	ASL	HGNC:746	Likely benign	0	Jan 24, 2026	140532520	-	RCV000876175|RCV003424419
699503	single nucleotide variant	NM_007028.5(TRIM31):c.303G>A (p.Met101Ile)	11074	TRIM31	HGNC:16289	Benign	0	May 21, 2018	35521684	-	RCV000956374
1540895	single nucleotide variant	NM_015213.4(DENND5A):c.102G>A (p.Glu34=)	23258	DENND5A	HGNC:19344	Benign	0	Feb 03, 2026	75717840	-	RCV002190508
3878691	single nucleotide variant	NM_001283009.2(RTEL1):c.1801-13A>G	51750	RTEL1	HGNC:15888	Likely benign	0	May 06, 2024	-1	-	RCV005225061
521070	single nucleotide variant	NM_005219.5(DIAPH1):c.2005T>C (p.Leu669=)	1729	DIAPH1	HGNC:2876	Likely benign	0	Jul 05, 2022	1554208002	-	RCV000652784
4818554	single nucleotide variant	NM_024334.3(TMEM43):c.13-12C>G	79188	TMEM43	HGNC:28472	Likely benign	0	Jan 19, 2026	-1	-	RCV006498818
5067652	single nucleotide variant	NM_001272071.2(AP1S2):c.427-4757G>A	8905	AP1S2	HGNC:560	Likely benign	0	Nov 18, 2022	-1	-	RCV006912333
4839507	single nucleotide variant	NM_020693.4(DSCAML1):c.4164C>T (p.Arg1388=)	57453	DSCAML1	HGNC:14656	Likely benign	0	Oct 21, 2025	-1	-	RCV006514777
3044621	single nucleotide variant	NM_001044.5(SLC6A3):c.287-5C>T	6531	SLC6A3	HGNC:11049	Likely benign	0	Nov 02, 2024	1431372252	-	RCV003760174
3844549	single nucleotide variant	NM_001079.4(ZAP70):c.355C>A (p.Arg119=)	7535	ZAP70	HGNC:12858	Likely benign	0	Nov 12, 2024	-1	-	RCV006272036
1237617	single nucleotide variant	NM_015189.3(EXOC6B):c.1671T>C (p.Val557=)	23233	EXOC6B	HGNC:17085	Benign	0	Feb 03, 2026	653220	-	RCV001654466
366305	single nucleotide variant	NM_000465.4(BARD1):c.1678-20A>G	580	BARD1	HGNC:952	Benign/Likely benign	0	Jan 13, 2026	189401077	-	RCV000427308|RCV000580019|RCV002061343
462522	single nucleotide variant	NM_006231.4(POLE):c.4150-8C>A	5426	POLE	HGNC:9177	Likely benign	0	Jan 19, 2026	760355462	-	RCV003539939|RCV005357610
365606	single nucleotide variant	NM_001378120.1(MBD5):c.2502A>C (p.Gln834His)	55777	MBD5	HGNC:20444	Likely benign	0	Aug 03, 2025	147272790	-	RCV000645260|RCV001698286|RCV003959979
3605218	single nucleotide variant	NM_016038.4(SBDS):c.735A>G (p.Gly245=)	51119	SBDS	HGNC:19440	Likely benign	0	Dec 08, 2024	-1	-	RCV004954801
4989048	single nucleotide variant	NM_017649.5(CNNM2):c.1621+38430C>T	54805	CNNM2	HGNC:103	Likely benign	0	May 25, 2026	-1	-	RCV006738968
4848528	single nucleotide variant	NM_001385641.1(SAMD11):c.1536G>A (p.Arg512=)	148398	SAMD11	HGNC:28706	Likely benign	0	Mar 27, 2025	-1	-	RCV006527548
1612290	single nucleotide variant	NM_002972.4(SBF1):c.4555-20C>G	6305	SBF1	HGNC:10542	Likely benign	0	Aug 31, 2024	371564498	-	RCV002135618
1566966	single nucleotide variant	NM_022124.6(CDH23):c.1392G>T (p.Leu464=)	64072	CDH23	HGNC:13733	Likely benign	0	Jun 13, 2022	563624905	-	RCV002091172
1620243	single nucleotide variant	NM_000170.3(GLDC):c.713+8A>T	2731	GLDC	HGNC:4313	Likely benign	0	Nov 13, 2025	367971072	-	RCV002216456
1527341	single nucleotide variant	NM_006431.3(CCT2):c.1102+8A>G	10576	CCT2	HGNC:1615	Likely benign	0	Jul 12, 2022	2135858887	-	RCV002079654
1834151	single nucleotide variant	NM_002485.5(NBN):c.1633C>T (p.Leu545=)	4683	NBN	HGNC:7652	Likely benign	0	Oct 31, 2019	2488231559	-	RCV002394893
1930635	single nucleotide variant	NM_001330260.2(SCN8A):c.3646-11C>T	6334	SCN8A	HGNC:10596	Likely benign	0	May 27, 2025	763092046	-	RCV006472736
1533399	single nucleotide variant	NM_015259.6(ICOSLG):c.426C>G (p.Val142=)	23308	ICOSLG	HGNC:17087	Likely benign	0	Aug 20, 2021	2146342875	-	RCV002102489
2815160	single nucleotide variant	NM_174983.5(MFSD12):c.1112C>T (p.Ala371Val)	126321	MFSD12	HGNC:28299	Likely benign	0	Apr 01, 2022	567160205	-	RCV003421733
2828218	single nucleotide variant	NM_001128636.4(ELFN1):c.-1G>A	392617	ELFN1	HGNC:33154	Likely benign	0	Mar 01, 2023	752800060	-	RCV003423514
3808475	single nucleotide variant	NM_002476.2(MYL4):c.331C>T (p.Leu111=)	4635	MYL4	HGNC:7585	Likely benign	0	Jul 25, 2024	-1	-	RCV005155989
689354	single nucleotide variant	NM_000133.4(F9):c.730T>C (p.Leu244=)	2158	F9	HGNC:3551	Benign	0	Jan 27, 2026	765470577	-	RCV000867622|RCV001830896
3074718	single nucleotide variant	NM_000156.6(GAMT):c.369C>T (p.Thr123=)	2593	GAMT	HGNC:4136	Likely benign	0	May 19, 2023	2082620834	-	RCV003747636
577588	single nucleotide variant	NM_013275.6(ANKRD11):c.4344T>C (p.Tyr1448=)	29123	ANKRD11	HGNC:21316	Benign	0	May 11, 2026	61744778	-	RCV000710558|RCV001522390|RCV002312244|RCV006701642
1982566	single nucleotide variant	NM_014727.3(KMT2B):c.3059-7C>T	9757	KMT2B	HGNC:15840	Likely benign	0	Sep 27, 2022	762829600	-	RCV002622804
1117880	single nucleotide variant	NM_005228.5(EGFR):c.753C>T (p.Cys251=)	1956	EGFR	HGNC:3236	Likely benign	0	May 17, 2025	1031220918	-	RCV001458555|RCV005550360
2921161	single nucleotide variant	NM_001164508.2(NEB):c.7536+15T>C	4703	NEB	HGNC:7720	Likely benign	0	Sep 06, 2023	2552248303	-	RCV003515201
3774648	single nucleotide variant	NM_000540.3(RYR1):c.3556+13A>G	6261	RYR1	HGNC:10483	Likely benign	0	Feb 02, 2024	-1	-	RCV005117681
3032140	single nucleotide variant	NM_001366722.1(GRIP1):c.1977T>C (p.Asp659=)	23426	GRIP1	HGNC:18708	Likely benign	0	Jan 23, 2025	1260222578	-	RCV003709884
5049854	single nucleotide variant	NM_012156.2(EPB41L1):c.381T>C (p.Cys127=)	2036	EPB41L1	HGNC:3378	Likely benign	0	Dec 21, 2022	-1	-	RCV006918874
1069454	single nucleotide variant	NM_144631.6(ZNF513):c.94C>T (p.Leu32=)	130557	ZNF513	HGNC:26498	Likely benign	0	Mar 10, 2022	538745708	-	RCV001392901
4986696	single nucleotide variant	NM_000321.3(RB1):c.1421+26A>C	5925	RB1	HGNC:9884	Benign/Likely benign	0	Jun 24, 2026	-1	-	RCV006737492|RCV006837208
1080905	single nucleotide variant	NM_003384.3(VRK1):c.1160-7C>T	7443	VRK1	HGNC:12718	Likely benign	0	Jan 28, 2026	1251234541	-	RCV002551595
1997866	single nucleotide variant	NM_001101426.4(CRPPA):c.257+11G>A	729920	CRPPA	HGNC:37276	Likely benign	0	May 16, 2023	2546758801	-	RCV002653603
1197065	single nucleotide variant	NM_130837.3(OPA1):c.1608+138G>A	4976	OPA1	HGNC:8140	Likely benign	0	Jul 17, 2018	4638913	-	RCV001576669
686645	single nucleotide variant	NM_001369.3(DNAH5):c.4860C>T (p.Asp1620=)	1767	DNAH5	HGNC:2950	Likely benign	0	Dec 11, 2025	139447802	-	RCV000866382|RCV003908224|RCV006967568
4325666	single nucleotide variant	NM_182563.4(BRICD5):c.46A>G (p.Thr16Ala)	283870	BRICD5	HGNC:28309	Likely benign	0	Aug 13, 2025	-1	-	RCV005789286
483642	single nucleotide variant	NM_004656.4(BAP1):c.1968G>A (p.Lys656=)	8314	BAP1	HGNC:950	Benign/Likely benign	0	Nov 05, 2025	762396224	-	RCV000583203|RCV000946119|RCV003905502|RCV006260357
3197442	single nucleotide variant	NM_021224.6(ZNF462):c.5403C>T (p.Ser1801=)	58499	ZNF462	HGNC:21684	Likely benign	0	Nov 30, 2023	1303241839	-	RCV003982538
3729212	single nucleotide variant	NM_001080512.3(BICC1):c.1008C>A (p.Gly336=)	80114	BICC1	HGNC:19351	Likely benign	0	Jun 12, 2025	-1	-	RCV005043467|RCV005105310
4821877	single nucleotide variant	NM_000251.3(MSH2):c.1077-7A>C	4436	MSH2	HGNC:7325	Likely benign	0	Feb 26, 2025	-1	-	RCV006506163
4051349	single nucleotide variant	NM_000384.3(APOB):c.2604C>T (p.Asn868=)	338	APOB	HGNC:603	Likely benign	0	Apr 04, 2025	-1	-	RCV005468617
4812098	single nucleotide variant	NM_001079843.3(CASZ1):c.2064C>T (p.His688=)	54897	CASZ1	HGNC:26002	Benign	0	Apr 17, 2025	-1	-	RCV006475899
2020331	single nucleotide variant	NM_000836.4(GRIN2D):c.3270G>T (p.Pro1090=)	2906	GRIN2D	HGNC:4588	Likely benign	0	Jul 13, 2025	1244220139	-	RCV002691250
318877	single nucleotide variant	NM_206937.2(LIG4):c.2518A>G (p.Ile840Val)	3981	LIG4	HGNC:6601	Likely benign	0	Jan 25, 2026	200369995	-	RCV000321038|RCV000377962|RCV001820918
1526824	single nucleotide variant	NM_006087.4(TUBB4A):c.381C>T (p.Cys127=)	10382	TUBB4A	HGNC:20774	Likely benign	0	Oct 22, 2024	754136059	-	RCV002084456
1988148	single nucleotide variant	NM_001177316.2(SLC34A3):c.1581C>T (p.Leu527=)	142680	SLC34A3	HGNC:20305	Likely benign	0	Oct 30, 2025	554704709	-	RCV002618944
369578	single nucleotide variant	NM_018972.4(GDAP1):c.485-20C>G	54332	GDAP1	HGNC:15968	Benign	0	Jan 31, 2026	73345392	-	RCV000429602|RCV001173554|RCV001518242|RCV004712782
5014616	single nucleotide variant	NM_019098.5(CNGB3):c.1929-7C>T	54714	CNGB3	HGNC:2153	Likely benign	0	Oct 16, 2024	-1	-	RCV006780228
685701	single nucleotide variant	NM_015627.3(LDLRAP1):c.702C>T (p.Asp234=)	26119	LDLRAP1	HGNC:18640	Likely benign	0	Jul 14, 2025	1370019499	-	RCV000864909|RCV002363223
1537241	single nucleotide variant	NM_014141.6(CNTNAP2):c.3267C>T (p.Tyr1089=)	26047	CNTNAP2	HGNC:13830	Likely benign	0	Apr 21, 2021	569644838	-	RCV002149663
4816151	single nucleotide variant	NM_178822.5(IGSF10):c.324+19G>A	285313	IGSF10	HGNC:26384	Benign	0	Jul 03, 2025	-1	-	RCV006504508
4803550	single nucleotide variant	NM_001077446.4(TSEN34):c.846C>T (p.Thr282=)	79042	TSEN34	HGNC:15506	Likely benign	0	Jan 23, 2026	-1	-	RCV006482340
1133436	single nucleotide variant	NM_152383.5(DIS3L2):c.2190T>C (p.Asp730=)	129563	DIS3L2	HGNC:28648	Likely benign	0	Oct 23, 2025	1695872376	-	RCV001479249
4203300	single nucleotide variant	NM_031490.5(LONP2):c.2088C>T (p.Ser696=)	83752	LONP2	HGNC:20598	Likely benign	0	Aug 14, 2025	-1	-	RCV005663329
2858519	single nucleotide variant	NM_001376.5(DYNC1H1):c.11941+15G>A	1778	DYNC1H1	HGNC:2961	Likely benign	0	Nov 24, 2023	2152595869	-	RCV003528580
2125888	single nucleotide variant	NM_015073.3(SIPA1L3):c.2076C>T (p.Tyr692=)	23094	SIPA1L3	HGNC:23801	Likely benign	0	Nov 07, 2022	187615405	-	RCV002971112
1614869	single nucleotide variant	NM_001164508.2(NEB):c.18894T>C (p.Asn6298=)	4703	NEB	HGNC:7720	Likely benign	0	Oct 06, 2022	754749448	-	RCV002086641
373349	single nucleotide variant	NM_201596.3(CACNB2):c.213+110351C>A	783	CACNB2	HGNC:1402	Likely benign	0	Jan 15, 2017	1057524538	-	RCV000435113
5039172	single nucleotide variant	NM_013275.6(ANKRD11):c.6048C>A (p.Pro2016=)	29123	ANKRD11	HGNC:21316	Likely benign	0	Apr 09, 2021	-1	-	RCV006867794
4863170	single nucleotide variant	NM_000081.4(LYST):c.7221T>A (p.Leu2407=)	1130	LYST	HGNC:1968	Likely benign	0	Dec 10, 2025	-1	-	RCV006537856
746958	single nucleotide variant	NM_001375834.1(WIPF1):c.30G>A (p.Pro10=)	7456	WIPF1	HGNC:12736	Likely benign	0	Oct 03, 2025	745425874	-	RCV000919454|RCV006942255
250532	single nucleotide variant	NM_000384.3(APOB):c.2604+15G>C	338	APOB	HGNC:603	Benign/Likely benign	0	Feb 03, 2026	72653066	-	RCV000242945|RCV000298713|RCV000393957|RCV001094703|RCV001726073|RCV002057349|RCV004584644
501463	single nucleotide variant	NM_004387.4(NKX2-5):c.334+9G>T	1482	NKX2-5	HGNC:2488	Likely benign	0	Aug 11, 2025	534308328	-	RCV000607490|RCV001478150
1577499	single nucleotide variant	NM_001792.5(CDH2):c.1077A>T (p.Thr359=)	1000	CDH2	HGNC:1759	Likely benign	0	Jun 14, 2021	199999051	-	RCV002204760
2155352	single nucleotide variant	NM_014271.4(IL1RAPL1):c.1905C>A (p.Thr635=)	11141	IL1RAPL1	HGNC:5996	Likely benign	0	Oct 03, 2023	757587572	-	RCV003020530
1964311	single nucleotide variant	NM_012318.3(LETM1):c.1476+20C>T	3954	LETM1	HGNC:6556	Likely benign	0	Feb 24, 2024	745752098	-	RCV002583190
4809254	single nucleotide variant	NM_004618.5(TOP3A):c.2673T>C (p.Ser891=)	7156	TOP3A	HGNC:11992	Likely benign	0	Feb 13, 2025	-1	-	RCV006480970
2999390	single nucleotide variant	NM_006892.4(DNMT3B):c.1617G>C (p.Arg539=)	1789	DNMT3B	HGNC:2979	Likely benign	0	Feb 14, 2023	2515622040	-	RCV003758366
2005469	single nucleotide variant	NM_004836.7(EIF2AK3):c.1166-20C>G	9451	EIF2AK3	HGNC:3255	Likely benign	0	Jun 23, 2025	766546593	-	RCV002663077
1231794	single nucleotide variant	NM_212482.4(FN1):c.5434+142G>A	2335	FN1	HGNC:3778	Benign	0	Oct 25, 2019	3732355	-	RCV001648101
168058	single nucleotide variant	NM_152783.5(D2HGDH):c.293-23A>T	728294	D2HGDH	HGNC:28358	Benign	0	Jan 29, 2026	145731647	-	RCV000145799|RCV001518744|RCV003430708|RCV003905263
1534736	single nucleotide variant	NM_004341.5(CAD):c.2401-13C>T	790	CAD	HGNC:1424	Likely benign	0	Jan 01, 2026	374170199	-	RCV002160757
784179	single nucleotide variant	NM_001258392.3(CLPB):c.114T>C (p.Thr38=)	81570	CLPB	HGNC:30664	Likely benign	0	Apr 25, 2019	1590948323	-	RCV000977521
2819220	single nucleotide variant	NM_001378.3(DYNC1I2):c.1857A>T (p.Ala619=)	1781	DYNC1I2	HGNC:2964	Likely benign	0	Aug 01, 2023	369898794	-	RCV003436249
2958699	single nucleotide variant	NM_012123.4(MTO1):c.285C>T (p.Ala95=)	25821	MTO1	HGNC:19261	Likely benign	0	Nov 11, 2025	2533245178	-	RCV003646126
1011818	single nucleotide variant	NM_021098.3(CACNA1H):c.6134C>T (p.Pro2045Leu)	8912	CACNA1H	HGNC:1395	Benign	0	Jul 14, 2025	775090579	-	RCV001324763
4898768	single nucleotide variant	NM_182961.4(SYNE1):c.17211G>A (p.Val5737=)	23345	SYNE1	HGNC:17089	Likely benign	0	May 01, 2025	-1	-	RCV006592192
1534118	single nucleotide variant	NM_014014.5(SNRNP200):c.1686T>C (p.Tyr562=)	23020	SNRNP200	HGNC:30859	Likely benign	0	Dec 19, 2025	368278928	-	RCV002151186|RCV004757527|RCV006925214
1071938	single nucleotide variant	NM_001099403.2(PRDM8):c.1461C>G (p.Gly487=)	56978	PRDM8	HGNC:13993	Likely benign	0	Oct 04, 2025	766926830	-	RCV001396659
775824	single nucleotide variant	NM_001206999.2(CIT):c.2958+7A>G	11113	CIT	HGNC:1985	Likely benign	0	Jul 30, 2018	1593552707	-	RCV000939619
3809847	single nucleotide variant	NM_001197104.2(KMT2A):c.6080-5G>A	4297	KMT2A	HGNC:7132	Likely benign	0	Dec 31, 2025	-1	-	RCV005151568
1539709	single nucleotide variant	NM_003737.4(DCHS1):c.6828C>G (p.Thr2276=)	8642	DCHS1	HGNC:13681	Likely benign	0	Nov 07, 2024	779297780	-	RCV002147318
1673538	single nucleotide variant	NM_005591.4(MRE11):c.261G>T (p.Arg87=)	4361	MRE11	HGNC:7230	Likely benign	0	Apr 11, 2023	2135122296	-	RCV002239157|RCV003308072
1665317	single nucleotide variant	NM_000133.4(F9):c.909C>T (p.His303=)	2158	F9	HGNC:3551	Likely benign	0	Mar 17, 2021	2148367681	-	RCV002089473
3088232	single nucleotide variant	NM_000083.3(CLCN1):c.414C>T (p.Val138=)	1180	CLCN1	HGNC:2019	Likely benign	0	Mar 16, 2024	547184431	-	RCV003797744
3362398	single nucleotide variant	NM_001015052.3(MPG):c.59C>T (p.Pro20Leu)	4350	MPG	HGNC:7211	Likely benign	0	Feb 05, 2024	2542772270	-	RCV004491146
2126889	single nucleotide variant	NM_001134363.3(RBM20):c.1233G>A (p.Pro411=)	282996	RBM20	HGNC:27424	Likely benign	0	Aug 07, 2024	778898785	-	RCV002949329
243470	single nucleotide variant	NM_002691.4(POLD1):c.1830C>T (p.Ile610=)	5424	POLD1	HGNC:9175	Likely benign	0	Jul 12, 2023	535635210	-	RCV001483249|RCV003372659
1608961	single nucleotide variant	NM_014283.5(SUCO):c.1658+13G>A	51430	SUCO	HGNC:1240	Likely benign	0	Oct 23, 2025	373263547	-	RCV002104096
753813	single nucleotide variant	NM_000059.4(BRCA2):c.8526C>T (p.Arg2842=)	675	BRCA2	HGNC:1101	Likely benign	0	Nov 05, 2024	1480428513	-	RCV001017960|RCV001435002|RCV005056688|RCV004003218
2920700	single nucleotide variant	NM_000507.4(FBP1):c.342T>C (p.Tyr114=)	2203	FBP1	HGNC:3606	Likely benign	0	Aug 31, 2023	2538944765	-	RCV003495872
1132554	single nucleotide variant	NM_001267550.2(TTN):c.100875T>C (p.Pro33625=)	7273	TTN	HGNC:12403	Likely benign	0	Mar 16, 2025	780265134	-	RCV001484036|RCV006939300
1261485	single nucleotide variant	NM_015295.3(SMCHD1):c.2701-211C>A	23347	SMCHD1	HGNC:29090	Benign	0	Mar 24, 2021	62084253	-	RCV001680159
331118	single nucleotide variant	NM_004064.5(CDKN1B):c.-126C>T	1027	CDKN1B	HGNC:1785	Benign	0	Dec 23, 2021	549943001	-	RCV000264729
3837732	single nucleotide variant	NM_006767.4(LZTR1):c.321-6C>T	8216	LZTR1	HGNC:6742	Likely benign	0	Apr 17, 2025	-1	-	RCV005193714
1253589	single nucleotide variant	NM_005932.4(MIPEP):c.786+164A>G	4285	MIPEP	HGNC:7104	Benign	0	May 13, 2021	11616760	-	RCV001667517
2995329	single nucleotide variant	NM_006757.4(TNNT3):c.552G>A (p.Lys184=)	7140	TNNT3	HGNC:11950	Likely benign	0	Feb 03, 2023	2494854768	-	RCV003694376
3081909	single nucleotide variant	NM_000834.5(GRIN2B):c.2919G>A (p.Leu973=)	2904	GRIN2B	HGNC:4586	Likely benign	0	Jan 19, 2024	2497470665	-	RCV003785515
2146011	single nucleotide variant	NM_000117.3(EMD):c.449+11G>C	2010	EMD	HGNC:3331	Benign/Likely benign	0	Dec 29, 2025	782616042	-	RCV003021387|RCV006932720
3764735	single nucleotide variant	NM_207361.6(FREM2):c.5642-13G>C	341640	FREM2	HGNC:25396	Likely benign	0	Feb 01, 2024	-1	-	RCV005117434
2039273	single nucleotide variant	NM_004629.2(FANCG):c.1637-7G>A	2189	FANCG	HGNC:3588	Likely benign	0	Apr 07, 2023	1829043418	-	RCV002775288|RCV005616456
3156729	single nucleotide variant	NM_000213.5(ITGB4):c.2301C>T (p.Asn767=)	3691	ITGB4	HGNC:6158	Likely benign	0	Feb 11, 2023	778451258	-	RCV003859607
1271046	single nucleotide variant	NM_001375524.1(TRRAP):c.9756+14G>T	8295	TRRAP	HGNC:12347	Benign	0	Feb 03, 2026	78509173	-	RCV001696482
1104469	single nucleotide variant	NM_000135.4(FANCA):c.442C>T (p.Leu148=)	2175	FANCA	HGNC:3582	Likely benign	0	Dec 08, 2024	2040846687	-	RCV001447083|RCV004980498
3997199	single nucleotide variant	NM_014935.5(PLEKHA6):c.875C>G (p.Thr292Ser)	22874	PLEKHA6	HGNC:17053	Likely benign	0	Feb 08, 2025	-1	-	RCV005399905
3220155	single nucleotide variant	NM_005909.5(MAP1B):c.5843G>A (p.Arg1948Gln)	4131	MAP1B	HGNC:6836	Likely benign	0	Aug 27, 2025	139240427	-	RCV003962329|RCV005657393
2094172	single nucleotide variant	NM_004629.2(FANCG):c.1503G>A (p.Gln501=)	2189	FANCG	HGNC:3588	Likely benign	0	Dec 31, 2024	1228754128	-	RCV002882238|RCV005343513
